{
  "results": [
    {
      "command": "./calculate_average_abeobk.sh",
      "mean": 2.2786193744600003,
      "stddev": 0.015022158252692822,
      "median": 2.2758033283600003,
      "user": 0.0020878599999999995,
      "system": 0.001431568,
      "min": 2.2613991558600004,
      "max": 2.3096082468600003,
      "times": [
        2.27509648386,
        2.27651017286,
        2.29611349386,
        2.27212582386,
        2.2750654638600003,
        2.27758789686,
        2.2617855058600003,
        2.3096082468600003,
        2.2680617948600004,
        2.28149399786,
        2.2659488118600004,
        2.30898334886,
        2.2613991558600004,
        2.27192513686,
        2.2795584848600003,
        2.2614506608600005,
        2.30540960286,
        2.2766844498600003,
        2.27916695686,
        2.26841199986
      ],
      "exit_codes": [
        0,
        0,
        0,
        0,
        0,
        0,
        0,
        0,
        0,
        0,
        0,
        0,
        0,
        0,
        0,
        0,
        0,
        0,
        0,
        0
      ]
    }
  ]
}
