{
  "results": [
    {
      "command": "./calculate_average_abeobk.sh",
      "mean": 0.39784839806,
      "stddev": 0.011116665757057382,
      "median": 0.3950025930600001,
      "user": 0.0033377499999999996,
      "system": 0.001204646,
      "min": 0.39273905906000006,
      "max": 0.44282753906000005,
      "times": [
        0.39451071606000004,
        0.39578245706000004,
        0.39333566006000004,
        0.39633921806000005,
        0.39308342606,
        0.39320478806000003,
        0.39655927106000005,
        0.39529053306000006,
        0.39357042006000004,
        0.39379025506000004,
        0.39539588606000003,
        0.39802803806000003,
        0.39471465306000003,
        0.40841981006000005,
        0.44282753906000005,
        0.39327558506000004,
        0.39273905906000006,
        0.39352318006000003,
        0.39712482906,
        0.39545263706000006
      ],
      "exit_codes": [
        0,
        0,
        0,
        0,
        0,
        0,
        0,
        0,
        0,
        0,
        0,
        0,
        0,
        0,
        0,
        0,
        0,
        0,
        0,
        0
      ]
    }
  ]
}
