{
  "results": [
    {
      "command": "./calculate_average_abeobk.sh",
      "mean": 0.2947366565799999,
      "stddev": 0.0007962140400458991,
      "median": 0.29462000357999996,
      "user": 0.0031782899999999994,
      "system": 0.001931206,
      "min": 0.29370309558,
      "max": 0.29690235658,
      "times": [
        0.29370309558,
        0.29565738358,
        0.29429454758,
        0.29690235658,
        0.29459730658,
        0.29474367258,
        0.29431427258,
        0.29456406958,
        0.29453336958,
        0.29464270057999997,
        0.29391659758,
        0.29468511258,
        0.29619606158,
        0.29401023958,
        0.29474171258,
        0.29395174858,
        0.29399443658,
        0.29488018758,
        0.29512456358,
        0.29527969658
      ],
      "exit_codes": [
        0,
        0,
        0,
        0,
        0,
        0,
        0,
        0,
        0,
        0,
        0,
        0,
        0,
        0,
        0,
        0,
        0,
        0,
        0,
        0
      ]
    }
  ]
}
