{
  "results": [
    {
      "command": "./calculate_average_abeobk.sh",
      "mean": 0.29515268052999993,
      "stddev": 0.00116797367838783,
      "median": 0.29478293747999995,
      "user": 0.00250948,
      "system": 0.00260186,
      "min": 0.29376794897999997,
      "max": 0.29832023798,
      "times": [
        0.29551516798,
        0.29453805798,
        0.29444032098,
        0.29571019698,
        0.29832023798,
        0.29450834398,
        0.29631196898,
        0.29376794897999997,
        0.29478730498,
        0.29477942698,
        0.29478644798,
        0.29507506198,
        0.29500413298,
        0.29797700798,
        0.29469721498,
        0.29424543698,
        0.29442783998,
        0.29520111698,
        0.29442105098,
        0.29453932398
      ],
      "exit_codes": [
        0,
        0,
        0,
        0,
        0,
        0,
        0,
        0,
        0,
        0,
        0,
        0,
        0,
        0,
        0,
        0,
        0,
        0,
        0,
        0
      ]
    }
  ]
}
