{
  "results": [
    {
      "command": "./calculate_average_abeobk.sh",
      "mean": 0.5759831706100002,
      "stddev": 0.002089778588489351,
      "median": 0.5753434176600001,
      "user": 0.0030876999999999996,
      "system": 0.001508226,
      "min": 0.57365841766,
      "max": 0.5828350356600001,
      "times": [
        0.5756795306600001,
        0.5752620826600001,
        0.57687743666,
        0.5751294196600001,
        0.5748537676600001,
        0.57427567966,
        0.5738380086600001,
        0.57365841766,
        0.57745056366,
        0.5740769746600001,
        0.5767621096600001,
        0.5828350356600001,
        0.5783382556600001,
        0.5765262106600001,
        0.5754092086600001,
        0.5741210336600001,
        0.5765578106600001,
        0.57527762666,
        0.57524117366,
        0.57749306566
      ],
      "exit_codes": [
        0,
        0,
        0,
        0,
        0,
        0,
        0,
        0,
        0,
        0,
        0,
        0,
        0,
        0,
        0,
        0,
        0,
        0,
        0,
        0
      ]
    }
  ]
}
