{
  "results": [
    {
      "command": "./calculate_average_abeobk.sh",
      "mean": 0.7775303572500001,
      "stddev": 0.0048678846903809185,
      "median": 0.7753865087,
      "user": 0.0030178999999999996,
      "system": 0.0009137079999999998,
      "min": 0.7744705267,
      "max": 0.7923290247,
      "times": [
        0.7753909707,
        0.7751933857,
        0.7749692977,
        0.7753820467,
        0.7889387587,
        0.7753727857,
        0.7753266577,
        0.7746985807,
        0.7744705267,
        0.7785212917000001,
        0.7754089897,
        0.7797337767,
        0.7751289027,
        0.7754763797,
        0.7748371047,
        0.7773690737,
        0.7923290247,
        0.7813653907,
        0.7760982987,
        0.7745959017
      ],
      "exit_codes": [
        0,
        0,
        0,
        0,
        0,
        0,
        0,
        0,
        0,
        0,
        0,
        0,
        0,
        0,
        0,
        0,
        0,
        0,
        0,
        0
      ]
    }
  ]
}
