{
  "results": [
    {
      "command": "./calculate_average_abeobk.sh",
      "mean": 0.29702610464,
      "stddev": 0.003350845717028037,
      "median": 0.29675654214,
      "user": 0.0022282599999999997,
      "system": 0.002574433,
      "min": 0.29205719514,
      "max": 0.30585951314000004,
      "times": [
        0.29364409814000003,
        0.29695119114,
        0.29378126014,
        0.29656189314000003,
        0.29650301314,
        0.29823388614,
        0.29280578214,
        0.29743260814,
        0.30149364514000004,
        0.30121746914,
        0.29793783714,
        0.29458316014,
        0.29519623514000004,
        0.29922927414,
        0.29480371814,
        0.29992547614000004,
        0.30585951314000004,
        0.29696454914000003,
        0.29205719514,
        0.29534028814
      ],
      "exit_codes": [
        0,
        0,
        0,
        0,
        0,
        0,
        0,
        0,
        0,
        0,
        0,
        0,
        0,
        0,
        0,
        0,
        0,
        0,
        0,
        0
      ]
    }
  ]
}
