{
  "results": [
    {
      "command": "./calculate_average_abeobk.sh",
      "mean": 0.29768382917,
      "stddev": 0.005390370179773967,
      "median": 0.29696980662,
      "user": 0.0033152599999999996,
      "system": 0.001556775,
      "min": 0.29034223462,
      "max": 0.31320611062,
      "times": [
        0.30568813562,
        0.29698937662,
        0.29591216362,
        0.29670933962,
        0.31320611062,
        0.29703611162,
        0.29763360862,
        0.29855753762,
        0.29229364462,
        0.29654435762,
        0.30747642962,
        0.29242081862,
        0.29474961362,
        0.29695023662,
        0.29703641862,
        0.29596617762,
        0.29784068462,
        0.29313812362,
        0.29718545962,
        0.29034223462
      ],
      "exit_codes": [
        0,
        0,
        0,
        0,
        0,
        0,
        0,
        0,
        0,
        0,
        0,
        0,
        0,
        0,
        0,
        0,
        0,
        0,
        0,
        0
      ]
    }
  ]
}
