{
  "results": [
    {
      "command": "./calculate_average_abeobk.sh",
      "mean": 1.1401031602100002,
      "stddev": 0.006748569344871653,
      "median": 1.13851553786,
      "user": 0.00244792,
      "system": 0.00147241,
      "min": 1.13061894586,
      "max": 1.1600631138600002,
      "times": [
        1.13851823486,
        1.1395188228600002,
        1.14242359986,
        1.13726645586,
        1.13851284086,
        1.13061894586,
        1.1600631138600002,
        1.1344701398600001,
        1.14371213686,
        1.13868932986,
        1.1386369088600001,
        1.1416870568600002,
        1.1377903418600002,
        1.13575795386,
        1.15375924186,
        1.13811922486,
        1.1366518868600002,
        1.1326860278600002,
        1.14481068886,
        1.13837025186
      ],
      "exit_codes": [
        0,
        0,
        0,
        0,
        0,
        0,
        0,
        0,
        0,
        0,
        0,
        0,
        0,
        0,
        0,
        0,
        0,
        0,
        0,
        0
      ]
    }
  ]
}
