{
  "results": [
    {
      "command": "./calculate_average_abeobk.sh",
      "mean": 1.54806334657,
      "stddev": 0.007515016559413838,
      "median": 1.54583078042,
      "user": 0.0025195599999999997,
      "system": 0.0009994079999999998,
      "min": 1.54078080792,
      "max": 1.56696581192,
      "times": [
        1.54356609392,
        1.5442692819200001,
        1.54576825892,
        1.54911177292,
        1.54078080792,
        1.54613296492,
        1.56631721792,
        1.5452047579200001,
        1.54589330192,
        1.5503421029200002,
        1.5425882079200002,
        1.5415901599200001,
        1.56696581192,
        1.5433462899200001,
        1.54216820492,
        1.54722789292,
        1.54853807792,
        1.5416487869200002,
        1.55594701492,
        1.55385992292
      ],
      "exit_codes": [
        0,
        0,
        0,
        0,
        0,
        0,
        0,
        0,
        0,
        0,
        0,
        0,
        0,
        0,
        0,
        0,
        0,
        0,
        0,
        0
      ]
    }
  ]
}
