{
  "results": [
    {
      "command": "./calculate_average_artsiomkorzun.sh",
      "mean": 0.25956271913,
      "stddev": 0.0018481758626260824,
      "median": 0.25883028688,
      "user": 0.0030609499999999993,
      "system": 0.0021041049999999998,
      "min": 0.25800355938,
      "max": 0.26446039638,
      "times": [
        0.25847993838,
        0.25910098238,
        0.25824517438,
        0.26446039638,
        0.26268003038,
        0.26222100338,
        0.25919401338000003,
        0.25820635438,
        0.25880188738,
        0.25800355938,
        0.25839081838,
        0.25885868638000004,
        0.25805544238,
        0.25812317138,
        0.25864617038,
        0.25983951838,
        0.26201306138,
        0.25839993038000003,
        0.25891528938,
        0.26061895438
      ],
      "exit_codes": [
        0,
        0,
        0,
        0,
        0,
        0,
        0,
        0,
        0,
        0,
        0,
        0,
        0,
        0,
        0,
        0,
        0,
        0,
        0,
        0
      ]
    }
  ]
}
