{
  "results": [
    {
      "command": "./calculate_average_artsiomkorzun.sh",
      "mean": 1.9148509662400002,
      "stddev": 0.01439509051819047,
      "median": 1.91309027824,
      "user": 0.00270547,
      "system": 0.0008044939999999999,
      "min": 1.90201717674,
      "max": 1.94955924974,
      "times": [
        1.90371539774,
        1.91319001674,
        1.91620001574,
        1.90201938674,
        1.94905401474,
        1.90418528074,
        1.91471645074,
        1.91576363274,
        1.90344707674,
        1.94955924974,
        1.90589693174,
        1.9129905397400002,
        1.9132014557400001,
        1.90483695674,
        1.9338461307400001,
        1.91631985274,
        1.9034841687400001,
        1.9256980187400001,
        1.90687757074,
        1.90201717674
      ],
      "exit_codes": [
        0,
        0,
        0,
        0,
        0,
        0,
        0,
        0,
        0,
        0,
        0,
        0,
        0,
        0,
        0,
        0,
        0,
        0,
        0,
        0
      ]
    }
  ]
}
