{
  "results": [
    {
      "command": "./calculate_average_artsiomkorzun.sh",
      "mean": 0.15220669078,
      "stddev": 0.002607614501482794,
      "median": 0.15217287528,
      "user": 0.0025779699999999997,
      "system": 0.002808507,
      "min": 0.14841411278000002,
      "max": 0.15783486278,
      "times": [
        0.15621178278,
        0.15283885578,
        0.15026159678,
        0.15783486278,
        0.14973391578,
        0.14963888678,
        0.15156980678,
        0.15557266478,
        0.15231620078000002,
        0.15536124878000002,
        0.14936364378,
        0.14985862378,
        0.15149588178,
        0.15269414478,
        0.15229212778,
        0.15455870078,
        0.14841411278000002,
        0.15205362278,
        0.14932289978000002,
        0.15274023578
      ],
      "exit_codes": [
        0,
        0,
        0,
        0,
        0,
        0,
        0,
        0,
        0,
        0,
        0,
        0,
        0,
        0,
        0,
        0,
        0,
        0,
        0,
        0
      ]
    }
  ]
}
