{
  "results": [
    {
      "command": "./calculate_average_artsiomkorzun.sh",
      "mean": 0.9650426729400001,
      "stddev": 0.005770780724522242,
      "median": 0.96420018904,
      "user": 0.00250014,
      "system": 0.001710567,
      "min": 0.95955092154,
      "max": 0.9801341235400001,
      "times": [
        0.96073394854,
        0.96826559954,
        0.96127945554,
        0.96569149154,
        0.9653071145400001,
        0.95989560054,
        0.9633737305400001,
        0.96042955354,
        0.95989261554,
        0.9801341235400001,
        0.96502664754,
        0.96028446554,
        0.9601626025400001,
        0.97030068354,
        0.9601493575400001,
        0.97104864954,
        0.96867116854,
        0.95955092154,
        0.9652787555400001,
        0.9753769735400001
      ],
      "exit_codes": [
        0,
        0,
        0,
        0,
        0,
        0,
        0,
        0,
        0,
        0,
        0,
        0,
        0,
        0,
        0,
        0,
        0,
        0,
        0,
        0
      ]
    }
  ]
}
