{
  "results": [
    {
      "command": "./calculate_average_artsiomkorzun.sh",
      "mean": 0.3628996473500001,
      "stddev": 0.001281721062547311,
      "median": 0.3623995783,
      "user": 0.0027671999999999996,
      "system": 0.0019849359999999996,
      "min": 0.3615146508,
      "max": 0.3665622918,
      "times": [
        0.3618894588,
        0.3615146508,
        0.3622503058,
        0.3628050568,
        0.3650224788,
        0.3646199278,
        0.3627062918,
        0.3624403758,
        0.3624588948,
        0.36264299980000003,
        0.3665622918,
        0.36323923480000003,
        0.3622991178,
        0.3623130368,
        0.3645142198,
        0.36208124280000004,
        0.3619466208,
        0.3619703508,
        0.3623587808,
        0.36235760980000004
      ],
      "exit_codes": [
        0,
        0,
        0,
        0,
        0,
        0,
        0,
        0,
        0,
        0,
        0,
        0,
        0,
        0,
        0,
        0,
        0,
        0,
        0,
        0
      ]
    }
  ]
}
