{
  "results": [
    {
      "command": "./calculate_average_artsiomkorzun.sh",
      "mean": 1.3933852692899997,
      "stddev": 0.0076042883620815955,
      "median": 1.39013082704,
      "user": 0.0026233800000000002,
      "system": 0.0009051499999999999,
      "min": 1.38796253404,
      "max": 1.4134983350399999,
      "times": [
        1.3892135480399999,
        1.39329805104,
        1.3930906160399998,
        1.38886534404,
        1.38849431704,
        1.38940528904,
        1.41322708504,
        1.3902325440399999,
        1.3888749110399998,
        1.39400774004,
        1.40179796004,
        1.38894209504,
        1.39045453604,
        1.4134983350399999,
        1.39002911004,
        1.38825643604,
        1.39364410804,
        1.3956080550399999,
        1.38796253404,
        1.38880277104
      ],
      "exit_codes": [
        0,
        0,
        0,
        0,
        0,
        0,
        0,
        0,
        0,
        0,
        0,
        0,
        0,
        0,
        0,
        0,
        0,
        0,
        0,
        0
      ]
    }
  ]
}
