{
  "results": [
    {
      "command": "./calculate_average_artsiomkorzun.sh",
      "mean": 0.32486388782000003,
      "stddev": 0.003983525429273039,
      "median": 0.32405595772000007,
      "user": 10.3129473,
      "system": 2.35203362,
      "min": 0.31859475622000005,
      "max": 0.33588986522000003,
      "times": [
        0.32516667822,
        0.32622731022,
        0.32166356022000003,
        0.32622473222000004,
        0.32876369422,
        0.32166153422000004,
        0.32775635722,
        0.32315396522,
        0.32343008722000005,
        0.31859475622000005,
        0.32326290522,
        0.32129784622,
        0.32304984522,
        0.32480038022,
        0.32468182822,
        0.32532987222000004,
        0.33588986522000003,
        0.33216109422,
        0.32240210022000004,
        0.32175934422
      ],
      "exit_codes": [
        0,
        0,
        0,
        0,
        0,
        0,
        0,
        0,
        0,
        0,
        0,
        0,
        0,
        0,
        0,
        0,
        0,
        0,
        0,
        0
      ]
    }
  ]
}
