{
  "results": [
    {
      "command": "./calculate_average_artsiomkorzun.sh",
      "mean": 0.70251053679,
      "stddev": 0.0021626045088804467,
      "median": 0.70187534914,
      "user": 0.0026612799999999994,
      "system": 0.001506425,
      "min": 0.70046608664,
      "max": 0.70918675664,
      "times": [
        0.70122429764,
        0.70082866264,
        0.70048646564,
        0.70112305564,
        0.70381202164,
        0.70517937564,
        0.70364462764,
        0.70385476364,
        0.70252695664,
        0.70046608664,
        0.70057830164,
        0.70269012364,
        0.70918675664,
        0.70363266964,
        0.70237896664,
        0.70101138964,
        0.70057067964,
        0.70137173164,
        0.70442659164,
        0.70121721164
      ],
      "exit_codes": [
        0,
        0,
        0,
        0,
        0,
        0,
        0,
        0,
        0,
        0,
        0,
        0,
        0,
        0,
        0,
        0,
        0,
        0,
        0,
        0
      ]
    }
  ]
}
