{
  "results": [
    {
      "command": "./calculate_average_artsiomkorzun.sh",
      "mean": 0.49298929161,
      "stddev": 0.0039623569159693405,
      "median": 0.49205293876,
      "user": 0.0032138299999999996,
      "system": 0.00173936,
      "min": 0.49007668626,
      "max": 0.50721530126,
      "times": [
        0.49377649826000003,
        0.49122313026000003,
        0.49306909626,
        0.49075374226,
        0.49252024426,
        0.49034775326,
        0.49039814426,
        0.49013896826000003,
        0.49836502526000004,
        0.50721530126,
        0.49007668626,
        0.49060262726000003,
        0.49030585326000004,
        0.49138189626,
        0.49575571226000004,
        0.49173556326,
        0.49245886826,
        0.49237031426,
        0.49452107026000003,
        0.49276933726
      ],
      "exit_codes": [
        0,
        0,
        0,
        0,
        0,
        0,
        0,
        0,
        0,
        0,
        0,
        0,
        0,
        0,
        0,
        0,
        0,
        0,
        0,
        0
      ]
    }
  ]
}
