{
  "results": [
    {
      "command": "./calculate_average_artsiomkorzun.sh",
      "mean": 0.19369202808000002,
      "stddev": 0.000850952915167456,
      "median": 0.19330250918,
      "user": 0.0028790200000000004,
      "system": 0.002065245,
      "min": 0.19267592418,
      "max": 0.19623931018000002,
      "times": [
        0.19623931018000002,
        0.19322116118000002,
        0.19421238118,
        0.19492029318,
        0.19324061218,
        0.19296497618,
        0.19318313918,
        0.19374021118,
        0.19347536618,
        0.19396054418,
        0.19312836618,
        0.19267592418,
        0.19364211018,
        0.19336440618,
        0.19316646218,
        0.19470423218,
        0.19309339118000002,
        0.19446341718000001,
        0.19321948418,
        0.19322477318
      ],
      "exit_codes": [
        0,
        0,
        0,
        0,
        0,
        0,
        0,
        0,
        0,
        0,
        0,
        0,
        0,
        0,
        0,
        0,
        0,
        0,
        0,
        0
      ]
    }
  ]
}
