{
  "results": [
    {
      "command": "./bin/austindonisan/aot/1brc ./inputs/measurements.txt 16 1",
      "mean": 0.24473832871000006,
      "stddev": 0.015573709214195623,
      "median": 0.23845539846000002,
      "user": 0.00167015,
      "system": 0.000703045,
      "min": 0.23438168646000002,
      "max": 0.29099147246,
      "times": [
        0.23924578146000003,
        0.24008248746000002,
        0.23941421446000002,
        0.23906326746000003,
        0.23826637246000001,
        0.27692738646,
        0.23910060846000003,
        0.26977568646,
        0.23438168646000002,
        0.23534715446000004,
        0.23798480546000003,
        0.29099147246,
        0.23727363346000002,
        0.23827356146000003,
        0.23690789646000002,
        0.25022348646,
        0.23844861646000004,
        0.23761214046000004,
        0.23698413546000002,
        0.23846218046000003
      ],
      "exit_codes": [
        0,
        0,
        0,
        0,
        0,
        0,
        0,
        0,
        0,
        0,
        0,
        0,
        0,
        0,
        0,
        0,
        0,
        0,
        0,
        0
      ]
    }
  ]
}
