{
  "results": [
    {
      "command": "./bin/austindonisan/aot/1brc ./inputs/measurements.txt 128 1",
      "mean": 0.06988093727999999,
      "stddev": 0.00296069968466696,
      "median": 0.07015335787999999,
      "user": 0.0013582559999999997,
      "system": 0.00967504,
      "min": 0.06579443238,
      "max": 0.07490073138,
      "times": [
        0.06632940238,
        0.07343456038,
        0.07212724638,
        0.07147254438,
        0.06893506338,
        0.06890492338,
        0.07490073138,
        0.06715493838,
        0.07033888138,
        0.07179130838,
        0.06996783438,
        0.06629931238,
        0.07284806138,
        0.07106220538000001,
        0.06657620738,
        0.07273224838,
        0.06579443238,
        0.07375619738,
        0.06651925738,
        0.06667338938
      ],
      "exit_codes": [
        0,
        0,
        0,
        0,
        0,
        0,
        0,
        0,
        0,
        0,
        0,
        0,
        0,
        0,
        0,
        0,
        0,
        0,
        0,
        0
      ]
    }
  ]
}
