{
  "results": [
    {
      "command": "./bin/austindonisan/aot/1brc ./inputs/measurements.txt 32 1",
      "mean": 0.12680390138000003,
      "stddev": 0.00501656310503039,
      "median": 0.12831727148,
      "user": 0.0017960699999999999,
      "system": 0.0014782699999999998,
      "min": 0.12008860398000001,
      "max": 0.13350032298,
      "times": [
        0.12008860398000001,
        0.13077735398,
        0.13208125998,
        0.13052605898,
        0.12450136198,
        0.12422908598000001,
        0.13042587798000002,
        0.13114775098,
        0.13320192098,
        0.12043003698,
        0.13350032298,
        0.12092023598000001,
        0.13039758198,
        0.12008944098,
        0.12516636098,
        0.12623696098,
        0.13066113698,
        0.12011312098,
        0.13068713798,
        0.12089641598
      ],
      "exit_codes": [
        0,
        0,
        0,
        0,
        0,
        0,
        0,
        0,
        0,
        0,
        0,
        0,
        0,
        0,
        0,
        0,
        0,
        0,
        0,
        0
      ]
    }
  ]
}
