{
  "results": [
    {
      "command": "./bin/austindonisan/aot/1brc ./inputs/measurements.txt 4 1",
      "mean": 0.9496814979700001,
      "stddev": 0.05211017140266033,
      "median": 0.9259119501200002,
      "user": 0.0018179200000000002,
      "system": 0.0007016,
      "min": 0.9128165761200001,
      "max": 1.10758613312,
      "times": [
        0.9205945461200001,
        0.9561868521200001,
        0.9626936191200001,
        0.9258586341200001,
        0.9243428851200001,
        0.9168795401200001,
        0.9199396781200001,
        1.10758613312,
        0.9297685941200001,
        0.9137029831200001,
        0.9628594301200001,
        0.9539641221200001,
        0.9191753891200001,
        0.9591076411200001,
        0.9255917001200001,
        0.9128165761200001,
        0.9171381871200001,
        1.07520702512,
        0.9642511571200001,
        0.9259652661200001
      ],
      "exit_codes": [
        0,
        0,
        0,
        0,
        0,
        0,
        0,
        0,
        0,
        0,
        0,
        0,
        0,
        0,
        0,
        0,
        0,
        0,
        0,
        0
      ]
    }
  ]
}
