{
  "results": [
    {
      "command": "./bin/austindonisan/aot/1brc ./inputs/measurements.txt 8 1",
      "mean": 0.47944398829,
      "stddev": 0.031392776723177536,
      "median": 0.46587033514,
      "user": 0.00199015,
      "system": 0.0017338,
      "min": 0.46316831414000004,
      "max": 0.5956380441400001,
      "times": [
        0.47103951014,
        0.46501777114000004,
        0.46584968814,
        0.5027695441400001,
        0.46557582414,
        0.46404231414,
        0.50886765714,
        0.46368652514,
        0.47768069214000003,
        0.46316831414000004,
        0.46465174614,
        0.46589098214,
        0.46679697814,
        0.46610955714,
        0.46522981214000003,
        0.5956380441400001,
        0.5113880431400001,
        0.46438290714,
        0.47586042214,
        0.46523343314
      ],
      "exit_codes": [
        0,
        0,
        0,
        0,
        0,
        0,
        0,
        0,
        0,
        0,
        0,
        0,
        0,
        0,
        0,
        0,
        0,
        0,
        0,
        0
      ]
    }
  ]
}
