{
  "results": [
    {
      "command": "./bin/austindonisan/aot/1brc ./inputs/measurements.txt 32 1",
      "mean": 0.12900299776000002,
      "stddev": 0.012932115469072051,
      "median": 0.12493103266,
      "user": 0.0019673229999999996,
      "system": 0.0013402199999999998,
      "min": 0.12266613766000001,
      "max": 0.17221283366,
      "times": [
        0.12630351866,
        0.12517064766,
        0.12740473066,
        0.12653206366,
        0.12348615466000001,
        0.12517076466,
        0.12503023466,
        0.16025500566,
        0.12480780966,
        0.12664663666,
        0.12483183066000002,
        0.12441198166000002,
        0.12266613766000001,
        0.12509103566,
        0.12389356866000001,
        0.12357517366000001,
        0.12395235166000002,
        0.17221283366,
        0.12430065766000001,
        0.12431681766000001
      ],
      "exit_codes": [
        0,
        0,
        0,
        0,
        0,
        0,
        0,
        0,
        0,
        0,
        0,
        0,
        0,
        0,
        0,
        0,
        0,
        0,
        0,
        0
      ]
    }
  ]
}
