{
  "results": [
    {
      "command": "./bin/austindonisan/aot/1brc ./inputs/measurements.txt 8 1",
      "mean": 0.4795865228,
      "stddev": 0.03506946524055065,
      "median": 0.46566683410000004,
      "user": 0.00197594,
      "system": 0.001673338,
      "min": 0.4561956401,
      "max": 0.6128096781000001,
      "times": [
        0.4561956401,
        0.4701121971,
        0.5002237881,
        0.46523106210000004,
        0.46485885610000005,
        0.5110607561,
        0.4643805221,
        0.47549602110000005,
        0.46530189010000006,
        0.4637834671,
        0.46424108210000004,
        0.4660317781,
        0.46609447810000004,
        0.46312342110000004,
        0.4650089081,
        0.6128096781000001,
        0.5104650951,
        0.4661182721,
        0.4760568491,
        0.4651366941
      ],
      "exit_codes": [
        0,
        0,
        0,
        0,
        0,
        0,
        0,
        0,
        0,
        0,
        0,
        0,
        0,
        0,
        0,
        0,
        0,
        0,
        0,
        0
      ]
    }
  ]
}
