{
  "results": [
    {
      "command": "./bin/austindonisan/aot/1brc ./inputs/measurements.txt 64 1",
      "mean": 0.0809114276,
      "stddev": 0.0051946487332301325,
      "median": 0.0810614325,
      "user": 0.0015807809999999999,
      "system": 0.00359554,
      "min": 0.07441381700000001,
      "max": 0.09123807800000001,
      "times": [
        0.09123807800000001,
        0.07668578100000001,
        0.079556738,
        0.09033653000000001,
        0.07441381700000001,
        0.085327732,
        0.08312247700000001,
        0.075255236,
        0.076433757,
        0.086117468,
        0.08464989800000002,
        0.083162199,
        0.076420178,
        0.082566127,
        0.07677465500000001,
        0.078988047,
        0.08311150800000001,
        0.07506926100000001,
        0.07470050400000001,
        0.08429856100000001
      ],
      "exit_codes": [
        0,
        0,
        0,
        0,
        0,
        0,
        0,
        0,
        0,
        0,
        0,
        0,
        0,
        0,
        0,
        0,
        0,
        0,
        0,
        0
      ]
    }
  ]
}
