{
  "results": [
    {
      "command": "./bin/austindonisan/aot/1brc ./inputs/measurements.txt 64 1",
      "mean": 0.08485276366,
      "stddev": 0.030065726171936518,
      "median": 0.07742098116000001,
      "user": 0.001877266,
      "system": 0.00309726,
      "min": 0.07521295916000001,
      "max": 0.21197898516,
      "times": [
        0.07772764216000001,
        0.08006214716000001,
        0.07687644616000001,
        0.07592899716000001,
        0.07849167616000001,
        0.07716033116000001,
        0.07738842616000001,
        0.07568607116,
        0.08042313516,
        0.07738048616000001,
        0.07906114716000001,
        0.07675804416000001,
        0.07882250316000002,
        0.07761993016000002,
        0.21197898516,
        0.07673151016000002,
        0.07702518516000001,
        0.07521295916000001,
        0.07745353616000002,
        0.08926611416
      ],
      "exit_codes": [
        0,
        0,
        0,
        0,
        0,
        0,
        0,
        0,
        0,
        0,
        0,
        0,
        0,
        0,
        0,
        0,
        0,
        0,
        0,
        0
      ]
    }
  ]
}
