{
  "results": [
    {
      "command": "./bin/austindonisan/aot/1brc ./inputs/measurements.txt 16 1",
      "mean": 0.24964600881000004,
      "stddev": 0.03540890625539567,
      "median": 0.23855923196000003,
      "user": 0.0021427209999999998,
      "system": 0.000634702,
      "min": 0.23138288896000003,
      "max": 0.39041579696,
      "times": [
        0.23852347596000004,
        0.23584662496000003,
        0.23911031796,
        0.23841799496000002,
        0.24125847896000002,
        0.23936766296000003,
        0.23833327396000004,
        0.23138288896000003,
        0.39041579696,
        0.28316657496000003,
        0.23859498796000003,
        0.27017674896,
        0.23184212996000003,
        0.23912581996,
        0.24862874496000004,
        0.23672385196000004,
        0.23748985896000002,
        0.24059928796000002,
        0.23580839396000003,
        0.23810726096000004
      ],
      "exit_codes": [
        0,
        0,
        0,
        0,
        0,
        0,
        0,
        0,
        0,
        0,
        0,
        0,
        0,
        0,
        0,
        0,
        0,
        0,
        0,
        0
      ]
    }
  ]
}
