{
  "results": [
    {
      "command": "./bin/buybackoff/aot/1brc ./inputs/measurements.txt",
      "mean": 0.43481707715000006,
      "stddev": 0.015117523603860532,
      "median": 0.4307288219,
      "user": 0.018910359999999998,
      "system": 0.009977209999999999,
      "min": 0.4283073809,
      "max": 0.4978067599,
      "times": [
        0.4298184609,
        0.4347355449,
        0.4978067599,
        0.4283138619,
        0.4334536009,
        0.4305322439,
        0.4283073809,
        0.4380990899,
        0.4306692159,
        0.4288382999,
        0.4388619129,
        0.4293746709,
        0.4309931809,
        0.4325510509,
        0.4307884279,
        0.4325110509,
        0.4294414419,
        0.4303426519,
        0.4286311079,
        0.4322715879
      ],
      "exit_codes": [
        0,
        0,
        0,
        0,
        0,
        0,
        0,
        0,
        0,
        0,
        0,
        0,
        0,
        0,
        0,
        0,
        0,
        0,
        0,
        0
      ]
    }
  ]
}
