{
  "results": [
    {
      "command": "./bin/buybackoff/aot/1brc ./inputs/measurements.txt",
      "mean": 0.8301554156900002,
      "stddev": 0.006555861315003919,
      "median": 0.8290117356400001,
      "user": 0.01543819,
      "system": 0.00861502,
      "min": 0.8243242941400001,
      "max": 0.8531032941400001,
      "times": [
        0.8531032941400001,
        0.8254915001400001,
        0.8288986651400001,
        0.82448565914,
        0.82565805414,
        0.8299736051400001,
        0.83346898014,
        0.82761461814,
        0.82955163414,
        0.8284377231400001,
        0.82848692514,
        0.8243242941400001,
        0.83685964314,
        0.82955538514,
        0.8260263951400001,
        0.8298394101400001,
        0.82448374814,
        0.8297652791400001,
        0.83795869414,
        0.8291248061400001
      ],
      "exit_codes": [
        0,
        0,
        0,
        0,
        0,
        0,
        0,
        0,
        0,
        0,
        0,
        0,
        0,
        0,
        0,
        0,
        0,
        0,
        0,
        0
      ]
    }
  ]
}
