{
  "results": [
    {
      "command": "./bin/buybackoff/aot/1brc ./inputs/measurements.txt",
      "mean": 0.24350518202,
      "stddev": 0.0016657377535616218,
      "median": 0.24311824062,
      "user": 0.023837269999999997,
      "system": 0.014211990000000002,
      "min": 0.24109250312,
      "max": 0.24737107212,
      "times": [
        0.24566422112,
        0.24307857912,
        0.24520914212,
        0.24452641812,
        0.24215244412,
        0.24315790212000002,
        0.24128216712,
        0.24251991912,
        0.24109250312,
        0.24270769412,
        0.24498533712,
        0.24274058412000002,
        0.24251368012000002,
        0.24737107212,
        0.24470353312,
        0.24337515512000002,
        0.24540555612,
        0.24396056912,
        0.24175212412,
        0.24190503912
      ],
      "exit_codes": [
        0,
        0,
        0,
        0,
        0,
        0,
        0,
        0,
        0,
        0,
        0,
        0,
        0,
        0,
        0,
        0,
        0,
        0,
        0,
        0
      ]
    }
  ]
}
