{
  "results": [
    {
      "command": "./bin/buybackoff/aot/1brc ./inputs/measurements.txt",
      "mean": 0.19954883589999997,
      "stddev": 0.006813162099541995,
      "median": 0.19789089200000004,
      "user": 0.02140637,
      "system": 0.020953669999999997,
      "min": 0.190269086,
      "max": 0.21844364700000002,
      "times": [
        0.19279641500000003,
        0.20671461000000002,
        0.21844364700000002,
        0.19893771000000002,
        0.19614718900000003,
        0.19537763400000002,
        0.20963130800000002,
        0.19704589500000003,
        0.20308331100000002,
        0.19736993200000003,
        0.200915001,
        0.193940577,
        0.20138129800000001,
        0.190269086,
        0.19529617300000002,
        0.19841185200000003,
        0.20669879100000002,
        0.19272549400000002,
        0.19414132,
        0.20164947500000002
      ],
      "exit_codes": [
        0,
        0,
        0,
        0,
        0,
        0,
        0,
        0,
        0,
        0,
        0,
        0,
        0,
        0,
        0,
        0,
        0,
        0,
        0,
        0
      ]
    }
  ]
}
