{
  "results": [
    {
      "command": "./bin/buybackoff/aot/1brc ./inputs/measurements.txt",
      "mean": 0.30469414128,
      "stddev": 0.0035353204077052435,
      "median": 0.3044078464800001,
      "user": 0.0183938,
      "system": 0.01059015,
      "min": 0.29975496198000007,
      "max": 0.31447316498000005,
      "times": [
        0.31009902898,
        0.29975496198000007,
        0.30515514598000004,
        0.30737983898000004,
        0.30515774498000003,
        0.30354260498,
        0.30120385098,
        0.30479663898000003,
        0.30428903798000007,
        0.31447316498000005,
        0.30266092698,
        0.30112538898,
        0.30036982398000006,
        0.30199767498,
        0.30284282098000004,
        0.30452665498000003,
        0.30752177998,
        0.30793704998000004,
        0.30553548198,
        0.30351320398000003
      ],
      "exit_codes": [
        0,
        0,
        0,
        0,
        0,
        0,
        0,
        0,
        0,
        0,
        0,
        0,
        0,
        0,
        0,
        0,
        0,
        0,
        0,
        0
      ]
    }
  ]
}
