{
  "results": [
    {
      "command": "./bin/buybackoff/aot/1brc ./inputs/measurements.txt",
      "mean": 1.11332580473,
      "stddev": 0.015111265017721661,
      "median": 1.1067412808800001,
      "user": 0.015166169999999996,
      "system": 0.007522939999999997,
      "min": 1.09815609238,
      "max": 1.16150409138,
      "times": [
        1.16150409138,
        1.10642077538,
        1.11170743138,
        1.13494090338,
        1.10027779738,
        1.10461590038,
        1.11326543738,
        1.1051543213800001,
        1.1015010413800002,
        1.1018362773800001,
        1.11403559038,
        1.10641296238,
        1.12559088038,
        1.10405815638,
        1.09815609238,
        1.12899203938,
        1.10703924938,
        1.12157837838,
        1.1129854563800001,
        1.1064433123800002
      ],
      "exit_codes": [
        0,
        0,
        0,
        0,
        0,
        0,
        0,
        0,
        0,
        0,
        0,
        0,
        0,
        0,
        0,
        0,
        0,
        0,
        0,
        0
      ]
    }
  ]
}
