{
  "results": [
    {
      "command": "./bin/buybackoff/aot/1brc ./inputs/measurements.txt",
      "mean": 1.63682517445,
      "stddev": 0.007539382163135976,
      "median": 1.6352654435000002,
      "user": 0.01572913,
      "system": 0.00618587,
      "min": 1.6264981835,
      "max": 1.6574895045000002,
      "times": [
        1.6285501915000002,
        1.6437758795000001,
        1.6352041235,
        1.6353267635000002,
        1.6574895045000002,
        1.6264981835,
        1.6377171835000002,
        1.6347938955000003,
        1.6311109555000003,
        1.6276247705,
        1.6464275495,
        1.6337441765000003,
        1.6285891695,
        1.6327200155000001,
        1.6408606625000002,
        1.6366677835000003,
        1.6454731095000001,
        1.6403004765,
        1.6342745685000002,
        1.6393545265000002
      ],
      "exit_codes": [
        0,
        0,
        0,
        0,
        0,
        0,
        0,
        0,
        0,
        0,
        0,
        0,
        0,
        0,
        0,
        0,
        0,
        0,
        0,
        0
      ]
    }
  ]
}
