{
  "results": [
    {
      "command": "./bin/buybackoff/aot/1brc ./inputs/measurements.txt",
      "mean": 0.56668956952,
      "stddev": 0.0036989644751202963,
      "median": 0.56656388332,
      "user": 0.017222139999999997,
      "system": 0.007733469999999999,
      "min": 0.56197678132,
      "max": 0.57365822432,
      "times": [
        0.56759779832,
        0.5707605583199999,
        0.56869438032,
        0.5630068203199999,
        0.56831676132,
        0.57344559032,
        0.56722351132,
        0.56464488132,
        0.56336319732,
        0.56197678132,
        0.56246259932,
        0.56480699632,
        0.57365822432,
        0.56521032232,
        0.56729697332,
        0.5664939973199999,
        0.56663376932,
        0.56339375932,
        0.57262248432,
        0.56218198432
      ],
      "exit_codes": [
        0,
        0,
        0,
        0,
        0,
        0,
        0,
        0,
        0,
        0,
        0,
        0,
        0,
        0,
        0,
        0,
        0,
        0,
        0,
        0
      ]
    }
  ]
}
