{
  "results": [
    {
      "command": "./bin/buybackoff/aot/1brc ./inputs/measurements.txt",
      "mean": 0.22123623221000002,
      "stddev": 0.003881571611607633,
      "median": 0.22159077636000002,
      "user": 0.027033659999999998,
      "system": 0.04888377000000001,
      "min": 0.21445552986,
      "max": 0.22740457786,
      "times": [
        0.21858936786,
        0.21961335886,
        0.21797786786,
        0.22161752586,
        0.21467895486,
        0.22556756186000002,
        0.22427863786000002,
        0.22731916686,
        0.22138884286000002,
        0.22289324086,
        0.22740457786,
        0.22156402686,
        0.21554912086,
        0.22270385786,
        0.22485352786,
        0.22471900786000001,
        0.21445552986,
        0.21843667686,
        0.21944519586,
        0.22166859686
      ],
      "exit_codes": [
        0,
        0,
        0,
        0,
        0,
        0,
        0,
        0,
        0,
        0,
        0,
        0,
        0,
        0,
        0,
        0,
        0,
        0,
        0,
        0
      ]
    }
  ]
}
