{
  "results": [
    {
      "command": "./bin/buybackoff/aot/1brc ./inputs/measurements.txt",
      "mean": 2.2105461153599997,
      "stddev": 0.025888782729127344,
      "median": 2.20818299966,
      "user": 0.019312759999999998,
      "system": 0.008352222,
      "min": 2.17398707716,
      "max": 2.2784048641599997,
      "times": [
        2.20827493416,
        2.2784048641599997,
        2.19283788516,
        2.20536616816,
        2.2089009701599998,
        2.2080910651599996,
        2.26211920716,
        2.18369889916,
        2.19232244216,
        2.17398707716,
        2.2202166811599997,
        2.19275565916,
        2.21767523716,
        2.20044942016,
        2.20163293916,
        2.21782682016,
        2.17869302016,
        2.21340802116,
        2.21199973416,
        2.24226126216
      ],
      "exit_codes": [
        0,
        0,
        0,
        0,
        0,
        0,
        0,
        0,
        0,
        0,
        0,
        0,
        0,
        0,
        0,
        0,
        0,
        0,
        0,
        0
      ]
    }
  ]
}
