{
  "results": [
    {
      "command": "./bin/CameronAavik/aot/1brc ./inputs/measurements.txt",
      "mean": 0.7943437160500001,
      "stddev": 0.020116920717457583,
      "median": 0.7860192165000001,
      "user": 9.953229440000001,
      "system": 0.51738325,
      "min": 0.7772764065000001,
      "max": 0.8494780105,
      "times": [
        0.7869660865000001,
        0.7877372475000001,
        0.7812297485,
        0.8214802615000001,
        0.7865642605000001,
        0.7772764065000001,
        0.7815245265,
        0.7837860815000001,
        0.7833239735,
        0.7842244005000001,
        0.8262942545,
        0.7846932255000001,
        0.7955741265,
        0.7942883835000001,
        0.7854741725000001,
        0.8280286875,
        0.8494780105,
        0.7782791145000001,
        0.7807491605000001,
        0.7899021925
      ],
      "exit_codes": [
        0,
        0,
        0,
        0,
        0,
        0,
        0,
        0,
        0,
        0,
        0,
        0,
        0,
        0,
        0,
        0,
        0,
        0,
        0,
        0
      ]
    }
  ]
}
