{
  "results": [
    {
      "command": "./bin/CameronAavik/aot/1brc ./inputs/measurements.txt",
      "mean": 1.03695525122,
      "stddev": 0.03981754643668453,
      "median": 1.02204281982,
      "user": 13.653383839999995,
      "system": 0.58279502,
      "min": 1.01451557732,
      "max": 1.18097808132,
      "times": [
        1.18097808132,
        1.01780403432,
        1.01451557732,
        1.03008799932,
        1.03836482032,
        1.01850348232,
        1.02545298432,
        1.01779019332,
        1.04965802632,
        1.03275999132,
        1.02133394932,
        1.01801767732,
        1.01941694632,
        1.02275169032,
        1.10958760232,
        1.01935065232,
        1.01663207032,
        1.01971022932,
        1.03143893232,
        1.03495008432
      ],
      "exit_codes": [
        0,
        0,
        0,
        0,
        0,
        0,
        0,
        0,
        0,
        0,
        0,
        0,
        0,
        0,
        0,
        0,
        0,
        0,
        0,
        0
      ]
    }
  ]
}
