{
  "results": [
    {
      "command": "./bin/CameronAavik/aot/1brc ./inputs/measurements.txt",
      "mean": 2.67757324604,
      "stddev": 0.02902740836383014,
      "median": 2.67015837574,
      "user": 9.907244460000003,
      "system": 0.42987819,
      "min": 2.6398893427399996,
      "max": 2.73505772074,
      "times": [
        2.6620814297399997,
        2.70841812274,
        2.6398893427399996,
        2.73505772074,
        2.67223183174,
        2.6805099807399997,
        2.64356373474,
        2.70468523374,
        2.64487941774,
        2.6748214657399996,
        2.7028648607399997,
        2.6498643017399997,
        2.65651310274,
        2.6492456887399998,
        2.70564994874,
        2.65959401174,
        2.7179259337399997,
        2.66137454674,
        2.7142093257399997,
        2.6680849197399996
      ],
      "exit_codes": [
        0,
        0,
        0,
        0,
        0,
        0,
        0,
        0,
        0,
        0,
        0,
        0,
        0,
        0,
        0,
        0,
        0,
        0,
        0,
        0
      ]
    }
  ]
}
