{
  "results": [
    {
      "command": "./bin/CameronAavik/aot/1brc ./inputs/measurements.txt",
      "mean": 0.48334047018000004,
      "stddev": 0.0023101245248146585,
      "median": 0.48293619698,
      "user": 9.999050810000002,
      "system": 0.7724978299999999,
      "min": 0.48140773298,
      "max": 0.49256695798,
      "times": [
        0.48248908198,
        0.48223451798,
        0.48313509398000004,
        0.48222665798000003,
        0.48293877198,
        0.48308691198000003,
        0.48140773298,
        0.48156921398,
        0.48293362198,
        0.48448436198,
        0.48200753398,
        0.48404749298,
        0.48399082798000004,
        0.48307532198,
        0.48337384398,
        0.49256695798,
        0.48236858298,
        0.48267804298,
        0.48340806698,
        0.48278676498
      ],
      "exit_codes": [
        0,
        0,
        0,
        0,
        0,
        0,
        0,
        0,
        0,
        0,
        0,
        0,
        0,
        0,
        0,
        0,
        0,
        0,
        0,
        0
      ]
    }
  ]
}
