{
  "results": [
    {
      "command": "./bin/CameronAavik/aot/1brc ./inputs/measurements.txt",
      "mean": 0.52224412414,
      "stddev": 0.03214798189855379,
      "median": 0.52370209364,
      "user": 10.13623009,
      "system": 0.61506992,
      "min": 0.47444589764,
      "max": 0.5600178436400001,
      "times": [
        0.51950461264,
        0.55784086264,
        0.54128780264,
        0.55708104764,
        0.47564359864,
        0.47444589764,
        0.54477806864,
        0.51579801164,
        0.55594247564,
        0.5600178436400001,
        0.51715148764,
        0.51990073064,
        0.55840488064,
        0.47492942464,
        0.54518184564,
        0.52750345664,
        0.54306606664,
        0.50534501064,
        0.47660064364,
        0.47445871464
      ],
      "exit_codes": [
        0,
        0,
        0,
        0,
        0,
        0,
        0,
        0,
        0,
        0,
        0,
        0,
        0,
        0,
        0,
        0,
        0,
        0,
        0,
        0
      ]
    }
  ]
}
