{
  "results": [
    {
      "command": "./bin/CameronAavik/aot/1brc ./inputs/measurements.txt",
      "mean": 1.41424484516,
      "stddev": 0.023931958431822286,
      "median": 1.4111827040600002,
      "user": 9.936152489999998,
      "system": 0.46010665999999995,
      "min": 1.37009084856,
      "max": 1.46767157356,
      "times": [
        1.3889291615600001,
        1.3912269775600001,
        1.46767157356,
        1.4254215275600002,
        1.37009084856,
        1.44688143956,
        1.42079593756,
        1.4035775135600002,
        1.37942622556,
        1.40909949056,
        1.45237792556,
        1.40653003456,
        1.3993274715600001,
        1.41572668456,
        1.4119141315600001,
        1.4203111585600001,
        1.40681854956,
        1.4328140385600001,
        1.4104512765600001,
        1.42550493656
      ],
      "exit_codes": [
        0,
        0,
        0,
        0,
        0,
        0,
        0,
        0,
        0,
        0,
        0,
        0,
        0,
        0,
        0,
        0,
        0,
        0,
        0,
        0
      ]
    }
  ]
}
