{
  "results": [
    {
      "command": "./bin/CameronAavik/aot/1brc ./inputs/measurements.txt",
      "mean": 0.48345520777999995,
      "stddev": 0.0013698635112431167,
      "median": 0.48313622858000005,
      "user": 10.031864449999999,
      "system": 0.7463819299999999,
      "min": 0.48192584558,
      "max": 0.48768066558,
      "times": [
        0.48289401358000006,
        0.48451736258000005,
        0.48378078958000004,
        0.48421959658,
        0.48768066558,
        0.48217081758,
        0.48362523558000003,
        0.48285139158,
        0.48203499458000004,
        0.48222460758,
        0.48278050258000005,
        0.48192584558,
        0.48337844358000004,
        0.48237469358,
        0.48495343458,
        0.48467077858,
        0.48381843158000004,
        0.48231875658,
        0.48414113558000005,
        0.48274265858000004
      ],
      "exit_codes": [
        0,
        0,
        0,
        0,
        0,
        0,
        0,
        0,
        0,
        0,
        0,
        0,
        0,
        0,
        0,
        0,
        0,
        0,
        0,
        0
      ]
    }
  ]
}
