{
  "results": [
    {
      "command": "./bin/CameronAavik/aot/1brc ./inputs/measurements.txt",
      "mean": 1.88950988466,
      "stddev": 0.02525862173288226,
      "median": 1.8800890948600002,
      "user": 13.59661804,
      "system": 0.5772674,
      "min": 1.86087284486,
      "max": 1.9525237988600002,
      "times": [
        1.86897727586,
        1.90181912086,
        1.87882434886,
        1.8780469908600002,
        1.8813538408600001,
        1.86087284486,
        1.87438162486,
        1.9362477188600002,
        1.8729050308600002,
        1.89922696886,
        1.86796613486,
        1.88213244986,
        1.9525237988600002,
        1.87062656786,
        1.88275058986,
        1.87471635686,
        1.8748568848600002,
        1.9137069698600002,
        1.88730653286,
        1.9309556418600002
      ],
      "exit_codes": [
        0,
        0,
        0,
        0,
        0,
        0,
        0,
        0,
        0,
        0,
        0,
        0,
        0,
        0,
        0,
        0,
        0,
        0,
        0,
        0
      ]
    }
  ]
}
