{
  "results": [
    {
      "command": "./bin/CameronAavik/aot/1brc ./inputs/measurements.txt",
      "mean": 0.60010689361,
      "stddev": 0.011411943635741818,
      "median": 0.5948332250600001,
      "user": 13.671757869999999,
      "system": 0.6494741799999999,
      "min": 0.5887013385600001,
      "max": 0.6287305285600001,
      "times": [
        0.59706743256,
        0.5887013385600001,
        0.5930581405600001,
        0.6156734865600001,
        0.59683805456,
        0.6012936575600001,
        0.5944769085600001,
        0.5943828455600001,
        0.5929357295600001,
        0.5929850605600001,
        0.6287305285600001,
        0.6186055835600001,
        0.5914017505600001,
        0.5969996485600001,
        0.5951895415600001,
        0.5943018365600001,
        0.5904309795600001,
        0.6198838965600001,
        0.5934967485600001,
        0.60568470356
      ],
      "exit_codes": [
        0,
        0,
        0,
        0,
        0,
        0,
        0,
        0,
        0,
        0,
        0,
        0,
        0,
        0,
        0,
        0,
        0,
        0,
        0,
        0
      ]
    }
  ]
}
