{
  "results": [
    {
      "command": "./bin/CameronAavik/aot/1brc ./inputs/measurements.txt",
      "mean": 0.48522891944,
      "stddev": 0.009713363615175311,
      "median": 0.48148769044000006,
      "user": 9.974475939999998,
      "system": 0.60949957,
      "min": 0.47557799544,
      "max": 0.51468094744,
      "times": [
        0.48325917044000005,
        0.48894673744000006,
        0.49033452444000003,
        0.48515131544000006,
        0.47802592744000005,
        0.48007180644,
        0.47732908444000005,
        0.48609539244000005,
        0.47864678744000005,
        0.47770842744,
        0.49629043644000004,
        0.48001469044000006,
        0.48175505544,
        0.48122032544000004,
        0.49909069944000006,
        0.47557799544,
        0.49391649144000005,
        0.47690015644000006,
        0.47956241744000006,
        0.51468094744
      ],
      "exit_codes": [
        0,
        0,
        0,
        0,
        0,
        0,
        0,
        0,
        0,
        0,
        0,
        0,
        0,
        0,
        0,
        0,
        0,
        0,
        0,
        0
      ]
    }
  ]
}
