{
  "results": [
    {
      "command": "./bin/dzaima/aot/1brc ./inputs/measurements.txt",
      "mean": 1.2457575493400004,
      "stddev": 0.009073018563733925,
      "median": 1.2425469000400002,
      "user": 9.28952443,
      "system": 0.5348685099999999,
      "min": 1.23900472754,
      "max": 1.2716263895400002,
      "times": [
        1.2606827015400002,
        1.23900472754,
        1.2435287725400002,
        1.2523553065400002,
        1.2632223525400001,
        1.2401134365400002,
        1.2431619445400002,
        1.2399978305400001,
        1.24031601354,
        1.23968596254,
        1.24188720454,
        1.2466721335400002,
        1.2427589005400002,
        1.24233489954,
        1.2716263895400002,
        1.23982508454,
        1.2432812555400001,
        1.2417621305400002,
        1.2400305445400002,
        1.2429033955400002
      ],
      "exit_codes": [
        0,
        0,
        0,
        0,
        0,
        0,
        0,
        0,
        0,
        0,
        0,
        0,
        0,
        0,
        0,
        0,
        0,
        0,
        0,
        0
      ]
    }
  ]
}
