{
  "results": [
    {
      "command": "./bin/dzaima/aot/1brc ./inputs/measurements.txt",
      "mean": 1.2752232879000003,
      "stddev": 0.028566186951630785,
      "median": 1.2667896487,
      "user": 9.356875659999996,
      "system": 0.49908472000000004,
      "min": 1.2411644677,
      "max": 1.3500165967,
      "times": [
        1.2560037277,
        1.2745935537,
        1.2755849297,
        1.2576683736999998,
        1.2515396177,
        1.2519567767,
        1.3108518417,
        1.2593610587,
        1.2541084047,
        1.2902616947,
        1.2855305506999999,
        1.2621372177,
        1.2411644677,
        1.2514295897,
        1.3500165967,
        1.2850534957,
        1.2511828547,
        1.2714420797,
        1.2965282127,
        1.3280507137
      ],
      "exit_codes": [
        0,
        0,
        0,
        0,
        0,
        0,
        0,
        0,
        0,
        0,
        0,
        0,
        0,
        0,
        0,
        0,
        0,
        0,
        0,
        0
      ]
    }
  ]
}
