{
  "results": [
    {
      "command": "./bin/dzaima/aot/1brc ./inputs/measurements.txt",
      "mean": 1.6039455293099993,
      "stddev": 0.04742418203733411,
      "median": 1.5895318721599998,
      "user": 11.694452870000001,
      "system": 0.6340671800000001,
      "min": 1.5585710981599998,
      "max": 1.73220729716,
      "times": [
        1.62357829816,
        1.61850035916,
        1.5585710981599998,
        1.60846036616,
        1.60077479016,
        1.5677027901599998,
        1.56897662516,
        1.73220729716,
        1.58011947316,
        1.59894427116,
        1.60864125816,
        1.57988471216,
        1.5668799361599999,
        1.6511368331599998,
        1.56616724216,
        1.56286216216,
        1.6439629571599998,
        1.57219537916,
        1.56890508316,
        1.70043965416
      ],
      "exit_codes": [
        0,
        0,
        0,
        0,
        0,
        0,
        0,
        0,
        0,
        0,
        0,
        0,
        0,
        0,
        0,
        0,
        0,
        0,
        0,
        0
      ]
    }
  ]
}
