{
  "results": [
    {
      "command": "./bin/dzaima/aot/1brc ./inputs/measurements.txt",
      "mean": 1.3295101294899998,
      "stddev": 0.008315512424084069,
      "median": 1.32715060854,
      "user": 9.640348059999999,
      "system": 0.48194818999999994,
      "min": 1.32382059904,
      "max": 1.36169048704,
      "times": [
        1.33441032804,
        1.32558837104,
        1.33077968604,
        1.32738239704,
        1.32691882004,
        1.32574229604,
        1.3276696940400001,
        1.32382059904,
        1.32611863504,
        1.32467834304,
        1.32807175204,
        1.3260399840400001,
        1.32782383004,
        1.32393541404,
        1.3304464790400001,
        1.32656982504,
        1.32824337704,
        1.32629523304,
        1.36169048704,
        1.3379770390399999
      ],
      "exit_codes": [
        0,
        0,
        0,
        0,
        0,
        0,
        0,
        0,
        0,
        0,
        0,
        0,
        0,
        0,
        0,
        0,
        0,
        0,
        0,
        0
      ]
    }
  ]
}
