{
  "results": [
    {
      "command": "./bin/dzaima/aot/1brc ./inputs/measurements.txt",
      "mean": 1.2501455428400003,
      "stddev": 0.012867201709573403,
      "median": 1.24443003624,
      "user": 9.31170295,
      "system": 0.53083349,
      "min": 1.24096674624,
      "max": 1.29659240924,
      "times": [
        1.24301051524,
        1.25108815024,
        1.24273636524,
        1.24357450024,
        1.24528557224,
        1.24096674624,
        1.24147459824,
        1.24983091924,
        1.24643436424,
        1.25745172824,
        1.24229678724,
        1.24328531024,
        1.24247055824,
        1.24157779524,
        1.24239146624,
        1.25363333524,
        1.26034281024,
        1.26093785624,
        1.25752906924,
        1.29659240924
      ],
      "exit_codes": [
        0,
        0,
        0,
        0,
        0,
        0,
        0,
        0,
        0,
        0,
        0,
        0,
        0,
        0,
        0,
        0,
        0,
        0,
        0,
        0
      ]
    }
  ]
}
