{
  "results": [
    {
      "command": "./bin/dzaima/aot/1brc ./inputs/measurements.txt",
      "mean": 2.5100246331099996,
      "stddev": 0.020013953256409464,
      "median": 2.5066589075600003,
      "user": 9.331837589999997,
      "system": 0.5060179699999999,
      "min": 2.48313297406,
      "max": 2.55765847206,
      "times": [
        2.49598196806,
        2.5278107740599998,
        2.48313297406,
        2.5131962530600003,
        2.49068128806,
        2.55765847206,
        2.5066173430600003,
        2.49005467806,
        2.49220157206,
        2.55216937906,
        2.5068681440600002,
        2.49986240106,
        2.50750650906,
        2.52920534906,
        2.50670047206,
        2.49976343306,
        2.49349956106,
        2.52775285806,
        2.50636234106,
        2.5134668920600003
      ],
      "exit_codes": [
        0,
        0,
        0,
        0,
        0,
        0,
        0,
        0,
        0,
        0,
        0,
        0,
        0,
        0,
        0,
        0,
        0,
        0,
        0,
        0
      ]
    }
  ]
}
