{
  "results": [
    {
      "command": "./bin/dzaima/aot/1brc ./inputs/measurements.txt",
      "mean": 1.32606006747,
      "stddev": 0.002723533574138205,
      "median": 1.3255321857199998,
      "user": 9.624259279999999,
      "system": 0.4732589099999999,
      "min": 1.3221117142199998,
      "max": 1.3325038382199998,
      "times": [
        1.3277070392199999,
        1.3227621702199999,
        1.3235937632199999,
        1.3221117142199998,
        1.32749309622,
        1.32348778522,
        1.3253632312199999,
        1.32476116222,
        1.32798685022,
        1.32308815222,
        1.3251939282199998,
        1.32457960722,
        1.32955623122,
        1.32784037822,
        1.3325038382199998,
        1.33012093922,
        1.32704917522,
        1.32641104022,
        1.3257011402199999,
        1.32389010722
      ],
      "exit_codes": [
        0,
        0,
        0,
        0,
        0,
        0,
        0,
        0,
        0,
        0,
        0,
        0,
        0,
        0,
        0,
        0,
        0,
        0,
        0,
        0
      ]
    }
  ]
}
