{
  "results": [
    {
      "command": "./bin/dzaima/aot/1brc ./inputs/measurements.txt",
      "mean": 1.2477141016500002,
      "stddev": 0.007024275474713113,
      "median": 1.2451112572,
      "user": 9.363448179999999,
      "system": 0.47776301000000004,
      "min": 1.2409097347,
      "max": 1.2665328547,
      "times": [
        1.2567625737,
        1.2421207597000001,
        1.2431994997,
        1.2409097347,
        1.2665328547,
        1.2433250257000001,
        1.2433632717,
        1.2420483617,
        1.2421984147,
        1.2608493497000002,
        1.2435939627,
        1.2464705787,
        1.2430582767,
        1.2517238367,
        1.2548588527000002,
        1.2498758787000002,
        1.2441927027000002,
        1.2470541247000002,
        1.2461141617000002,
        1.2460298117000002
      ],
      "exit_codes": [
        0,
        0,
        0,
        0,
        0,
        0,
        0,
        0,
        0,
        0,
        0,
        0,
        0,
        0,
        0,
        0,
        0,
        0,
        0,
        0
      ]
    }
  ]
}
