{
  "results": [
    {
      "command": "./bin/dzaima/aot/1brc ./inputs/measurements.txt",
      "mean": 1.2517672273599998,
      "stddev": 0.01687222099126832,
      "median": 1.24607669716,
      "user": 9.365431570000002,
      "system": 0.4892170900000001,
      "min": 1.2393890356600001,
      "max": 1.29968451466,
      "times": [
        1.25223945866,
        1.2934282626600002,
        1.24367355266,
        1.24851190766,
        1.2421722346600002,
        1.24964113766,
        1.23987695566,
        1.25581603466,
        1.26154647966,
        1.24090778966,
        1.2406789146600001,
        1.26088750466,
        1.24847984166,
        1.24100576066,
        1.24193485266,
        1.2393890356600001,
        1.29968451466,
        1.2540161816600002,
        1.24154641066,
        1.23990771666
      ],
      "exit_codes": [
        0,
        0,
        0,
        0,
        0,
        0,
        0,
        0,
        0,
        0,
        0,
        0,
        0,
        0,
        0,
        0,
        0,
        0,
        0,
        0
      ]
    }
  ]
}
