{
  "results": [
    {
      "command": "./bin/dzaima/aot/1brc ./inputs/measurements.txt",
      "mean": 1.25440906166,
      "stddev": 0.014899297778743579,
      "median": 1.25111162556,
      "user": 9.381612540000003,
      "system": 0.47394378000000004,
      "min": 1.24060617406,
      "max": 1.29913063306,
      "times": [
        1.2426079220600001,
        1.24060617406,
        1.2499358760600001,
        1.24282168806,
        1.2679869700600002,
        1.2458485890600002,
        1.2814188140600002,
        1.2622809210600001,
        1.2581971600600002,
        1.2584714250600002,
        1.2533311670600003,
        1.24946136406,
        1.2420678090600001,
        1.29913063306,
        1.2553414520600001,
        1.2596139650600002,
        1.25228737506,
        1.24270791306,
        1.2419490860600002,
        1.2421149290600002
      ],
      "exit_codes": [
        0,
        0,
        0,
        0,
        0,
        0,
        0,
        0,
        0,
        0,
        0,
        0,
        0,
        0,
        0,
        0,
        0,
        0,
        0,
        0
      ]
    }
  ]
}
