{
  "results": [
    {
      "command": "./calculate_average_jerrinot.sh",
      "mean": 0.25321723377000005,
      "stddev": 0.0046917992173916324,
      "median": 0.25245192062,
      "user": 0.00328279,
      "system": 0.0025574739999999997,
      "min": 0.24630965062000001,
      "max": 0.26339135462,
      "times": [
        0.25553023562000005,
        0.25801616962,
        0.25226399762,
        0.26339135462,
        0.25152555362,
        0.25330333762,
        0.25235319962,
        0.25857091962,
        0.25850584162,
        0.24651573862000004,
        0.25741599062000003,
        0.25289542062000003,
        0.25743273962,
        0.24636526562000002,
        0.25151703562000005,
        0.25203553862000005,
        0.25255064162,
        0.24630965062000001,
        0.25098562162000004,
        0.24686042262000002
      ],
      "exit_codes": [
        0,
        0,
        0,
        0,
        0,
        0,
        0,
        0,
        0,
        0,
        0,
        0,
        0,
        0,
        0,
        0,
        0,
        0,
        0,
        0
      ]
    }
  ]
}
