{
  "results": [
    {
      "command": "./calculate_average_jerrinot.sh",
      "mean": 0.9449116471100002,
      "stddev": 0.007873590119415155,
      "median": 0.94220618826,
      "user": 0.0028031099999999997,
      "system": 0.001788305,
      "min": 0.93880725876,
      "max": 0.97072997076,
      "times": [
        0.9494474887600001,
        0.9417059777600001,
        0.94195143276,
        0.94208580576,
        0.9621473327600001,
        0.9468646177600001,
        0.9431163477600001,
        0.93945336976,
        0.94155074876,
        0.94334952076,
        0.94433736976,
        0.94216891676,
        0.94017427876,
        0.94056949276,
        0.94403592776,
        0.97072997076,
        0.9426754327600001,
        0.93880725876,
        0.94081819176,
        0.94224345976
      ],
      "exit_codes": [
        0,
        0,
        0,
        0,
        0,
        0,
        0,
        0,
        0,
        0,
        0,
        0,
        0,
        0,
        0,
        0,
        0,
        0,
        0,
        0
      ]
    }
  ]
}
