{
  "results": [
    {
      "command": "./calculate_average_jerrinot.sh",
      "mean": 0.71420386068,
      "stddev": 0.0033213466914332177,
      "median": 0.71314217528,
      "user": 0.00277187,
      "system": 0.0018690699999999998,
      "min": 0.71208526078,
      "max": 0.72736326178,
      "times": [
        0.71578905378,
        0.71270084378,
        0.71251373178,
        0.71566470178,
        0.71602506278,
        0.71290355778,
        0.72736326178,
        0.71441392978,
        0.71344738978,
        0.71223808578,
        0.71254358678,
        0.71391766378,
        0.71393365978,
        0.71291385978,
        0.71434553678,
        0.71266591178,
        0.71208526078,
        0.71252321578,
        0.71271840878,
        0.71337049078
      ],
      "exit_codes": [
        0,
        0,
        0,
        0,
        0,
        0,
        0,
        0,
        0,
        0,
        0,
        0,
        0,
        0,
        0,
        0,
        0,
        0,
        0,
        0
      ]
    }
  ]
}
