{
  "results": [
    {
      "command": "./calculate_average_jerrinot.sh",
      "mean": 0.24903282851,
      "stddev": 0.0005622837667426906,
      "median": 0.24891915466000003,
      "user": 0.0025573099999999997,
      "system": 0.0035225139999999996,
      "min": 0.24828908716,
      "max": 0.25054302216,
      "times": [
        0.24881488116000003,
        0.25054302216,
        0.24849724016000002,
        0.25002315016000004,
        0.24944583816000002,
        0.24910988216000002,
        0.24849769016,
        0.24907669216000003,
        0.24881270516,
        0.24893028016000002,
        0.24946083016,
        0.24880597716000002,
        0.24916392416000002,
        0.24890802916000002,
        0.24859138316,
        0.24914471416000003,
        0.24828908716,
        0.24864764316000001,
        0.24953689216000002,
        0.24835670816000002
      ],
      "exit_codes": [
        0,
        0,
        0,
        0,
        0,
        0,
        0,
        0,
        0,
        0,
        0,
        0,
        0,
        0,
        0,
        0,
        0,
        0,
        0,
        0
      ]
    }
  ]
}
