{
  "results": [
    {
      "command": "./calculate_average_jerrinot.sh",
      "mean": 1.4199548771900001,
      "stddev": 0.007877216512967704,
      "median": 1.41722362354,
      "user": 0.0029770399999999994,
      "system": 0.0010946779999999998,
      "min": 1.4116932235400002,
      "max": 1.43837529954,
      "times": [
        1.41610740654,
        1.41237859454,
        1.43784526254,
        1.42770629354,
        1.43837529954,
        1.4192390455400001,
        1.41675800654,
        1.41420998154,
        1.4116932235400002,
        1.42733546654,
        1.42096177654,
        1.41432739554,
        1.41853224754,
        1.4200820385400001,
        1.41371134354,
        1.4133818655400001,
        1.41768924054,
        1.42762924454,
        1.41473492754,
        1.41639888354
      ],
      "exit_codes": [
        0,
        0,
        0,
        0,
        0,
        0,
        0,
        0,
        0,
        0,
        0,
        0,
        0,
        0,
        0,
        0,
        0,
        0,
        0,
        0
      ]
    }
  ]
}
