{
  "results": [
    {
      "command": "./calculate_average_jerrinot.sh",
      "mean": 0.25028329729000004,
      "stddev": 0.0024850042393055553,
      "median": 0.24970791404000003,
      "user": 0.0026114649999999994,
      "system": 0.0034712,
      "min": 0.24805476354000003,
      "max": 0.25916235154,
      "times": [
        0.24948815554000003,
        0.24923124954000003,
        0.25916235154,
        0.24905065154000003,
        0.24957716354000004,
        0.24989392754,
        0.24805476354000003,
        0.24836634854000003,
        0.24993527854000003,
        0.25287482754,
        0.24937458854000003,
        0.25326264354,
        0.25049944454,
        0.24983866454000003,
        0.24866957954000002,
        0.24828453354000002,
        0.25043202454,
        0.25012153754000005,
        0.24877597954000003,
        0.25077223254000003
      ],
      "exit_codes": [
        0,
        0,
        0,
        0,
        0,
        0,
        0,
        0,
        0,
        0,
        0,
        0,
        0,
        0,
        0,
        0,
        0,
        0,
        0,
        0
      ]
    }
  ]
}
