{
  "results": [
    {
      "command": "./calculate_average_jerrinot.sh",
      "mean": 1.8795418857800001,
      "stddev": 0.017116478839602232,
      "median": 1.8754591385800001,
      "user": 0.00257021,
      "system": 0.0014284799999999998,
      "min": 1.8609561270800001,
      "max": 1.9275169110800001,
      "times": [
        1.8609561270800001,
        1.8953671550800002,
        1.8766267410800002,
        1.8669639080800002,
        1.8831541020800002,
        1.8733741000800002,
        1.86172216908,
        1.9275169110800001,
        1.8644366860800001,
        1.87953565308,
        1.8797554010800002,
        1.87571285408,
        1.9114578910800002,
        1.8652223190800001,
        1.8738793980800001,
        1.8752054230800002,
        1.8662591810800002,
        1.8981286550800003,
        1.8844213490800001,
        1.87114169108
      ],
      "exit_codes": [
        0,
        0,
        0,
        0,
        0,
        0,
        0,
        0,
        0,
        0,
        0,
        0,
        0,
        0,
        0,
        0,
        0,
        0,
        0,
        0
      ]
    }
  ]
}
