{
  "results": [
    {
      "command": "./calculate_average_jerrinot.sh",
      "mean": 0.36372783642,
      "stddev": 0.0012025048581106534,
      "median": 0.36333677852,
      "user": 0.0028707399999999997,
      "system": 0.0025296949999999998,
      "min": 0.36228944702000004,
      "max": 0.36615664302,
      "times": [
        0.36340074002,
        0.36259127302000005,
        0.36327281702,
        0.36228944702000004,
        0.36374472702000005,
        0.36258476202,
        0.36300383102000006,
        0.36615664302,
        0.36280661902000005,
        0.36420433602,
        0.36368756702000005,
        0.36546153002000004,
        0.36245257102,
        0.36582690902000004,
        0.36456970402000005,
        0.36415003502000004,
        0.36549733102000004,
        0.36318212602000005,
        0.36299570302,
        0.36267805702000006
      ],
      "exit_codes": [
        0,
        0,
        0,
        0,
        0,
        0,
        0,
        0,
        0,
        0,
        0,
        0,
        0,
        0,
        0,
        0,
        0,
        0,
        0,
        0
      ]
    }
  ]
}
