{
  "results": [
    {
      "command": "./calculate_average_jerrinot.sh",
      "mean": 0.4813995952700001,
      "stddev": 0.0029818473333644343,
      "median": 0.48054886932,
      "user": 0.00315484,
      "system": 0.0023457279999999996,
      "min": 0.47791925532,
      "max": 0.48875012832000003,
      "times": [
        0.48668981532,
        0.47791925532,
        0.47877236032000003,
        0.48208056632,
        0.48056164632000004,
        0.48231383832,
        0.48196254332,
        0.48046542832,
        0.47975663732,
        0.48053609232,
        0.48471756432,
        0.47952823132,
        0.47914336132,
        0.47796083932,
        0.48058716032,
        0.48021139232,
        0.48521108132,
        0.47803584032,
        0.48278812332,
        0.48875012832000003
      ],
      "exit_codes": [
        0,
        0,
        0,
        0,
        0,
        0,
        0,
        0,
        0,
        0,
        0,
        0,
        0,
        0,
        0,
        0,
        0,
        0,
        0,
        0
      ]
    }
  ]
}
