{
  "results": [
    {
      "command": "./calculate_average_jerrinot.sh",
      "mean": 0.25074007805,
      "stddev": 0.0034426700189070115,
      "median": 0.25021335710000003,
      "user": 0.0029119499999999995,
      "system": 0.0029919399999999994,
      "min": 0.24630185810000002,
      "max": 0.25691219509999996,
      "times": [
        0.2528308861,
        0.2499165791,
        0.2539870871,
        0.2474083991,
        0.2549286661,
        0.2562995741,
        0.24803157210000001,
        0.24852169110000003,
        0.24630185810000002,
        0.2474009701,
        0.24659488410000002,
        0.2531610521,
        0.25691219509999996,
        0.2504499791,
        0.2502502191,
        0.2501764951,
        0.24712636410000002,
        0.24701557210000002,
        0.2540456201,
        0.2534418971
      ],
      "exit_codes": [
        0,
        0,
        0,
        0,
        0,
        0,
        0,
        0,
        0,
        0,
        0,
        0,
        0,
        0,
        0,
        0,
        0,
        0,
        0,
        0
      ]
    }
  ]
}
