{
  "results": [
    {
      "command": "./bin/kpocza/aot/1brc ./inputs/measurements.txt",
      "mean": 3.3377379233699997,
      "stddev": 0.04347447088421445,
      "median": 3.33038417992,
      "user": 12.098775770000001,
      "system": 0.41193566,
      "min": 3.2631137069199996,
      "max": 3.4220008419199996,
      "times": [
        3.32245984892,
        3.3306848369199997,
        3.36464149992,
        3.26330125392,
        3.2631137069199996,
        3.36725380792,
        3.33008352292,
        3.31305827992,
        3.3363790819199997,
        3.3801517629199997,
        3.3176371909199998,
        3.32205013292,
        3.4220008419199996,
        3.31907487392,
        3.3833774069199998,
        3.38479133692,
        3.35919381192,
        3.3873380839199996,
        3.3198396359199998,
        3.26832754992
      ],
      "exit_codes": [
        0,
        0,
        0,
        0,
        0,
        0,
        0,
        0,
        0,
        0,
        0,
        0,
        0,
        0,
        0,
        0,
        0,
        0,
        0,
        0
      ]
    }
  ]
}
