{
  "results": [
    {
      "command": "./bin/kpocza/aot/1brc ./inputs/measurements.txt",
      "mean": 0.57139730619,
      "stddev": 0.014815988667314064,
      "median": 0.5656595527399999,
      "user": 12.220800849999998,
      "system": 0.50417075,
      "min": 0.55181117924,
      "max": 0.6134047862399999,
      "times": [
        0.55978303424,
        0.5638171492399999,
        0.56523717124,
        0.58540329924,
        0.56458705824,
        0.55371812924,
        0.5595791112399999,
        0.56903012524,
        0.56135117524,
        0.57740368324,
        0.55181117924,
        0.58916074224,
        0.57830649024,
        0.56504137524,
        0.56608193424,
        0.55913252524,
        0.58529473324,
        0.6134047862399999,
        0.58406750024,
        0.57573492124
      ],
      "exit_codes": [
        0,
        0,
        0,
        0,
        0,
        0,
        0,
        0,
        0,
        0,
        0,
        0,
        0,
        0,
        0,
        0,
        0,
        0,
        0,
        0
      ]
    }
  ]
}
