{
  "results": [
    {
      "command": "./bin/kpocza/aot/1brc ./inputs/measurements.txt",
      "mean": 0.7570321393899999,
      "stddev": 0.026956027694521618,
      "median": 0.74539588184,
      "user": 18.19650537,
      "system": 0.5751862799999999,
      "min": 0.7404250988400001,
      "max": 0.8483309278400001,
      "times": [
        0.74465676484,
        0.74665185584,
        0.8483309278400001,
        0.7739190328400001,
        0.75723429284,
        0.74121581384,
        0.74541604384,
        0.74083630184,
        0.77839510584,
        0.7481815538400001,
        0.75720053884,
        0.7424739568400001,
        0.7431653768400001,
        0.74414330384,
        0.7453757198400001,
        0.7547993698400001,
        0.8048275608400001,
        0.7412069598400001,
        0.7404250988400001,
        0.74218720884
      ],
      "exit_codes": [
        0,
        0,
        0,
        0,
        0,
        0,
        0,
        0,
        0,
        0,
        0,
        0,
        0,
        0,
        0,
        0,
        0,
        0,
        0,
        0
      ]
    }
  ]
}
