{
  "results": [
    {
      "command": "./bin/kpocza/aot/1brc ./inputs/measurements.txt",
      "mean": 0.3732761613199999,
      "stddev": 0.016653208438198293,
      "median": 0.36837949972000006,
      "user": 17.534899290000002,
      "system": 1.1873806599999996,
      "min": 0.35870907922,
      "max": 0.43351513922,
      "times": [
        0.36970852422,
        0.37160988922000004,
        0.36956347122000005,
        0.36597274122,
        0.36719552822,
        0.36217819222000003,
        0.37543031922000003,
        0.37764252122,
        0.37481424622000004,
        0.36285105522000005,
        0.39479554222,
        0.37001395322,
        0.36513148022,
        0.36631915222,
        0.38742224922,
        0.43351513922,
        0.36116369222,
        0.35870907922,
        0.36674976522,
        0.36473668522
      ],
      "exit_codes": [
        0,
        0,
        0,
        0,
        0,
        0,
        0,
        0,
        0,
        0,
        0,
        0,
        0,
        0,
        0,
        0,
        0,
        0,
        0,
        0
      ]
    }
  ]
}
