{
  "results": [
    {
      "command": "./bin/kpocza/aot/1brc ./inputs/measurements.txt",
      "mean": 0.9637744522,
      "stddev": 0.025702956920204783,
      "median": 0.9531886638000001,
      "user": 12.153870360000003,
      "system": 0.47283090000000005,
      "min": 0.9404521958000001,
      "max": 1.0225597328,
      "times": [
        0.9426895328000001,
        0.9542087508000001,
        1.0225597328,
        0.9544841368000001,
        0.9520228888000001,
        0.9991603138000001,
        0.9472778298000001,
        0.9432615828,
        0.9625251528000001,
        0.9521685768000001,
        0.9999553608000001,
        0.9716927928000001,
        1.0146580238,
        0.9716484828,
        0.9427942888,
        0.9454806928000001,
        0.9404521958000001,
        0.9442547488,
        0.9719768528000001,
        0.9422171068
      ],
      "exit_codes": [
        0,
        0,
        0,
        0,
        0,
        0,
        0,
        0,
        0,
        0,
        0,
        0,
        0,
        0,
        0,
        0,
        0,
        0,
        0,
        0
      ]
    }
  ]
}
