{
  "results": [
    {
      "command": "./bin/kpocza/aot/1brc ./inputs/measurements.txt",
      "mean": 2.52722718132,
      "stddev": 0.0513338009145198,
      "median": 2.52285188902,
      "user": 18.140371249999998,
      "system": 0.5023461100000001,
      "min": 2.47526749352,
      "max": 2.65003576152,
      "times": [
        2.5509535195199997,
        2.5306541775199998,
        2.47746809652,
        2.63286877952,
        2.49092173652,
        2.52278848352,
        2.47526749352,
        2.57794213552,
        2.48675990452,
        2.53974113152,
        2.4754939925199997,
        2.5241033625199996,
        2.4889006765199997,
        2.50567365052,
        2.48608640452,
        2.54431151852,
        2.65003576152,
        2.5229152945199997,
        2.47733601452,
        2.58432149252
      ],
      "exit_codes": [
        0,
        0,
        0,
        0,
        0,
        0,
        0,
        0,
        0,
        0,
        0,
        0,
        0,
        0,
        0,
        0,
        0,
        0,
        0,
        0
      ]
    }
  ]
}
