{
  "results": [
    {
      "command": "./bin/kpocza/aot/1brc ./inputs/measurements.txt",
      "mean": 1.3530083145200003,
      "stddev": 0.028779054539229378,
      "median": 1.34685963022,
      "user": 18.217440000000003,
      "system": 0.5303911699999999,
      "min": 1.3256437127200003,
      "max": 1.4431507297200001,
      "times": [
        1.4431507297200001,
        1.3273449407200002,
        1.3315173267200002,
        1.35655106372,
        1.3562404467200002,
        1.3267512777200001,
        1.34503759072,
        1.3775147417200002,
        1.36415406972,
        1.3380278797200003,
        1.35504632072,
        1.34579483372,
        1.3278910807200002,
        1.3298030627200002,
        1.3256437127200003,
        1.39914272672,
        1.3670258797200001,
        1.33391232872,
        1.3479244267200001,
        1.3616918507200002
      ],
      "exit_codes": [
        0,
        0,
        0,
        0,
        0,
        0,
        0,
        0,
        0,
        0,
        0,
        0,
        0,
        0,
        0,
        0,
        0,
        0,
        0,
        0
      ]
    }
  ]
}
