{
  "results": [
    {
      "command": "./bin/kpocza/aot/1brc ./inputs/measurements.txt",
      "mean": 1.7603175842400003,
      "stddev": 0.043472465415633835,
      "median": 1.75174768884,
      "user": 12.109502070000001,
      "system": 0.44128343000000003,
      "min": 1.70694461184,
      "max": 1.89277860784,
      "times": [
        1.73433973984,
        1.7484638378400001,
        1.75882828884,
        1.7308129988399998,
        1.78753642184,
        1.70759724584,
        1.7466774198400001,
        1.75503153984,
        1.70694461184,
        1.80144489284,
        1.7765530108399998,
        1.74784548984,
        1.79745386484,
        1.71584305984,
        1.7336774528399999,
        1.80607801684,
        1.89277860784,
        1.76769868884,
        1.77104145484,
        1.71970504084
      ],
      "exit_codes": [
        0,
        0,
        0,
        0,
        0,
        0,
        0,
        0,
        0,
        0,
        0,
        0,
        0,
        0,
        0,
        0,
        0,
        0,
        0,
        0
      ]
    }
  ]
}
