{
  "results": [
    {
      "command": "./bin/kpocza/aot/1brc ./inputs/measurements.txt",
      "mean": 0.46952670525999995,
      "stddev": 0.01718693812171154,
      "median": 0.46390217346,
      "user": 18.168430649999998,
      "system": 0.63635913,
      "min": 0.46050324396000003,
      "max": 0.5316364779600001,
      "times": [
        0.46244759796,
        0.50142793896,
        0.46388359796,
        0.46514194096,
        0.46182967696000005,
        0.46377840596000003,
        0.46112862396000004,
        0.5316364779600001,
        0.46392074896,
        0.46826879396000004,
        0.46549190896000003,
        0.46422651396000003,
        0.46436393596000003,
        0.47774960496,
        0.46224250496,
        0.46192997896000004,
        0.46419712396,
        0.46361523096,
        0.46275025496,
        0.46050324396000003
      ],
      "exit_codes": [
        0,
        0,
        0,
        0,
        0,
        0,
        0,
        0,
        0,
        0,
        0,
        0,
        0,
        0,
        0,
        0,
        0,
        0,
        0,
        0
      ]
    }
  ]
}
