{
  "results": [
    {
      "command": "./bin/kpocza/aot/1brc ./inputs/measurements.txt",
      "mean": 0.4029513292500001,
      "stddev": 0.0262474459315054,
      "median": 0.38976203350000005,
      "user": 12.332962769999998,
      "system": 0.7084404900000001,
      "min": 0.38111828350000004,
      "max": 0.4622142725,
      "times": [
        0.40059001250000004,
        0.3873851475,
        0.3969495515,
        0.43372659150000004,
        0.39114568050000004,
        0.4043407935,
        0.38846418050000003,
        0.38696248650000004,
        0.38680872250000004,
        0.4182937875,
        0.38673685150000003,
        0.4622142725,
        0.3877175675,
        0.38691671250000004,
        0.38205334750000003,
        0.4617403755,
        0.44241844350000004,
        0.3910598865,
        0.38111828350000004,
        0.3823838905
      ],
      "exit_codes": [
        0,
        0,
        0,
        0,
        0,
        0,
        0,
        0,
        0,
        0,
        0,
        0,
        0,
        0,
        0,
        0,
        0,
        0,
        0,
        0
      ]
    }
  ]
}
