{
  "results": [
    {
      "command": "./bin/lehuyduc/aot/1brc ./inputs/measurements.txt",
      "mean": 1.1286284382300003,
      "stddev": 0.02932405459092331,
      "median": 1.11660117048,
      "user": 0.00152212,
      "system": 0.000118105,
      "min": 1.08691558948,
      "max": 1.20821426748,
      "times": [
        1.11536655248,
        1.13509854848,
        1.20821426748,
        1.11620342448,
        1.11514232348,
        1.11533764748,
        1.08691558948,
        1.10510067648,
        1.10690459448,
        1.15793306348,
        1.11633764348,
        1.14353481248,
        1.12148940048,
        1.11469738048,
        1.13258934448,
        1.11841335948,
        1.11686469748,
        1.14619679648,
        1.10803882648,
        1.1921898154800001
      ],
      "exit_codes": [
        0,
        0,
        0,
        0,
        0,
        0,
        0,
        0,
        0,
        0,
        0,
        0,
        0,
        0,
        0,
        0,
        0,
        0,
        0,
        0
      ]
    }
  ]
}
