{
  "results": [
    {
      "command": "./bin/lehuyduc/aot/1brc ./inputs/measurements.txt",
      "mean": 0.7711724715399999,
      "stddev": 0.021597389103661793,
      "median": 0.7678569725400001,
      "user": 0.0013419000000000003,
      "system": 0.000263502,
      "min": 0.7472689225400001,
      "max": 0.82338570454,
      "times": [
        0.7549449005400001,
        0.77220689354,
        0.7920597675400001,
        0.7520074415400001,
        0.7472689225400001,
        0.75203350154,
        0.7529829025400001,
        0.7798766785400001,
        0.7678892985400001,
        0.82338570454,
        0.7556914865400001,
        0.7812041335400001,
        0.8043445765400001,
        0.76873607854,
        0.75674380754,
        0.76782464654,
        0.80641043454,
        0.75335337554,
        0.7521250225400001,
        0.78235985754
      ],
      "exit_codes": [
        0,
        0,
        0,
        0,
        0,
        0,
        0,
        0,
        0,
        0,
        0,
        0,
        0,
        0,
        0,
        0,
        0,
        0,
        0,
        0
      ]
    }
  ]
}
