{
  "results": [
    {
      "command": "./bin/lehuyduc/aot/1brc ./inputs/measurements.txt",
      "mean": 1.45750205189,
      "stddev": 0.02703863090305744,
      "median": 1.44112822324,
      "user": 0.0011816799999999996,
      "system": 0.00021635499999999997,
      "min": 1.43052745524,
      "max": 1.5237438462400001,
      "times": [
        1.4354895352400001,
        1.43882597124,
        1.43856888524,
        1.44278138724,
        1.43669350824,
        1.49694455924,
        1.49115520424,
        1.43917810324,
        1.43052745524,
        1.48916503024,
        1.47114631724,
        1.43476062024,
        1.47335472624,
        1.4703588192400001,
        1.43441527924,
        1.45633596724,
        1.5237438462400001,
        1.43947505924,
        1.43238669824,
        1.47473406524
      ],
      "exit_codes": [
        0,
        0,
        0,
        0,
        0,
        0,
        0,
        0,
        0,
        0,
        0,
        0,
        0,
        0,
        0,
        0,
        0,
        0,
        0,
        0
      ]
    }
  ]
}
