{
  "results": [
    {
      "command": "./bin/lehuyduc/aot/1brc ./inputs/measurements.txt",
      "mean": 0.15828217903000003,
      "stddev": 0.0029080034044259326,
      "median": 0.15797735598,
      "user": 0.0018044299999999999,
      "system": 0.000243108,
      "min": 0.15352386398,
      "max": 0.16267003098000002,
      "times": [
        0.15373377498000002,
        0.16121666798000003,
        0.15569600398000003,
        0.16158859598000003,
        0.15352386398,
        0.15564804598,
        0.15780938798000002,
        0.15503593498,
        0.16156442998000003,
        0.16267003098000002,
        0.15642209098,
        0.16173655298000003,
        0.16235739498,
        0.15601391298000003,
        0.15823636598000002,
        0.15735651898000003,
        0.16054322898000004,
        0.15788144398000004,
        0.15853606598000003,
        0.15807326798000002
      ],
      "exit_codes": [
        0,
        0,
        0,
        0,
        0,
        0,
        0,
        0,
        0,
        0,
        0,
        0,
        0,
        0,
        0,
        0,
        0,
        0,
        0,
        0
      ]
    }
  ]
}
