{
  "results": [
    {
      "command": "./bin/lehuyduc/aot/1brc ./inputs/measurements.txt",
      "mean": 0.24878597711999997,
      "stddev": 0.005095240671686725,
      "median": 0.24836249682,
      "user": 0.0013773999999999998,
      "system": 0.000514335,
      "min": 0.24212808132000002,
      "max": 0.26289227532000004,
      "times": [
        0.24682660132,
        0.25017473832000003,
        0.25215025432,
        0.24700588532,
        0.24573453132,
        0.24212808132000002,
        0.25189211932,
        0.24707993132,
        0.25059309832,
        0.24663746332,
        0.26289227532000004,
        0.24806712132,
        0.24865787232,
        0.25822826632,
        0.25062249932,
        0.24957612031999998,
        0.24888988532,
        0.24281764932000002,
        0.24346019132000002,
        0.24228495732000002
      ],
      "exit_codes": [
        0,
        0,
        0,
        0,
        0,
        0,
        0,
        0,
        0,
        0,
        0,
        0,
        0,
        0,
        0,
        0,
        0,
        0,
        0,
        0
      ]
    }
  ]
}
