{
  "results": [
    {
      "command": "./bin/lehuyduc/aot/1brc ./inputs/measurements.txt",
      "mean": 0.4289050882099999,
      "stddev": 0.016886061434341043,
      "median": 0.41961343476,
      "user": 0.0015392000000000001,
      "system": 0.00034437499999999995,
      "min": 0.41014485526,
      "max": 0.46604798926,
      "times": [
        0.42222624026,
        0.41569639326,
        0.41905872926000004,
        0.41605874326000003,
        0.41742970026000004,
        0.42148508726,
        0.45655407526,
        0.41948343826,
        0.41968504426000003,
        0.46604798926,
        0.44756974326000004,
        0.41775531226,
        0.43539856226,
        0.41014485526,
        0.44060324226,
        0.41954182526,
        0.45877900526000004,
        0.41614739026,
        0.44116150526000003,
        0.41727488226000004
      ],
      "exit_codes": [
        0,
        0,
        0,
        0,
        0,
        0,
        0,
        0,
        0,
        0,
        0,
        0,
        0,
        0,
        0,
        0,
        0,
        0,
        0,
        0
      ]
    }
  ]
}
