{
  "results": [
    {
      "command": "./bin/lehuyduc/aot/1brc ./inputs/measurements.txt",
      "mean": 0.34630833572,
      "stddev": 0.029996851012900828,
      "median": 0.33999479962,
      "user": 0.0014044399999999996,
      "system": 0.000510885,
      "min": 0.30531511662,
      "max": 0.40008653862000004,
      "times": [
        0.38508370662,
        0.34084751162000004,
        0.30531511662,
        0.33837239662,
        0.32361115062,
        0.33228199862,
        0.32904569562,
        0.31871726362,
        0.39975819162000004,
        0.34141133762000003,
        0.40008653862000004,
        0.34161437062,
        0.34140889762000004,
        0.33928317762000004,
        0.39056713362,
        0.31614013562000004,
        0.39349185962,
        0.33041614062,
        0.31800766962,
        0.34070642162000003
      ],
      "exit_codes": [
        0,
        0,
        0,
        0,
        0,
        0,
        0,
        0,
        0,
        0,
        0,
        0,
        0,
        0,
        0,
        0,
        0,
        0,
        0,
        0
      ]
    }
  ]
}
