{
  "results": [
    {
      "command": "./bin/lehuyduc/aot/1brc ./inputs/measurements.txt",
      "mean": 2.17464491255,
      "stddev": 0.0551427796506322,
      "median": 2.1578681727,
      "user": 0.0013582400000000001,
      "system": 0.00006905100000000001,
      "min": 2.1139110542000004,
      "max": 2.2819246542,
      "times": [
        2.2816438052000003,
        2.1603282482000004,
        2.1962203082,
        2.1329701162,
        2.1464149032,
        2.1368929652000004,
        2.1285556152000003,
        2.1857073802,
        2.1336061922000003,
        2.2819246542,
        2.1139110542000004,
        2.1684626312,
        2.1613581682,
        2.1349030472000003,
        2.2760282402,
        2.1554080972,
        2.2004382842,
        2.1170219932000003,
        2.2436209602000003,
        2.1374815872000004
      ],
      "exit_codes": [
        0,
        0,
        0,
        0,
        0,
        0,
        0,
        0,
        0,
        0,
        0,
        0,
        0,
        0,
        0,
        0,
        0,
        0,
        0,
        0
      ]
    }
  ]
}
