{
  "results": [
    {
      "command": "./bin/lehuyduc/aot/1brc ./inputs/measurements.txt",
      "mean": 0.59685152096,
      "stddev": 0.023857867616960064,
      "median": 0.59603296206,
      "user": 0.0016559399999999994,
      "system": 0.000272776,
      "min": 0.5670552525600001,
      "max": 0.6593361885600001,
      "times": [
        0.5946111155600001,
        0.5938174275600001,
        0.5670552525600001,
        0.5971069445600001,
        0.6593361885600001,
        0.5818437965600001,
        0.6016509575600001,
        0.6008985905600001,
        0.5859115655600001,
        0.57713130156,
        0.6576032875600001,
        0.59620006956,
        0.5725295225600001,
        0.56968548756,
        0.5958658545600001,
        0.6053753725600001,
        0.5966574135600001,
        0.5854947485600001,
        0.5999475165600001,
        0.5983080055600001
      ],
      "exit_codes": [
        0,
        0,
        0,
        0,
        0,
        0,
        0,
        0,
        0,
        0,
        0,
        0,
        0,
        0,
        0,
        0,
        0,
        0,
        0,
        0
      ]
    }
  ]
}
