{
  "results": [
    {
      "command": "./bin/lehuyduc/aot/1brc ./inputs/measurements.txt",
      "mean": 0.21279387158000002,
      "stddev": 0.013648174899632335,
      "median": 0.22045709588,
      "user": 0.001627357,
      "system": 0.000432004,
      "min": 0.18857918188,
      "max": 0.22770860988,
      "times": [
        0.19365681888,
        0.19055112888,
        0.21225689888,
        0.22313512888,
        0.22271342188,
        0.19991971088,
        0.22530338188000001,
        0.22262937788,
        0.21648855088,
        0.19428202088,
        0.22602438588,
        0.22252104688,
        0.18857918188,
        0.22046039488,
        0.22166989188,
        0.20210436588,
        0.22045379688,
        0.22770860988,
        0.20029393888,
        0.22512537888
      ],
      "exit_codes": [
        0,
        0,
        0,
        0,
        0,
        0,
        0,
        0,
        0,
        0,
        0,
        0,
        0,
        0,
        0,
        0,
        0,
        0,
        0,
        0
      ]
    }
  ]
}
