{
  "results": [
    {
      "command": "./calculate_average_mtopolnik.sh",
      "mean": 0.96224908023,
      "stddev": 0.014449130455329603,
      "median": 0.95845321488,
      "user": 0.0035741,
      "system": 0.0023396299999999997,
      "min": 0.94141763988,
      "max": 1.0059261208799999,
      "times": [
        0.95859237588,
        0.96591072588,
        0.94837639488,
        0.9568903108800001,
        0.94141763988,
        0.96510973288,
        0.9580339868800001,
        0.96197665588,
        0.94749556288,
        0.98123988088,
        0.9557354638800001,
        0.9698824408800001,
        0.94992045688,
        0.95831405388,
        0.9728361308800001,
        0.95799514988,
        1.0059261208799999,
        0.9496606118800001,
        0.9769389688800001,
        0.9627289398800001
      ],
      "exit_codes": [
        0,
        0,
        0,
        0,
        0,
        0,
        0,
        0,
        0,
        0,
        0,
        0,
        0,
        0,
        0,
        0,
        0,
        0,
        0,
        0
      ]
    }
  ]
}
