{
  "results": [
    {
      "command": "./calculate_average_mtopolnik.sh",
      "mean": 0.32565696331,
      "stddev": 0.019206252386696897,
      "median": 0.32214189896,
      "user": 0.0036027200000000002,
      "system": 0.0037620350000000004,
      "min": 0.29556178996,
      "max": 0.37768247596,
      "times": [
        0.37768247596,
        0.29556178996,
        0.33403879396,
        0.33492054896,
        0.32045786196000003,
        0.33566017596000003,
        0.30753983296,
        0.34193341996,
        0.30364323796000003,
        0.31437047596,
        0.30881418696,
        0.33376603296,
        0.34804064796,
        0.31632117096,
        0.30771140396,
        0.33647712996,
        0.34256286796,
        0.31724623896,
        0.32382593596000003,
        0.31256503696
      ],
      "exit_codes": [
        0,
        0,
        0,
        0,
        0,
        0,
        0,
        0,
        0,
        0,
        0,
        0,
        0,
        0,
        0,
        0,
        0,
        0,
        0,
        0
      ]
    }
  ]
}
