{
  "results": [
    {
      "command": "./calculate_average_mtopolnik.sh",
      "mean": 0.42436676336,
      "stddev": 0.019996974427338013,
      "median": 0.42327297236,
      "user": 0.00429491,
      "system": 0.002860591,
      "min": 0.38544351186000003,
      "max": 0.47421523486,
      "times": [
        0.41003198286000003,
        0.40777647786,
        0.43302522386000003,
        0.42052916286,
        0.38544351186000003,
        0.41789011286,
        0.43317797786,
        0.41944350286000004,
        0.45303439186,
        0.45077143186,
        0.42446815786000003,
        0.42190448886000004,
        0.39400634986,
        0.42543098886,
        0.43086505286,
        0.42366716486,
        0.47421523486,
        0.42287877986,
        0.40632903786,
        0.43244623486
      ],
      "exit_codes": [
        0,
        0,
        0,
        0,
        0,
        0,
        0,
        0,
        0,
        0,
        0,
        0,
        0,
        0,
        0,
        0,
        0,
        0,
        0,
        0
      ]
    }
  ]
}
