{
  "results": [
    {
      "command": "./bin/mtopolnik-rs/aot/1brc ./inputs/measurements.txt",
      "mean": 1.3513468246599998,
      "stddev": 0.03964782750440894,
      "median": 1.33848779206,
      "user": 18.161667100000003,
      "system": 0.5557444,
      "min": 1.32062298306,
      "max": 1.47789434606,
      "times": [
        1.32538490406,
        1.47789434606,
        1.32761152306,
        1.32230335006,
        1.35283323406,
        1.3413310040600002,
        1.35422602206,
        1.33564458006,
        1.3922879240600001,
        1.32675005506,
        1.32857608206,
        1.34538737806,
        1.3463686750600001,
        1.32829616306,
        1.35599805706,
        1.33142741406,
        1.42869724006,
        1.32642469006,
        1.32062298306,
        1.3588708680600001
      ],
      "exit_codes": [
        0,
        0,
        0,
        0,
        0,
        0,
        0,
        0,
        0,
        0,
        0,
        0,
        0,
        0,
        0,
        0,
        0,
        0,
        0,
        0
      ]
    }
  ]
}
