{
  "results": [
    {
      "command": "./calculate_average_mtopolnik.sh",
      "mean": 2.6897563160600004,
      "stddev": 0.0362479668485749,
      "median": 2.68191565126,
      "user": 0.00252047,
      "system": 0.0022925679999999996,
      "min": 2.6428075462600003,
      "max": 2.76563577726,
      "times": [
        2.6681495182600004,
        2.64434360726,
        2.7025569962600002,
        2.6513340802600003,
        2.6956528852600004,
        2.65142488726,
        2.7448058592600004,
        2.7088550872600003,
        2.6791336042600005,
        2.68050980426,
        2.6927378982600003,
        2.7171154902600003,
        2.72716887226,
        2.74486716526,
        2.6428075462600003,
        2.6821526432600002,
        2.68167865926,
        2.76563577726,
        2.64515913026,
        2.66903680926
      ],
      "exit_codes": [
        0,
        0,
        0,
        0,
        0,
        0,
        0,
        0,
        0,
        0,
        0,
        0,
        0,
        0,
        0,
        0,
        0,
        0,
        0,
        0
      ]
    }
  ]
}
