{
  "results": [
    {
      "command": "./bin/mtopolnik-rs/aot/1brc ./inputs/measurements.txt",
      "mean": 0.6923221745700001,
      "stddev": 0.04915469207051051,
      "median": 0.6785249306200001,
      "user": 12.979401110000001,
      "system": 0.5565377999999999,
      "min": 0.6210898491200001,
      "max": 0.77904401712,
      "times": [
        0.7506725021200001,
        0.63142200412,
        0.7617916851200001,
        0.6699162261200001,
        0.6551037031200001,
        0.6210898491200001,
        0.7269716381200001,
        0.7158027531200001,
        0.6636553891200001,
        0.77904401712,
        0.76105220912,
        0.6855640341200001,
        0.6662419411200001,
        0.6790317691200001,
        0.62996156412,
        0.7214044961200001,
        0.7464541671200001,
        0.6588170191200001,
        0.6444284321200001,
        0.6780180921200001
      ],
      "exit_codes": [
        0,
        0,
        0,
        0,
        0,
        0,
        0,
        0,
        0,
        0,
        0,
        0,
        0,
        0,
        0,
        0,
        0,
        0,
        0,
        0
      ]
    }
  ]
}
