{
  "results": [
    {
      "command": "./calculate_average_mtopolnik.sh",
      "mean": 1.8365338490800003,
      "stddev": 0.016043395276380774,
      "median": 1.83171967038,
      "user": 0.00349227,
      "system": 0.0015851579999999997,
      "min": 1.81277166138,
      "max": 1.86525049638,
      "times": [
        1.8579244763800002,
        1.82217698538,
        1.81630768338,
        1.8257832693800002,
        1.82414706338,
        1.84174358538,
        1.82993613638,
        1.8492807213800002,
        1.8153988673800001,
        1.8224553783800002,
        1.83140977138,
        1.85464419438,
        1.8320295693800002,
        1.86525049638,
        1.81277166138,
        1.8310917153800002,
        1.85278674338,
        1.8400919263800002,
        1.84655325338,
        1.85889348338
      ],
      "exit_codes": [
        0,
        0,
        0,
        0,
        0,
        0,
        0,
        0,
        0,
        0,
        0,
        0,
        0,
        0,
        0,
        0,
        0,
        0,
        0,
        0
      ]
    }
  ]
}
