{
  "results": [
    {
      "command": "./bin/mtopolnik-rs/aot/1brc ./inputs/measurements.txt",
      "mean": 1.8628202239499998,
      "stddev": 0.04020664896899627,
      "median": 1.8610307074,
      "user": 12.976154789999995,
      "system": 0.42732956999999994,
      "min": 1.8188571429,
      "max": 1.9583680829,
      "times": [
        1.9380290739000001,
        1.8244167229000001,
        1.8549114649,
        1.8573014119000002,
        1.8647600029,
        1.8797125339,
        1.8267882889000002,
        1.8678984479000003,
        1.8731929399000002,
        1.8263503809000001,
        1.8235864199,
        1.9583680829,
        1.8216210429000002,
        1.8953344829,
        1.8435875839,
        1.8188571429,
        1.9192029819,
        1.8247602269,
        1.8662754819,
        1.8714497649000001
      ],
      "exit_codes": [
        0,
        0,
        0,
        0,
        0,
        0,
        0,
        0,
        0,
        0,
        0,
        0,
        0,
        0,
        0,
        0,
        0,
        0,
        0,
        0
      ]
    }
  ]
}
