{
  "results": [
    {
      "command": "./bin/mtopolnik-rs/aot/1brc ./inputs/measurements.txt",
      "mean": 0.79181523693,
      "stddev": 0.03430231449175948,
      "median": 0.7844028194800001,
      "user": 18.026031279999998,
      "system": 0.6349226899999999,
      "min": 0.74880908698,
      "max": 0.88354874898,
      "times": [
        0.81520090798,
        0.77699860598,
        0.76790826398,
        0.88354874898,
        0.79904788498,
        0.7946180779800001,
        0.82120414598,
        0.76728063698,
        0.85885777998,
        0.76862722798,
        0.75871567598,
        0.75012470998,
        0.79621207898,
        0.74880908698,
        0.78140014698,
        0.76848211698,
        0.7874054919800001,
        0.77862595298,
        0.81200298498,
        0.80123421198
      ],
      "exit_codes": [
        0,
        0,
        0,
        0,
        0,
        0,
        0,
        0,
        0,
        0,
        0,
        0,
        0,
        0,
        0,
        0,
        0,
        0,
        0,
        0
      ]
    }
  ]
}
