{
  "results": [
    {
      "command": "./bin/mtopolnik-rs/aot/1brc ./inputs/measurements.txt",
      "mean": 0.5474145590199999,
      "stddev": 0.012444285593767122,
      "median": 0.54665507012,
      "user": 17.668209839999996,
      "system": 0.8512057799999999,
      "min": 0.52507088812,
      "max": 0.57907654912,
      "times": [
        0.54370541712,
        0.5365632581199999,
        0.55125167212,
        0.52507088812,
        0.54611971312,
        0.54481017912,
        0.54975694312,
        0.54004837712,
        0.54875493612,
        0.57907654912,
        0.57183549012,
        0.54613310512,
        0.54053424612,
        0.54717703512,
        0.52564817712,
        0.54553339312,
        0.55351871812,
        0.55012162312,
        0.55496453412,
        0.54766692512
      ],
      "exit_codes": [
        0,
        0,
        0,
        0,
        0,
        0,
        0,
        0,
        0,
        0,
        0,
        0,
        0,
        0,
        0,
        0,
        0,
        0,
        0,
        0
      ]
    }
  ]
}
