{
  "results": [
    {
      "command": "./bin/mtopolnik-rs/aot/1brc ./inputs/measurements.txt",
      "mean": 2.5213163612900003,
      "stddev": 0.026888602056545554,
      "median": 2.51753655174,
      "user": 18.19653161,
      "system": 0.51786483,
      "min": 2.4872171882400003,
      "max": 2.58817566424,
      "times": [
        2.48877799624,
        2.54289301224,
        2.5112141122400002,
        2.51511117624,
        2.48848069824,
        2.58817566424,
        2.5193704182400003,
        2.51704781124,
        2.4872171882400003,
        2.5767285282400003,
        2.5180252922400004,
        2.5282922182400003,
        2.50371643224,
        2.5564788442400004,
        2.51228317224,
        2.4992412832400004,
        2.5204734442400003,
        2.52226488724,
        2.51217540824,
        2.51835963824
      ],
      "exit_codes": [
        0,
        0,
        0,
        0,
        0,
        0,
        0,
        0,
        0,
        0,
        0,
        0,
        0,
        0,
        0,
        0,
        0,
        0,
        0,
        0
      ]
    }
  ]
}
