{
  "results": [
    {
      "command": "./calculate_average_mtopolnik.sh",
      "mean": 0.41569844118,
      "stddev": 0.012868435128760895,
      "median": 0.4177531575800001,
      "user": 0.004580029999999999,
      "system": 0.0028806799999999996,
      "min": 0.38952372008,
      "max": 0.44265549908000007,
      "times": [
        0.4237283290800001,
        0.39995641908000007,
        0.40673601508000007,
        0.4154542230800001,
        0.42449734708000003,
        0.41258688808000005,
        0.42302195808000004,
        0.41069249108000005,
        0.40796218808000007,
        0.40615715008000003,
        0.42767681308000005,
        0.42069773808000005,
        0.41135875608000005,
        0.42005734308000003,
        0.38952372008,
        0.39419703208000006,
        0.43081856008,
        0.42005209208000005,
        0.44265549908000007,
        0.42613826108
      ],
      "exit_codes": [
        0,
        0,
        0,
        0,
        0,
        0,
        0,
        0,
        0,
        0,
        0,
        0,
        0,
        0,
        0,
        0,
        0,
        0,
        0,
        0
      ]
    }
  ]
}
