{
  "results": [
    {
      "command": "./calculate_average_mtopolnik.sh",
      "mean": 0.35700810471,
      "stddev": 0.005536320718030314,
      "median": 0.35536602926000005,
      "user": 0.00272395,
      "system": 0.004534066000000001,
      "min": 0.34750829226,
      "max": 0.36783932526,
      "times": [
        0.35774752126,
        0.34903398926,
        0.35439271526,
        0.34750829226,
        0.35535294426,
        0.35425839326,
        0.36194041226,
        0.36578929526,
        0.35583891326,
        0.34967255426,
        0.36298476226,
        0.36783932526,
        0.35497835526,
        0.35916863726,
        0.36434266826,
        0.35482574226,
        0.36083954926,
        0.35413254926,
        0.35413636026,
        0.35537911426
      ],
      "exit_codes": [
        0,
        0,
        0,
        0,
        0,
        0,
        0,
        0,
        0,
        0,
        0,
        0,
        0,
        0,
        0,
        0,
        0,
        0,
        0,
        0
      ]
    }
  ]
}
