{
  "results": [
    {
      "command": "./calculate_average_mtopolnik.sh",
      "mean": 0.5380163041499999,
      "stddev": 0.014329997238163531,
      "median": 0.5324539221,
      "user": 0.00408819,
      "system": 0.002776086,
      "min": 0.5202195711,
      "max": 0.5847707891,
      "times": [
        0.5322516181,
        0.5277105250999999,
        0.5387105581,
        0.5437143851,
        0.5326496511,
        0.5316155731,
        0.5283793650999999,
        0.5847707891,
        0.5489724141,
        0.5362164521,
        0.5202195711,
        0.5360851591,
        0.5514074671,
        0.5302631961,
        0.5567073091,
        0.5427715471,
        0.5248490691,
        0.5315111561,
        0.5322581931,
        0.5292620841
      ],
      "exit_codes": [
        0,
        0,
        0,
        0,
        0,
        0,
        0,
        0,
        0,
        0,
        0,
        0,
        0,
        0,
        0,
        0,
        0,
        0,
        0,
        0
      ]
    }
  ]
}
