{
  "results": [
    {
      "command": "./bin/mtopolnik-rs/aot/1brc ./inputs/measurements.txt",
      "mean": 0.42118773169,
      "stddev": 0.009633512280072436,
      "median": 0.42043478264,
      "user": 17.531967889999997,
      "system": 1.86133013,
      "min": 0.40400344114,
      "max": 0.44662068514,
      "times": [
        0.42645672414,
        0.42013364314,
        0.40400344114,
        0.41581430114,
        0.41476003214,
        0.42276575614,
        0.41349702913999997,
        0.42266403514,
        0.42486011714,
        0.42150674214,
        0.42003069314,
        0.41468591114,
        0.42019068814,
        0.42578238414,
        0.41393611714,
        0.40774420714,
        0.43016000914,
        0.42067887714,
        0.43746324014,
        0.44662068514
      ],
      "exit_codes": [
        0,
        0,
        0,
        0,
        0,
        0,
        0,
        0,
        0,
        0,
        0,
        0,
        0,
        0,
        0,
        0,
        0,
        0,
        0,
        0
      ]
    }
  ]
}
