{
  "results": [
    {
      "command": "./bin/mtopolnik-rs/aot/1brc ./inputs/measurements.txt",
      "mean": 0.4999785901500001,
      "stddev": 0.009347554050023387,
      "median": 0.49880041490000004,
      "user": 13.07671161,
      "system": 0.8428763699999999,
      "min": 0.48219172990000003,
      "max": 0.5196359979,
      "times": [
        0.4988252689,
        0.5186020289000001,
        0.5096092769,
        0.48219172990000003,
        0.5032461339000001,
        0.49257714890000004,
        0.48956108190000003,
        0.4978410639,
        0.49767893490000004,
        0.49951097990000004,
        0.5196359979,
        0.4936554079,
        0.5010438319000001,
        0.49681761890000004,
        0.5007085429000001,
        0.49120836090000003,
        0.5128529399,
        0.4940461689,
        0.4987755609,
        0.5011837249000001
      ],
      "exit_codes": [
        0,
        0,
        0,
        0,
        0,
        0,
        0,
        0,
        0,
        0,
        0,
        0,
        0,
        0,
        0,
        0,
        0,
        0,
        0,
        0
      ]
    }
  ]
}
