{
  "results": [
    {
      "command": "./calculate_average_mtopolnik.sh",
      "mean": 0.7323911270800001,
      "stddev": 0.014632983912207513,
      "median": 0.7317689274800001,
      "user": 0.00420054,
      "system": 0.0024946199999999995,
      "min": 0.7099284359800001,
      "max": 0.7684317729800001,
      "times": [
        0.7684317729800001,
        0.71372033398,
        0.7318646279800001,
        0.71769578298,
        0.7185895599800001,
        0.7536601299800001,
        0.7211004499800001,
        0.7331004629800001,
        0.7238878749800001,
        0.72649318598,
        0.7336912359800001,
        0.7262159019800001,
        0.7369814999800001,
        0.7099284359800001,
        0.74877891898,
        0.73167322698,
        0.7254531349800001,
        0.7369637959800001,
        0.7523895579800001,
        0.73720265098
      ],
      "exit_codes": [
        0,
        0,
        0,
        0,
        0,
        0,
        0,
        0,
        0,
        0,
        0,
        0,
        0,
        0,
        0,
        0,
        0,
        0,
        0,
        0
      ]
    }
  ]
}
