{
  "results": [
    {
      "command": "./bin/mtopolnik-rs/aot/1brc ./inputs/measurements.txt",
      "mean": 1.0579999901900001,
      "stddev": 0.04611136488387488,
      "median": 1.04664247904,
      "user": 12.9482326,
      "system": 0.48063568000000007,
      "min": 0.99636845904,
      "max": 1.16321904204,
      "times": [
        1.03153918904,
        1.01720779204,
        1.10499293504,
        1.04782658204,
        1.04891787704,
        1.02570262904,
        1.16321904204,
        1.05703172204,
        1.02280698204,
        1.04545837604,
        1.05328754704,
        0.99636845904,
        1.0731414050399999,
        1.02271094704,
        1.03308674804,
        1.08451145904,
        1.03894304804,
        1.13874392304,
        1.14004767904,
        1.01445546204
      ],
      "exit_codes": [
        0,
        0,
        0,
        0,
        0,
        0,
        0,
        0,
        0,
        0,
        0,
        0,
        0,
        0,
        0,
        0,
        0,
        0,
        0,
        0
      ]
    }
  ]
}
