{
  "results": [
    {
      "command": "./calculate_average_mtopolnik.sh",
      "mean": 1.37827811519,
      "stddev": 0.023386957512520505,
      "median": 1.36938197574,
      "user": 0.003616249999999999,
      "system": 0.0019797150000000004,
      "min": 1.3591776977399999,
      "max": 1.45826462274,
      "times": [
        1.38027941874,
        1.36831384474,
        1.36169104674,
        1.36883777374,
        1.36878641574,
        1.36021841774,
        1.37348387674,
        1.36802166474,
        1.38105844874,
        1.41391902674,
        1.36495420574,
        1.39908559674,
        1.3591776977399999,
        1.37158747874,
        1.36992617774,
        1.3778060727399999,
        1.45826462274,
        1.36232280374,
        1.36551971774,
        1.39230799574
      ],
      "exit_codes": [
        0,
        0,
        0,
        0,
        0,
        0,
        0,
        0,
        0,
        0,
        0,
        0,
        0,
        0,
        0,
        0,
        0,
        0,
        0,
        0
      ]
    }
  ]
}
