{
  "results": [
    {
      "command": "./bin/mtopolnik-rs/aot/1brc ./inputs/measurements.txt",
      "mean": 3.54371754127,
      "stddev": 0.043299139442973006,
      "median": 3.53776255882,
      "user": 12.956219479999996,
      "system": 0.40693915,
      "min": 3.48803189382,
      "max": 3.63428989682,
      "times": [
        3.55081768882,
        3.5344983818199998,
        3.50793029382,
        3.49021825382,
        3.56740845582,
        3.58244215182,
        3.54516662282,
        3.59073093682,
        3.50616229682,
        3.48812135382,
        3.63428989682,
        3.5527411028199998,
        3.48803189382,
        3.53046635182,
        3.53201881982,
        3.54102673582,
        3.5002669218199998,
        3.58091497682,
        3.62829924882,
        3.52279844082
      ],
      "exit_codes": [
        0,
        0,
        0,
        0,
        0,
        0,
        0,
        0,
        0,
        0,
        0,
        0,
        0,
        0,
        0,
        0,
        0,
        0,
        0,
        0
      ]
    }
  ]
}
