{
  "results": [
    {
      "command": "./bin/nietras/aot/1brc ./inputs/measurements.txt",
      "mean": 0.38141132343999995,
      "stddev": 0.007017292875689347,
      "median": 0.38038157424,
      "user": 13.816624650000003,
      "system": 1.72672575,
      "min": 0.37063528724,
      "max": 0.40176470924,
      "times": [
        0.38512603924,
        0.37917965624,
        0.38373359724,
        0.38484183024,
        0.37603636024000003,
        0.37063528724,
        0.37565171224000005,
        0.37889771624,
        0.38072475524000005,
        0.37433356424,
        0.39276714924,
        0.38003839324,
        0.38147039224,
        0.38335268824,
        0.38779450324000003,
        0.38215489424000004,
        0.37501864724,
        0.37790276724,
        0.37680180624000004,
        0.40176470924
      ],
      "exit_codes": [
        0,
        0,
        0,
        0,
        0,
        0,
        0,
        0,
        0,
        0,
        0,
        0,
        0,
        0,
        0,
        0,
        0,
        0,
        0,
        0
      ]
    }
  ]
}
