{
  "results": [
    {
      "command": "./bin/nietras/aot/1brc ./inputs/measurements.txt",
      "mean": 0.44342063832,
      "stddev": 0.011220228496199016,
      "median": 0.44037253602000004,
      "user": 14.325941649999999,
      "system": 0.61198848,
      "min": 0.43230409852000007,
      "max": 0.47941730252000003,
      "times": [
        0.45239105552000003,
        0.43967191052000004,
        0.43230409852000007,
        0.43612228152000004,
        0.4351229615200001,
        0.45969184252000006,
        0.43777331852000007,
        0.43696099452000003,
        0.44448041852000003,
        0.43480633152000003,
        0.43995113152000004,
        0.47941730252000003,
        0.44479333452,
        0.44151012852000004,
        0.43348880852000005,
        0.44279089852000003,
        0.4427527465200001,
        0.44079394052000004,
        0.45668344552000006,
        0.43690581652000005
      ],
      "exit_codes": [
        0,
        0,
        0,
        0,
        0,
        0,
        0,
        0,
        0,
        0,
        0,
        0,
        0,
        0,
        0,
        0,
        0,
        0,
        0,
        0
      ]
    }
  ]
}
