{
  "results": [
    {
      "command": "./bin/nietras/aot/1brc ./inputs/measurements.txt",
      "mean": 4.12428607899,
      "stddev": 0.42099383334584295,
      "median": 4.1984363167400005,
      "user": 12.49370196,
      "system": 0.41161028,
      "min": 2.86584054924,
      "max": 4.47638657824,
      "times": [
        2.86584054924,
        4.45733179524,
        4.16335957724,
        4.18747304324,
        4.19472217824,
        4.44490559224,
        4.17708759024,
        4.37644331724,
        4.21732854224,
        4.19065212824,
        4.24245341024,
        4.20215045524,
        4.21136434924,
        4.319474952239999,
        4.17549912024,
        2.9967437892400004,
        4.22482024224,
        4.17933934824,
        4.18234502124,
        4.47638657824
      ],
      "exit_codes": [
        0,
        0,
        0,
        0,
        0,
        0,
        0,
        0,
        0,
        0,
        0,
        0,
        0,
        0,
        0,
        0,
        0,
        0,
        0,
        0
      ]
    }
  ]
}
