{
  "results": [
    {
      "command": "./bin/nietras/aot/1brc ./inputs/measurements.txt",
      "mean": 0.44421722488000004,
      "stddev": 0.013190500797893726,
      "median": 0.44121302778000004,
      "user": 12.353191659999998,
      "system": 0.6669539199999999,
      "min": 0.42578635778,
      "max": 0.48306949078,
      "times": [
        0.43416952978,
        0.44108170378,
        0.44172482078,
        0.44008580978,
        0.44120653078,
        0.43630428578,
        0.43984587078000004,
        0.43544132278000003,
        0.44863483778,
        0.44121952478000004,
        0.44954172878000004,
        0.48306949078,
        0.42578635778,
        0.44709078778,
        0.45081213878000004,
        0.43697428178000003,
        0.43195118578,
        0.47316813478,
        0.44426690078000003,
        0.44196925378
      ],
      "exit_codes": [
        0,
        0,
        0,
        0,
        0,
        0,
        0,
        0,
        0,
        0,
        0,
        0,
        0,
        0,
        0,
        0,
        0,
        0,
        0,
        0
      ]
    }
  ]
}
