{
  "results": [
    {
      "command": "./bin/nietras/aot/1brc ./inputs/measurements.txt",
      "mean": 0.6786201004700001,
      "stddev": 0.009685781422072992,
      "median": 0.68059388202,
      "user": 12.20508255,
      "system": 0.49817918999999994,
      "min": 0.65596943452,
      "max": 0.69268602552,
      "times": [
        0.6805801985200001,
        0.67385331452,
        0.68608742052,
        0.66138177752,
        0.68743868952,
        0.65596943452,
        0.68440346152,
        0.67744829652,
        0.67816794152,
        0.67589530652,
        0.68081332252,
        0.68068651952,
        0.68024445552,
        0.67815427652,
        0.66014457752,
        0.68060756552,
        0.68231318552,
        0.69268602552,
        0.69187462452,
        0.68365161552
      ],
      "exit_codes": [
        0,
        0,
        0,
        0,
        0,
        0,
        0,
        0,
        0,
        0,
        0,
        0,
        0,
        0,
        0,
        0,
        0,
        0,
        0,
        0
      ]
    }
  ]
}
