{
  "results": [
    {
      "command": "./bin/nietras/aot/1brc ./inputs/measurements.txt",
      "mean": 1.2199494068799999,
      "stddev": 0.0366910589064426,
      "median": 1.21341676948,
      "user": 14.27330074,
      "system": 0.5233100500000001,
      "min": 1.17765797248,
      "max": 1.28033742148,
      "times": [
        1.19362374848,
        1.22608444548,
        1.17765797248,
        1.19079618748,
        1.18168113948,
        1.26954760348,
        1.17934867848,
        1.2472259994800001,
        1.27754916348,
        1.18997348148,
        1.20393039048,
        1.2708382334800001,
        1.24236109048,
        1.18683080948,
        1.17995391948,
        1.1909844814800001,
        1.24595875548,
        1.22290314848,
        1.28033742148,
        1.24140146748
      ],
      "exit_codes": [
        0,
        0,
        0,
        0,
        0,
        0,
        0,
        0,
        0,
        0,
        0,
        0,
        0,
        0,
        0,
        0,
        0,
        0,
        0,
        0
      ]
    }
  ]
}
