{
  "results": [
    {
      "command": "./bin/nietras/aot/1brc ./inputs/measurements.txt",
      "mean": 2.2577837711799997,
      "stddev": 0.0750200870775193,
      "median": 2.21297504108,
      "user": 14.31497069,
      "system": 0.48724264,
      "min": 2.19832934758,
      "max": 2.42730849758,
      "times": [
        2.20523942358,
        2.19941054658,
        2.21871137658,
        2.20674109058,
        2.41247188258,
        2.20189142458,
        2.19832934758,
        2.23205763158,
        2.42730849758,
        2.20319017558,
        2.28335544058,
        2.33630053158,
        2.20723870558,
        2.30841700958,
        2.2054205955799997,
        2.23477646558,
        2.20336927658,
        2.19997888858,
        2.33521115958,
        2.33625595358
      ],
      "exit_codes": [
        0,
        0,
        0,
        0,
        0,
        0,
        0,
        0,
        0,
        0,
        0,
        0,
        0,
        0,
        0,
        0,
        0,
        0,
        0,
        0
      ]
    }
  ]
}
