{
  "results": [
    {
      "command": "./bin/nietras/aot/1brc ./inputs/measurements.txt",
      "mean": 2.1738832291099994,
      "stddev": 0.16774219250823086,
      "median": 2.18304318906,
      "user": 12.298902190000002,
      "system": 0.44631285,
      "min": 1.5033451985600002,
      "max": 2.3564552415600004,
      "times": [
        2.1700367375600003,
        2.1535640925600004,
        2.2241133305600003,
        2.1587223035600003,
        2.17537712956,
        2.32323618356,
        1.5033451985600002,
        2.1991906515600004,
        2.24274805256,
        2.2614219755600002,
        2.2446544915600004,
        2.2530895115600003,
        2.1620241535600004,
        2.16425729656,
        2.3564552415600004,
        2.1684277735600004,
        2.1661969295600003,
        2.2041220745600003,
        2.1559722055600004,
        2.19070924856
      ],
      "exit_codes": [
        0,
        0,
        0,
        0,
        0,
        0,
        0,
        0,
        0,
        0,
        0,
        0,
        0,
        0,
        0,
        0,
        0,
        0,
        0,
        0
      ]
    }
  ]
}
