{
  "results": [
    {
      "command": "./bin/nietras/aot/1brc ./inputs/measurements.txt",
      "mean": 1.19377936311,
      "stddev": 0.01973244374002799,
      "median": 1.20056099906,
      "user": 12.39822156,
      "system": 0.46156939999999996,
      "min": 1.1573547445599999,
      "max": 1.22244501256,
      "times": [
        1.1689652285599998,
        1.21448768056,
        1.17302605956,
        1.20094567656,
        1.21153000456,
        1.17655565656,
        1.1573547445599999,
        1.22244501256,
        1.2001763215599999,
        1.21630787056,
        1.20359899956,
        1.2038853355599999,
        1.22058550056,
        1.17066127456,
        1.19469278156,
        1.20159649156,
        1.2059340165599999,
        1.1860206895599998,
        1.17579281156,
        1.17102510556
      ],
      "exit_codes": [
        0,
        0,
        0,
        0,
        0,
        0,
        0,
        0,
        0,
        0,
        0,
        0,
        0,
        0,
        0,
        0,
        0,
        0,
        0,
        0
      ]
    }
  ]
}
