{
  "results": [
    {
      "command": "./bin/nietras/aot/1brc ./inputs/measurements.txt",
      "mean": 0.70137670342,
      "stddev": 0.01593563775254893,
      "median": 0.7005895929200001,
      "user": 14.31071219,
      "system": 0.55362003,
      "min": 0.66876428192,
      "max": 0.7366324469200001,
      "times": [
        0.71732013192,
        0.7016251989200001,
        0.7366324469200001,
        0.7004454749200001,
        0.70373716892,
        0.70261122592,
        0.6720571859200001,
        0.69763030092,
        0.67712879292,
        0.66876428192,
        0.69845283692,
        0.70431086992,
        0.6995994589200001,
        0.70073371092,
        0.7004131449200001,
        0.6988876929200001,
        0.72157718092,
        0.71143339492,
        0.71689239792,
        0.6972811709200001
      ],
      "exit_codes": [
        0,
        0,
        0,
        0,
        0,
        0,
        0,
        0,
        0,
        0,
        0,
        0,
        0,
        0,
        0,
        0,
        0,
        0,
        0,
        0
      ]
    }
  ]
}
