{
  "results": [
    {
      "command": "./bin/noahfalk/aot/1brc ./inputs/measurements.txt",
      "mean": 0.3837114578700001,
      "stddev": 0.006008650761216855,
      "median": 0.38135929162,
      "user": 4.97779115,
      "system": 0.9241473699999998,
      "min": 0.37952833962,
      "max": 0.40517111962,
      "times": [
        0.37981924162,
        0.38052338362,
        0.37997132362,
        0.40517111962,
        0.38144851162,
        0.38930256462,
        0.38127007162,
        0.38467903662,
        0.37976750262000003,
        0.38357446462,
        0.37981042162,
        0.37952833962,
        0.37973391562000003,
        0.38012317362,
        0.38488353562,
        0.39016129862,
        0.37996518062,
        0.38478672362,
        0.38645332062,
        0.38325602762
      ],
      "exit_codes": [
        0,
        0,
        0,
        0,
        0,
        0,
        0,
        0,
        0,
        0,
        0,
        0,
        0,
        0,
        0,
        0,
        0,
        0,
        0,
        0
      ]
    }
  ]
}
