{
  "results": [
    {
      "command": "./bin/noahfalk/aot/1brc ./inputs/measurements.txt",
      "mean": 1.00476485118,
      "stddev": 0.008761814736806855,
      "median": 1.00151213618,
      "user": 6.805515300000001,
      "system": 1.0939795499999998,
      "min": 0.9966133441800001,
      "max": 1.02891896518,
      "times": [
        0.9976402711800001,
        1.00107501918,
        1.00522668918,
        1.0000258331799998,
        1.00628862218,
        1.0011252501799999,
        0.9966133441800001,
        1.00030746318,
        1.02891896518,
        1.00943686918,
        1.00189902218,
        0.9989110931800002,
        1.0196477391799998,
        0.9974115171800001,
        1.0041854641799999,
        0.9967227891800001,
        0.9974254331800001,
        1.00491241818,
        1.01948898218,
        1.0080342381799998
      ],
      "exit_codes": [
        0,
        0,
        0,
        0,
        0,
        0,
        0,
        0,
        0,
        0,
        0,
        0,
        0,
        0,
        0,
        0,
        0,
        0,
        0,
        0
      ]
    }
  ]
}
