{
  "results": [
    {
      "command": "./bin/noahfalk/aot/1brc ./inputs/measurements.txt",
      "mean": 0.51145463409,
      "stddev": 0.0028343765223762373,
      "median": 0.51074290664,
      "user": 6.80530871,
      "system": 1.1243203400000001,
      "min": 0.50871589614,
      "max": 0.52155840514,
      "times": [
        0.51194227714,
        0.50982770714,
        0.51132916414,
        0.51023483514,
        0.52155840514,
        0.51427686314,
        0.50871589614,
        0.5107196321399999,
        0.50936854814,
        0.51369045014,
        0.51235507314,
        0.51041587814,
        0.51039310614,
        0.50952367114,
        0.51336634314,
        0.5108133431399999,
        0.50934595414,
        0.50921180214,
        0.51123755114,
        0.5107661811399999
      ],
      "exit_codes": [
        0,
        0,
        0,
        0,
        0,
        0,
        0,
        0,
        0,
        0,
        0,
        0,
        0,
        0,
        0,
        0,
        0,
        0,
        0,
        0
      ]
    }
  ]
}
