{
  "results": [
    {
      "command": "./bin/noahfalk/aot/1brc ./inputs/measurements.txt",
      "mean": 0.18023381398,
      "stddev": 0.025465023335020678,
      "median": 0.16301179138,
      "user": 5.2703708,
      "system": 1.7674316199999995,
      "min": 0.15461907538,
      "max": 0.22260335338,
      "times": [
        0.16029012438,
        0.15461907538,
        0.20615101438,
        0.15571269638000002,
        0.20376079738,
        0.20188772238,
        0.21878133938,
        0.22260335338,
        0.15581097638,
        0.20815567238000002,
        0.15740646038,
        0.15933964938,
        0.15831267838000002,
        0.15809760438,
        0.15895266338,
        0.19485856438000002,
        0.16573345838,
        0.20494501138000001,
        0.15844127638,
        0.20081614138
      ],
      "exit_codes": [
        0,
        0,
        0,
        0,
        0,
        0,
        0,
        0,
        0,
        0,
        0,
        0,
        0,
        0,
        0,
        0,
        0,
        0,
        0,
        0
      ]
    }
  ]
}
