{
  "results": [
    {
      "command": "./bin/noahfalk/aot/1brc ./inputs/measurements.txt",
      "mean": 0.20843441712000002,
      "stddev": 0.0028760874816466885,
      "median": 0.20780986972,
      "user": 5.00502576,
      "system": 1.09254995,
      "min": 0.20645643672000002,
      "max": 0.22037266772000003,
      "times": [
        0.20804330772000001,
        0.20645643672000002,
        0.20794058672000001,
        0.20748538772000003,
        0.20886328472000001,
        0.20841548572000002,
        0.20720944272000003,
        0.20745915772,
        0.20725159372000002,
        0.20892646372,
        0.20728958372,
        0.22037266772000003,
        0.20839412072000002,
        0.20813066472000002,
        0.20838975172000002,
        0.20708297372,
        0.20770897872000002,
        0.20780027872,
        0.20781946072000002,
        0.20764871472000002
      ],
      "exit_codes": [
        0,
        0,
        0,
        0,
        0,
        0,
        0,
        0,
        0,
        0,
        0,
        0,
        0,
        0,
        0,
        0,
        0,
        0,
        0,
        0
      ]
    }
  ]
}
