{
  "results": [
    {
      "command": "./bin/noahfalk/aot/1brc ./inputs/measurements.txt",
      "mean": 1.46721349978,
      "stddev": 0.013980615765948346,
      "median": 1.46169536418,
      "user": 4.915130510000002,
      "system": 0.86745864,
      "min": 1.4517390041799998,
      "max": 1.50342483918,
      "times": [
        1.45663910218,
        1.45963912718,
        1.46142465018,
        1.4657244351799998,
        1.4561732051799998,
        1.4681740911799999,
        1.50342483918,
        1.45571002018,
        1.4517390041799998,
        1.47926263718,
        1.46238495418,
        1.46196607818,
        1.4598460121799999,
        1.49361123118,
        1.45945500818,
        1.46707411518,
        1.48020786418,
        1.4575182201799999,
        1.45829119818,
        1.48600420218
      ],
      "exit_codes": [
        0,
        0,
        0,
        0,
        0,
        0,
        0,
        0,
        0,
        0,
        0,
        0,
        0,
        0,
        0,
        0,
        0,
        0,
        0,
        0
      ]
    }
  ]
}
