{
  "results": [
    {
      "command": "./bin/noahfalk/aot/1brc ./inputs/measurements.txt",
      "mean": 0.21622702170000002,
      "stddev": 0.010218333523388488,
      "median": 0.2160305111,
      "user": 7.1238172,
      "system": 3.52026503,
      "min": 0.1987566296,
      "max": 0.2357050326,
      "times": [
        0.20691840760000002,
        0.2254380766,
        0.2086190986,
        0.2000478336,
        0.21924547560000002,
        0.21454361460000002,
        0.2225014096,
        0.20680941160000002,
        0.2221192206,
        0.1987566296,
        0.2146006236,
        0.20704122960000002,
        0.2168186966,
        0.22482532260000002,
        0.2217394526,
        0.2339862396,
        0.2357050326,
        0.2225766576,
        0.20700567560000002,
        0.2152423256
      ],
      "exit_codes": [
        0,
        0,
        0,
        0,
        0,
        0,
        0,
        0,
        0,
        0,
        0,
        0,
        0,
        0,
        0,
        0,
        0,
        0,
        0,
        0
      ]
    }
  ]
}
