{
  "results": [
    {
      "command": "./bin/noahfalk/aot/1brc ./inputs/measurements.txt",
      "mean": 0.7432808059000001,
      "stddev": 0.007350567157795347,
      "median": 0.7398763187,
      "user": 4.986106359999999,
      "system": 0.84441898,
      "min": 0.7363482157,
      "max": 0.7635164027,
      "times": [
        0.7375550367,
        0.7396103287,
        0.7414478447,
        0.7425372687,
        0.7417257117,
        0.7542784987,
        0.7369013187,
        0.7371636837000001,
        0.7511203147000001,
        0.7393499647,
        0.7635164027,
        0.7388214837,
        0.7398371527000001,
        0.7363482157,
        0.7387012007,
        0.7439441037,
        0.7547114227,
        0.7487616077,
        0.7399154847,
        0.7393690727000001
      ],
      "exit_codes": [
        0,
        0,
        0,
        0,
        0,
        0,
        0,
        0,
        0,
        0,
        0,
        0,
        0,
        0,
        0,
        0,
        0,
        0,
        0,
        0
      ]
    }
  ]
}
