{
  "results": [
    {
      "command": "./bin/noahfalk/aot/1brc ./inputs/measurements.txt",
      "mean": 0.27192631535,
      "stddev": 0.002585732682839562,
      "median": 0.2711531287,
      "user": 6.814371160000002,
      "system": 1.2848370800000002,
      "min": 0.2701143487,
      "max": 0.28214891870000003,
      "times": [
        0.2724839337,
        0.2701143487,
        0.2710504117,
        0.27080946770000003,
        0.2714659707,
        0.27153853170000003,
        0.27092918870000005,
        0.2736185037,
        0.27020610570000003,
        0.2707344947,
        0.2722057377,
        0.2712156067,
        0.28214891870000003,
        0.2713917897,
        0.27203744370000005,
        0.27109065070000005,
        0.27336715370000003,
        0.2710180297,
        0.2707162737,
        0.2703837457
      ],
      "exit_codes": [
        0,
        0,
        0,
        0,
        0,
        0,
        0,
        0,
        0,
        0,
        0,
        0,
        0,
        0,
        0,
        0,
        0,
        0,
        0,
        0
      ]
    }
  ]
}
