{
  "results": [
    {
      "command": "./bin/noahfalk/aot/1brc ./inputs/measurements.txt",
      "mean": 0.20853867815999996,
      "stddev": 0.02084527874797994,
      "median": 0.21414504926,
      "user": 6.8336994099999995,
      "system": 1.68441278,
      "min": 0.17043483026,
      "max": 0.23714468626000001,
      "times": [
        0.23651347226,
        0.21719469526,
        0.22282299726,
        0.17511694026,
        0.17043483026,
        0.22276584426,
        0.20305153226,
        0.17233787026,
        0.20409202426,
        0.20743736226,
        0.22457841026,
        0.21479710226,
        0.21349299626,
        0.22035287926,
        0.23714468626000001,
        0.20640707926,
        0.21848802326,
        0.22369522426,
        0.20956785126,
        0.17048174225999999
      ],
      "exit_codes": [
        0,
        0,
        0,
        0,
        0,
        0,
        0,
        0,
        0,
        0,
        0,
        0,
        0,
        0,
        0,
        0,
        0,
        0,
        0,
        0
      ]
    }
  ]
}
