{
  "results": [
    {
      "command": "./calculate_average_royvanrijn.sh",
      "mean": 0.5021261349,
      "stddev": 0.03305650345363838,
      "median": 0.48568767970000004,
      "user": 0.00278085,
      "system": 0.0017997699999999998,
      "min": 0.4751491307,
      "max": 0.5750060047000001,
      "times": [
        0.4780619997,
        0.4878035397,
        0.5490863287000001,
        0.4836699517,
        0.5750060047000001,
        0.4771158797,
        0.4754767407,
        0.5132828407000001,
        0.4751491307,
        0.4860065417,
        0.5019613917000001,
        0.4853688177,
        0.5344135177000001,
        0.4843843167,
        0.4752281487,
        0.4777407477,
        0.5379992277000001,
        0.4797036167,
        0.5717598127000001,
        0.4933041427
      ],
      "exit_codes": [
        0,
        0,
        0,
        0,
        0,
        0,
        0,
        0,
        0,
        0,
        0,
        0,
        0,
        0,
        0,
        0,
        0,
        0,
        0,
        0
      ]
    }
  ]
}
