{
  "results": [
    {
      "command": "./calculate_average_royvanrijn.sh",
      "mean": 0.33890197138,
      "stddev": 0.01714731387774357,
      "median": 0.33072199088,
      "user": 0.0024948400000000008,
      "system": 0.0025426620000000002,
      "min": 0.32818328988,
      "max": 0.37874725988,
      "times": [
        0.33226030388,
        0.32970275288,
        0.32942802788000003,
        0.33733995188,
        0.33486378688,
        0.37678521388,
        0.32841020488,
        0.32934186388000003,
        0.32957902388,
        0.32856724988,
        0.32986342588,
        0.33671337788,
        0.34711848888,
        0.33086171488,
        0.33365544188,
        0.37649723688000003,
        0.37874725988,
        0.32953854488,
        0.32818328988,
        0.33058226688000003
      ],
      "exit_codes": [
        0,
        0,
        0,
        0,
        0,
        0,
        0,
        0,
        0,
        0,
        0,
        0,
        0,
        0,
        0,
        0,
        0,
        0,
        0,
        0
      ]
    }
  ]
}
