{
  "results": [
    {
      "command": "./calculate_average_royvanrijn.sh",
      "mean": 0.33076734602,
      "stddev": 0.0020002182534700377,
      "median": 0.33011227712,
      "user": 0.0029782999999999993,
      "system": 0.002065822,
      "min": 0.32764743812,
      "max": 0.33551558112,
      "times": [
        0.32955282612,
        0.33106232612000003,
        0.33013122812,
        0.32951800612,
        0.33062576812,
        0.32947010412,
        0.33551558112,
        0.33009332612,
        0.33211425412,
        0.33433417812,
        0.33078090912,
        0.33093942212,
        0.32936219212,
        0.32955744612,
        0.32948108512,
        0.33015168712,
        0.33005555612,
        0.33489165812,
        0.32764743812,
        0.33006192812
      ],
      "exit_codes": [
        0,
        0,
        0,
        0,
        0,
        0,
        0,
        0,
        0,
        0,
        0,
        0,
        0,
        0,
        0,
        0,
        0,
        0,
        0,
        0
      ]
    }
  ]
}
