{
  "results": [
    {
      "command": "./calculate_average_royvanrijn.sh",
      "mean": 1.6755960297699999,
      "stddev": 0.009401794917353583,
      "median": 1.6731750918200001,
      "user": 0.00228993,
      "system": 0.001178757,
      "min": 1.66380589732,
      "max": 1.6980229403200002,
      "times": [
        1.66380589732,
        1.6729693463200002,
        1.69489321032,
        1.6755091943200002,
        1.67435661032,
        1.67234005532,
        1.67338083732,
        1.67141441632,
        1.68912075432,
        1.67010228332,
        1.67393518232,
        1.67570162732,
        1.66868732832,
        1.66670546432,
        1.6980229403200002,
        1.6781047003200003,
        1.6718848103200001,
        1.6863754023200002,
        1.6692174323200002,
        1.6653931023200002
      ],
      "exit_codes": [
        0,
        0,
        0,
        0,
        0,
        0,
        0,
        0,
        0,
        0,
        0,
        0,
        0,
        0,
        0,
        0,
        0,
        0,
        0,
        0
      ]
    }
  ]
}
