{
  "results": [
    {
      "command": "./calculate_average_royvanrijn.sh",
      "mean": 1.2765925315500002,
      "stddev": 0.010825385477132403,
      "median": 1.2741264436000002,
      "user": 0.0022709799999999997,
      "system": 0.0016021419999999998,
      "min": 1.2619702871,
      "max": 1.3051525641000001,
      "times": [
        1.2847976411000002,
        1.2742181821,
        1.2678134061,
        1.2739698741,
        1.2638587871,
        1.2680958221,
        1.3051525641000001,
        1.2982426081,
        1.2698025861000002,
        1.2719397721,
        1.2740347051,
        1.2810038291,
        1.2748035881,
        1.2824288761,
        1.2880043651000002,
        1.2619702871,
        1.2693374211000001,
        1.2724424171,
        1.2755720281,
        1.2743618711
      ],
      "exit_codes": [
        0,
        0,
        0,
        0,
        0,
        0,
        0,
        0,
        0,
        0,
        0,
        0,
        0,
        0,
        0,
        0,
        0,
        0,
        0,
        0
      ]
    }
  ]
}
