{
  "results": [
    {
      "command": "./calculate_average_royvanrijn.sh",
      "mean": 0.6760861007000001,
      "stddev": 0.014716645697849615,
      "median": 0.6753458844000001,
      "user": 0.00319329,
      "system": 0.001409538,
      "min": 0.6512126289000001,
      "max": 0.7094207659000001,
      "times": [
        0.7094207659000001,
        0.6779165289000001,
        0.6754643209000001,
        0.6512126289000001,
        0.6752274479000001,
        0.6909863259000001,
        0.6535413829000001,
        0.6736513079,
        0.6728468519,
        0.6612471639,
        0.6845949759000001,
        0.6743551279000001,
        0.6645035179000001,
        0.6763861559000001,
        0.6856855109000001,
        0.6685869009000001,
        0.6895122569000001,
        0.6987516109,
        0.6575379009000001,
        0.6802933309000001
      ],
      "exit_codes": [
        0,
        0,
        0,
        0,
        0,
        0,
        0,
        0,
        0,
        0,
        0,
        0,
        0,
        0,
        0,
        0,
        0,
        0,
        0,
        0
      ]
    }
  ]
}
