{
  "results": [
    {
      "command": "./calculate_average_royvanrijn.sh",
      "mean": 0.39135663591000003,
      "stddev": 0.01252694830124897,
      "median": 0.39816560336000006,
      "user": 0.0030691899999999994,
      "system": 0.0019033500000000003,
      "min": 0.35638515936000004,
      "max": 0.40196331436000005,
      "times": [
        0.39959898636,
        0.37254228236000003,
        0.40196331436000005,
        0.40058262036000003,
        0.38063456336,
        0.39746531036000005,
        0.40131301936,
        0.39953501136,
        0.39668162636000004,
        0.37207808936000003,
        0.38945975636,
        0.39962752336,
        0.38548146636,
        0.39916656836000003,
        0.40073340136,
        0.38963070536000005,
        0.35638515936000004,
        0.39886589636,
        0.38554088036,
        0.39984653736000003
      ],
      "exit_codes": [
        0,
        0,
        0,
        0,
        0,
        0,
        0,
        0,
        0,
        0,
        0,
        0,
        0,
        0,
        0,
        0,
        0,
        0,
        0,
        0
      ]
    }
  ]
}
