{
  "results": [
    {
      "command": "./calculate_average_royvanrijn.sh",
      "mean": 2.52605905262,
      "stddev": 0.019153129624117703,
      "median": 2.52035291322,
      "user": 0.0023809499999999997,
      "system": 0.00111853,
      "min": 2.50473953422,
      "max": 2.56172903522,
      "times": [
        2.52496574422,
        2.51045281422,
        2.55605012322,
        2.5120832112200002,
        2.52371599022,
        2.51100409022,
        2.56172903522,
        2.51249781522,
        2.52970651522,
        2.5108048112200003,
        2.54925043522,
        2.50473953422,
        2.52768461322,
        2.5078412662200003,
        2.5562101902200003,
        2.50619350122,
        2.53372181222,
        2.5123442322200003,
        2.55319548122,
        2.51698983622
      ],
      "exit_codes": [
        0,
        0,
        0,
        0,
        0,
        0,
        0,
        0,
        0,
        0,
        0,
        0,
        0,
        0,
        0,
        0,
        0,
        0,
        0,
        0
      ]
    }
  ]
}
