{
  "results": [
    {
      "command": "./calculate_average_royvanrijn.sh",
      "mean": 0.38934094308000006,
      "stddev": 0.029006877503706268,
      "median": 0.38191448618,
      "user": 0.0028228999999999997,
      "system": 0.00215072,
      "min": 0.36269223218,
      "max": 0.46579868318,
      "times": [
        0.36948656418000003,
        0.36484174418,
        0.38217588018000004,
        0.36269223218,
        0.45969278518,
        0.38165309218,
        0.46579868318,
        0.38110720418,
        0.38751469718000003,
        0.37274977218,
        0.37449521618000003,
        0.37694820218,
        0.38251283518,
        0.36383516318000003,
        0.37572394318,
        0.40893879918000003,
        0.38480620018,
        0.38231146118000003,
        0.42530320418,
        0.38423118218
      ],
      "exit_codes": [
        0,
        0,
        0,
        0,
        0,
        0,
        0,
        0,
        0,
        0,
        0,
        0,
        0,
        0,
        0,
        0,
        0,
        0,
        0,
        0
      ]
    }
  ]
}
