{
  "results": [
    {
      "command": "./calculate_average_royvanrijn.sh",
      "mean": 0.8732207527800002,
      "stddev": 0.012189459825223063,
      "median": 0.8692835650800002,
      "user": 0.002484259999999999,
      "system": 0.001441544,
      "min": 0.8558667375800001,
      "max": 0.8955183975800001,
      "times": [
        0.8900257505800001,
        0.8642764275800001,
        0.8875213215800001,
        0.8955183975800001,
        0.8558667375800001,
        0.8648932365800001,
        0.8596055815800001,
        0.86396411658,
        0.8630188335800001,
        0.8807923755800001,
        0.8694523015800001,
        0.8642887515800001,
        0.8924522165800001,
        0.87512000858,
        0.8615649965800001,
        0.8873126935800001,
        0.8710284885800001,
        0.8823653395800001,
        0.8662326515800001,
        0.8691148285800001
      ],
      "exit_codes": [
        0,
        0,
        0,
        0,
        0,
        0,
        0,
        0,
        0,
        0,
        0,
        0,
        0,
        0,
        0,
        0,
        0,
        0,
        0,
        0
      ]
    }
  ]
}
