{
  "results": [
    {
      "command": "./calculate_average_stephenvonworley.sh",
      "mean": 0.24664290572,
      "stddev": 0.0008324132945347961,
      "median": 0.24679057192,
      "user": 0.003006880000000001,
      "system": 0.0019438879999999995,
      "min": 0.24524284092,
      "max": 0.24867852192,
      "times": [
        0.24547630592,
        0.24721948092,
        0.24593258592,
        0.24674847992,
        0.24524284092,
        0.24725099092,
        0.24683266392,
        0.24690550392,
        0.24658821792,
        0.24718738292,
        0.24650906792,
        0.24564575192000002,
        0.24558528992,
        0.24867852192,
        0.24626151292,
        0.24603775892000002,
        0.24725476092,
        0.24697517592,
        0.24696115492,
        0.24756466592
      ],
      "exit_codes": [
        0,
        0,
        0,
        0,
        0,
        0,
        0,
        0,
        0,
        0,
        0,
        0,
        0,
        0,
        0,
        0,
        0,
        0,
        0,
        0
      ]
    }
  ]
}
