{
  "results": [
    {
      "command": "./calculate_average_stephenvonworley.sh",
      "mean": 0.20238231032000004,
      "stddev": 0.002776258875228593,
      "median": 0.20227519162000002,
      "user": 0.00251639,
      "system": 0.002736586,
      "min": 0.19749420612000002,
      "max": 0.20794116812000002,
      "times": [
        0.20773285612,
        0.20212700712,
        0.20396656312000003,
        0.19749420612000002,
        0.20274023612000003,
        0.19802783512000002,
        0.20195140112,
        0.20170247612000003,
        0.20199798212,
        0.20330322712,
        0.19996949112,
        0.20214108412,
        0.20358176312,
        0.20538779812000002,
        0.20352468112000002,
        0.20240929912000002,
        0.20794116812000002,
        0.19790766212000002,
        0.20100129312,
        0.20273817612
      ],
      "exit_codes": [
        0,
        0,
        0,
        0,
        0,
        0,
        0,
        0,
        0,
        0,
        0,
        0,
        0,
        0,
        0,
        0,
        0,
        0,
        0,
        0
      ]
    }
  ]
}
