{
  "results": [
    {
      "command": "./calculate_average_stephenvonworley.sh",
      "mean": 1.27151276162,
      "stddev": 0.008236285019796574,
      "median": 1.2676691435199998,
      "user": 0.00174186,
      "system": 0.002361392,
      "min": 1.2649282390199998,
      "max": 1.29111360902,
      "times": [
        1.26672035502,
        1.2672083030199999,
        1.28868297502,
        1.27391339302,
        1.26517547202,
        1.26580005102,
        1.2767227850199998,
        1.2680649630199998,
        1.26557993602,
        1.2649282390199998,
        1.29111360902,
        1.26705462602,
        1.2690080230199998,
        1.27426455202,
        1.27212607102,
        1.2697214020199998,
        1.2650662580199998,
        1.26503800702,
        1.28679288802,
        1.2672733240199998
      ],
      "exit_codes": [
        0,
        0,
        0,
        0,
        0,
        0,
        0,
        0,
        0,
        0,
        0,
        0,
        0,
        0,
        0,
        0,
        0,
        0,
        0,
        0
      ]
    }
  ]
}
