{
  "results": [
    {
      "command": "./calculate_average_stephenvonworley.sh",
      "mean": 1.7103916176500005,
      "stddev": 0.008006230998388519,
      "median": 1.7077340914999999,
      "user": 0.0025889299999999997,
      "system": 0.0009921679999999999,
      "min": 1.7040582355,
      "max": 1.7293761445000002,
      "times": [
        1.7048724765,
        1.7096816985,
        1.7098337715,
        1.7054808955,
        1.7055060445,
        1.7259888375,
        1.7054455585000001,
        1.7106896495,
        1.7111807705,
        1.7044311295,
        1.7057864845,
        1.7293761445000002,
        1.7048255055000001,
        1.7108075935000002,
        1.7100745975,
        1.7049195575,
        1.7053948475,
        1.7284571915,
        1.7040582355,
        1.7110213635
      ],
      "exit_codes": [
        0,
        0,
        0,
        0,
        0,
        0,
        0,
        0,
        0,
        0,
        0,
        0,
        0,
        0,
        0,
        0,
        0,
        0,
        0,
        0
      ]
    }
  ]
}
