{
  "results": [
    {
      "command": "./calculate_average_stephenvonworley.sh",
      "mean": 0.17992207937000002,
      "stddev": 0.0017133583373872994,
      "median": 0.17981079342,
      "user": 0.00287251,
      "system": 0.002374228,
      "min": 0.17732151492,
      "max": 0.18277175992,
      "times": [
        0.18038667892,
        0.17746468692,
        0.18241252391999999,
        0.17893979592,
        0.17779333392,
        0.18277175992,
        0.18006644892,
        0.17955513792,
        0.18133413192,
        0.18159353692,
        0.17882927592,
        0.18223100892,
        0.17933390292,
        0.17732151492,
        0.18189876492,
        0.17890916192,
        0.17833946892,
        0.18087246992,
        0.17826569892,
        0.18012228492
      ],
      "exit_codes": [
        0,
        0,
        0,
        0,
        0,
        0,
        0,
        0,
        0,
        0,
        0,
        0,
        0,
        0,
        0,
        0,
        0,
        0,
        0,
        0
      ]
    }
  ]
}
