{
  "results": [
    {
      "command": "./calculate_average_stephenvonworley.sh",
      "mean": 0.8663053838100001,
      "stddev": 0.0035662694500388026,
      "median": 0.8654651842600001,
      "user": 0.0028542399999999996,
      "system": 0.001267188,
      "min": 0.8620925787600001,
      "max": 0.87534855576,
      "times": [
        0.8633387797600001,
        0.86838036776,
        0.8671068527600001,
        0.8654074677600001,
        0.8633787357600001,
        0.8620925787600001,
        0.86274200176,
        0.8737121147600001,
        0.86915543376,
        0.8651221197600001,
        0.8632062637600001,
        0.8663187597600001,
        0.8663904777600001,
        0.8642982577600001,
        0.8702574067600001,
        0.86552290076,
        0.8636961247600001,
        0.8665976107600001,
        0.8640348657600001,
        0.87534855576
      ],
      "exit_codes": [
        0,
        0,
        0,
        0,
        0,
        0,
        0,
        0,
        0,
        0,
        0,
        0,
        0,
        0,
        0,
        0,
        0,
        0,
        0,
        0
      ]
    }
  ]
}
