{
  "results": [
    {
      "command": "./calculate_average_stephenvonworley.sh",
      "mean": 0.3404070253800001,
      "stddev": 0.0018353096070690327,
      "median": 0.33964457928,
      "user": 0.00282747,
      "system": 0.0021607299999999996,
      "min": 0.33853759928000005,
      "max": 0.34515334828000005,
      "times": [
        0.33914727228,
        0.34025274328000005,
        0.33885233628000005,
        0.33922578428000005,
        0.33993813328000005,
        0.33946439228,
        0.34031554928,
        0.33940204128000007,
        0.34277483628000005,
        0.34313077328,
        0.33875140928,
        0.33979301028000003,
        0.34186266828000006,
        0.33949614828,
        0.34307503728000005,
        0.33853759928000005,
        0.34092685628,
        0.33924385328000006,
        0.33879671528000005,
        0.34515334828000005
      ],
      "exit_codes": [
        0,
        0,
        0,
        0,
        0,
        0,
        0,
        0,
        0,
        0,
        0,
        0,
        0,
        0,
        0,
        0,
        0,
        0,
        0,
        0
      ]
    }
  ]
}
