{
  "results": [
    {
      "command": "./calculate_average_stephenvonworley.sh",
      "mean": 2.52372585661,
      "stddev": 0.018886978594894292,
      "median": 2.51794020236,
      "user": 0.0029248599999999996,
      "system": 0.0006547129999999999,
      "min": 2.50602408436,
      "max": 2.55611846736,
      "times": [
        2.55542526636,
        2.50755918936,
        2.52440592036,
        2.50763305936,
        2.54762461636,
        2.50658319636,
        2.52580576236,
        2.50602408436,
        2.55611846736,
        2.50917752836,
        2.52423569136,
        2.50648918236,
        2.55109948436,
        2.50759457636,
        2.5265221583599997,
        2.50935418336,
        2.55469070536,
        2.51043314136,
        2.52609620536,
        2.51164471336
      ],
      "exit_codes": [
        0,
        0,
        0,
        0,
        0,
        0,
        0,
        0,
        0,
        0,
        0,
        0,
        0,
        0,
        0,
        0,
        0,
        0,
        0,
        0
      ]
    }
  ]
}
