{
  "results": [
    {
      "command": "./calculate_average_stephenvonworley.sh",
      "mean": 0.64758877229,
      "stddev": 0.0027921387836514844,
      "median": 0.6463650160400001,
      "user": 0.0031795899999999995,
      "system": 0.0016468649999999997,
      "min": 0.6450763995400001,
      "max": 0.65530853554,
      "times": [
        0.64545156954,
        0.6458637045400001,
        0.64649359654,
        0.6510322445400001,
        0.6464893365400001,
        0.6487806515400001,
        0.6450763995400001,
        0.64735951254,
        0.64564415354,
        0.6458064465400001,
        0.64564815454,
        0.64527308254,
        0.65530853554,
        0.65193662754,
        0.64866528154,
        0.65138219354,
        0.6462406955400001,
        0.6455021295400001,
        0.64610280454,
        0.6477183255400001
      ],
      "exit_codes": [
        0,
        0,
        0,
        0,
        0,
        0,
        0,
        0,
        0,
        0,
        0,
        0,
        0,
        0,
        0,
        0,
        0,
        0,
        0,
        0
      ]
    }
  ]
}
