{
  "results": [
    {
      "command": "./calculate_average_stephenvonworley.sh",
      "mean": 0.44878463491,
      "stddev": 0.0015203513478769652,
      "median": 0.44837863386000004,
      "user": 0.0029469599999999998,
      "system": 0.0018313550000000002,
      "min": 0.44792939436000007,
      "max": 0.45493380636,
      "times": [
        0.44982152436000006,
        0.44845948836000005,
        0.44832543736,
        0.44832692636000004,
        0.44798649936000007,
        0.44845103036000006,
        0.44843080936,
        0.44831556636000003,
        0.44796811136000003,
        0.44811304236000005,
        0.45493380636,
        0.44914538436000007,
        0.44792939436000007,
        0.44852147536000003,
        0.44830340336,
        0.44837759636,
        0.44864211436000007,
        0.44837967136000006,
        0.44802519136,
        0.44923622536
      ],
      "exit_codes": [
        0,
        0,
        0,
        0,
        0,
        0,
        0,
        0,
        0,
        0,
        0,
        0,
        0,
        0,
        0,
        0,
        0,
        0,
        0,
        0
      ]
    }
  ]
}
