{
  "results": [
    {
      "command": "./calculate_average_thomaswue.sh",
      "mean": 0.20085487922,
      "stddev": 0.0008455572118305749,
      "median": 0.20070593452000002,
      "user": 0.00303465,
      "system": 0.0017659139999999997,
      "min": 0.19960944302000003,
      "max": 0.20266180302000003,
      "times": [
        0.20200352902000002,
        0.20025356602000002,
        0.20050353002000001,
        0.20113619302000002,
        0.20266180302000003,
        0.20092189502000002,
        0.19978051702000002,
        0.19960944302000003,
        0.20102857102000002,
        0.20025621702000002,
        0.20063930202000002,
        0.20077256702000001,
        0.20094627902,
        0.20026545302,
        0.20205779402000001,
        0.20011683602000002,
        0.20022806902,
        0.20088880202,
        0.20242870202000002,
        0.20059851602
      ],
      "exit_codes": [
        0,
        0,
        0,
        0,
        0,
        0,
        0,
        0,
        0,
        0,
        0,
        0,
        0,
        0,
        0,
        0,
        0,
        0,
        0,
        0
      ]
    }
  ]
}
