{
  "results": [
    {
      "command": "./calculate_average_thomaswue.sh",
      "mean": 0.26338229498,
      "stddev": 0.003479111286285576,
      "median": 0.26331786778,
      "user": 0.00275736,
      "system": 0.0021236700000000002,
      "min": 0.25877018178,
      "max": 0.27414133478,
      "times": [
        0.26379048278,
        0.26000155878000003,
        0.26037090578,
        0.26092120678,
        0.26602529578,
        0.26425071978000003,
        0.27414133478,
        0.26224231078,
        0.26542952278000004,
        0.26336170478000004,
        0.26143049578,
        0.25959874078,
        0.26232143278000003,
        0.26450392678,
        0.26048656778,
        0.26461261678000003,
        0.26327403078,
        0.26809094078,
        0.25877018178,
        0.26402192278000003
      ],
      "exit_codes": [
        0,
        0,
        0,
        0,
        0,
        0,
        0,
        0,
        0,
        0,
        0,
        0,
        0,
        0,
        0,
        0,
        0,
        0,
        0,
        0
      ]
    }
  ]
}
