{
  "results": [
    {
      "command": "./calculate_average_thomaswue.sh",
      "mean": 0.9895143285100001,
      "stddev": 0.006920225247251375,
      "median": 0.98747762556,
      "user": 0.00242517,
      "system": 0.001557236,
      "min": 0.98142688056,
      "max": 1.0066336625599999,
      "times": [
        1.00517822556,
        0.98891657656,
        0.98500589256,
        0.98590963356,
        0.98724799556,
        0.99109443956,
        0.98856354156,
        0.98579811356,
        0.9850144025600001,
        0.99751200556,
        1.0066336625599999,
        0.99572552356,
        0.98142688056,
        0.99205242856,
        0.98717070456,
        0.98770725556,
        0.98875025856,
        0.98508183656,
        0.98311476356,
        0.98238242956
      ],
      "exit_codes": [
        0,
        0,
        0,
        0,
        0,
        0,
        0,
        0,
        0,
        0,
        0,
        0,
        0,
        0,
        0,
        0,
        0,
        0,
        0,
        0
      ]
    }
  ]
}
