{
  "results": [
    {
      "command": "./calculate_average_thomaswue.sh",
      "mean": 0.14929603528999996,
      "stddev": 0.0020185401018983783,
      "median": 0.14969124644,
      "user": 0.00302177,
      "system": 0.0018563850000000003,
      "min": 0.14508692244000002,
      "max": 0.15211416944,
      "times": [
        0.14902142944000002,
        0.14508692244000002,
        0.14736722644,
        0.14948374644,
        0.14703932144,
        0.15138435644,
        0.15012566144,
        0.14598738144,
        0.14709816244,
        0.15067166244000002,
        0.14989874644,
        0.15152437844,
        0.15161290044,
        0.14803093144,
        0.15211416944,
        0.15111809044000002,
        0.15072685544,
        0.14822484144,
        0.15039929444,
        0.14900462744
      ],
      "exit_codes": [
        0,
        0,
        0,
        0,
        0,
        0,
        0,
        0,
        0,
        0,
        0,
        0,
        0,
        0,
        0,
        0,
        0,
        0,
        0,
        0
      ]
    }
  ]
}
