{
  "results": [
    {
      "command": "./calculate_average_thomaswue.sh",
      "mean": 1.96157811099,
      "stddev": 0.01718549733050738,
      "median": 1.9578233095400002,
      "user": 0.002616149999999999,
      "system": 0.0009567979999999998,
      "min": 1.94553435404,
      "max": 1.99813402904,
      "times": [
        1.98189057504,
        1.9687283670400002,
        1.9463899850400002,
        1.96385283904,
        1.95839767504,
        1.9502819200400001,
        1.99355281404,
        1.94553435404,
        1.96864091104,
        1.9476930350400001,
        1.94747820704,
        1.99813402904,
        1.94687238004,
        1.9656783770400001,
        1.9472208050400002,
        1.9473342210400002,
        1.99059823204,
        1.94722896504,
        1.95880558404,
        1.95724894404
      ],
      "exit_codes": [
        0,
        0,
        0,
        0,
        0,
        0,
        0,
        0,
        0,
        0,
        0,
        0,
        0,
        0,
        0,
        0,
        0,
        0,
        0,
        0
      ]
    }
  ]
}
