{
  "results": [
    {
      "command": "./calculate_average_thomaswue.sh",
      "mean": 1.4468482676900003,
      "stddev": 0.007807373669382561,
      "median": 1.44475279984,
      "user": 0.0025094099999999997,
      "system": 0.001072978,
      "min": 1.43977681734,
      "max": 1.46674916834,
      "times": [
        1.4629217323400001,
        1.44642973634,
        1.44202317134,
        1.44733122634,
        1.44892182734,
        1.44179147434,
        1.43977681734,
        1.46674916834,
        1.44047101834,
        1.44184826134,
        1.44608587734,
        1.44599888434,
        1.44228905134,
        1.44063155634,
        1.46224741034,
        1.44513502034,
        1.44263498234,
        1.44482416034,
        1.44468143934,
        1.44417253834
      ],
      "exit_codes": [
        0,
        0,
        0,
        0,
        0,
        0,
        0,
        0,
        0,
        0,
        0,
        0,
        0,
        0,
        0,
        0,
        0,
        0,
        0,
        0
      ]
    }
  ]
}
