{
  "results": [
    {
      "command": "./calculate_average_thomaswue.sh",
      "mean": 0.15828638798,
      "stddev": 0.0022435381469280984,
      "median": 0.15815062138,
      "user": 0.0034630399999999997,
      "system": 0.0016354359999999999,
      "min": 0.15483532088,
      "max": 0.16213635688,
      "times": [
        0.15954221988,
        0.15769320588,
        0.16049474988,
        0.15918831588,
        0.16027115588,
        0.15654800288,
        0.16058945288,
        0.15483532088,
        0.15565378588,
        0.15839071888,
        0.15526648188,
        0.15530957488,
        0.15791052388,
        0.16213635688,
        0.16210874388,
        0.15669208888,
        0.15641992088,
        0.15997370187999999,
        0.15787030888,
        0.15883312888
      ],
      "exit_codes": [
        0,
        0,
        0,
        0,
        0,
        0,
        0,
        0,
        0,
        0,
        0,
        0,
        0,
        0,
        0,
        0,
        0,
        0,
        0,
        0
      ]
    }
  ]
}
