{
  "results": [
    {
      "command": "./calculate_average_thomaswue.sh",
      "mean": 0.7293528879500001,
      "stddev": 0.002439640009658355,
      "median": 0.7286334680000001,
      "user": 0.002892599999999999,
      "system": 0.0010541019999999997,
      "min": 0.7269814905,
      "max": 0.7364778825,
      "times": [
        0.7338774165,
        0.7269814905,
        0.7286510805,
        0.7273836915,
        0.7273560085,
        0.7298560055000001,
        0.7277606055,
        0.7311228385,
        0.7299327915,
        0.7271952585,
        0.7281009485000001,
        0.7276492475,
        0.7312402885,
        0.7364778825,
        0.7297525295,
        0.7286158555000001,
        0.7277651605000001,
        0.7272432905,
        0.7304233235,
        0.7296720455
      ],
      "exit_codes": [
        0,
        0,
        0,
        0,
        0,
        0,
        0,
        0,
        0,
        0,
        0,
        0,
        0,
        0,
        0,
        0,
        0,
        0,
        0,
        0
      ]
    }
  ]
}
