{
  "results": [
    {
      "command": "./calculate_average_thomaswue.sh",
      "mean": 0.50485278833,
      "stddev": 0.005437924747670659,
      "median": 0.50250406638,
      "user": 0.00263037,
      "system": 0.0020129349999999996,
      "min": 0.49950145988000005,
      "max": 0.51714451788,
      "times": [
        0.50317744688,
        0.5068122068800001,
        0.49985561188000005,
        0.50228581988,
        0.5017059098800001,
        0.50197430488,
        0.50089910788,
        0.49983159088000007,
        0.50000159388,
        0.51714451788,
        0.50135328988,
        0.51280390288,
        0.5142891138800001,
        0.5108756548800001,
        0.5053414848800001,
        0.50706423688,
        0.49966546388,
        0.5097507358800001,
        0.49950145988000005,
        0.50272231288
      ],
      "exit_codes": [
        0,
        0,
        0,
        0,
        0,
        0,
        0,
        0,
        0,
        0,
        0,
        0,
        0,
        0,
        0,
        0,
        0,
        0,
        0,
        0
      ]
    }
  ]
}
