{
  "results": [
    {
      "command": "./calculate_average_thomaswue.sh",
      "mean": 0.37420295221000005,
      "stddev": 0.0024525066106007394,
      "median": 0.37348664896,
      "user": 0.0028960500000000003,
      "system": 0.0016666899999999998,
      "min": 0.37224298546,
      "max": 0.38315390446,
      "times": [
        0.37376616546,
        0.37224998046,
        0.37224298546,
        0.37336897646,
        0.37565774146,
        0.37426127446,
        0.37360432146,
        0.37301386146000004,
        0.37275898346,
        0.37334346346,
        0.38315390446,
        0.37369307946,
        0.37440896246000005,
        0.37780735746000005,
        0.37305532546000003,
        0.37276700946,
        0.37299437446,
        0.37418063246000005,
        0.37334502246,
        0.37438562246
      ],
      "exit_codes": [
        0,
        0,
        0,
        0,
        0,
        0,
        0,
        0,
        0,
        0,
        0,
        0,
        0,
        0,
        0,
        0,
        0,
        0,
        0,
        0
      ]
    }
  ]
}
