{
  "results": [
    {
      "command": "./bin/xoofx/aot/1brc ./inputs/measurements.txt",
      "mean": 0.60913047738,
      "stddev": 0.018211522624639785,
      "median": 0.60051620858,
      "user": 17.43414481,
      "system": 1.0522342299999998,
      "min": 0.5917719640800001,
      "max": 0.6609838360800001,
      "times": [
        0.59683771208,
        0.5917719640800001,
        0.5962826840800001,
        0.59597724108,
        0.5934528210800001,
        0.60200355608,
        0.6609838360800001,
        0.61490173808,
        0.60763829808,
        0.63481139208,
        0.59508806408,
        0.6055958570800001,
        0.5990288610800001,
        0.62412085608,
        0.5959667320800001,
        0.6246409590800001,
        0.62097443908,
        0.5966815900800001,
        0.62960296508,
        0.5962479810800001
      ],
      "exit_codes": [
        0,
        0,
        0,
        0,
        0,
        0,
        0,
        0,
        0,
        0,
        0,
        0,
        0,
        0,
        0,
        0,
        0,
        0,
        0,
        0
      ]
    }
  ]
}
