{
  "results": [
    {
      "command": "./bin/xoofx/aot/1brc ./inputs/measurements.txt",
      "mean": 0.94126590695,
      "stddev": 0.028942813875605156,
      "median": 0.9295019359000001,
      "user": 13.49215479,
      "system": 0.90537142,
      "min": 0.9146941424,
      "max": 1.0021808094,
      "times": [
        0.9259371054,
        0.9400924464,
        0.9367795054,
        1.0015850534000001,
        0.9419465174,
        0.9297881904,
        0.9199593994,
        0.9177833964,
        0.9911512974,
        0.9594313664,
        0.9216438184,
        0.9227269074,
        0.9175671334,
        0.9221745124,
        1.0021808094,
        0.9186609674,
        0.9292156814,
        0.9146941424,
        0.9772501294,
        0.9347497594
      ],
      "exit_codes": [
        0,
        0,
        0,
        0,
        0,
        0,
        0,
        0,
        0,
        0,
        0,
        0,
        0,
        0,
        0,
        0,
        0,
        0,
        0,
        0
      ]
    }
  ]
}
