{
  "results": [
    {
      "command": "./bin/xoofx/aot/1brc ./inputs/measurements.txt",
      "mean": 0.3118428679,
      "stddev": 0.01964319805994132,
      "median": 0.31334443730000006,
      "user": 16.75995321,
      "system": 1.2481987399999996,
      "min": 0.27106019880000004,
      "max": 0.34793888780000004,
      "times": [
        0.29549400480000004,
        0.31192584180000005,
        0.34793888780000004,
        0.2813710438,
        0.31569015980000004,
        0.30947810080000004,
        0.27106019880000004,
        0.3147630328,
        0.3150163858,
        0.30843973080000003,
        0.34132703280000004,
        0.32292297880000004,
        0.28087816880000005,
        0.31484833380000005,
        0.33784584580000004,
        0.3290664608,
        0.30600807680000003,
        0.30330855580000005,
        0.30915464680000004,
        0.3203198708
      ],
      "exit_codes": [
        0,
        0,
        0,
        0,
        0,
        0,
        0,
        0,
        0,
        0,
        0,
        0,
        0,
        0,
        0,
        0,
        0,
        0,
        0,
        0
      ]
    }
  ]
}
