{
  "results": [
    {
      "command": "./bin/xoofx/aot/1brc ./inputs/measurements.txt",
      "mean": 0.48310125532,
      "stddev": 0.01781344742125441,
      "median": 0.47999889802000006,
      "user": 13.51546971,
      "system": 0.8802093799999999,
      "min": 0.46558473402000006,
      "max": 0.52660941002,
      "times": [
        0.49088784602,
        0.48072392702000005,
        0.52660941002,
        0.50074354302,
        0.46751958802000004,
        0.46995297002,
        0.46798220302000004,
        0.46558473402000006,
        0.46750996302000003,
        0.49348172502000004,
        0.47927386902,
        0.47456840902,
        0.46701094302,
        0.52230432802,
        0.46776184402000004,
        0.48191186702000005,
        0.46958183902000006,
        0.49247282402000003,
        0.49095991302,
        0.48518336102000004
      ],
      "exit_codes": [
        0,
        0,
        0,
        0,
        0,
        0,
        0,
        0,
        0,
        0,
        0,
        0,
        0,
        0,
        0,
        0,
        0,
        0,
        0,
        0
      ]
    }
  ]
}
