{
  "results": [
    {
      "command": "./bin/xoofx/aot/1brc ./inputs/measurements.txt",
      "mean": 0.40579816139,
      "stddev": 0.028920687152822196,
      "median": 0.40734129274,
      "user": 17.255381550000003,
      "system": 1.1100040500000001,
      "min": 0.34516354374,
      "max": 0.46584052974,
      "times": [
        0.40550536874000004,
        0.44997627074,
        0.46584052974,
        0.43103038674000005,
        0.37418419874000003,
        0.40460483974,
        0.42737281674000005,
        0.38477484574000004,
        0.39190777274000005,
        0.39334037074,
        0.40917721674,
        0.38632870574,
        0.43761057374,
        0.41340965774000005,
        0.37611554074000003,
        0.40919082674,
        0.37466697174,
        0.34516354374,
        0.42657034274000005,
        0.40919244774
      ],
      "exit_codes": [
        0,
        0,
        0,
        0,
        0,
        0,
        0,
        0,
        0,
        0,
        0,
        0,
        0,
        0,
        0,
        0,
        0,
        0,
        0,
        0
      ]
    }
  ]
}
