{
  "results": [
    {
      "command": "./bin/xoofx/aot/1brc ./inputs/measurements.txt",
      "mean": 2.3723703699900005,
      "stddev": 0.028415905150271228,
      "median": 2.36348768364,
      "user": 17.396988029999996,
      "system": 1.03497246,
      "min": 2.33029964164,
      "max": 2.44767339264,
      "times": [
        2.41185541064,
        2.36235278164,
        2.36131612364,
        2.40654118564,
        2.35037543864,
        2.36979806164,
        2.34109910964,
        2.44767339264,
        2.35752045064,
        2.3630491286399997,
        2.36392623864,
        2.41822656164,
        2.35083119464,
        2.3810369206399997,
        2.36534529864,
        2.3617514156399997,
        2.33029964164,
        2.37184658664,
        2.3769274326399996,
        2.35563502564
      ],
      "exit_codes": [
        0,
        0,
        0,
        0,
        0,
        0,
        0,
        0,
        0,
        0,
        0,
        0,
        0,
        0,
        0,
        0,
        0,
        0,
        0,
        0
      ]
    }
  ]
}
