{
  "results": [
    {
      "command": "./bin/xoofx/aot/1brc ./inputs/measurements.txt",
      "mean": 0.38853290104000016,
      "stddev": 0.02811397639475319,
      "median": 0.39514011314,
      "user": 13.614085760000004,
      "system": 1.10452577,
      "min": 0.33583987414000005,
      "max": 0.43160105714,
      "times": [
        0.35096792214000005,
        0.42466264314,
        0.40814884514000005,
        0.37911280714,
        0.37733581714000003,
        0.37824694514,
        0.41193480414000005,
        0.41095310714000005,
        0.40067636814,
        0.35465056014,
        0.34890569014000006,
        0.39417830214000005,
        0.43160105714,
        0.38580260414,
        0.35002927114000004,
        0.41062205514000005,
        0.33583987414000005,
        0.39610192414,
        0.41372712414,
        0.40716029914
      ],
      "exit_codes": [
        0,
        0,
        0,
        0,
        0,
        0,
        0,
        0,
        0,
        0,
        0,
        0,
        0,
        0,
        0,
        0,
        0,
        0,
        0,
        0
      ]
    }
  ]
}
