{
  "results": [
    {
      "command": "./bin/xoofx/aot/1brc ./inputs/measurements.txt",
      "mean": 1.87001399986,
      "stddev": 0.0346900885089397,
      "median": 1.8664559946600001,
      "user": 13.520680320000006,
      "system": 0.8670584499999998,
      "min": 1.82652096016,
      "max": 1.95002953716,
      "times": [
        1.83511442616,
        1.8763487841600002,
        1.83890165416,
        1.8343171871600001,
        1.95002953716,
        1.83397243116,
        1.88175077816,
        1.9134552151600002,
        1.89374246416,
        1.91258949016,
        1.8388433291600002,
        1.8777645681600001,
        1.9116924211600002,
        1.85736767916,
        1.8989263291600003,
        1.85034110816,
        1.82652096016,
        1.8636779031600001,
        1.86923408616,
        1.8356896451600002
      ],
      "exit_codes": [
        0,
        0,
        0,
        0,
        0,
        0,
        0,
        0,
        0,
        0,
        0,
        0,
        0,
        0,
        0,
        0,
        0,
        0,
        0,
        0
      ]
    }
  ]
}
