{
  "results": [
    {
      "command": "./bin/xoofx/aot/1brc ./inputs/measurements.txt",
      "mean": 3.839746236079999,
      "stddev": 0.08776802668357414,
      "median": 3.8415526044800004,
      "user": 13.511152569999998,
      "system": 0.8488336500000001,
      "min": 3.67265761648,
      "max": 3.99720900448,
      "times": [
        3.76871215348,
        3.7341033024800003,
        3.98510891748,
        3.78017043048,
        3.81796830248,
        3.89675370048,
        3.84561483448,
        3.67265761648,
        3.90501694948,
        3.99720900448,
        3.81527091548,
        3.85375685248,
        3.8342920844800004,
        3.76672018348,
        3.89308727948,
        3.6963190794800003,
        3.83749037448,
        3.95085010848,
        3.85253826248,
        3.89128436948
      ],
      "exit_codes": [
        0,
        0,
        0,
        0,
        0,
        0,
        0,
        0,
        0,
        0,
        0,
        0,
        0,
        0,
        0,
        0,
        0,
        0,
        0,
        0
      ]
    }
  ]
}
