{
  "results": [
    {
      "command": "./bin/xoofx/aot/1brc ./inputs/measurements.txt",
      "mean": 1.2072612075999998,
      "stddev": 0.03568157782174868,
      "median": 1.1950596668,
      "user": 17.464830199999994,
      "system": 1.0572312299999997,
      "min": 1.1809087923,
      "max": 1.3262170673,
      "times": [
        1.2311135843,
        1.1879709843,
        1.2066949893,
        1.2120364713,
        1.1883110633,
        1.1833038412999999,
        1.1945338193,
        1.3262170673,
        1.1838586133,
        1.1955855143,
        1.2478464353,
        1.2073675213,
        1.1845241623,
        1.2047341523,
        1.1856853763,
        1.2598647393,
        1.1809087923,
        1.1861324433,
        1.1820220453,
        1.1965125363
      ],
      "exit_codes": [
        0,
        0,
        0,
        0,
        0,
        0,
        0,
        0,
        0,
        0,
        0,
        0,
        0,
        0,
        0,
        0,
        0,
        0,
        0,
        0
      ]
    }
  ]
}
