{
  "results": [
    {
      "command": "./calculate_average_abeobk.sh",
      "mean": 3.4754512767400003,
      "stddev": 0.027431825059286805,
      "median": 3.47299844094,
      "user": 0.0034864199999999996,
      "system": 0.001146472,
      "min": 3.43768957094,
      "max": 3.51331069194,
      "times": [
        3.46820421394,
        3.48505346594,
        3.47299844094,
        3.51331069194,
        3.43768957094
      ],
      "exit_codes": [
        0,
        0,
        0,
        0,
        0
      ]
    }
  ]
}
