{
  "results": [
    {
      "command": "./calculate_average_abeobk.sh",
      "mean": 0.82655657522,
      "stddev": 0.00702561443890849,
      "median": 0.82436681242,
      "user": 0.0028638199999999996,
      "system": 0.0020911399999999996,
      "min": 0.81889818542,
      "max": 0.83594032042,
      "times": [
        0.83594032042,
        0.83157566342,
        0.81889818542,
        0.82200189442,
        0.82436681242
      ],
      "exit_codes": [
        0,
        0,
        0,
        0,
        0
      ]
    }
  ]
}
