{
  "results": [
    {
      "command": "./calculate_average_abeobk.sh",
      "mean": 1.51483365098,
      "stddev": 0.008292154970997072,
      "median": 1.51914657138,
      "user": 0.0034805799999999996,
      "system": 0.0012990159999999998,
      "min": 1.50216627438,
      "max": 1.52184999738,
      "times": [
        1.52184999738,
        1.50216627438,
        1.51914657138,
        1.51071463538,
        1.52029077638
      ],
      "exit_codes": [
        0,
        0,
        0,
        0,
        0
      ]
    }
  ]
}
