{
  "results": [
    {
      "command": "./calculate_average_abeobk.sh",
      "mean": 2.6731871919,
      "stddev": 0.005458155192586328,
      "median": 2.6749380015,
      "user": 0.0016242399999999997,
      "system": 0.003065168,
      "min": 2.6642814655000002,
      "max": 2.6786111255000002,
      "times": [
        2.6757660615000005,
        2.6786111255000002,
        2.6749380015,
        2.6642814655000002,
        2.6723393055000004
      ],
      "exit_codes": [
        0,
        0,
        0,
        0,
        0
      ]
    }
  ]
}
