{
  "results": [
    {
      "command": "./calculate_average_abeobk.sh",
      "mean": 1.6536744404800001,
      "stddev": 0.007536794632200166,
      "median": 1.6522541736799998,
      "user": 0.0039142,
      "system": 0.000685476,
      "min": 1.6476050356799998,
      "max": 1.66642628068,
      "times": [
        1.65348298968,
        1.6522541736799998,
        1.6486037226799999,
        1.6476050356799998,
        1.66642628068
      ],
      "exit_codes": [
        0,
        0,
        0,
        0,
        0
      ]
    }
  ]
}
