{
  "results": [
    {
      "command": "./calculate_average_abeobk.sh",
      "mean": 0.74846424378,
      "stddev": 0.0056030627047991485,
      "median": 0.74622999418,
      "user": 0.00232666,
      "system": 0.00251076,
      "min": 0.7438640481800001,
      "max": 0.75676570018,
      "times": [
        0.7438640481800001,
        0.7515669691800001,
        0.74389450718,
        0.75676570018,
        0.74622999418
      ],
      "exit_codes": [
        0,
        0,
        0,
        0,
        0
      ]
    }
  ]
}
