{
  "results": [
    {
      "command": "./calculate_average_artsiomkorzun.sh",
      "mean": 1.69865893228,
      "stddev": 0.0023219548245902943,
      "median": 1.69876101888,
      "user": 0.00227742,
      "system": 0.0024299680000000002,
      "min": 1.69610905488,
      "max": 1.7021145018800001,
      "times": [
        1.69876101888,
        1.69701380888,
        1.7021145018800001,
        1.6992962768800002,
        1.69610905488
      ],
      "exit_codes": [
        0,
        0,
        0,
        0,
        0
      ]
    }
  ]
}
