{
  "results": [
    {
      "command": "./calculate_average_artsiomkorzun.sh",
      "mean": 0.72749692606,
      "stddev": 0.01048276537065081,
      "median": 0.73031426466,
      "user": 0.00387358,
      "system": 0.001418284,
      "min": 0.7157766686600001,
      "max": 0.73856357666,
      "times": [
        0.71721071266,
        0.73856357666,
        0.7157766686600001,
        0.7356194076600001,
        0.73031426466
      ],
      "exit_codes": [
        0,
        0,
        0,
        0,
        0
      ]
    }
  ]
}
