{
  "results": [
    {
      "command": "./calculate_average_artsiomkorzun.sh",
      "mean": 1.2474746557,
      "stddev": 0.000545298520169961,
      "median": 1.2475502277000001,
      "user": 0.00391616,
      "system": 0.000767,
      "min": 1.2467217247,
      "max": 1.2479852647,
      "times": [
        1.2475502277000001,
        1.2467217247,
        1.2471444117000001,
        1.2479852647,
        1.2479716497000002
      ],
      "exit_codes": [
        0,
        0,
        0,
        0,
        0
      ]
    }
  ]
}
