{
  "results": [
    {
      "command": "./calculate_average_artsiomkorzun.sh",
      "mean": 0.58359821508,
      "stddev": 0.0034353051190520708,
      "median": 0.58270225268,
      "user": 0.0026168999999999997,
      "system": 0.0026962639999999994,
      "min": 0.58027523268,
      "max": 0.58913368168,
      "times": [
        0.58913368168,
        0.58027523268,
        0.58155209268,
        0.58270225268,
        0.58432781568
      ],
      "exit_codes": [
        0,
        0,
        0,
        0,
        0
      ]
    }
  ]
}
