{
  "results": [
    {
      "command": "./calculate_average_artsiomkorzun.sh",
      "mean": 2.0040786408400004,
      "stddev": 0.007725902547684943,
      "median": 2.00752680144,
      "user": 0.00374786,
      "system": 0.0009077520000000001,
      "min": 1.99560623544,
      "max": 2.01151288144,
      "times": [
        2.01151288144,
        1.99560623544,
        2.00752680144,
        1.99591250644,
        2.0098347794399998
      ],
      "exit_codes": [
        0,
        0,
        0,
        0,
        0
      ]
    }
  ]
}
