{
  "results": [
    {
      "command": "./calculate_average_artsiomkorzun.sh",
      "mean": 1.0841226348,
      "stddev": 0.0055107644514119,
      "median": 1.0858371616,
      "user": 0.0026081800000000003,
      "system": 0.0021107519999999996,
      "min": 1.0749160026,
      "max": 1.0882415246,
      "times": [
        1.0834515026,
        1.0882415246,
        1.0858371616,
        1.0749160026,
        1.0881669826
      ],
      "exit_codes": [
        0,
        0,
        0,
        0,
        0
      ]
    }
  ]
}
