{
  "results": [
    {
      "command": "./bin/austindonisan/aot/1brc ./inputs/measurements.txt 24 1",
      "mean": 1.2527730799599999,
      "stddev": 0.003573018037540405,
      "median": 1.25451080356,
      "user": 0.015270240000000001,
      "system": 0.004248399999999999,
      "min": 1.24719102056,
      "max": 1.25598281056,
      "times": [
        1.25130390156,
        1.25598281056,
        1.25487686356,
        1.25451080356,
        1.24719102056
      ],
      "exit_codes": [
        0,
        0,
        0,
        0,
        0
      ]
    }
  ]
}
