{
  "results": [
    {
      "command": "./bin/austindonisan/aot/1brc ./inputs/measurements.txt 24 1",
      "mean": 1.2468409796400002,
      "stddev": 0.0017398825538218817,
      "median": 1.24648742824,
      "user": 0.012578139999999998,
      "system": 0.006167639999999999,
      "min": 1.24465958824,
      "max": 1.24904095624,
      "times": [
        1.24808765224,
        1.24592927324,
        1.24648742824,
        1.24904095624,
        1.24465958824
      ],
      "exit_codes": [
        0,
        0,
        0,
        0,
        0
      ]
    }
  ]
}
