{
  "results": [
    {
      "command": "./bin/austindonisan/aot/1brc ./inputs/measurements.txt 96 1",
      "mean": 0.8308078600000002,
      "stddev": 0.0006694600254703062,
      "median": 0.8308362372000001,
      "user": 0.0203028,
      "system": 0.01524472,
      "min": 0.8298960312000001,
      "max": 0.8315863482000001,
      "times": [
        0.8308362372000001,
        0.8304426592,
        0.8315863482000001,
        0.8298960312000001,
        0.8312780242000001
      ],
      "exit_codes": [
        0,
        0,
        0,
        0,
        0
      ]
    }
  ]
}
