{
  "results": [
    {
      "command": "./bin/austindonisan/aot/1brc ./inputs/measurements.txt 48 1",
      "mean": 0.67610463212,
      "stddev": 0.0027186718141738483,
      "median": 0.67518778952,
      "user": 0.02030022,
      "system": 0.008581620000000002,
      "min": 0.67427617652,
      "max": 0.68088244852,
      "times": [
        0.67427617652,
        0.68088244852,
        0.67518778952,
        0.67459453052,
        0.67558221552
      ],
      "exit_codes": [
        0,
        0,
        0,
        0,
        0
      ]
    }
  ]
}
