{
  "results": [
    {
      "command": "./bin/austindonisan/aot/1brc ./inputs/measurements.txt 12 1",
      "mean": 2.22957575812,
      "stddev": 0.001952758894533935,
      "median": 2.22982062992,
      "user": 0.00975442,
      "system": 0.006508128,
      "min": 2.22759298292,
      "max": 2.2322474199199998,
      "times": [
        2.22982062992,
        2.2304668149199998,
        2.2322474199199998,
        2.2277509429199998,
        2.22759298292
      ],
      "exit_codes": [
        0,
        0,
        0,
        0,
        0
      ]
    }
  ]
}
