{
  "results": [
    {
      "command": "./bin/austindonisan/aot/1brc ./inputs/measurements.txt 48 1",
      "mean": 0.6680390180800001,
      "stddev": 0.0023202917539875646,
      "median": 0.66736986988,
      "user": 0.017211159999999996,
      "system": 0.00792708,
      "min": 0.6656937258800001,
      "max": 0.67095392088,
      "times": [
        0.6656937258800001,
        0.6699709728800001,
        0.66736986988,
        0.66620660088,
        0.67095392088
      ],
      "exit_codes": [
        0,
        0,
        0,
        0,
        0
      ]
    }
  ]
}
