{
  "results": [
    {
      "command": "./bin/buybackoff/aot/1brc ./inputs/measurements.txt",
      "mean": 0.74086953298,
      "stddev": 0.0035706416712651665,
      "median": 0.74143642338,
      "user": 0.02277052,
      "system": 0.032323519999999994,
      "min": 0.73516889438,
      "max": 0.74484066738,
      "times": [
        0.74051983538,
        0.73516889438,
        0.74484066738,
        0.74143642338,
        0.74238184438
      ],
      "exit_codes": [
        0,
        0,
        0,
        0,
        0
      ]
    }
  ]
}
