{
  "results": [
    {
      "command": "./bin/buybackoff/aot/1brc ./inputs/measurements.txt",
      "mean": 2.44537454196,
      "stddev": 0.0015426376752559442,
      "median": 2.44560098076,
      "user": 0.01511964,
      "system": 0.007758999999999999,
      "min": 2.44338808876,
      "max": 2.4476003727599998,
      "times": [
        2.4476003727599998,
        2.44338808876,
        2.44562061076,
        2.44560098076,
        2.44466265676
      ],
      "exit_codes": [
        0,
        0,
        0,
        0,
        0
      ]
    }
  ]
}
