{
  "results": [
    {
      "command": "./bin/buybackoff/aot/1brc ./inputs/measurements.txt",
      "mean": 0.9506970838800001,
      "stddev": 0.01947805797874518,
      "median": 0.9429852030800001,
      "user": 0.01345558,
      "system": 0.009668880000000001,
      "min": 0.9275439810800001,
      "max": 0.9754138160800001,
      "times": [
        0.9275439810800001,
        0.9658588550800001,
        0.9429852030800001,
        0.9754138160800001,
        0.9416835640800001
      ],
      "exit_codes": [
        0,
        0,
        0,
        0,
        0
      ]
    }
  ]
}
