{
  "results": [
    {
      "command": "./bin/buybackoff/aot/1brc ./inputs/measurements.txt",
      "mean": 1.3058488024800001,
      "stddev": 0.0009993910098143573,
      "median": 1.3061869226800003,
      "user": 0.0128662,
      "system": 0.015757419999999998,
      "min": 1.30429592968,
      "max": 1.3069282686800001,
      "times": [
        1.3061869226800003,
        1.30553239368,
        1.3063004976800001,
        1.30429592968,
        1.3069282686800001
      ],
      "exit_codes": [
        0,
        0,
        0,
        0,
        0
      ]
    }
  ]
}
