{
  "results": [
    {
      "command": "./bin/buybackoff/aot/1brc ./inputs/measurements.txt",
      "mean": 0.5359143957200001,
      "stddev": 0.013562592997787594,
      "median": 0.5295968197200001,
      "user": 0.01704436,
      "system": 0.0152021,
      "min": 0.5211485797200001,
      "max": 0.5530651487200001,
      "times": [
        0.54726030672,
        0.5530651487200001,
        0.52850112372,
        0.5211485797200001,
        0.5295968197200001
      ],
      "exit_codes": [
        0,
        0,
        0,
        0,
        0
      ]
    }
  ]
}
