{
  "results": [
    {
      "command": "./bin/buybackoff/aot/1brc ./inputs/measurements.txt",
      "mean": 1.6962395478199999,
      "stddev": 0.04512679476773573,
      "median": 1.67514809042,
      "user": 0.0145663,
      "system": 0.006366144,
      "min": 1.66253267142,
      "max": 1.77201747242,
      "times": [
        1.67514809042,
        1.66253267142,
        1.77201747242,
        1.6683954754199999,
        1.7031040294200002
      ],
      "exit_codes": [
        0,
        0,
        0,
        0,
        0
      ]
    }
  ]
}
