{
  "results": [
    {
      "command": "./bin/CameronAavik/aot/1brc ./inputs/measurements.txt",
      "mean": 1.74450717538,
      "stddev": 0.006375470067774798,
      "median": 1.74599723178,
      "user": 42.872918199999994,
      "system": 1.2262600000000001,
      "min": 1.73399393578,
      "max": 1.75116432978,
      "times": [
        1.74452373178,
        1.74599723178,
        1.73399393578,
        1.74685664778,
        1.75116432978
      ],
      "exit_codes": [
        0,
        0,
        0,
        0,
        0
      ]
    }
  ]
}
