{
  "results": [
    {
      "command": "./bin/CameronAavik/aot/1brc ./inputs/measurements.txt",
      "mean": 2.6363805538,
      "stddev": 0.11118231041345962,
      "median": 2.6305397598,
      "user": 60.05704937999999,
      "system": 1.2942036,
      "min": 2.5013969068,
      "max": 2.7554546638,
      "times": [
        2.6305397598,
        2.7554546638,
        2.5013969068,
        2.5556693048000003,
        2.7388421338000004
      ],
      "exit_codes": [
        0,
        0,
        0,
        0,
        0
      ]
    }
  ]
}
