{
  "results": [
    {
      "command": "./bin/CameronAavik/aot/1brc ./inputs/measurements.txt",
      "mean": 3.1882589306999995,
      "stddev": 0.0038385553406351212,
      "median": 3.1880916349,
      "user": 46.61459182,
      "system": 1.09698352,
      "min": 3.1830703379000003,
      "max": 3.1930309109,
      "times": [
        3.1830703379000003,
        3.1864241179,
        3.1906776519,
        3.1880916349,
        3.1930309109
      ],
      "exit_codes": [
        0,
        0,
        0,
        0,
        0
      ]
    }
  ]
}
