{
  "results": [
    {
      "command": "./bin/CameronAavik/aot/1brc ./inputs/measurements.txt",
      "mean": 4.0413580398,
      "stddev": 0.05904030577212694,
      "median": 4.0588003502,
      "user": 64.8243012,
      "system": 1.3783477999999998,
      "min": 3.9497695731999998,
      "max": 4.091362026200001,
      "times": [
        4.0183682592,
        4.091362026200001,
        4.0884899902,
        4.0588003502,
        3.9497695731999998
      ],
      "exit_codes": [
        0,
        0,
        0,
        0,
        0
      ]
    }
  ]
}
