{
  "results": [
    {
      "command": "./bin/CameronAavik/aot/1brc ./inputs/measurements.txt",
      "mean": 1.8112104525400003,
      "stddev": 0.12054932433886079,
      "median": 1.75631404554,
      "user": 43.2939654,
      "system": 1.17143972,
      "min": 1.7450381025400001,
      "max": 2.02535119054,
      "times": [
        1.75631404554,
        1.7450381025400001,
        1.74811078954,
        1.7812381345400001,
        2.02535119054
      ],
      "exit_codes": [
        0,
        0,
        0,
        0,
        0
      ]
    }
  ]
}
