{
  "results": [
    {
      "command": "./bin/CameronAavik/aot/1brc ./inputs/measurements.txt",
      "mean": 4.361348877860001,
      "stddev": 0.008241267710758103,
      "median": 4.36074009486,
      "user": 42.54881748,
      "system": 0.9745249999999999,
      "min": 4.35337705686,
      "max": 4.3743556988600005,
      "times": [
        4.3629292068600005,
        4.36074009486,
        4.35337705686,
        4.35534233186,
        4.3743556988600005
      ],
      "exit_codes": [
        0,
        0,
        0,
        0,
        0
      ]
    }
  ]
}
