{
  "results": [
    {
      "command": "./bin/dzaima/aot/1brc ./inputs/measurements.txt",
      "mean": 3.90807413692,
      "stddev": 0.009416885447801168,
      "median": 3.90588463632,
      "user": 29.759157819999995,
      "system": 0.8641703,
      "min": 3.89725086632,
      "max": 3.9223801363199997,
      "times": [
        3.91112048832,
        3.89725086632,
        3.90373455732,
        3.90588463632,
        3.9223801363199997
      ],
      "exit_codes": [
        0,
        0,
        0,
        0,
        0
      ]
    }
  ]
}
