{
  "results": [
    {
      "command": "./bin/dzaima/aot/1brc ./inputs/measurements.txt",
      "mean": 3.8968862011800005,
      "stddev": 0.02150000503330361,
      "median": 3.8958298249800003,
      "user": 29.6477698,
      "system": 0.88930726,
      "min": 3.87204553798,
      "max": 3.9185900309800004,
      "times": [
        3.9185900309800004,
        3.87204553798,
        3.91836035298,
        3.8958298249800003,
        3.8796052589800003
      ],
      "exit_codes": [
        0,
        0,
        0,
        0,
        0
      ]
    }
  ]
}
