{
  "results": [
    {
      "command": "./bin/dzaima/aot/1brc ./inputs/measurements.txt",
      "mean": 3.88213569452,
      "stddev": 0.047310703918881224,
      "median": 3.87206372872,
      "user": 29.00656158,
      "system": 0.8778265,
      "min": 3.82879901872,
      "max": 3.93537240572,
      "times": [
        3.93537240572,
        3.9267253547200003,
        3.87206372872,
        3.82879901872,
        3.84771796472
      ],
      "exit_codes": [
        0,
        0,
        0,
        0,
        0
      ]
    }
  ]
}
