{
  "results": [
    {
      "command": "./bin/dzaima/aot/1brc ./inputs/measurements.txt",
      "mean": 3.90578870764,
      "stddev": 0.024228420739371516,
      "median": 3.9015524890399997,
      "user": 29.65241522,
      "system": 0.86378008,
      "min": 3.87510680304,
      "max": 3.94262347604,
      "times": [
        3.90871005904,
        3.87510680304,
        3.94262347604,
        3.9009507110399997,
        3.9015524890399997
      ],
      "exit_codes": [
        0,
        0,
        0,
        0,
        0
      ]
    }
  ]
}
