{
  "results": [
    {
      "command": "./bin/dzaima/aot/1brc ./inputs/measurements.txt",
      "mean": 3.8623938193200003,
      "stddev": 0.032662409759501215,
      "median": 3.84216095812,
      "user": 28.818388679999998,
      "system": 0.85679704,
      "min": 3.8378414321200003,
      "max": 3.91182287112,
      "times": [
        3.91182287112,
        3.8378414321200003,
        3.8800860381200004,
        3.84005779712,
        3.84216095812
      ],
      "exit_codes": [
        0,
        0,
        0,
        0,
        0
      ]
    }
  ]
}
