{
  "results": [
    {
      "command": "./bin/dzaima/aot/1brc ./inputs/measurements.txt",
      "mean": 3.896529991279999,
      "stddev": 0.00834710644856869,
      "median": 3.89377259728,
      "user": 29.695587,
      "system": 0.8639961399999999,
      "min": 3.8888158862799997,
      "max": 3.90670871628,
      "times": [
        3.90670871628,
        3.8888158862799997,
        3.89377259728,
        3.8893300592799998,
        3.90402269728
      ],
      "exit_codes": [
        0,
        0,
        0,
        0,
        0
      ]
    }
  ]
}
