{
  "results": [
    {
      "command": "./calculate_average_jerrinot.sh",
      "mean": 1.8035653549000004,
      "stddev": 0.007562763428946813,
      "median": 1.8065403185000002,
      "user": 0.00240586,
      "system": 0.0031912000000000004,
      "min": 1.7945368765,
      "max": 1.8120541365,
      "times": [
        1.8120541365,
        1.8065403185000002,
        1.8079776885,
        1.7967177545,
        1.7945368765
      ],
      "exit_codes": [
        0,
        0,
        0,
        0,
        0
      ]
    }
  ]
}
