{
  "results": [
    {
      "command": "./calculate_average_jerrinot.sh",
      "mean": 1.25995650382,
      "stddev": 0.00885776879210358,
      "median": 1.26070747482,
      "user": 0.00376632,
      "system": 0.0022023839999999995,
      "min": 1.2471261648199998,
      "max": 1.2698397288199998,
      "times": [
        1.2659825088199999,
        1.25612664182,
        1.2471261648199998,
        1.2698397288199998,
        1.26070747482
      ],
      "exit_codes": [
        0,
        0,
        0,
        0,
        0
      ]
    }
  ]
}
