{
  "results": [
    {
      "command": "./calculate_average_jerrinot.sh",
      "mean": 1.6374393058399999,
      "stddev": 0.014986532080023311,
      "median": 1.63607163624,
      "user": 0.0029266,
      "system": 0.00276674,
      "min": 1.62042268724,
      "max": 1.66087476324,
      "times": [
        1.63017183724,
        1.63607163624,
        1.66087476324,
        1.62042268724,
        1.63965560524
      ],
      "exit_codes": [
        0,
        0,
        0,
        0,
        0
      ]
    }
  ]
}
