{
  "results": [
    {
      "command": "./calculate_average_jerrinot.sh",
      "mean": 2.5253381933,
      "stddev": 0.01088330753210831,
      "median": 2.5270262213000003,
      "user": 0.00294896,
      "system": 0.002709248,
      "min": 2.5115165653,
      "max": 2.5360999913,
      "times": [
        2.5350557463,
        2.5115165653,
        2.5169924423,
        2.5360999913,
        2.5270262213000003
      ],
      "exit_codes": [
        0,
        0,
        0,
        0,
        0
      ]
    }
  ]
}
