{
  "results": [
    {
      "command": "./calculate_average_jerrinot.sh",
      "mean": 1.1862649244,
      "stddev": 0.0026609491782374046,
      "median": 1.187559486,
      "user": 0.0037098400000000003,
      "system": 0.0021767799999999997,
      "min": 1.181591726,
      "max": 1.187846732,
      "times": [
        1.186575327,
        1.187846732,
        1.181591726,
        1.187751351,
        1.187559486
      ],
      "exit_codes": [
        0,
        0,
        0,
        0,
        0
      ]
    }
  ]
}
