{
  "results": [
    {
      "command": "./calculate_average_jerrinot.sh",
      "mean": 2.93936500212,
      "stddev": 0.03740838447389366,
      "median": 2.9227451453200004,
      "user": 0.0031757999999999995,
      "system": 0.00249262,
      "min": 2.9030796853200003,
      "max": 2.9953430083200003,
      "times": [
        2.95864260432,
        2.9170145673200003,
        2.9227451453200004,
        2.9953430083200003,
        2.9030796853200003
      ],
      "exit_codes": [
        0,
        0,
        0,
        0,
        0
      ]
    }
  ]
}
