{
  "results": [
    {
      "command": "./bin/kpocza/aot/1brc ./inputs/measurements.txt",
      "mean": 3.1932195445999993,
      "stddev": 0.00827211683134131,
      "median": 3.1893432863999998,
      "user": 67.58735804,
      "system": 1.2562708999999999,
      "min": 3.1850541564,
      "max": 3.2050486553999997,
      "times": [
        3.1850541564,
        3.1882237404,
        3.1984278844,
        3.2050486553999997,
        3.1893432863999998
      ],
      "exit_codes": [
        0,
        0,
        0,
        0,
        0
      ]
    }
  ]
}
