{
  "results": [
    {
      "command": "./bin/kpocza/aot/1brc ./inputs/measurements.txt",
      "mean": 1.0772749683799998,
      "stddev": 0.03806821241185999,
      "median": 1.06390543198,
      "user": 32.67589392000001,
      "system": 0.9617488,
      "min": 1.04915393598,
      "max": 1.14289454398,
      "times": [
        1.07593858298,
        1.06390543198,
        1.05448234698,
        1.04915393598,
        1.14289454398
      ],
      "exit_codes": [
        0,
        0,
        0,
        0,
        0
      ]
    }
  ]
}
