{
  "results": [
    {
      "command": "./bin/kpocza/aot/1brc ./inputs/measurements.txt",
      "mean": 1.15257991418,
      "stddev": 0.007108315953694055,
      "median": 1.15260644078,
      "user": 68.80652244000001,
      "system": 1.4280101200000002,
      "min": 1.1453478917800002,
      "max": 1.1619861687800002,
      "times": [
        1.1619861687800002,
        1.1453478917800002,
        1.15260644078,
        1.15690680278,
        1.1460522667800002
      ],
      "exit_codes": [
        0,
        0,
        0,
        0,
        0
      ]
    }
  ]
}
