{
  "results": [
    {
      "command": "./bin/kpocza/aot/1brc ./inputs/measurements.txt",
      "mean": 1.7098378121200004,
      "stddev": 0.029839631221497007,
      "median": 1.6970875171200002,
      "user": 32.429720599999996,
      "system": 0.8808278399999999,
      "min": 1.68338085312,
      "max": 1.7601373501200002,
      "times": [
        1.7601373501200002,
        1.71162347612,
        1.69695986412,
        1.68338085312,
        1.6970875171200002
      ],
      "exit_codes": [
        0,
        0,
        0,
        0,
        0
      ]
    }
  ]
}
