{
  "results": [
    {
      "command": "./bin/kpocza/aot/1brc ./inputs/measurements.txt",
      "mean": 1.9004280912800002,
      "stddev": 0.009889903207675216,
      "median": 1.8987005972800002,
      "user": 74.55977623999999,
      "system": 1.2422835199999998,
      "min": 1.8903272662800001,
      "max": 1.91664680628,
      "times": [
        1.8903272662800001,
        1.91664680628,
        1.9008353282800001,
        1.89563045828,
        1.8987005972800002
      ],
      "exit_codes": [
        0,
        0,
        0,
        0,
        0
      ]
    }
  ]
}
