{
  "results": [
    {
      "command": "./bin/kpocza/aot/1brc ./inputs/measurements.txt",
      "mean": 3.06681367628,
      "stddev": 0.06946111294981737,
      "median": 3.06140309288,
      "user": 31.735246839999995,
      "system": 0.84759814,
      "min": 2.99820343288,
      "max": 3.1810791318800002,
      "times": [
        2.99820343288,
        3.1810791318800002,
        3.06535061588,
        3.06140309288,
        3.02803210788
      ],
      "exit_codes": [
        0,
        0,
        0,
        0,
        0
      ]
    }
  ]
}
