{
  "results": [
    {
      "command": "./bin/lehuyduc/aot/1brc ./inputs/measurements.txt",
      "mean": 1.4362655655199998,
      "stddev": 0.039534661778102415,
      "median": 1.4167264175199998,
      "user": 0.00134944,
      "system": 0.00013156799999999998,
      "min": 1.40211887252,
      "max": 1.48295093552,
      "times": [
        1.47512224252,
        1.4167264175199998,
        1.40440935952,
        1.40211887252,
        1.48295093552
      ],
      "exit_codes": [
        0,
        0,
        0,
        0,
        0
      ]
    }
  ]
}
