{
  "results": [
    {
      "command": "./bin/lehuyduc/aot/1brc ./inputs/measurements.txt",
      "mean": 0.7087915390200001,
      "stddev": 0.07153111677569002,
      "median": 0.69716199082,
      "user": 0.0010143,
      "system": 0.000670344,
      "min": 0.64462853982,
      "max": 0.82821704082,
      "times": [
        0.66461105082,
        0.64462853982,
        0.70933907282,
        0.69716199082,
        0.82821704082
      ],
      "exit_codes": [
        0,
        0,
        0,
        0,
        0
      ]
    }
  ]
}
