{
  "results": [
    {
      "command": "./bin/lehuyduc/aot/1brc ./inputs/measurements.txt",
      "mean": 2.4533207958800003,
      "stddev": 0.036374918297963035,
      "median": 2.4567633842800003,
      "user": 0.0009025799999999998,
      "system": 0.000582504,
      "min": 2.41639275728,
      "max": 2.50229144028,
      "times": [
        2.4567633842800003,
        2.47202614428,
        2.41639275728,
        2.41913025328,
        2.50229144028
      ],
      "exit_codes": [
        0,
        0,
        0,
        0,
        0
      ]
    }
  ]
}
