{
  "results": [
    {
      "command": "./bin/lehuyduc/aot/1brc ./inputs/measurements.txt",
      "mean": 2.2754966436599995,
      "stddev": 0.052231945469753446,
      "median": 2.2555061576599997,
      "user": 0.00130488,
      "system": 0.000254868,
      "min": 2.2466245686599997,
      "max": 2.36854214866,
      "times": [
        2.2581987086599997,
        2.2555061576599997,
        2.2466245686599997,
        2.36854214866,
        2.24861163466
      ],
      "exit_codes": [
        0,
        0,
        0,
        0,
        0
      ]
    }
  ]
}
