{
  "results": [
    {
      "command": "./bin/lehuyduc/aot/1brc ./inputs/measurements.txt",
      "mean": 1.22612599202,
      "stddev": 0.0509240336633615,
      "median": 1.1916320192199998,
      "user": 0.00110192,
      "system": 0.000374472,
      "min": 1.18529764022,
      "max": 1.28894297622,
      "times": [
        1.27416427622,
        1.19059304822,
        1.18529764022,
        1.1916320192199998,
        1.28894297622
      ],
      "exit_codes": [
        0,
        0,
        0,
        0,
        0
      ]
    }
  ]
}
