{
  "results": [
    {
      "command": "./bin/lehuyduc/aot/1brc ./inputs/measurements.txt",
      "mean": 0.8977239185600002,
      "stddev": 0.023007100081292038,
      "median": 0.8993614525600001,
      "user": 0.00160328,
      "system": 0.000046927999999999995,
      "min": 0.86188670056,
      "max": 0.9235501595600001,
      "times": [
        0.86188670056,
        0.8939023035600001,
        0.8993614525600001,
        0.9099189765600001,
        0.9235501595600001
      ],
      "exit_codes": [
        0,
        0,
        0,
        0,
        0
      ]
    }
  ]
}
