{
  "results": [
    {
      "command": "./bin/mtopolnik-rs/aot/1brc ./inputs/measurements.txt",
      "mean": 2.0169065994599995,
      "stddev": 0.0042975137405040905,
      "median": 2.01846830786,
      "user": 80.72399354000001,
      "system": 1.77919514,
      "min": 2.00936918586,
      "max": 2.02011458386,
      "times": [
        2.02011458386,
        2.01846830786,
        2.01879128786,
        2.01778963186,
        2.00936918586
      ],
      "exit_codes": [
        0,
        0,
        0,
        0,
        0
      ]
    }
  ]
}
