{
  "results": [
    {
      "command": "./bin/mtopolnik-rs/aot/1brc ./inputs/measurements.txt",
      "mean": 1.2758438220200001,
      "stddev": 0.007933148000324342,
      "median": 1.2714273196199999,
      "user": 80.86789174,
      "system": 3.3262819199999996,
      "min": 1.26896746862,
      "max": 1.28827716962,
      "times": [
        1.2714192846199999,
        1.27912786762,
        1.26896746862,
        1.2714273196199999,
        1.28827716962
      ],
      "exit_codes": [
        0,
        0,
        0,
        0,
        0
      ]
    }
  ]
}
