{
  "results": [
    {
      "command": "./calculate_average_mtopolnik.sh",
      "mean": 1.1121280719000002,
      "stddev": 0.03777626917145673,
      "median": 1.0940664045000001,
      "user": 0.01804844,
      "system": 0.03284268,
      "min": 1.0865107335,
      "max": 1.1761548445,
      "times": [
        1.1761548445,
        1.0865107335,
        1.1164329795,
        1.0940664045000001,
        1.0874753975
      ],
      "exit_codes": [
        0,
        0,
        0,
        0,
        0
      ]
    }
  ]
}
