{
  "results": [
    {
      "command": "./calculate_average_mtopolnik.sh",
      "mean": 1.92482480304,
      "stddev": 0.021971035799821327,
      "median": 1.93395666044,
      "user": 0.02638852,
      "system": 0.02798794,
      "min": 1.8862249284400001,
      "max": 1.93992329444,
      "times": [
        1.8862249284400001,
        1.93992329444,
        1.92837924644,
        1.93563988544,
        1.93395666044
      ],
      "exit_codes": [
        0,
        0,
        0,
        0,
        0
      ]
    }
  ]
}
