{
  "results": [
    {
      "command": "./calculate_average_mtopolnik.sh",
      "mean": 2.20597174014,
      "stddev": 0.031696352162412365,
      "median": 2.19479227214,
      "user": 0.01439638,
      "system": 0.032601939999999996,
      "min": 2.16721382114,
      "max": 2.24241965514,
      "times": [
        2.23476239114,
        2.19479227214,
        2.16721382114,
        2.19067056114,
        2.24241965514
      ],
      "exit_codes": [
        0,
        0,
        0,
        0,
        0
      ]
    }
  ]
}
