{
  "results": [
    {
      "command": "./calculate_average_mtopolnik.sh",
      "mean": 2.2773358515599997,
      "stddev": 0.029786754930585413,
      "median": 2.27645370456,
      "user": 0.01792406,
      "system": 0.03165187999999999,
      "min": 2.2306746035600002,
      "max": 2.30677119256,
      "times": [
        2.2306746035600002,
        2.27334068856,
        2.27645370456,
        2.29943906856,
        2.30677119256
      ],
      "exit_codes": [
        0,
        0,
        0,
        0,
        0
      ]
    }
  ]
}
