{
  "results": [
    {
      "command": "./bin/mtopolnik-rs/aot/1brc ./inputs/measurements.txt",
      "mean": 1.0859868899399998,
      "stddev": 0.019151106647028675,
      "median": 1.07645525614,
      "user": 33.552954580000005,
      "system": 1.34431422,
      "min": 1.0717798891399999,
      "max": 1.1167690371399999,
      "times": [
        1.0717798891399999,
        1.1167690371399999,
        1.07645525614,
        1.07241469814,
        1.09251556914
      ],
      "exit_codes": [
        0,
        0,
        0,
        0,
        0
      ]
    }
  ]
}
