{
  "results": [
    {
      "command": "./calculate_average_mtopolnik.sh",
      "mean": 1.40286020844,
      "stddev": 0.017892674572251997,
      "median": 1.40413514684,
      "user": 0.02236324,
      "system": 0.02747456,
      "min": 1.37522345684,
      "max": 1.4187597328400001,
      "times": [
        1.4187597328400001,
        1.41828083484,
        1.37522345684,
        1.40413514684,
        1.39790187084
      ],
      "exit_codes": [
        0,
        0,
        0,
        0,
        0
      ]
    }
  ]
}
