{
  "results": [
    {
      "command": "./calculate_average_mtopolnik.sh",
      "mean": 2.45773512466,
      "stddev": 0.042818537866666145,
      "median": 2.4342736564600003,
      "user": 0.02079924,
      "system": 0.028621199999999996,
      "min": 2.42192922546,
      "max": 2.51400499946,
      "times": [
        2.42192922546,
        2.4342736564600003,
        2.51400499946,
        2.42509873846,
        2.4933690034600002
      ],
      "exit_codes": [
        0,
        0,
        0,
        0,
        0
      ]
    }
  ]
}
