{
  "results": [
    {
      "command": "./bin/mtopolnik-rs/aot/1brc ./inputs/measurements.txt",
      "mean": 1.72052503986,
      "stddev": 0.002434707631360189,
      "median": 1.7214921538599999,
      "user": 33.59576614,
      "system": 1.0552133,
      "min": 1.71682117686,
      "max": 1.72260091786,
      "times": [
        1.71682117686,
        1.72236040886,
        1.72260091786,
        1.71935054186,
        1.7214921538599999
      ],
      "exit_codes": [
        0,
        0,
        0,
        0,
        0
      ]
    }
  ]
}
