{
  "results": [
    {
      "command": "./bin/mtopolnik-rs/aot/1brc ./inputs/measurements.txt",
      "mean": 3.1082334558599998,
      "stddev": 0.006163909253436415,
      "median": 3.10810214686,
      "user": 33.099422679999996,
      "system": 0.88861876,
      "min": 3.1014872098599997,
      "max": 3.1173059348599996,
      "times": [
        3.1173059348599996,
        3.1014872098599997,
        3.10810214686,
        3.10383998786,
        3.11043199986
      ],
      "exit_codes": [
        0,
        0,
        0,
        0,
        0
      ]
    }
  ]
}
