{
  "results": [
    {
      "command": "./bin/mtopolnik-rs/aot/1brc ./inputs/measurements.txt",
      "mean": 3.02353973208,
      "stddev": 0.0022512157569471516,
      "median": 3.02426970748,
      "user": 64.43717811999998,
      "system": 1.2584684800000001,
      "min": 3.0200956034799997,
      "max": 3.02613191948,
      "times": [
        3.0200956034799997,
        3.02613191948,
        3.02284238448,
        3.02435904548,
        3.02426970748
      ],
      "exit_codes": [
        0,
        0,
        0,
        0,
        0
      ]
    }
  ]
}
