{
  "results": [
    {
      "command": "./bin/nietras/aot/1brc ./inputs/measurements.txt",
      "mean": 2.9153499968200003,
      "stddev": 0.012382146672830554,
      "median": 2.91637104182,
      "user": 30.56321064,
      "system": 0.81986438,
      "min": 2.90139369882,
      "max": 2.92753832582,
      "times": [
        2.91637104182,
        2.92753832582,
        2.90139369882,
        2.9273125728200005,
        2.90413434482
      ],
      "exit_codes": [
        0,
        0,
        0,
        0,
        0
      ]
    }
  ]
}
