{
  "results": [
    {
      "command": "./bin/nietras/aot/1brc ./inputs/measurements.txt",
      "mean": 1.63448409342,
      "stddev": 0.005672832847086448,
      "median": 1.63592331762,
      "user": 31.244184599999993,
      "system": 0.8700768400000001,
      "min": 1.62493713062,
      "max": 1.64014892162,
      "times": [
        1.63592331762,
        1.63523967262,
        1.64014892162,
        1.63617142462,
        1.62493713062
      ],
      "exit_codes": [
        0,
        0,
        0,
        0,
        0
      ]
    }
  ]
}
