{
  "results": [
    {
      "command": "./bin/nietras/aot/1brc ./inputs/measurements.txt",
      "mean": 3.1515943671,
      "stddev": 0.0066400409449359375,
      "median": 3.1522126527,
      "user": 67.48925354,
      "system": 1.00308034,
      "min": 3.1451910577,
      "max": 3.1612780917,
      "times": [
        3.1537438867,
        3.1522126527,
        3.1455461466999997,
        3.1451910577,
        3.1612780917
      ],
      "exit_codes": [
        0,
        0,
        0,
        0,
        0
      ]
    }
  ]
}
