{
  "results": [
    {
      "command": "./bin/nietras/aot/1brc ./inputs/measurements.txt",
      "mean": 0.9892171345799999,
      "stddev": 0.02343397300868069,
      "median": 0.97992623618,
      "user": 30.547407980000003,
      "system": 0.92735518,
      "min": 0.9672583381800001,
      "max": 1.01923181618,
      "times": [
        1.00889311818,
        0.9672583381800001,
        1.01923181618,
        0.97992623618,
        0.97077616418
      ],
      "exit_codes": [
        0,
        0,
        0,
        0,
        0
      ]
    }
  ]
}
