{
  "results": [
    {
      "command": "./bin/nietras/aot/1brc ./inputs/measurements.txt",
      "mean": 1.0614507286400001,
      "stddev": 0.027368052899059653,
      "median": 1.0511817844400002,
      "user": 64.6170069,
      "system": 1.25803844,
      "min": 1.04124907444,
      "max": 1.1077782634400002,
      "times": [
        1.1077782634400002,
        1.04124907444,
        1.0432625934400002,
        1.0511817844400002,
        1.0637819274400002
      ],
      "exit_codes": [
        0,
        0,
        0,
        0,
        0
      ]
    }
  ]
}
