{
  "results": [
    {
      "command": "./bin/nietras/aot/1brc ./inputs/measurements.txt",
      "mean": 1.7626832815,
      "stddev": 0.0038684269569519082,
      "median": 1.7629582445,
      "user": 69.74309198,
      "system": 1.09282778,
      "min": 1.7566273684999998,
      "max": 1.7669899595,
      "times": [
        1.7566273684999998,
        1.7621022735,
        1.7629582445,
        1.7647385615,
        1.7669899595
      ],
      "exit_codes": [
        0,
        0,
        0,
        0,
        0
      ]
    }
  ]
}
