{
  "results": [
    {
      "command": "./bin/NimaAra/aot/1brc ./inputs/measurements.txt",
      "mean": 0.00733819348,
      "stddev": 0.0004524078472971044,
      "median": 0.00721398348,
      "user": 0.0161031,
      "system": 0.00622748,
      "min": 0.006905184480000001,
      "max": 0.00799122248,
      "times": [
        0.00799122248,
        0.00698637248,
        0.006905184480000001,
        0.00759420448,
        0.00721398348
      ],
      "exit_codes": [
        0,
        0,
        0,
        0,
        0
      ]
    }
  ]
}
