{
  "results": [
    {
      "command": "./bin/NimaAra/aot/1brc ./inputs/measurements.txt",
      "mean": 0.013042153280000001,
      "stddev": 0.0022156552345122425,
      "median": 0.01181687728,
      "user": 0.04698888,
      "system": 0.02056514,
      "min": 0.01138117328,
      "max": 0.01661001528,
      "times": [
        0.01661001528,
        0.01181687728,
        0.01380008228,
        0.011602618280000001,
        0.01138117328
      ],
      "exit_codes": [
        0,
        0,
        0,
        0,
        0
      ]
    }
  ]
}
