{
  "results": [
    {
      "command": "./bin/NimaAra/aot/1brc ./inputs/measurements.txt",
      "mean": 0.00570075298,
      "stddev": 0.00034030797722680537,
      "median": 0.0057582551800000005,
      "user": 0.00707312,
      "system": 0.005564543999999999,
      "min": 0.005218247180000001,
      "max": 0.00610636118,
      "times": [
        0.00610636118,
        0.0057582551800000005,
        0.005533796180000001,
        0.005218247180000001,
        0.00588710518
      ],
      "exit_codes": [
        0,
        0,
        0,
        0,
        0
      ]
    }
  ]
}
