{
  "results": [
    {
      "command": "./bin/NimaAra/aot/1brc ./inputs/measurements.txt",
      "mean": 0.005288888,
      "stddev": 0.000326313864759835,
      "median": 0.005211325,
      "user": 0.00813312,
      "system": 0.0038371359999999992,
      "min": 0.005001843000000001,
      "max": 0.00584681,
      "times": [
        0.005253672,
        0.0051307900000000005,
        0.00584681,
        0.005001843000000001,
        0.005211325
      ],
      "exit_codes": [
        0,
        0,
        0,
        0,
        0
      ]
    }
  ]
}
