{
  "results": [
    {
      "command": "./bin/NimaAra/aot/1brc ./inputs/measurements.txt",
      "mean": 0.004950305560000001,
      "stddev": 0.00037663031420572104,
      "median": 0.0049089087600000005,
      "user": 0.00677578,
      "system": 0.00323744,
      "min": 0.00439958876,
      "max": 0.0053268097600000005,
      "times": [
        0.005278790760000001,
        0.004837429760000001,
        0.0053268097600000005,
        0.00439958876,
        0.0049089087600000005
      ],
      "exit_codes": [
        0,
        0,
        0,
        0,
        0
      ]
    }
  ]
}
