{
  "results": [
    {
      "command": "./bin/NimaAra/aot/1brc ./inputs/measurements.txt",
      "mean": 0.00853979046,
      "stddev": 0.0005758190673329606,
      "median": 0.008518476260000001,
      "user": 0.015348919999999999,
      "system": 0.011383019999999999,
      "min": 0.0077916422599999995,
      "max": 0.009319947260000001,
      "times": [
        0.0077916422599999995,
        0.008518476260000001,
        0.009319947260000001,
        0.008814968260000002,
        0.008253918260000001
      ],
      "exit_codes": [
        0,
        0,
        0,
        0,
        0
      ]
    }
  ]
}
