{
  "results": [
    {
      "command": "./bin/noahfalk/aot/1brc ./inputs/measurements.txt",
      "mean": 1.7777081034400002,
      "stddev": 0.00327840492691104,
      "median": 1.77745349684,
      "user": 34.99359353999999,
      "system": 4.85384248,
      "min": 1.7740417028400002,
      "max": 1.7813857908400001,
      "times": [
        1.7813857908400001,
        1.7750075788400002,
        1.7740417028400002,
        1.78065194784,
        1.77745349684
      ],
      "exit_codes": [
        0,
        0,
        0,
        0,
        0
      ]
    }
  ]
}
