{
  "results": [
    {
      "command": "./bin/noahfalk/aot/1brc ./inputs/measurements.txt",
      "mean": 1.9581249578000002,
      "stddev": 0.004174304475641867,
      "median": 1.9587971324000002,
      "user": 18.94996964,
      "system": 3.5692291999999997,
      "min": 1.9529387394000002,
      "max": 1.9631472314,
      "times": [
        1.9607861654,
        1.9631472314,
        1.9587971324000002,
        1.9529387394000002,
        1.9549555204000002
      ],
      "exit_codes": [
        0,
        0,
        0,
        0,
        0
      ]
    }
  ]
}
