{
  "results": [
    {
      "command": "./bin/noahfalk/aot/1brc ./inputs/measurements.txt",
      "mean": 0.8351564503400001,
      "stddev": 0.0035213787090724188,
      "median": 0.83614203034,
      "user": 22.955205619999997,
      "system": 6.907139959999999,
      "min": 0.82957183534,
      "max": 0.83903778634,
      "times": [
        0.83903778634,
        0.83614203034,
        0.82957183534,
        0.83654457734,
        0.83448602234
      ],
      "exit_codes": [
        0,
        0,
        0,
        0,
        0
      ]
    }
  ]
}
