{
  "results": [
    {
      "command": "./bin/noahfalk/aot/1brc ./inputs/measurements.txt",
      "mean": 1.1893770293200001,
      "stddev": 0.004942605710086484,
      "median": 1.19016270732,
      "user": 40.67706664,
      "system": 6.81317226,
      "min": 1.18388587232,
      "max": 1.19555691732,
      "times": [
        1.18492032532,
        1.19016270732,
        1.19555691732,
        1.18388587232,
        1.1923593243200001
      ],
      "exit_codes": [
        0,
        0,
        0,
        0,
        0
      ]
    }
  ]
}
