{
  "results": [
    {
      "command": "./bin/noahfalk/aot/1brc ./inputs/measurements.txt",
      "mean": 1.11610912506,
      "stddev": 0.026180504111464994,
      "median": 1.12799850866,
      "user": 41.889239999999994,
      "system": 16.405862860000003,
      "min": 1.08534275066,
      "max": 1.14683467866,
      "times": [
        1.08534275066,
        1.14683467866,
        1.0923033716600001,
        1.12799850866,
        1.1280663156600002
      ],
      "exit_codes": [
        0,
        0,
        0,
        0,
        0
      ]
    }
  ]
}
