{
  "results": [
    {
      "command": "./bin/noahfalk/aot/1brc ./inputs/measurements.txt",
      "mean": 1.17659759494,
      "stddev": 0.0027892455087146803,
      "median": 1.17597570074,
      "user": 21.66848314,
      "system": 4.132704479999999,
      "min": 1.17382699674,
      "max": 1.17966984974,
      "times": [
        1.1741532397399999,
        1.17597570074,
        1.17382699674,
        1.17966984974,
        1.17936218774
      ],
      "exit_codes": [
        0,
        0,
        0,
        0,
        0
      ]
    }
  ]
}
