{
  "results": [
    {
      "command": "./bin/pedrosakuma/aot/1brc ./inputs/measurements.txt",
      "mean": 2.079644147,
      "stddev": 0.00934852605387202,
      "median": 2.0855795896,
      "user": 51.744668860000004,
      "system": 1.9951925199999998,
      "min": 2.0673148996,
      "max": 2.0871540956,
      "times": [
        2.0718294326,
        2.0863427176,
        2.0673148996,
        2.0871540956,
        2.0855795896
      ],
      "exit_codes": [
        0,
        0,
        0,
        0,
        0
      ]
    }
  ]
}
