{
  "results": [
    {
      "command": "./bin/pedrosakuma/aot/1brc ./inputs/measurements.txt",
      "mean": 0.9301878341200001,
      "stddev": 0.015200653845611178,
      "median": 0.93615695652,
      "user": 0.45448046,
      "system": 0.5974559399999999,
      "min": 0.90319880552,
      "max": 0.9392690905200001,
      "times": [
        0.90319880552,
        0.93615695652,
        0.93795528652,
        0.93435903152,
        0.9392690905200001
      ],
      "exit_codes": [
        0,
        0,
        0,
        0,
        0
      ]
    }
  ]
}
