{
  "results": [
    {
      "command": "./bin/pedrosakuma/aot/1brc ./inputs/measurements.txt",
      "mean": 2.79458015976,
      "stddev": 0.012001285253608754,
      "median": 2.79452778776,
      "user": 51.45091616,
      "system": 1.4187457199999998,
      "min": 2.77902635776,
      "max": 2.81079790776,
      "times": [
        2.81079790776,
        2.77902635776,
        2.79452778776,
        2.80023245676,
        2.78831628876
      ],
      "exit_codes": [
        0,
        0,
        0,
        0,
        0
      ]
    }
  ]
}
