{
  "results": [
    {
      "command": "./bin/pedrosakuma/aot/1brc ./inputs/measurements.txt",
      "mean": 4.963896114900001,
      "stddev": 0.005071491963398168,
      "median": 4.9624565037,
      "user": 103.2676058,
      "system": 1.6827016000000001,
      "min": 4.9585694017,
      "max": 4.9709769717,
      "times": [
        4.9709769717,
        4.9624565037,
        4.9670739477,
        4.9604037497,
        4.9585694017
      ],
      "exit_codes": [
        0,
        0,
        0,
        0,
        0
      ]
    }
  ]
}
