{
  "results": [
    {
      "command": "./bin/pedrosakuma/aot/1brc ./inputs/measurements.txt",
      "mean": 4.367315132920001,
      "stddev": 0.02223974256367882,
      "median": 4.366381699520001,
      "user": 46.38870408,
      "system": 1.13791646,
      "min": 4.34423550152,
      "max": 4.4035873505200005,
      "times": [
        4.355986194520001,
        4.4035873505200005,
        4.34423550152,
        4.3663849185200005,
        4.366381699520001
      ],
      "exit_codes": [
        0,
        0,
        0,
        0,
        0
      ]
    }
  ]
}
