{
  "results": [
    {
      "command": "./bin/pedrosakuma/aot/1brc ./inputs/measurements.txt",
      "mean": 3.30186140156,
      "stddev": 0.002808139215740684,
      "median": 3.30257117716,
      "user": 111.70093614,
      "system": 2.3222794399999995,
      "min": 3.29864092816,
      "max": 3.30578920316,
      "times": [
        3.30260812216,
        3.29864092816,
        3.30257117716,
        3.29969757716,
        3.30578920316
      ],
      "exit_codes": [
        0,
        0,
        0,
        0,
        0
      ]
    }
  ]
}
