{
  "results": [
    {
      "command": "./calculate_average_royvanrijn.sh",
      "mean": 0.9780136116000001,
      "stddev": 0.019229313331495083,
      "median": 0.9759794084000001,
      "user": 0.00145448,
      "system": 0.00361112,
      "min": 0.9551954894000001,
      "max": 1.0084099713999999,
      "times": [
        0.9725071444000001,
        0.9759794084000001,
        1.0084099713999999,
        0.9779760444000001,
        0.9551954894000001
      ],
      "exit_codes": [
        0,
        0,
        0,
        0,
        0
      ]
    }
  ]
}
