{
  "results": [
    {
      "command": "./calculate_average_royvanrijn.sh",
      "mean": 1.6744149952599998,
      "stddev": 0.021650366091504693,
      "median": 1.66869504126,
      "user": 0.00290394,
      "system": 0.001791568,
      "min": 1.6555120642599999,
      "max": 1.70774895726,
      "times": [
        1.6555120642599999,
        1.6571014422600001,
        1.68301747126,
        1.70774895726,
        1.66869504126
      ],
      "exit_codes": [
        0,
        0,
        0,
        0,
        0
      ]
    }
  ]
}
