{
  "results": [
    {
      "command": "./calculate_average_royvanrijn.sh",
      "mean": 2.8522126516199995,
      "stddev": 0.01959254700890138,
      "median": 2.8458057864199997,
      "user": 0.00250074,
      "system": 0.002148104,
      "min": 2.8292723614199997,
      "max": 2.88164461142,
      "times": [
        2.8458057864199997,
        2.8450315204199996,
        2.88164461142,
        2.85930897842,
        2.8292723614199997
      ],
      "exit_codes": [
        0,
        0,
        0,
        0,
        0
      ]
    }
  ]
}
