{
  "results": [
    {
      "command": "./calculate_average_royvanrijn.sh",
      "mean": 1.8047774945200001,
      "stddev": 0.01648462612522961,
      "median": 1.7951517083200002,
      "user": 0.00228212,
      "system": 0.00244792,
      "min": 1.7935911273200003,
      "max": 1.8318923023200002,
      "times": [
        1.7951517083200002,
        1.7935911273200003,
        1.79407280732,
        1.8318923023200002,
        1.8091795273200002
      ],
      "exit_codes": [
        0,
        0,
        0,
        0,
        0
      ]
    }
  ]
}
