{
  "results": [
    {
      "command": "./calculate_average_royvanrijn.sh",
      "mean": 3.3177353691199998,
      "stddev": 0.025317994340104535,
      "median": 3.30837576552,
      "user": 0.003556599999999999,
      "system": 0.001066016,
      "min": 3.30042084852,
      "max": 3.36175028752,
      "times": [
        3.30239624152,
        3.30042084852,
        3.30837576552,
        3.3157337025199998,
        3.36175028752
      ],
      "exit_codes": [
        0,
        0,
        0,
        0,
        0
      ]
    }
  ]
}
