{
  "results": [
    {
      "command": "./calculate_average_royvanrijn.sh",
      "mean": 0.9031434233600001,
      "stddev": 0.019046502467587607,
      "median": 0.89582242716,
      "user": 0.0024415,
      "system": 0.0027636,
      "min": 0.88198255816,
      "max": 0.92943831616,
      "times": [
        0.89292574016,
        0.92943831616,
        0.89582242716,
        0.88198255816,
        0.91554807516
      ],
      "exit_codes": [
        0,
        0,
        0,
        0,
        0
      ]
    }
  ]
}
