{
  "results": [
    {
      "command": "./calculate_average_stephenvonworley.sh",
      "mean": 1.22009394724,
      "stddev": 0.006698647190556647,
      "median": 1.22081917724,
      "user": 0.0034622399999999997,
      "system": 0.001312624,
      "min": 1.21144007424,
      "max": 1.22752683424,
      "times": [
        1.22527646424,
        1.22081917724,
        1.21144007424,
        1.22752683424,
        1.21540718624
      ],
      "exit_codes": [
        0,
        0,
        0,
        0,
        0
      ]
    }
  ]
}
