{
  "results": [
    {
      "command": "./calculate_average_stephenvonworley.sh",
      "mean": 1.2091316808800001,
      "stddev": 0.011550074471986515,
      "median": 1.20718773548,
      "user": 0.0032266600000000006,
      "system": 0.0019210159999999998,
      "min": 1.19360505848,
      "max": 1.22552824748,
      "times": [
        1.19360505848,
        1.22552824748,
        1.20655919448,
        1.21277816848,
        1.20718773548
      ],
      "exit_codes": [
        0,
        0,
        0,
        0,
        0
      ]
    }
  ]
}
