{
  "results": [
    {
      "command": "./calculate_average_stephenvonworley.sh",
      "mean": 1.86630471016,
      "stddev": 0.001131105956179197,
      "median": 1.86652006036,
      "user": 0.00233018,
      "system": 0.0024258799999999996,
      "min": 1.8645805133600002,
      "max": 1.86767445836,
      "times": [
        1.8660483083600001,
        1.8645805133600002,
        1.86767445836,
        1.86652006036,
        1.8667002103600001
      ],
      "exit_codes": [
        0,
        0,
        0,
        0,
        0
      ]
    }
  ]
}
