{
  "results": [
    {
      "command": "./calculate_average_stephenvonworley.sh",
      "mean": 1.5051081602000003,
      "stddev": 0.0022433819540179016,
      "median": 1.5041125018000001,
      "user": 0.00209742,
      "system": 0.0026986800000000006,
      "min": 1.5026926498,
      "max": 1.5083864698000002,
      "times": [
        1.5063035018,
        1.5041125018000001,
        1.5040456778,
        1.5026926498,
        1.5083864698000002
      ],
      "exit_codes": [
        0,
        0,
        0,
        0,
        0
      ]
    }
  ]
}
