{
  "results": [
    {
      "command": "./calculate_average_stephenvonworley.sh",
      "mean": 0.8313472471200001,
      "stddev": 0.00152551422385135,
      "median": 0.8313864765200001,
      "user": 0.003785059999999999,
      "system": 0.001542528,
      "min": 0.82972055452,
      "max": 0.83312339552,
      "times": [
        0.82972055452,
        0.8299321845200001,
        0.83312339552,
        0.8313864765200001,
        0.83257362452
      ],
      "exit_codes": [
        0,
        0,
        0,
        0,
        0
      ]
    }
  ]
}
