{
  "results": [
    {
      "command": "./calculate_average_stephenvonworley.sh",
      "mean": 2.0810571363600006,
      "stddev": 0.008744607384373087,
      "median": 2.0774441397600003,
      "user": 0.0036024799999999995,
      "system": 0.001091176,
      "min": 2.07212081176,
      "max": 2.09183450176,
      "times": [
        2.08884381976,
        2.07212081176,
        2.09183450176,
        2.0750424087600003,
        2.0774441397600003
      ],
      "exit_codes": [
        0,
        0,
        0,
        0,
        0
      ]
    }
  ]
}
