{
  "results": [
    {
      "command": "./calculate_average_thomaswue.sh",
      "mean": 0.9421624165600001,
      "stddev": 0.003886642127763432,
      "median": 0.9417456111600001,
      "user": 0.00204164,
      "system": 0.0031796320000000004,
      "min": 0.93710164516,
      "max": 0.9476983121600001,
      "times": [
        0.9407206401600001,
        0.9417456111600001,
        0.9435458741600001,
        0.93710164516,
        0.9476983121600001
      ],
      "exit_codes": [
        0,
        0,
        0,
        0,
        0
      ]
    }
  ]
}
