{
  "results": [
    {
      "command": "./calculate_average_thomaswue.sh",
      "mean": 1.75111138048,
      "stddev": 0.00579520637184783,
      "median": 1.7487405202800002,
      "user": 0.00141336,
      "system": 0.0032114199999999996,
      "min": 1.74523432628,
      "max": 1.75768810128,
      "times": [
        1.7487405202800002,
        1.75768810128,
        1.7469706722800002,
        1.75692328228,
        1.74523432628
      ],
      "exit_codes": [
        0,
        0,
        0,
        0,
        0
      ]
    }
  ]
}
