{
  "results": [
    {
      "command": "./calculate_average_thomaswue.sh",
      "mean": 1.55005270386,
      "stddev": 0.004752417053690715,
      "median": 1.5477865012599998,
      "user": 0.00281922,
      "system": 0.001822008,
      "min": 1.54654408726,
      "max": 1.55827259826,
      "times": [
        1.5477865012599998,
        1.55827259826,
        1.54774851326,
        1.54654408726,
        1.5499118192599999
      ],
      "exit_codes": [
        0,
        0,
        0,
        0,
        0
      ]
    }
  ]
}
