{
  "results": [
    {
      "command": "./calculate_average_thomaswue.sh",
      "mean": 1.1930663787,
      "stddev": 0.006245843472221912,
      "median": 1.1896235717,
      "user": 0.0010305199999999998,
      "system": 0.0041002,
      "min": 1.1879412947,
      "max": 1.2016851117,
      "times": [
        1.1883698237,
        1.1896235717,
        1.2016851117,
        1.1977120917000001,
        1.1879412947
      ],
      "exit_codes": [
        0,
        0,
        0,
        0,
        0
      ]
    }
  ]
}
