{
  "results": [
    {
      "command": "./calculate_average_thomaswue.sh",
      "mean": 2.48338027358,
      "stddev": 0.002855702925831378,
      "median": 2.4832784591799997,
      "user": 0.00081694,
      "system": 0.00379084,
      "min": 2.47911851818,
      "max": 2.4870309811799998,
      "times": [
        2.4870309811799998,
        2.48439453418,
        2.4832784591799997,
        2.48307887518,
        2.47911851818
      ],
      "exit_codes": [
        0,
        0,
        0,
        0,
        0
      ]
    }
  ]
}
