{
  "results": [
    {
      "command": "./calculate_average_thomaswue.sh",
      "mean": 2.6643746581800003,
      "stddev": 0.00933332168577098,
      "median": 2.66303261558,
      "user": 0.00163976,
      "system": 0.0028622999999999995,
      "min": 2.65442631958,
      "max": 2.67664619058,
      "times": [
        2.6708339465799997,
        2.66303261558,
        2.65693421858,
        2.67664619058,
        2.65442631958
      ],
      "exit_codes": [
        0,
        0,
        0,
        0,
        0
      ]
    }
  ]
}
