{
  "results": [
    {
      "command": "./bin/xoofx/aot/1brc ./inputs/measurements.txt",
      "mean": 3.4999138400599996,
      "stddev": 0.017539625013416882,
      "median": 3.50860881246,
      "user": 38.040554840000006,
      "system": 3.18647244,
      "min": 3.46981178746,
      "max": 3.51178545746,
      "times": [
        3.46981178746,
        3.50860881246,
        3.51026815546,
        3.49909498746,
        3.51178545746
      ],
      "exit_codes": [
        0,
        0,
        0,
        0,
        0
      ]
    }
  ]
}
