{
  "results": [
    {
      "command": "./bin/xoofx/aot/1brc ./inputs/measurements.txt",
      "mean": 2.0025751917,
      "stddev": 0.012094218165779737,
      "median": 2.0021941681,
      "user": 42.58759343999999,
      "system": 3.4431587200000005,
      "min": 1.9864868710999999,
      "max": 2.0144084590999998,
      "times": [
        1.9864868710999999,
        2.0021941681,
        1.9955303141,
        2.0142561461,
        2.0144084590999998
      ],
      "exit_codes": [
        0,
        0,
        0,
        0,
        0
      ]
    }
  ]
}
