{
  "results": [
    {
      "command": "./bin/xoofx/aot/1brc ./inputs/measurements.txt",
      "mean": 1.1623343930999999,
      "stddev": 0.03587158024606096,
      "median": 1.1518287732999999,
      "user": 78.08468864,
      "system": 4.4034245599999995,
      "min": 1.1368121842999999,
      "max": 1.2252777013,
      "times": [
        1.1544105633,
        1.1518287732999999,
        1.2252777013,
        1.1368121842999999,
        1.1433427432999999
      ],
      "exit_codes": [
        0,
        0,
        0,
        0,
        0
      ]
    }
  ]
}
