{
  "results": [
    {
      "command": "./bin/xoofx/aot/1brc ./inputs/measurements.txt",
      "mean": 1.9110462377800002,
      "stddev": 0.00804793524018038,
      "median": 1.91032133158,
      "user": 80.94707528,
      "system": 4.28784134,
      "min": 1.90116983858,
      "max": 1.92042079858,
      "times": [
        1.90116983858,
        1.91767515058,
        1.90564406958,
        1.91032133158,
        1.92042079858
      ],
      "exit_codes": [
        0,
        0,
        0,
        0,
        0
      ]
    }
  ]
}
