{
  "results": [
    {
      "command": "./bin/xoofx/aot/1brc ./inputs/measurements.txt",
      "mean": 2.90859312436,
      "stddev": 0.010247545802221052,
      "median": 2.90534084296,
      "user": 63.600461239999994,
      "system": 3.7502835999999995,
      "min": 2.89767926696,
      "max": 2.92153880696,
      "times": [
        2.89767926696,
        2.92153880696,
        2.90534084296,
        2.90139234396,
        2.91701436096
      ],
      "exit_codes": [
        0,
        0,
        0,
        0,
        0
      ]
    }
  ]
}
