{
  "results": [
    {
      "command": "./bin/xoofx/aot/1brc ./inputs/measurements.txt",
      "mean": 1.1020935765400002,
      "stddev": 0.010478921852559076,
      "median": 1.09879101734,
      "user": 42.75349414,
      "system": 3.25690934,
      "min": 1.09401693934,
      "max": 1.12014646434,
      "times": [
        1.09401693934,
        1.09602575934,
        1.12014646434,
        1.09879101734,
        1.10148770234
      ],
      "exit_codes": [
        0,
        0,
        0,
        0,
        0
      ]
    }
  ]
}
