{
  "results": [
    {
      "command": "./calculate_average_abeobk.sh",
      "mean": 1.1638447585000002,
      "stddev": 0.0022170048998859876,
      "median": 1.1637724585,
      "user": 0.0031767799999999997,
      "system": 0.0015316239999999999,
      "min": 1.1614537115,
      "max": 1.1673096725,
      "times": [
        1.1624981285,
        1.1673096725,
        1.1641898215,
        1.1637724585,
        1.1614537115
      ],
      "exit_codes": [
        0,
        0,
        0,
        0,
        0
      ]
    }
  ]
}
