{
  "results": [
    {
      "command": "./calculate_average_abeobk.sh",
      "mean": 2.3482954224800006,
      "stddev": 0.005609344030732583,
      "median": 2.34922831768,
      "user": 0.00301454,
      "system": 0.001015064,
      "min": 2.33911677768,
      "max": 2.35412163368,
      "times": [
        2.35412163368,
        2.3481142696800004,
        2.34922831768,
        2.33911677768,
        2.35089611368
      ],
      "exit_codes": [
        0,
        0,
        0,
        0,
        0
      ]
    }
  ]
}
