{
  "results": [
    {
      "command": "./calculate_average_abeobk.sh",
      "mean": 0.8850143610800002,
      "stddev": 0.005963248114854633,
      "median": 0.88451089728,
      "user": 0.00235292,
      "system": 0.00255272,
      "min": 0.8803282972800001,
      "max": 0.8949829622800001,
      "times": [
        0.8949829622800001,
        0.8847737612800001,
        0.88451089728,
        0.8803282972800001,
        0.88047588728
      ],
      "exit_codes": [
        0,
        0,
        0,
        0,
        0
      ]
    }
  ]
}
