{
  "results": [
    {
      "command": "./calculate_average_abeobk.sh",
      "mean": 0.89737328348,
      "stddev": 0.002251526762330249,
      "median": 0.89680372148,
      "user": 0.0035588399999999997,
      "system": 0.0015457799999999999,
      "min": 0.89493136648,
      "max": 0.90044320348,
      "times": [
        0.89885469448,
        0.89680372148,
        0.89583343148,
        0.90044320348,
        0.89493136648
      ],
      "exit_codes": [
        0,
        0,
        0,
        0,
        0
      ]
    }
  ]
}
