{
  "results": [
    {
      "command": "./calculate_average_abeobk.sh",
      "mean": 0.9002086744400002,
      "stddev": 0.00148947219926451,
      "median": 0.9004841038400001,
      "user": 0.00224426,
      "system": 0.00287164,
      "min": 0.89838693284,
      "max": 0.9017394998400001,
      "times": [
        0.9017394998400001,
        0.8989642278400001,
        0.90146860784,
        0.9004841038400001,
        0.89838693284
      ],
      "exit_codes": [
        0,
        0,
        0,
        0,
        0
      ]
    }
  ]
}
