{
  "results": [
    {
      "command": "./calculate_average_abeobk.sh",
      "mean": 1.7725909996799998,
      "stddev": 0.003835433825861657,
      "median": 1.77126645308,
      "user": 0.00177228,
      "system": 0.0028878199999999997,
      "min": 1.76890122908,
      "max": 1.77876019108,
      "times": [
        1.77355427508,
        1.77126645308,
        1.76890122908,
        1.77047285008,
        1.77876019108
      ],
      "exit_codes": [
        0,
        0,
        0,
        0,
        0
      ]
    }
  ]
}
