{
  "results": [
    {
      "command": "./calculate_average_abeobk.sh",
      "mean": 3.6147939444,
      "stddev": 0.01191664653035475,
      "median": 3.6099373918,
      "user": 0.0034287399999999996,
      "system": 0.000516132,
      "min": 3.6026554488,
      "max": 3.6331081468,
      "times": [
        3.6331081468,
        3.6086199958000003,
        3.6026554488,
        3.6196487388,
        3.6099373918
      ],
      "exit_codes": [
        0,
        0,
        0,
        0,
        0
      ]
    }
  ]
}
