{
  "results": [
    {
      "command": "./calculate_average_abeobk.sh",
      "mean": 0.9015072657,
      "stddev": 0.006029454225671801,
      "median": 0.9021110777,
      "user": 0.004241259999999999,
      "system": 0.000739152,
      "min": 0.8959188237,
      "max": 0.9105473687,
      "times": [
        0.9021110777,
        0.8959188237,
        0.9029346057000001,
        0.8960244527,
        0.9105473687
      ],
      "exit_codes": [
        0,
        0,
        0,
        0,
        0
      ]
    }
  ]
}
