{
  "results": [
    {
      "command": "./calculate_average_artsiomkorzun.sh",
      "mean": 0.4985736321000001,
      "stddev": 0.00501702785134512,
      "median": 0.4984163781,
      "user": 0.0027925800000000002,
      "system": 0.002580448,
      "min": 0.49315905610000005,
      "max": 0.5059662271,
      "times": [
        0.5059662271,
        0.4984163781,
        0.49315905610000005,
        0.5004047691000001,
        0.4949217301
      ],
      "exit_codes": [
        0,
        0,
        0,
        0,
        0
      ]
    }
  ]
}
