{
  "results": [
    {
      "command": "./calculate_average_artsiomkorzun.sh",
      "mean": 0.6666771024000002,
      "stddev": 0.00478121641303535,
      "median": 0.6639388512000001,
      "user": 0.0035334599999999996,
      "system": 0.0014730800000000003,
      "min": 0.6623589122000001,
      "max": 0.6724688452,
      "times": [
        0.6623589122000001,
        0.6724688452,
        0.6639388512000001,
        0.6712433632000001,
        0.6633755402000001
      ],
      "exit_codes": [
        0,
        0,
        0,
        0,
        0
      ]
    }
  ]
}
