{
  "results": [
    {
      "command": "./calculate_average_artsiomkorzun.sh",
      "mean": 1.9014611258600003,
      "stddev": 0.012288173484943113,
      "median": 1.90697792446,
      "user": 0.0022964199999999995,
      "system": 0.001907172,
      "min": 1.88668914546,
      "max": 1.9136284134600001,
      "times": [
        1.9136284134600001,
        1.90697792446,
        1.88668914546,
        1.91008146346,
        1.8899286824600001
      ],
      "exit_codes": [
        0,
        0,
        0,
        0,
        0
      ]
    }
  ]
}
