{
  "results": [
    {
      "command": "./calculate_average_artsiomkorzun.sh",
      "mean": 0.27601125918,
      "stddev": 0.00245781463579595,
      "median": 0.27495271658000003,
      "user": 0.0018073999999999996,
      "system": 0.003965959999999999,
      "min": 0.27418543458000005,
      "max": 0.28022493258000003,
      "times": [
        0.27495271658000003,
        0.27418543458000005,
        0.27461493258,
        0.28022493258000003,
        0.27607827958000003
      ],
      "exit_codes": [
        0,
        0,
        0,
        0,
        0
      ]
    }
  ]
}
