{
  "results": [
    {
      "command": "./calculate_average_artsiomkorzun.sh",
      "mean": 0.9574124967000002,
      "stddev": 0.0011637417477883326,
      "median": 0.9578403427000001,
      "user": 0.0020527999999999996,
      "system": 0.00284796,
      "min": 0.9561017167000001,
      "max": 0.9584486927000001,
      "times": [
        0.9562334737000001,
        0.9584382577,
        0.9578403427000001,
        0.9584486927000001,
        0.9561017167000001
      ],
      "exit_codes": [
        0,
        0,
        0,
        0,
        0
      ]
    }
  ]
}
