{
  "results": [
    {
      "command": "./calculate_average_artsiomkorzun.sh",
      "mean": 0.35043751572000004,
      "stddev": 0.001017206386722325,
      "median": 0.35020082152000004,
      "user": 0.00535074,
      "system": 0.0,
      "min": 0.34958851052,
      "max": 0.35217974252,
      "times": [
        0.35034497752,
        0.35217974252,
        0.35020082152000004,
        0.34958851052,
        0.34987352652000003
      ],
      "exit_codes": [
        0,
        0,
        0,
        0,
        0
      ]
    }
  ]
}
