{
  "results": [
    {
      "command": "./calculate_average_artsiomkorzun.sh",
      "mean": 0.44234647062,
      "stddev": 0.006376879845964988,
      "median": 0.44320535222,
      "user": 19.8334857,
      "system": 2.2641223999999998,
      "min": 0.43595531222,
      "max": 0.45104244522000003,
      "times": [
        0.44320535222,
        0.45104244522000003,
        0.44526180622,
        0.43626743722,
        0.43595531222
      ],
      "exit_codes": [
        0,
        0,
        0,
        0,
        0
      ]
    }
  ]
}
