{
  "results": [
    {
      "command": "./calculate_average_artsiomkorzun.sh",
      "mean": 1.29799413184,
      "stddev": 0.005770889452789765,
      "median": 1.2947268656400002,
      "user": 0.0034407999999999995,
      "system": 0.000802192,
      "min": 1.2935043326400002,
      "max": 1.30688825764,
      "times": [
        1.30078918664,
        1.2947268656400002,
        1.2935043326400002,
        1.29406201664,
        1.30688825764
      ],
      "exit_codes": [
        0,
        0,
        0,
        0,
        0
      ]
    }
  ]
}
