{
  "results": [
    {
      "command": "./bin/austindonisan/aot/1brc ./inputs/measurements.txt 32 1",
      "mean": 0.42936564872,
      "stddev": 0.020197417875391543,
      "median": 0.41886076552,
      "user": 0.008808999999999999,
      "system": 0.008356119999999998,
      "min": 0.41464913352,
      "max": 0.46372200252,
      "times": [
        0.46372200252,
        0.41464913352,
        0.43122979652000004,
        0.41836654552,
        0.41886076552
      ],
      "exit_codes": [
        0,
        0,
        0,
        0,
        0
      ]
    }
  ]
}
