{
  "results": [
    {
      "command": "./bin/austindonisan/aot/1brc ./inputs/measurements.txt 64 1",
      "mean": 0.28862377996,
      "stddev": 0.0016989578325546256,
      "median": 0.28845616316000006,
      "user": 0.014583619999999997,
      "system": 0.012328019999999999,
      "min": 0.28701147516000003,
      "max": 0.29123774616000003,
      "times": [
        0.28845616316000006,
        0.28913884516000005,
        0.28727467016,
        0.29123774616000003,
        0.28701147516000003
      ],
      "exit_codes": [
        0,
        0,
        0,
        0,
        0
      ]
    }
  ]
}
