{
  "results": [
    {
      "command": "./bin/austindonisan/aot/1brc ./inputs/measurements.txt 64 1",
      "mean": 0.29018979584000004,
      "stddev": 0.0011633437222967676,
      "median": 0.28985242944,
      "user": 0.01374938,
      "system": 0.01020726,
      "min": 0.28921810244,
      "max": 0.29220793944,
      "times": [
        0.28921810244,
        0.29220793944,
        0.28996008744,
        0.28971042044,
        0.28985242944
      ],
      "exit_codes": [
        0,
        0,
        0,
        0,
        0
      ]
    }
  ]
}
