{
  "results": [
    {
      "command": "./bin/austindonisan/aot/1brc ./inputs/measurements.txt 16 1",
      "mean": 0.80953406918,
      "stddev": 0.014800272251573517,
      "median": 0.8052108893800001,
      "user": 0.00887722,
      "system": 0.0043038320000000005,
      "min": 0.7973837273800001,
      "max": 0.83324806638,
      "times": [
        0.8137018233800001,
        0.8052108893800001,
        0.7973837273800001,
        0.79812583938,
        0.83324806638
      ],
      "exit_codes": [
        0,
        0,
        0,
        0,
        0
      ]
    }
  ]
}
