{
  "results": [
    {
      "command": "./bin/austindonisan/aot/1brc ./inputs/measurements.txt 16 1",
      "mean": 0.80033403164,
      "stddev": 0.010881955161371687,
      "median": 0.79632316424,
      "user": 0.010256,
      "system": 0.00333358,
      "min": 0.79137722924,
      "max": 0.81792511024,
      "times": [
        0.81792511024,
        0.79632316424,
        0.80337127224,
        0.7926733822400001,
        0.79137722924
      ],
      "exit_codes": [
        0,
        0,
        0,
        0,
        0
      ]
    }
  ]
}
