{
  "results": [
    {
      "command": "./bin/austindonisan/aot/1brc ./inputs/measurements.txt 128 1",
      "mean": 0.26877768574000005,
      "stddev": 0.029758266513419625,
      "median": 0.25060492014,
      "user": 0.020744759999999994,
      "system": 0.02243224,
      "min": 0.24652915014000001,
      "max": 0.31549985914,
      "times": [
        0.25060492014,
        0.24959355114000004,
        0.31549985914,
        0.24652915014000001,
        0.28166094814000003
      ],
      "exit_codes": [
        0,
        0,
        0,
        0,
        0
      ]
    }
  ]
}
