{
  "results": [
    {
      "command": "./bin/austindonisan/aot/1brc ./inputs/measurements.txt 32 1",
      "mean": 0.42226036884000007,
      "stddev": 0.01338742758624811,
      "median": 0.41510014944,
      "user": 0.01284776,
      "system": 0.005135111999999999,
      "min": 0.41462699544000003,
      "max": 0.44574359944,
      "times": [
        0.41462699544000003,
        0.41490401244,
        0.44574359944,
        0.41510014944,
        0.42092708744
      ],
      "exit_codes": [
        0,
        0,
        0,
        0,
        0
      ]
    }
  ]
}
