{
  "results": [
    {
      "command": "./bin/austindonisan/aot/1brc ./inputs/measurements.txt 8 1",
      "mean": 1.5941023209,
      "stddev": 0.02642320062286693,
      "median": 1.5942117947,
      "user": 0.01552634,
      "system": 0.005679912,
      "min": 1.5661016327000001,
      "max": 1.6267375867,
      "times": [
        1.5701388847,
        1.6133217057000002,
        1.6267375867,
        1.5942117947,
        1.5661016327000001
      ],
      "exit_codes": [
        0,
        0,
        0,
        0,
        0
      ]
    }
  ]
}
