{
  "results": [
    {
      "command": "./bin/buybackoff/aot/1brc ./inputs/measurements.txt",
      "mean": 0.46669599104000004,
      "stddev": 0.002818139097551924,
      "median": 0.46606459944000006,
      "user": 0.0205808,
      "system": 0.01996688,
      "min": 0.46407160944000003,
      "max": 0.47063227744,
      "times": [
        0.46844806544000006,
        0.46407160944000003,
        0.47063227744,
        0.46426340344000006,
        0.46606459944000006
      ],
      "exit_codes": [
        0,
        0,
        0,
        0,
        0
      ]
    }
  ]
}
