{
  "results": [
    {
      "command": "./bin/buybackoff/aot/1brc ./inputs/measurements.txt",
      "mean": 1.57646450664,
      "stddev": 0.004305213521799137,
      "median": 1.57541739724,
      "user": 0.015463320000000003,
      "system": 0.00995758,
      "min": 1.5707587502400002,
      "max": 1.5813083302400002,
      "times": [
        1.5707587502400002,
        1.58017606524,
        1.5813083302400002,
        1.57541739724,
        1.57466199024
      ],
      "exit_codes": [
        0,
        0,
        0,
        0,
        0
      ]
    }
  ]
}
