{
  "results": [
    {
      "command": "./bin/buybackoff/aot/1brc ./inputs/measurements.txt",
      "mean": 0.36702475548,
      "stddev": 0.00256412465010074,
      "median": 0.36712151728000003,
      "user": 0.034909039999999995,
      "system": 0.04274943999999999,
      "min": 0.36365058328,
      "max": 0.37041496328,
      "times": [
        0.36566362128,
        0.36827309228000005,
        0.37041496328,
        0.36365058328,
        0.36712151728000003
      ],
      "exit_codes": [
        0,
        0,
        0,
        0,
        0
      ]
    }
  ]
}
