{
  "results": [
    {
      "command": "./bin/buybackoff/aot/1brc ./inputs/measurements.txt",
      "mean": 1.05940935674,
      "stddev": 0.003908209374674198,
      "median": 1.06020196094,
      "user": 0.015696839999999997,
      "system": 0.01056656,
      "min": 1.0539492019399999,
      "max": 1.06345327694,
      "times": [
        1.06345327694,
        1.0539492019399999,
        1.0570653159399999,
        1.06237702794,
        1.06020196094
      ],
      "exit_codes": [
        0,
        0,
        0,
        0,
        0
      ]
    }
  ]
}
