{
  "results": [
    {
      "command": "./bin/buybackoff/aot/1brc ./inputs/measurements.txt",
      "mean": 0.56387366604,
      "stddev": 0.002618591779641655,
      "median": 0.56340384744,
      "user": 0.0167704,
      "system": 0.01489376,
      "min": 0.56071294944,
      "max": 0.5677272384400001,
      "times": [
        0.5677272384400001,
        0.5648443534400001,
        0.56267994144,
        0.56340384744,
        0.56071294944
      ],
      "exit_codes": [
        0,
        0,
        0,
        0,
        0
      ]
    }
  ]
}
