{
  "results": [
    {
      "command": "./bin/buybackoff/aot/1brc ./inputs/measurements.txt",
      "mean": 0.35971467114000005,
      "stddev": 0.003606434727255658,
      "median": 0.36014262594,
      "user": 0.0198909,
      "system": 0.023471279999999997,
      "min": 0.35431126194000007,
      "max": 0.36444450094,
      "times": [
        0.36018680694000005,
        0.36444450094,
        0.36014262594,
        0.35431126194000007,
        0.35948815994000005
      ],
      "exit_codes": [
        0,
        0,
        0,
        0,
        0
      ]
    }
  ]
}
