{
  "results": [
    {
      "command": "./bin/buybackoff/aot/1brc ./inputs/measurements.txt",
      "mean": 0.8199296524599999,
      "stddev": 0.0018238631284258435,
      "median": 0.81940427186,
      "user": 0.01760208,
      "system": 0.01241314,
      "min": 0.81766969386,
      "max": 0.82222634486,
      "times": [
        0.81766969386,
        0.82222634486,
        0.82129831686,
        0.81904963486,
        0.81940427186
      ],
      "exit_codes": [
        0,
        0,
        0,
        0,
        0
      ]
    }
  ]
}
