{
  "results": [
    {
      "command": "./bin/buybackoff/aot/1brc ./inputs/measurements.txt",
      "mean": 2.0727658010999996,
      "stddev": 0.018862827415602617,
      "median": 2.0710745859,
      "user": 0.01786832,
      "system": 0.0062914799999999995,
      "min": 2.0493417339,
      "max": 2.1001115019,
      "times": [
        2.0794417138999997,
        2.0493417339,
        2.1001115019,
        2.0710745859,
        2.0638594698999997
      ],
      "exit_codes": [
        0,
        0,
        0,
        0,
        0
      ]
    }
  ]
}
