{
  "results": [
    {
      "command": "./bin/CameronAavik/aot/1brc ./inputs/measurements.txt",
      "mean": 1.45405095502,
      "stddev": 0.0025073974413705054,
      "median": 1.45495013262,
      "user": 38.64618502,
      "system": 1.16420566,
      "min": 1.45102800862,
      "max": 1.45695554862,
      "times": [
        1.45545775362,
        1.45186333162,
        1.45102800862,
        1.45495013262,
        1.45695554862
      ],
      "exit_codes": [
        0,
        0,
        0,
        0,
        0
      ]
    }
  ]
}
