{
  "results": [
    {
      "command": "./bin/CameronAavik/aot/1brc ./inputs/measurements.txt",
      "mean": 3.19784312608,
      "stddev": 0.031939747412858266,
      "median": 3.1878225166800003,
      "user": 46.41328356,
      "system": 0.9296766399999999,
      "min": 3.1716938696800003,
      "max": 3.2534867166800003,
      "times": [
        3.1878225166800003,
        3.1716938696800003,
        3.2534867166800003,
        3.18580718968,
        3.19040533768
      ],
      "exit_codes": [
        0,
        0,
        0,
        0,
        0
      ]
    }
  ]
}
