{
  "results": [
    {
      "command": "./bin/CameronAavik/aot/1brc ./inputs/measurements.txt",
      "mean": 1.45252135166,
      "stddev": 0.0017870779436232422,
      "median": 1.4529204788599999,
      "user": 38.74020134,
      "system": 1.18730254,
      "min": 1.44973707486,
      "max": 1.45450033686,
      "times": [
        1.45338178586,
        1.44973707486,
        1.4520670818599999,
        1.4529204788599999,
        1.45450033686
      ],
      "exit_codes": [
        0,
        0,
        0,
        0,
        0
      ]
    }
  ]
}
