{
  "results": [
    {
      "command": "./bin/CameronAavik/aot/1brc ./inputs/measurements.txt",
      "mean": 1.4650369052799999,
      "stddev": 0.030598515222804264,
      "median": 1.45499346508,
      "user": 38.90918023999999,
      "system": 1.02650876,
      "min": 1.44205971208,
      "max": 1.51602386508,
      "times": [
        1.45499346508,
        1.44272726608,
        1.46938021808,
        1.51602386508,
        1.44205971208
      ],
      "exit_codes": [
        0,
        0,
        0,
        0,
        0
      ]
    }
  ]
}
