{
  "results": [
    {
      "command": "./bin/CameronAavik/aot/1brc ./inputs/measurements.txt",
      "mean": 1.7158084887,
      "stddev": 0.014588015933688617,
      "median": 1.7126926395000002,
      "user": 46.65727747999999,
      "system": 1.04923164,
      "min": 1.7004918675,
      "max": 1.7393143135000002,
      "times": [
        1.7178292325,
        1.7004918675,
        1.7393143135000002,
        1.7087143905000002,
        1.7126926395000002
      ],
      "exit_codes": [
        0,
        0,
        0,
        0,
        0
      ]
    }
  ]
}
