{
  "results": [
    {
      "command": "./bin/CameronAavik/aot/1brc ./inputs/measurements.txt",
      "mean": 1.4708236082000001,
      "stddev": 0.017328102414504883,
      "median": 1.4707701024000002,
      "user": 38.99629946,
      "system": 0.96677298,
      "min": 1.4473704564,
      "max": 1.4915870184,
      "times": [
        1.4473704564,
        1.4825903614,
        1.4618001024,
        1.4707701024000002,
        1.4915870184
      ],
      "exit_codes": [
        0,
        0,
        0,
        0,
        0
      ]
    }
  ]
}
