{
  "results": [
    {
      "command": "./bin/CameronAavik/aot/1brc ./inputs/measurements.txt",
      "mean": 2.7311078143,
      "stddev": 0.10646764539767888,
      "median": 2.6867896261,
      "user": 38.2212722,
      "system": 0.8056645,
      "min": 2.6409707011,
      "max": 2.9103570831,
      "times": [
        2.6761602011,
        2.6867896261,
        2.7412614601,
        2.9103570831,
        2.6409707011
      ],
      "exit_codes": [
        0,
        0,
        0,
        0,
        0
      ]
    }
  ]
}
