{
  "results": [
    {
      "command": "./bin/CameronAavik/aot/1brc ./inputs/measurements.txt",
      "mean": 5.05924592994,
      "stddev": 0.025035121404970134,
      "median": 5.06288804774,
      "user": 38.06813638,
      "system": 0.71006842,
      "min": 5.03237011974,
      "max": 5.09377484074,
      "times": [
        5.0375449977399995,
        5.06288804774,
        5.09377484074,
        5.03237011974,
        5.06965164374
      ],
      "exit_codes": [
        0,
        0,
        0,
        0,
        0
      ]
    }
  ]
}
