{
  "results": [
    {
      "command": "./bin/dzaima/aot/1brc ./inputs/measurements.txt",
      "mean": 2.48011257018,
      "stddev": 0.008907038369301037,
      "median": 2.4785781301800003,
      "user": 18.613092339999998,
      "system": 0.6372096399999998,
      "min": 2.4727586551800003,
      "max": 2.49458879918,
      "times": [
        2.4727586551800003,
        2.4815455341800003,
        2.4785781301800003,
        2.4730917321800003,
        2.49458879918
      ],
      "exit_codes": [
        0,
        0,
        0,
        0,
        0
      ]
    }
  ]
}
