{
  "results": [
    {
      "command": "./bin/dzaima/aot/1brc ./inputs/measurements.txt",
      "mean": 2.4842507244,
      "stddev": 0.007596448678991038,
      "median": 2.4829616912000003,
      "user": 18.6353059,
      "system": 0.64427078,
      "min": 2.4764997152,
      "max": 2.4944456032000004,
      "times": [
        2.4944456032000004,
        2.4829616912000003,
        2.4779951902,
        2.4764997152,
        2.4893514222000004
      ],
      "exit_codes": [
        0,
        0,
        0,
        0,
        0
      ]
    }
  ]
}
