{
  "results": [
    {
      "command": "./bin/dzaima/aot/1brc ./inputs/measurements.txt",
      "mean": 2.48637888416,
      "stddev": 0.010470183797905342,
      "median": 2.48640314236,
      "user": 18.63497892,
      "system": 0.6320948399999999,
      "min": 2.47427309936,
      "max": 2.49761205836,
      "times": [
        2.4777089873600002,
        2.49589713336,
        2.47427309936,
        2.49761205836,
        2.48640314236
      ],
      "exit_codes": [
        0,
        0,
        0,
        0,
        0
      ]
    }
  ]
}
