{
  "results": [
    {
      "command": "./bin/dzaima/aot/1brc ./inputs/measurements.txt",
      "mean": 2.4858402571,
      "stddev": 0.018151723413491562,
      "median": 2.4830624469,
      "user": 18.649988479999998,
      "system": 0.6180545399999999,
      "min": 2.4668547829,
      "max": 2.5159464279000003,
      "times": [
        2.4837415409,
        2.4795960869,
        2.5159464279000003,
        2.4668547829,
        2.4830624469
      ],
      "exit_codes": [
        0,
        0,
        0,
        0,
        0
      ]
    }
  ]
}
