{
  "results": [
    {
      "command": "./bin/dzaima/aot/1brc ./inputs/measurements.txt",
      "mean": 2.50183376398,
      "stddev": 0.019567349450400062,
      "median": 2.4999840987799997,
      "user": 18.77184686,
      "system": 0.60643826,
      "min": 2.47147967078,
      "max": 2.5206696897799996,
      "times": [
        2.5175340777799997,
        2.49950128278,
        2.5206696897799996,
        2.47147967078,
        2.4999840987799997
      ],
      "exit_codes": [
        0,
        0,
        0,
        0,
        0
      ]
    }
  ]
}
