{
  "results": [
    {
      "command": "./bin/dzaima/aot/1brc ./inputs/measurements.txt",
      "mean": 2.5500818053000005,
      "stddev": 0.012740358679842639,
      "median": 2.5537856045000003,
      "user": 18.938830000000003,
      "system": 0.63677998,
      "min": 2.5333136655,
      "max": 2.5663778545,
      "times": [
        2.5537856045000003,
        2.5333136655,
        2.5549310545,
        2.5663778545,
        2.5420008475
      ],
      "exit_codes": [
        0,
        0,
        0,
        0,
        0
      ]
    }
  ]
}
