{
  "results": [
    {
      "command": "./bin/dzaima/aot/1brc ./inputs/measurements.txt",
      "mean": 2.5204755589000003,
      "stddev": 0.03702001553887137,
      "median": 2.5305596695,
      "user": 18.701488259999998,
      "system": 0.62135064,
      "min": 2.4708899805,
      "max": 2.5631446285,
      "times": [
        2.5631446285,
        2.4954840565,
        2.5422994595,
        2.4708899805,
        2.5305596695
      ],
      "exit_codes": [
        0,
        0,
        0,
        0,
        0
      ]
    }
  ]
}
