{
  "results": [
    {
      "command": "./bin/dzaima/aot/1brc ./inputs/measurements.txt",
      "mean": 2.554694744,
      "stddev": 0.012880021517639355,
      "median": 2.5539444164000003,
      "user": 18.9929832,
      "system": 0.61667284,
      "min": 2.5412467314000002,
      "max": 2.5677888674,
      "times": [
        2.5412467314000002,
        2.5427949034,
        2.5677888674,
        2.5676988014,
        2.5539444164000003
      ],
      "exit_codes": [
        0,
        0,
        0,
        0,
        0
      ]
    }
  ]
}
