{
  "results": [
    {
      "command": "./calculate_average_jerrinot.sh",
      "mean": 1.25301351824,
      "stddev": 0.006927039980530495,
      "median": 1.25037777064,
      "user": 0.0028087799999999994,
      "system": 0.0027662399999999997,
      "min": 1.24700240664,
      "max": 1.26444966664,
      "times": [
        1.25037777064,
        1.26444966664,
        1.25428151764,
        1.24895622964,
        1.24700240664
      ],
      "exit_codes": [
        0,
        0,
        0,
        0,
        0
      ]
    }
  ]
}
