{
  "results": [
    {
      "command": "./calculate_average_jerrinot.sh",
      "mean": 0.7069385945000001,
      "stddev": 0.007244955671716038,
      "median": 0.7032210315,
      "user": 0.00263508,
      "system": 0.003295504,
      "min": 0.7023024525,
      "max": 0.7195739525,
      "times": [
        0.7030911785,
        0.7065043575,
        0.7032210315,
        0.7023024525,
        0.7195739525
      ],
      "exit_codes": [
        0,
        0,
        0,
        0,
        0
      ]
    }
  ]
}
