{
  "results": [
    {
      "command": "./calculate_average_jerrinot.sh",
      "mean": 0.71895472386,
      "stddev": 0.0022428098336883667,
      "median": 0.71749692406,
      "user": 0.0017349199999999996,
      "system": 0.0046488,
      "min": 0.71702728006,
      "max": 0.72164914006,
      "times": [
        0.71749692406,
        0.71745866206,
        0.72164914006,
        0.72114161306,
        0.71702728006
      ],
      "exit_codes": [
        0,
        0,
        0,
        0,
        0
      ]
    }
  ]
}
