{
  "results": [
    {
      "command": "./calculate_average_jerrinot.sh",
      "mean": 0.72077571886,
      "stddev": 0.001916151597713594,
      "median": 0.71996699986,
      "user": 0.00326906,
      "system": 0.0030446799999999997,
      "min": 0.71909430086,
      "max": 0.72386572686,
      "times": [
        0.72133522586,
        0.71909430086,
        0.71996699986,
        0.71961634086,
        0.72386572686
      ],
      "exit_codes": [
        0,
        0,
        0,
        0,
        0
      ]
    }
  ]
}
