{
  "results": [
    {
      "command": "./calculate_average_jerrinot.sh",
      "mean": 2.3805953051000004,
      "stddev": 0.009128033312585425,
      "median": 2.3801077119000005,
      "user": 0.00245576,
      "system": 0.002151384,
      "min": 2.3695688459000004,
      "max": 2.3897767579000004,
      "times": [
        2.3801077119000005,
        2.3695688459000004,
        2.3896496919000003,
        2.3738735179000003,
        2.3897767579000004
      ],
      "exit_codes": [
        0,
        0,
        0,
        0,
        0
      ]
    }
  ]
}
