{
  "results": [
    {
      "command": "./calculate_average_jerrinot.sh",
      "mean": 0.70945958714,
      "stddev": 0.005254670973002286,
      "median": 0.71163996494,
      "user": 0.0035705599999999995,
      "system": 0.00236156,
      "min": 0.7012686879400001,
      "max": 0.7143665859400001,
      "times": [
        0.7126489489400001,
        0.7073737479400001,
        0.7012686879400001,
        0.71163996494,
        0.7143665859400001
      ],
      "exit_codes": [
        0,
        0,
        0,
        0,
        0
      ]
    }
  ]
}
