{
  "results": [
    {
      "command": "./calculate_average_jerrinot.sh",
      "mean": 1.6544997041199998,
      "stddev": 0.006860398431960154,
      "median": 1.65539943672,
      "user": 0.0036175400000000003,
      "system": 0.001072948,
      "min": 1.64349148872,
      "max": 1.66178449772,
      "times": [
        1.65539943672,
        1.6580580707199999,
        1.64349148872,
        1.66178449772,
        1.6537650267200001
      ],
      "exit_codes": [
        0,
        0,
        0,
        0,
        0
      ]
    }
  ]
}
