{
  "results": [
    {
      "command": "./calculate_average_jerrinot.sh",
      "mean": 0.89651122828,
      "stddev": 0.004692998655887498,
      "median": 0.8952220648800001,
      "user": 0.0027272399999999997,
      "system": 0.00292182,
      "min": 0.89286098688,
      "max": 0.9046095978800001,
      "times": [
        0.8952220648800001,
        0.89286098688,
        0.89605816088,
        0.9046095978800001,
        0.89380533088
      ],
      "exit_codes": [
        0,
        0,
        0,
        0,
        0
      ]
    }
  ]
}
