{
  "results": [
    {
      "command": "./bin/kpocza/aot/1brc ./inputs/measurements.txt",
      "mean": 1.5271395462000001,
      "stddev": 0.009451229321767882,
      "median": 1.5289962504,
      "user": 20.2240088,
      "system": 0.6194255,
      "min": 1.5140584614,
      "max": 1.5360983214000001,
      "times": [
        1.5212042984,
        1.5360983214000001,
        1.5289962504,
        1.5353403994,
        1.5140584614
      ],
      "exit_codes": [
        0,
        0,
        0,
        0,
        0
      ]
    }
  ]
}
