{
  "results": [
    {
      "command": "./bin/kpocza/aot/1brc ./inputs/measurements.txt",
      "mean": 2.83951285248,
      "stddev": 0.023201428989099927,
      "median": 2.82854450548,
      "user": 20.17854964,
      "system": 0.61423484,
      "min": 2.8190942414799998,
      "max": 2.8648271364799998,
      "times": [
        2.82854450548,
        2.82067741248,
        2.86442096648,
        2.8190942414799998,
        2.8648271364799998
      ],
      "exit_codes": [
        0,
        0,
        0,
        0,
        0
      ]
    }
  ]
}
