{
  "results": [
    {
      "command": "./bin/kpocza/aot/1brc ./inputs/measurements.txt",
      "mean": 0.68942264018,
      "stddev": 0.0037739505885787355,
      "median": 0.68754769538,
      "user": 28.21187898,
      "system": 0.8356397999999998,
      "min": 0.68544595338,
      "max": 0.6945879943800001,
      "times": [
        0.68754769538,
        0.6945879943800001,
        0.6874500733800001,
        0.6920814843800001,
        0.68544595338
      ],
      "exit_codes": [
        0,
        0,
        0,
        0,
        0
      ]
    }
  ]
}
