{
  "results": [
    {
      "command": "./bin/kpocza/aot/1brc ./inputs/measurements.txt",
      "mean": 0.8838679753400001,
      "stddev": 0.03364769970638416,
      "median": 0.87175513394,
      "user": 20.12688736,
      "system": 0.69377376,
      "min": 0.86148365994,
      "max": 0.94355571494,
      "times": [
        0.87197385794,
        0.87057150994,
        0.87175513394,
        0.86148365994,
        0.94355571494
      ],
      "exit_codes": [
        0,
        0,
        0,
        0,
        0
      ]
    }
  ]
}
