{
  "results": [
    {
      "command": "./bin/kpocza/aot/1brc ./inputs/measurements.txt",
      "mean": 0.53902335334,
      "stddev": 0.006801175397257805,
      "median": 0.53520151114,
      "user": 28.09812138,
      "system": 1.43749336,
      "min": 0.53356207814,
      "max": 0.5494210541400001,
      "times": [
        0.53356207814,
        0.54245721514,
        0.53520151114,
        0.5344749081400001,
        0.5494210541400001
      ],
      "exit_codes": [
        0,
        0,
        0,
        0,
        0
      ]
    }
  ]
}
