{
  "results": [
    {
      "command": "./bin/kpocza/aot/1brc ./inputs/measurements.txt",
      "mean": 0.6029798065199999,
      "stddev": 0.04112601065895153,
      "median": 0.58627393112,
      "user": 20.37757844,
      "system": 0.89652584,
      "min": 0.57403613212,
      "max": 0.67339132512,
      "times": [
        0.67339132512,
        0.57673857412,
        0.60445907012,
        0.57403613212,
        0.58627393112
      ],
      "exit_codes": [
        0,
        0,
        0,
        0,
        0
      ]
    }
  ]
}
