{
  "results": [
    {
      "command": "./bin/kpocza/aot/1brc ./inputs/measurements.txt",
      "mean": 2.06413929878,
      "stddev": 0.0516249187462914,
      "median": 2.05142952018,
      "user": 28.10901776,
      "system": 0.77254258,
      "min": 2.02080491918,
      "max": 2.15194329818,
      "times": [
        2.15194329818,
        2.03398990118,
        2.06252885518,
        2.05142952018,
        2.02080491918
      ],
      "exit_codes": [
        0,
        0,
        0,
        0,
        0
      ]
    }
  ]
}
