{
  "results": [
    {
      "command": "./bin/kpocza/aot/1brc ./inputs/measurements.txt",
      "mean": 1.1467081385399998,
      "stddev": 0.03427985406507023,
      "median": 1.12717095554,
      "user": 28.183398120000003,
      "system": 0.77078938,
      "min": 1.12249613754,
      "max": 1.20333652754,
      "times": [
        1.20333652754,
        1.12538902554,
        1.12249613754,
        1.12717095554,
        1.15514804654
      ],
      "exit_codes": [
        0,
        0,
        0,
        0,
        0
      ]
    }
  ]
}
