{
  "results": [
    {
      "command": "./bin/lehuyduc/aot/1brc ./inputs/measurements.txt",
      "mean": 1.60996910832,
      "stddev": 0.04316986818728372,
      "median": 1.6205224437199999,
      "user": 0.0015567599999999997,
      "system": 0.00016086399999999998,
      "min": 1.5503006057200002,
      "max": 1.66510139772,
      "times": [
        1.62600227472,
        1.5503006057200002,
        1.6205224437199999,
        1.66510139772,
        1.58791881972
      ],
      "exit_codes": [
        0,
        0,
        0,
        0,
        0
      ]
    }
  ]
}
