{
  "results": [
    {
      "command": "./bin/lehuyduc/aot/1brc ./inputs/measurements.txt",
      "mean": 0.31446147874,
      "stddev": 0.018693843418113136,
      "median": 0.32618532294,
      "user": 0.00149018,
      "system": 0.000583792,
      "min": 0.28970279994000003,
      "max": 0.32935451394000004,
      "times": [
        0.32935451394000004,
        0.28970279994000003,
        0.29897439994,
        0.32809035694000005,
        0.32618532294
      ],
      "exit_codes": [
        0,
        0,
        0,
        0,
        0
      ]
    }
  ]
}
