{
  "results": [
    {
      "command": "./bin/lehuyduc/aot/1brc ./inputs/measurements.txt",
      "mean": 1.09764270338,
      "stddev": 0.004268446485288286,
      "median": 1.09830386678,
      "user": 0.000821792,
      "system": 0.000777264,
      "min": 1.0915394037800001,
      "max": 1.10277461878,
      "times": [
        1.09989620178,
        1.09830386678,
        1.0915394037800001,
        1.0956994257800001,
        1.10277461878
      ],
      "exit_codes": [
        0,
        0,
        0,
        0,
        0
      ]
    }
  ]
}
