{
  "results": [
    {
      "command": "./bin/lehuyduc/aot/1brc ./inputs/measurements.txt",
      "mean": 0.38279537796000007,
      "stddev": 0.006210565177892741,
      "median": 0.38414114996000004,
      "user": 0.0017325,
      "system": 0.00027994399999999996,
      "min": 0.37521081396000006,
      "max": 0.39074834996,
      "times": [
        0.39074834996,
        0.37805056396000003,
        0.38414114996000004,
        0.37521081396000006,
        0.38582601196000005
      ],
      "exit_codes": [
        0,
        0,
        0,
        0,
        0
      ]
    }
  ]
}
