{
  "results": [
    {
      "command": "./bin/lehuyduc/aot/1brc ./inputs/measurements.txt",
      "mean": 0.62224463706,
      "stddev": 0.01727326871893372,
      "median": 0.61640903526,
      "user": 0.00164534,
      "system": 0.000290872,
      "min": 0.60884517726,
      "max": 0.65169038526,
      "times": [
        0.65169038526,
        0.61640903526,
        0.61163101226,
        0.60884517726,
        0.62264757526
      ],
      "exit_codes": [
        0,
        0,
        0,
        0,
        0
      ]
    }
  ]
}
