{
  "results": [
    {
      "command": "./bin/lehuyduc/aot/1brc ./inputs/measurements.txt",
      "mean": 0.8534026118,
      "stddev": 0.02680560552478429,
      "median": 0.8475278522,
      "user": 0.0016739999999999997,
      "system": 0.000282356,
      "min": 0.8178255902,
      "max": 0.8913223102,
      "times": [
        0.8178255902,
        0.8632241902,
        0.8475278522,
        0.8471131162,
        0.8913223102
      ],
      "exit_codes": [
        0,
        0,
        0,
        0,
        0
      ]
    }
  ]
}
