{
  "results": [
    {
      "command": "./bin/lehuyduc/aot/1brc ./inputs/measurements.txt",
      "mean": 0.25528555316000007,
      "stddev": 0.0031188729505611025,
      "median": 0.25411769796000006,
      "user": 0.00157228,
      "system": 0.0004967039999999999,
      "min": 0.25216635996000003,
      "max": 0.25962570696000004,
      "times": [
        0.25737771196000003,
        0.25314028896,
        0.25216635996000003,
        0.25411769796000006,
        0.25962570696000004
      ],
      "exit_codes": [
        0,
        0,
        0,
        0,
        0
      ]
    }
  ]
}
