{
  "results": [
    {
      "command": "./bin/lehuyduc/aot/1brc ./inputs/measurements.txt",
      "mean": 0.48507504432,
      "stddev": 0.014407936717721061,
      "median": 0.48564615092,
      "user": 0.0010878399999999999,
      "system": 0.0008733079999999999,
      "min": 0.46299334892000005,
      "max": 0.5017244549200001,
      "times": [
        0.5017244549200001,
        0.48564615092,
        0.48233800692,
        0.49267325992,
        0.46299334892000005
      ],
      "exit_codes": [
        0,
        0,
        0,
        0,
        0
      ]
    }
  ]
}
