{
  "results": [
    {
      "command": "./calculate_average_mtopolnik.sh",
      "mean": 1.3433058125200001,
      "stddev": 0.02811004954147345,
      "median": 1.34134571132,
      "user": 0.00937378,
      "system": 0.03464262,
      "min": 1.30639903332,
      "max": 1.37760692232,
      "times": [
        1.36302082232,
        1.37760692232,
        1.34134571132,
        1.32815657332,
        1.30639903332
      ],
      "exit_codes": [
        0,
        0,
        0,
        0,
        0
      ]
    }
  ]
}
