{
  "results": [
    {
      "command": "./bin/mtopolnik-rs/aot/1brc ./inputs/measurements.txt",
      "mean": 1.0158508049000001,
      "stddev": 0.04598060524481595,
      "median": 1.0200140029,
      "user": 20.54043988,
      "system": 0.6918946800000001,
      "min": 0.9564434299000001,
      "max": 1.0769500269,
      "times": [
        0.9888396769000001,
        0.9564434299000001,
        1.0370068879,
        1.0769500269,
        1.0200140029
      ],
      "exit_codes": [
        0,
        0,
        0,
        0,
        0
      ]
    }
  ]
}
