{
  "results": [
    {
      "command": "./bin/mtopolnik-rs/aot/1brc ./inputs/measurements.txt",
      "mean": 1.89542649988,
      "stddev": 0.03910916823750177,
      "median": 1.87093059508,
      "user": 25.60710762,
      "system": 0.7773114000000001,
      "min": 1.86573503508,
      "max": 1.95602456108,
      "times": [
        1.95602456108,
        1.8704978690799998,
        1.86573503508,
        1.91394443908,
        1.87093059508
      ],
      "exit_codes": [
        0,
        0,
        0,
        0,
        0
      ]
    }
  ]
}
