{
  "results": [
    {
      "command": "./bin/mtopolnik-rs/aot/1brc ./inputs/measurements.txt",
      "mean": 2.8710219827400003,
      "stddev": 0.01528821081724917,
      "median": 2.8626703805400004,
      "user": 20.381130999999996,
      "system": 0.5943091199999999,
      "min": 2.8581813615400002,
      "max": 2.8951576945400004,
      "times": [
        2.86201956454,
        2.8951576945400004,
        2.8770809125400003,
        2.8581813615400002,
        2.8626703805400004
      ],
      "exit_codes": [
        0,
        0,
        0,
        0,
        0
      ]
    }
  ]
}
