{
  "results": [
    {
      "command": "./bin/mtopolnik-rs/aot/1brc ./inputs/measurements.txt",
      "mean": 1.1170546412999998,
      "stddev": 0.04162077239931489,
      "median": 1.1336087493,
      "user": 25.506185679999998,
      "system": 0.84647764,
      "min": 1.0448602953,
      "max": 1.1492216152999999,
      "times": [
        1.1206401563,
        1.1492216152999999,
        1.1336087493,
        1.0448602953,
        1.1369423903
      ],
      "exit_codes": [
        0,
        0,
        0,
        0,
        0
      ]
    }
  ]
}
