{
  "results": [
    {
      "command": "./calculate_average_mtopolnik.sh",
      "mean": 1.08777929982,
      "stddev": 0.011482159020305716,
      "median": 1.0864291060200002,
      "user": 0.00888684,
      "system": 0.03300098,
      "min": 1.0739820990200002,
      "max": 1.1059276420200002,
      "times": [
        1.1059276420200002,
        1.0739820990200002,
        1.0854698260200002,
        1.08708782602,
        1.0864291060200002
      ],
      "exit_codes": [
        0,
        0,
        0,
        0,
        0
      ]
    }
  ]
}
