{
  "results": [
    {
      "command": "./calculate_average_mtopolnik.sh",
      "mean": 1.3870614370200003,
      "stddev": 0.016385002352813892,
      "median": 1.39246718702,
      "user": 0.012837399999999999,
      "system": 0.030852939999999995,
      "min": 1.3625574790200001,
      "max": 1.40653958302,
      "times": [
        1.39256079002,
        1.40653958302,
        1.38118214602,
        1.39246718702,
        1.3625574790200001
      ],
      "exit_codes": [
        0,
        0,
        0,
        0,
        0
      ]
    }
  ]
}
