{
  "results": [
    {
      "command": "./bin/mtopolnik-rs/aot/1brc ./inputs/measurements.txt",
      "mean": 0.74869509948,
      "stddev": 0.0265505088299251,
      "median": 0.75431561128,
      "user": 20.846422399999998,
      "system": 1.2051519999999998,
      "min": 0.70923286228,
      "max": 0.7787464912800001,
      "times": [
        0.70923286228,
        0.7787464912800001,
        0.75431561128,
        0.73792949428,
        0.76325103828
      ],
      "exit_codes": [
        0,
        0,
        0,
        0,
        0
      ]
    }
  ]
}
