{
  "results": [
    {
      "command": "./calculate_average_mtopolnik.sh",
      "mean": 1.4460538153,
      "stddev": 0.025970963536959588,
      "median": 1.4406820593,
      "user": 0.014171139999999999,
      "system": 0.0267822,
      "min": 1.4136304673,
      "max": 1.4794843952999999,
      "times": [
        1.4136304673,
        1.4406820593,
        1.4794843952999999,
        1.4325723243,
        1.4638998303
      ],
      "exit_codes": [
        0,
        0,
        0,
        0,
        0
      ]
    }
  ]
}
