{
  "results": [
    {
      "command": "./bin/mtopolnik-rs/aot/1brc ./inputs/measurements.txt",
      "mean": 0.7621677754199999,
      "stddev": 0.033553312678474535,
      "median": 0.75639841322,
      "user": 25.5001933,
      "system": 1.08497472,
      "min": 0.72622445222,
      "max": 0.80707388222,
      "times": [
        0.80707388222,
        0.72622445222,
        0.73652492422,
        0.78461720522,
        0.75639841322
      ],
      "exit_codes": [
        0,
        0,
        0,
        0,
        0
      ]
    }
  ]
}
