{
  "results": [
    {
      "command": "./calculate_average_mtopolnik.sh",
      "mean": 4.220383850520001,
      "stddev": 0.03493595511619617,
      "median": 4.221093645920001,
      "user": 0.01397618,
      "system": 0.03135064,
      "min": 4.17047055192,
      "max": 4.25851752492,
      "times": [
        4.221093645920001,
        4.24683281492,
        4.17047055192,
        4.20500471492,
        4.25851752492
      ],
      "exit_codes": [
        0,
        0,
        0,
        0,
        0
      ]
    }
  ]
}
