{
  "results": [
    {
      "command": "./bin/mtopolnik-rs/aot/1brc ./inputs/measurements.txt",
      "mean": 1.5727145142199999,
      "stddev": 0.037329614937682526,
      "median": 1.5878421366200002,
      "user": 20.443724839999998,
      "system": 0.63011986,
      "min": 1.53171061662,
      "max": 1.6160766156200002,
      "times": [
        1.5878421366200002,
        1.53541737962,
        1.6160766156200002,
        1.59252582262,
        1.53171061662
      ],
      "exit_codes": [
        0,
        0,
        0,
        0,
        0
      ]
    }
  ]
}
