{
  "results": [
    {
      "command": "./calculate_average_mtopolnik.sh",
      "mean": 0.8041666341000001,
      "stddev": 0.04181780443630351,
      "median": 0.7946317715,
      "user": 0.015101819999999998,
      "system": 0.02721596,
      "min": 0.7563188265,
      "max": 0.8657893285,
      "times": [
        0.8221494005,
        0.8657893285,
        0.7819438435,
        0.7946317715,
        0.7563188265
      ],
      "exit_codes": [
        0,
        0,
        0,
        0,
        0
      ]
    }
  ]
}
