{
  "results": [
    {
      "command": "./calculate_average_mtopolnik.sh",
      "mean": 0.9887416001,
      "stddev": 0.028977022652480852,
      "median": 0.9737082433,
      "user": 0.01172246,
      "system": 0.03024388,
      "min": 0.9601999283000001,
      "max": 1.0252088933,
      "times": [
        0.9737082433,
        0.9703532813000001,
        1.0252088933,
        1.0142376543,
        0.9601999283000001
      ],
      "exit_codes": [
        0,
        0,
        0,
        0,
        0
      ]
    }
  ]
}
