{
  "results": [
    {
      "command": "./calculate_average_mtopolnik.sh",
      "mean": 1.95547973378,
      "stddev": 0.023113897578244866,
      "median": 1.9551430271799999,
      "user": 0.010995,
      "system": 0.02537398,
      "min": 1.92735942718,
      "max": 1.99123368418,
      "times": [
        1.9551430271799999,
        1.92735942718,
        1.99123368418,
        1.95636868818,
        1.94729384218
      ],
      "exit_codes": [
        0,
        0,
        0,
        0,
        0
      ]
    }
  ]
}
