{
  "results": [
    {
      "command": "./bin/mtopolnik-rs/aot/1brc ./inputs/measurements.txt",
      "mean": 0.6370759410600001,
      "stddev": 0.016746241617813618,
      "median": 0.63673986486,
      "user": 25.70243562,
      "system": 3.06890064,
      "min": 0.6197433318600001,
      "max": 0.6629337178600001,
      "times": [
        0.6629337178600001,
        0.63673986486,
        0.6197433318600001,
        0.6406969288600001,
        0.6252658618600001
      ],
      "exit_codes": [
        0,
        0,
        0,
        0,
        0
      ]
    }
  ]
}
