{
  "results": [
    {
      "command": "./bin/nietras/aot/1brc ./inputs/measurements.txt",
      "mean": 2.8909649042,
      "stddev": 0.036245513439105946,
      "median": 2.879597199,
      "user": 20.67263434,
      "system": 0.60607124,
      "min": 2.854687716,
      "max": 2.950698022,
      "times": [
        2.879597199,
        2.950698022,
        2.854687716,
        2.8941018030000003,
        2.875739781
      ],
      "exit_codes": [
        0,
        0,
        0,
        0,
        0
      ]
    }
  ]
}
