{
  "results": [
    {
      "command": "./bin/nietras/aot/1brc ./inputs/measurements.txt",
      "mean": 0.5724217176199999,
      "stddev": 0.012783030790398288,
      "median": 0.56616468042,
      "user": 20.81957868,
      "system": 0.8182265799999999,
      "min": 0.55939882942,
      "max": 0.58888576442,
      "times": [
        0.56461423642,
        0.58304507742,
        0.55939882942,
        0.58888576442,
        0.56616468042
      ],
      "exit_codes": [
        0,
        0,
        0,
        0,
        0
      ]
    }
  ]
}
