{
  "results": [
    {
      "command": "./bin/nietras/aot/1brc ./inputs/measurements.txt",
      "mean": 0.6420740922999999,
      "stddev": 0.01112851662859845,
      "median": 0.6378928973,
      "user": 25.9483452,
      "system": 0.8810672,
      "min": 0.6303483463,
      "max": 0.6552237153,
      "times": [
        0.6344060383,
        0.6524994642999999,
        0.6303483463,
        0.6552237153,
        0.6378928973
      ],
      "exit_codes": [
        0,
        0,
        0,
        0,
        0
      ]
    }
  ]
}
