{
  "results": [
    {
      "command": "./bin/nietras/aot/1brc ./inputs/measurements.txt",
      "mean": 0.8768318336800001,
      "stddev": 0.023737774280868235,
      "median": 0.8657552928800001,
      "user": 20.564022060000003,
      "system": 0.66447006,
      "min": 0.8619674068800001,
      "max": 0.9186363918800001,
      "times": [
        0.8731918288800001,
        0.8619674068800001,
        0.9186363918800001,
        0.8657552928800001,
        0.8646082478800001
      ],
      "exit_codes": [
        0,
        0,
        0,
        0,
        0
      ]
    }
  ]
}
