{
  "results": [
    {
      "command": "./bin/nietras/aot/1brc ./inputs/measurements.txt",
      "mean": 1.05686795802,
      "stddev": 0.020084067982989718,
      "median": 1.04711987242,
      "user": 26.007626919999996,
      "system": 0.75515002,
      "min": 1.03958525042,
      "max": 1.08364355142,
      "times": [
        1.03958525042,
        1.04114000642,
        1.08364355142,
        1.07285110942,
        1.04711987242
      ],
      "exit_codes": [
        0,
        0,
        0,
        0,
        0
      ]
    }
  ]
}
