{
  "results": [
    {
      "command": "./bin/nietras/aot/1brc ./inputs/measurements.txt",
      "mean": 0.49284375924,
      "stddev": 0.017756148862526952,
      "median": 0.48844018264,
      "user": 25.832094039999998,
      "system": 1.29378672,
      "min": 0.47947024364,
      "max": 0.52356505964,
      "times": [
        0.48844018264,
        0.48217008864,
        0.49057322164,
        0.52356505964,
        0.47947024364
      ],
      "exit_codes": [
        0,
        0,
        0,
        0,
        0
      ]
    }
  ]
}
