{
  "results": [
    {
      "command": "./bin/nietras/aot/1brc ./inputs/measurements.txt",
      "mean": 1.55543553016,
      "stddev": 0.033529997543931406,
      "median": 1.5372023761599998,
      "user": 20.600247919999997,
      "system": 0.67519888,
      "min": 1.5267907101599998,
      "max": 1.60850308316,
      "times": [
        1.5363916231599999,
        1.56828985816,
        1.5267907101599998,
        1.5372023761599998,
        1.60850308316
      ],
      "exit_codes": [
        0,
        0,
        0,
        0,
        0
      ]
    }
  ]
}
