{
  "results": [
    {
      "command": "./bin/nietras/aot/1brc ./inputs/measurements.txt",
      "mean": 1.8910179368200002,
      "stddev": 0.023158802690972174,
      "median": 1.8842112424200002,
      "user": 25.99180012,
      "system": 0.76585766,
      "min": 1.86974326642,
      "max": 1.9298163054200002,
      "times": [
        1.8791926974200002,
        1.8921261724200003,
        1.86974326642,
        1.8842112424200002,
        1.9298163054200002
      ],
      "exit_codes": [
        0,
        0,
        0,
        0,
        0
      ]
    }
  ]
}
