{
  "results": [
    {
      "command": "./bin/NimaAra/aot/1brc ./inputs/measurements.txt",
      "mean": 0.004730186399999999,
      "stddev": 0.0003662607390421474,
      "median": 0.0048489992,
      "user": 0.006394968000000001,
      "system": 0.0031695760000000003,
      "min": 0.0041351052,
      "max": 0.0050440922,
      "times": [
        0.0049796412,
        0.0046430942,
        0.0041351052,
        0.0048489992,
        0.0050440922
      ],
      "exit_codes": [
        0,
        0,
        0,
        0,
        0
      ]
    }
  ]
}
