{
  "results": [
    {
      "command": "./bin/NimaAra/aot/1brc ./inputs/measurements.txt",
      "mean": 0.00601243644,
      "stddev": 0.00030666033775416713,
      "median": 0.00601528044,
      "user": 0.009239859999999999,
      "system": 0.004046931999999999,
      "min": 0.005558741440000001,
      "max": 0.00631723644,
      "times": [
        0.00626814544,
        0.005902778440000001,
        0.00601528044,
        0.00631723644,
        0.005558741440000001
      ],
      "exit_codes": [
        0,
        0,
        0,
        0,
        0
      ]
    }
  ]
}
