{
  "results": [
    {
      "command": "./bin/NimaAra/aot/1brc ./inputs/measurements.txt",
      "mean": 0.008129507679999998,
      "stddev": 0.0007777002599583592,
      "median": 0.00810571108,
      "user": 0.014982699999999998,
      "system": 0.010623899999999999,
      "min": 0.00722275408,
      "max": 0.00906558008,
      "times": [
        0.00906558008,
        0.00810571108,
        0.00872685308,
        0.00722275408,
        0.007526640080000001
      ],
      "exit_codes": [
        0,
        0,
        0,
        0,
        0
      ]
    }
  ]
}
