{
  "results": [
    {
      "command": "./bin/NimaAra/aot/1brc ./inputs/measurements.txt",
      "mean": 0.00674418014,
      "stddev": 0.00031397782666662947,
      "median": 0.00665800674,
      "user": 0.00836104,
      "system": 0.00729716,
      "min": 0.00638857174,
      "max": 0.00713336574,
      "times": [
        0.00638857174,
        0.00700242274,
        0.00713336574,
        0.00653853374,
        0.00665800674
      ],
      "exit_codes": [
        0,
        0,
        0,
        0,
        0
      ]
    }
  ]
}
