{
  "results": [
    {
      "command": "./bin/NimaAra/aot/1brc ./inputs/measurements.txt",
      "mean": 0.012574817460000002,
      "stddev": 0.002614144749884424,
      "median": 0.011545323860000001,
      "user": 0.030763579999999995,
      "system": 0.034288299999999994,
      "min": 0.009642165860000001,
      "max": 0.01598203086,
      "times": [
        0.014571531860000002,
        0.011133034860000002,
        0.011545323860000001,
        0.009642165860000001,
        0.01598203086
      ],
      "exit_codes": [
        0,
        0,
        0,
        0,
        0
      ]
    }
  ]
}
