{
  "results": [
    {
      "command": "./bin/NimaAra/aot/1brc ./inputs/measurements.txt",
      "mean": 0.0035855239600000007,
      "stddev": 0.00040322263347622244,
      "median": 0.00339175196,
      "user": 0.005575499999999999,
      "system": 0.000902116,
      "min": 0.0032840599600000003,
      "max": 0.00424163896,
      "times": [
        0.0032840599600000003,
        0.00424163896,
        0.0033069709600000003,
        0.00370319796,
        0.00339175196
      ],
      "exit_codes": [
        0,
        0,
        0,
        0,
        0
      ]
    }
  ]
}
