{
  "results": [
    {
      "command": "./bin/NimaAra/aot/1brc ./inputs/measurements.txt",
      "mean": 0.00394747292,
      "stddev": 0.00015569785881732612,
      "median": 0.00395260152,
      "user": 0.00271174,
      "system": 0.0049587400000000005,
      "min": 0.0037615765199999996,
      "max": 0.00416394552,
      "times": [
        0.00401589252,
        0.00416394552,
        0.00395260152,
        0.0038433485200000004,
        0.0037615765199999996
      ],
      "exit_codes": [
        0,
        0,
        0,
        0,
        0
      ]
    }
  ]
}
