{
  "results": [
    {
      "command": "./bin/NimaAra/aot/1brc ./inputs/measurements.txt",
      "mean": 0.010884646440000001,
      "stddev": 0.0017609448824115706,
      "median": 0.012001154440000002,
      "user": 0.02778584,
      "system": 0.016071919999999996,
      "min": 0.008556936440000001,
      "max": 0.012268989440000001,
      "times": [
        0.009418313440000001,
        0.008556936440000001,
        0.012177838440000002,
        0.012268989440000001,
        0.012001154440000002
      ],
      "exit_codes": [
        0,
        0,
        0,
        0,
        0
      ]
    }
  ]
}
