{
  "results": [
    {
      "command": "./bin/noahfalk/aot/1brc ./inputs/measurements.txt",
      "mean": 2.12198190708,
      "stddev": 0.030309372587284403,
      "median": 2.11304584668,
      "user": 15.36839942,
      "system": 1.21422296,
      "min": 2.10241441068,
      "max": 2.17536578668,
      "times": [
        2.10241441068,
        2.17536578668,
        2.10441639968,
        2.11466709168,
        2.11304584668
      ],
      "exit_codes": [
        0,
        0,
        0,
        0,
        0
      ]
    }
  ]
}
