{
  "results": [
    {
      "command": "./bin/noahfalk/aot/1brc ./inputs/measurements.txt",
      "mean": 0.81605575674,
      "stddev": 0.01605021786674111,
      "median": 0.8097063083400001,
      "user": 20.31294308,
      "system": 2.72262934,
      "min": 0.8060860173400001,
      "max": 0.84416903734,
      "times": [
        0.84416903734,
        0.8097063083400001,
        0.8140842623400001,
        0.8062331583400001,
        0.8060860173400001
      ],
      "exit_codes": [
        0,
        0,
        0,
        0,
        0
      ]
    }
  ]
}
