{
  "results": [
    {
      "command": "./bin/noahfalk/aot/1brc ./inputs/measurements.txt",
      "mean": 1.11785887706,
      "stddev": 0.022199664464955856,
      "median": 1.1081795568600001,
      "user": 15.41608758,
      "system": 1.5704790599999998,
      "min": 1.10621408786,
      "max": 1.15744632586,
      "times": [
        1.10621408786,
        1.11073583486,
        1.15744632586,
        1.1081795568600001,
        1.10671857986
      ],
      "exit_codes": [
        0,
        0,
        0,
        0,
        0
      ]
    }
  ]
}
