{
  "results": [
    {
      "command": "./bin/noahfalk/aot/1brc ./inputs/measurements.txt",
      "mean": 1.4175349522,
      "stddev": 0.007622503851325471,
      "median": 1.4143375878,
      "user": 19.936251100000003,
      "system": 1.72070064,
      "min": 1.4104178837999999,
      "max": 1.4266517018,
      "times": [
        1.4115117808,
        1.4104178837999999,
        1.4266517018,
        1.4247558068,
        1.4143375878
      ],
      "exit_codes": [
        0,
        0,
        0,
        0,
        0
      ]
    }
  ]
}
