{
  "results": [
    {
      "command": "./bin/noahfalk/aot/1brc ./inputs/measurements.txt",
      "mean": 0.61336156342,
      "stddev": 0.009805474807952193,
      "median": 0.6162480582200001,
      "user": 20.378540899999997,
      "system": 6.54445662,
      "min": 0.59661754322,
      "max": 0.62170432722,
      "times": [
        0.61847343722,
        0.6162480582200001,
        0.59661754322,
        0.62170432722,
        0.6137644512200001
      ],
      "exit_codes": [
        0,
        0,
        0,
        0,
        0
      ]
    }
  ]
}
