{
  "results": [
    {
      "command": "./bin/noahfalk/aot/1brc ./inputs/measurements.txt",
      "mean": 0.6024442331200001,
      "stddev": 0.010868307263163164,
      "median": 0.60640783572,
      "user": 16.056665099999996,
      "system": 8.857657419999999,
      "min": 0.58581968372,
      "max": 0.61308838772,
      "times": [
        0.58581968372,
        0.60915626272,
        0.60640783572,
        0.5977489957200001,
        0.61308838772
      ],
      "exit_codes": [
        0,
        0,
        0,
        0,
        0
      ]
    }
  ]
}
