{
  "results": [
    {
      "command": "./bin/noahfalk/aot/1brc ./inputs/measurements.txt",
      "mean": 0.8010110187799999,
      "stddev": 0.015333100796027557,
      "median": 0.80453227198,
      "user": 21.7040716,
      "system": 28.754168399999998,
      "min": 0.77818641998,
      "max": 0.81561482098,
      "times": [
        0.8129195689800001,
        0.81561482098,
        0.80453227198,
        0.77818641998,
        0.79380201198
      ],
      "exit_codes": [
        0,
        0,
        0,
        0,
        0
      ]
    }
  ]
}
