{
  "results": [
    {
      "command": "./bin/noahfalk/aot/1brc ./inputs/measurements.txt",
      "mean": 0.6699205764,
      "stddev": 0.006090283404515894,
      "median": 0.6678530532000001,
      "user": 15.626006039999998,
      "system": 2.6801921,
      "min": 0.6653822482,
      "max": 0.6804502142000001,
      "times": [
        0.6678530532000001,
        0.6653822482,
        0.6663896372000001,
        0.6695277292,
        0.6804502142000001
      ],
      "exit_codes": [
        0,
        0,
        0,
        0,
        0
      ]
    }
  ]
}
