{
  "results": [
    {
      "command": "./bin/pedrosakuma/aot/1brc ./inputs/measurements.txt",
      "mean": 0.4553416759800001,
      "stddev": 0.019403363384906346,
      "median": 0.45322595618000006,
      "user": 0.29569198,
      "system": 0.2867798399999999,
      "min": 0.43839921318,
      "max": 0.48727647518000006,
      "times": [
        0.48727647518000006,
        0.45322595618000006,
        0.44142995818,
        0.43839921318,
        0.45637677718
      ],
      "exit_codes": [
        0,
        0,
        0,
        0,
        0
      ]
    }
  ]
}
