{
  "results": [
    {
      "command": "./bin/pedrosakuma/aot/1brc ./inputs/measurements.txt",
      "mean": 3.4307752153599997,
      "stddev": 0.02370181461465393,
      "median": 3.44304012816,
      "user": 48.33851552,
      "system": 0.98757702,
      "min": 3.3957914961599998,
      "max": 3.45197593116,
      "times": [
        3.3957914961599998,
        3.41700510516,
        3.44606341616,
        3.44304012816,
        3.45197593116
      ],
      "exit_codes": [
        0,
        0,
        0,
        0,
        0
      ]
    }
  ]
}
