{
  "results": [
    {
      "command": "./bin/pedrosakuma/aot/1brc ./inputs/measurements.txt",
      "mean": 1.6799806795599999,
      "stddev": 0.007247776792290809,
      "median": 1.67792033976,
      "user": 35.75184417999999,
      "system": 1.2528383399999998,
      "min": 1.6720398517600001,
      "max": 1.69173835976,
      "times": [
        1.67792033976,
        1.6803340107600002,
        1.6778708357600003,
        1.69173835976,
        1.6720398517600001
      ],
      "exit_codes": [
        0,
        0,
        0,
        0,
        0
      ]
    }
  ]
}
