{
  "results": [
    {
      "command": "./bin/pedrosakuma/aot/1brc ./inputs/measurements.txt",
      "mean": 2.65412813872,
      "stddev": 0.009352591756006211,
      "median": 2.6533979751200003,
      "user": 35.99737962,
      "system": 0.87787598,
      "min": 2.6443874221200003,
      "max": 2.66431222312,
      "times": [
        2.6443874221200003,
        2.66431222312,
        2.6533979751200003,
        2.6629523341200003,
        2.64559073912
      ],
      "exit_codes": [
        0,
        0,
        0,
        0,
        0
      ]
    }
  ]
}
