{
  "results": [
    {
      "command": "./bin/pedrosakuma/aot/1brc ./inputs/measurements.txt",
      "mean": 2.0339503408199997,
      "stddev": 0.008558643268619279,
      "median": 2.03188109402,
      "user": 47.75723902,
      "system": 1.3235400599999998,
      "min": 2.02398145502,
      "max": 2.0473707760199997,
      "times": [
        2.02398145502,
        2.0473707760199997,
        2.03188109402,
        2.03122478902,
        2.0352935900199998
      ],
      "exit_codes": [
        0,
        0,
        0,
        0,
        0
      ]
    }
  ]
}
