{
  "results": [
    {
      "command": "./bin/pedrosakuma/aot/1brc ./inputs/measurements.txt",
      "mean": 0.8465237695600001,
      "stddev": 0.024554106227442283,
      "median": 0.8617907777600001,
      "user": 0.52967594,
      "system": 0.4897542,
      "min": 0.81575667076,
      "max": 0.86683533976,
      "times": [
        0.86683533976,
        0.86421511376,
        0.8240209457600001,
        0.81575667076,
        0.8617907777600001
      ],
      "exit_codes": [
        0,
        0,
        0,
        0,
        0
      ]
    }
  ]
}
