{
  "results": [
    {
      "command": "./bin/pedrosakuma/aot/1brc ./inputs/measurements.txt",
      "mean": 0.4515617240000001,
      "stddev": 0.002137031755602899,
      "median": 0.45161688780000003,
      "user": 0.27840396,
      "system": 0.27495825999999995,
      "min": 0.44930144580000003,
      "max": 0.45447999180000004,
      "times": [
        0.4526858798,
        0.45161688780000003,
        0.45447999180000004,
        0.4497244148,
        0.44930144580000003
      ],
      "exit_codes": [
        0,
        0,
        0,
        0,
        0
      ]
    }
  ]
}
