{
  "results": [
    {
      "command": "./bin/pedrosakuma/aot/1brc ./inputs/measurements.txt",
      "mean": 4.812988338340001,
      "stddev": 0.019927840421163735,
      "median": 4.806889653940001,
      "user": 35.62696894,
      "system": 0.7305298599999999,
      "min": 4.78880923294,
      "max": 4.84040700494,
      "times": [
        4.84040700494,
        4.806889653940001,
        4.8041518969400006,
        4.78880923294,
        4.82468390294
      ],
      "exit_codes": [
        0,
        0,
        0,
        0,
        0
      ]
    }
  ]
}
