{
  "results": [
    {
      "command": "./calculate_average_royvanrijn.sh",
      "mean": 0.8796001120400001,
      "stddev": 0.007314202209438244,
      "median": 0.8793641632400001,
      "user": 0.0035800199999999997,
      "system": 0.001142904,
      "min": 0.8693142852400001,
      "max": 0.8899620372400001,
      "times": [
        0.8899620372400001,
        0.8802940572400001,
        0.8693142852400001,
        0.8793641632400001,
        0.8790660172400001
      ],
      "exit_codes": [
        0,
        0,
        0,
        0,
        0
      ]
    }
  ]
}
