{
  "results": [
    {
      "command": "./calculate_average_royvanrijn.sh",
      "mean": 0.6788935841400001,
      "stddev": 0.026408562022717085,
      "median": 0.66527758154,
      "user": 0.0022120799999999995,
      "system": 0.0027477599999999997,
      "min": 0.6553700655400001,
      "max": 0.7109763865400001,
      "times": [
        0.70388085854,
        0.6589630285400001,
        0.7109763865400001,
        0.6553700655400001,
        0.66527758154
      ],
      "exit_codes": [
        0,
        0,
        0,
        0,
        0
      ]
    }
  ]
}
