{
  "results": [
    {
      "command": "./calculate_average_royvanrijn.sh",
      "mean": 0.609426203,
      "stddev": 0.005401575501623539,
      "median": 0.6074024398000001,
      "user": 0.0018445199999999999,
      "system": 0.0032195,
      "min": 0.6043506088,
      "max": 0.6170314378,
      "times": [
        0.6053730508,
        0.6129734778,
        0.6043506088,
        0.6170314378,
        0.6074024398000001
      ],
      "exit_codes": [
        0,
        0,
        0,
        0,
        0
      ]
    }
  ]
}
