{
  "results": [
    {
      "command": "./calculate_average_royvanrijn.sh",
      "mean": 0.61873510186,
      "stddev": 0.031704507088472514,
      "median": 0.60674431206,
      "user": 0.00285502,
      "system": 0.002250832,
      "min": 0.5986987770600001,
      "max": 0.67503283006,
      "times": [
        0.60420144306,
        0.67503283006,
        0.5986987770600001,
        0.60674431206,
        0.60899814706
      ],
      "exit_codes": [
        0,
        0,
        0,
        0,
        0
      ]
    }
  ]
}
