{
  "results": [
    {
      "command": "./calculate_average_royvanrijn.sh",
      "mean": 0.70613932142,
      "stddev": 0.05401583917286602,
      "median": 0.7137295342200001,
      "user": 0.00271742,
      "system": 0.002298,
      "min": 0.62492219222,
      "max": 0.76388948622,
      "times": [
        0.76388948622,
        0.6861860052200001,
        0.7137295342200001,
        0.62492219222,
        0.74196938922
      ],
      "exit_codes": [
        0,
        0,
        0,
        0,
        0
      ]
    }
  ]
}
