{
  "results": [
    {
      "command": "./calculate_average_royvanrijn.sh",
      "mean": 2.5569116034799997,
      "stddev": 0.03382434939261597,
      "median": 2.56466542088,
      "user": 0.0029995399999999998,
      "system": 0.00094904,
      "min": 2.50405632088,
      "max": 2.58682810988,
      "times": [
        2.54563274188,
        2.58337542388,
        2.50405632088,
        2.56466542088,
        2.58682810988
      ],
      "exit_codes": [
        0,
        0,
        0,
        0,
        0
      ]
    }
  ]
}
