{
  "results": [
    {
      "command": "./calculate_average_royvanrijn.sh",
      "mean": 1.24602139534,
      "stddev": 0.03492712003860807,
      "median": 1.23427013874,
      "user": 0.00175238,
      "system": 0.0029196599999999997,
      "min": 1.21887482874,
      "max": 1.30717663274,
      "times": [
        1.2319834407399999,
        1.23427013874,
        1.30717663274,
        1.2378019357399999,
        1.21887482874
      ],
      "exit_codes": [
        0,
        0,
        0,
        0,
        0
      ]
    }
  ]
}
