{
  "results": [
    {
      "command": "./calculate_average_royvanrijn.sh",
      "mean": 1.70892679984,
      "stddev": 0.016753676666790902,
      "median": 1.70540506944,
      "user": 0.0025927999999999997,
      "system": 0.0012852559999999998,
      "min": 1.6909836144400001,
      "max": 1.73503224444,
      "times": [
        1.73503224444,
        1.70540506944,
        1.6909836144400001,
        1.69967397644,
        1.71353909444
      ],
      "exit_codes": [
        0,
        0,
        0,
        0,
        0
      ]
    }
  ]
}
