{
  "results": [
    {
      "command": "./calculate_average_stephenvonworley.sh",
      "mean": 0.5602642314,
      "stddev": 0.0037829907598211734,
      "median": 0.5616770482,
      "user": 0.0035086199999999996,
      "system": 0.002171616,
      "min": 0.5545902852,
      "max": 0.5637884652,
      "times": [
        0.5545902852,
        0.5616770482,
        0.5637884652,
        0.5583564292,
        0.5629089292
      ],
      "exit_codes": [
        0,
        0,
        0,
        0,
        0
      ]
    }
  ]
}
