{
  "results": [
    {
      "command": "./calculate_average_stephenvonworley.sh",
      "mean": 2.0647991647399997,
      "stddev": 0.013485213257332972,
      "median": 2.06722340574,
      "user": 0.0025164799999999998,
      "system": 0.0017316319999999999,
      "min": 2.05064469074,
      "max": 2.07883081174,
      "times": [
        2.07632998874,
        2.06722340574,
        2.0509669267399997,
        2.05064469074,
        2.07883081174
      ],
      "exit_codes": [
        0,
        0,
        0,
        0,
        0
      ]
    }
  ]
}
