{
  "results": [
    {
      "command": "./calculate_average_stephenvonworley.sh",
      "mean": 0.7511308270800001,
      "stddev": 0.0041169634788761665,
      "median": 0.7509844144800001,
      "user": 0.0032497999999999997,
      "system": 0.00219342,
      "min": 0.7468018894800001,
      "max": 0.7557841314800001,
      "times": [
        0.7468018894800001,
        0.7509844144800001,
        0.7473427054800001,
        0.7547409944800001,
        0.7557841314800001
      ],
      "exit_codes": [
        0,
        0,
        0,
        0,
        0
      ]
    }
  ]
}
