{
  "results": [
    {
      "command": "./calculate_average_stephenvonworley.sh",
      "mean": 0.65148258236,
      "stddev": 0.0020728314940822593,
      "median": 0.65161026396,
      "user": 0.0035157799999999996,
      "system": 0.001851176,
      "min": 0.64843201196,
      "max": 0.65344191096,
      "times": [
        0.65161026396,
        0.65344191096,
        0.64843201196,
        0.65329872496,
        0.65062999996
      ],
      "exit_codes": [
        0,
        0,
        0,
        0,
        0
      ]
    }
  ]
}
