{
  "results": [
    {
      "command": "./calculate_average_stephenvonworley.sh",
      "mean": 1.4198812279800002,
      "stddev": 0.004906728196355437,
      "median": 1.41779096078,
      "user": 0.0025979599999999994,
      "system": 0.00162964,
      "min": 1.41564513678,
      "max": 1.42802883678,
      "times": [
        1.41779096078,
        1.4206951657800002,
        1.4172460397800002,
        1.41564513678,
        1.42802883678
      ],
      "exit_codes": [
        0,
        0,
        0,
        0,
        0
      ]
    }
  ]
}
