{
  "results": [
    {
      "command": "./calculate_average_stephenvonworley.sh",
      "mean": 0.8166618281600002,
      "stddev": 0.002849651953969047,
      "median": 0.8162873849600001,
      "user": 0.0038254200000000004,
      "system": 0.001355384,
      "min": 0.8144013699600001,
      "max": 0.8214805389600001,
      "times": [
        0.8146677869600001,
        0.8214805389600001,
        0.81647205996,
        0.8144013699600001,
        0.8162873849600001
      ],
      "exit_codes": [
        0,
        0,
        0,
        0,
        0
      ]
    }
  ]
}
