{
  "results": [
    {
      "command": "./calculate_average_stephenvonworley.sh",
      "mean": 0.60182136568,
      "stddev": 0.0006075977527326713,
      "median": 0.60152423108,
      "user": 0.00377628,
      "system": 0.0017753600000000001,
      "min": 0.60116427108,
      "max": 0.60252716408,
      "times": [
        0.60148318108,
        0.60240798108,
        0.60152423108,
        0.60116427108,
        0.60252716408
      ],
      "exit_codes": [
        0,
        0,
        0,
        0,
        0
      ]
    }
  ]
}
