{
  "results": [
    {
      "command": "./calculate_average_stephenvonworley.sh",
      "mean": 1.08891077486,
      "stddev": 0.002378870442924189,
      "median": 1.0892779024600001,
      "user": 0.00371038,
      "system": 0.0013248639999999998,
      "min": 1.0858923064600001,
      "max": 1.0917529834600002,
      "times": [
        1.09044227046,
        1.0858923064600001,
        1.0917529834600002,
        1.0892779024600001,
        1.0871884114600001
      ],
      "exit_codes": [
        0,
        0,
        0,
        0,
        0
      ]
    }
  ]
}
