{
  "results": [
    {
      "command": "./calculate_average_thomaswue.sh",
      "mean": 2.20701055826,
      "stddev": 0.005266201555435501,
      "median": 2.20685684346,
      "user": 0.00255298,
      "system": 0.0014431239999999998,
      "min": 2.20153141246,
      "max": 2.21487290646,
      "times": [
        2.21487290646,
        2.20301614246,
        2.20877548646,
        2.20153141246,
        2.20685684346
      ],
      "exit_codes": [
        0,
        0,
        0,
        0,
        0
      ]
    }
  ]
}
