{
  "results": [
    {
      "command": "./calculate_average_thomaswue.sh",
      "mean": 0.8185752233599999,
      "stddev": 0.004729255747778097,
      "median": 0.8162623451600001,
      "user": 0.0036412399999999996,
      "system": 0.001528888,
      "min": 0.81343785216,
      "max": 0.82483161516,
      "times": [
        0.81343785216,
        0.82216099516,
        0.82483161516,
        0.81618330916,
        0.8162623451600001
      ],
      "exit_codes": [
        0,
        0,
        0,
        0,
        0
      ]
    }
  ]
}
