{
  "results": [
    {
      "command": "./calculate_average_thomaswue.sh",
      "mean": 1.47235959198,
      "stddev": 0.003484664639130803,
      "median": 1.4735235045800001,
      "user": 0.0022876999999999997,
      "system": 0.00250142,
      "min": 1.46854077158,
      "max": 1.4763683095800002,
      "times": [
        1.46854077158,
        1.46888561258,
        1.47447976158,
        1.4735235045800001,
        1.4763683095800002
      ],
      "exit_codes": [
        0,
        0,
        0,
        0,
        0
      ]
    }
  ]
}
