{
  "results": [
    {
      "command": "./calculate_average_thomaswue.sh",
      "mean": 1.1945407554799998,
      "stddev": 0.0017505267378082545,
      "median": 1.1939487846799999,
      "user": 0.00236054,
      "system": 0.0024571199999999993,
      "min": 1.1923821666799999,
      "max": 1.1969496736799998,
      "times": [
        1.1923821666799999,
        1.1939487846799999,
        1.19387905168,
        1.1955441006799998,
        1.1969496736799998
      ],
      "exit_codes": [
        0,
        0,
        0,
        0,
        0
      ]
    }
  ]
}
