{
  "results": [
    {
      "command": "./calculate_average_thomaswue.sh",
      "mean": 0.58713207004,
      "stddev": 0.010306162805439155,
      "median": 0.5807030910400001,
      "user": 0.00207588,
      "system": 0.003309528,
      "min": 0.57819022004,
      "max": 0.59868524104,
      "times": [
        0.59806355104,
        0.5807030910400001,
        0.58001824704,
        0.57819022004,
        0.59868524104
      ],
      "exit_codes": [
        0,
        0,
        0,
        0,
        0
      ]
    }
  ]
}
