{
  "results": [
    {
      "command": "./calculate_average_thomaswue.sh",
      "mean": 0.7517181301599999,
      "stddev": 0.0018165438477875195,
      "median": 0.75146337036,
      "user": 0.0029469,
      "system": 0.002187284,
      "min": 0.74909671036,
      "max": 0.75379693936,
      "times": [
        0.74909671036,
        0.75121591736,
        0.75379693936,
        0.75301771336,
        0.75146337036
      ],
      "exit_codes": [
        0,
        0,
        0,
        0,
        0
      ]
    }
  ]
}
