{
  "results": [
    {
      "command": "./calculate_average_thomaswue.sh",
      "mean": 2.8597628418400003,
      "stddev": 0.01281178625947753,
      "median": 2.86618680844,
      "user": 0.00216122,
      "system": 0.001919044,
      "min": 2.8391736744400005,
      "max": 2.8713013554400004,
      "times": [
        2.86631065144,
        2.8391736744400005,
        2.8713013554400004,
        2.8558417194400003,
        2.86618680844
      ],
      "exit_codes": [
        0,
        0,
        0,
        0,
        0
      ]
    }
  ]
}
