{
  "results": [
    {
      "command": "./calculate_average_thomaswue.sh",
      "mean": 0.7182330627400001,
      "stddev": 0.016089776021675474,
      "median": 0.72733918474,
      "user": 0.0019387400000000002,
      "system": 0.0032658599999999998,
      "min": 0.7001367527400001,
      "max": 0.7321371887400001,
      "times": [
        0.73026276974,
        0.7001367527400001,
        0.72733918474,
        0.7012894177400001,
        0.7321371887400001
      ],
      "exit_codes": [
        0,
        0,
        0,
        0,
        0
      ]
    }
  ]
}
