{
  "results": [
    {
      "command": "./bin/xoofx/aot/1brc ./inputs/measurements.txt",
      "mean": 3.28889548696,
      "stddev": 0.04258779313883835,
      "median": 3.28435564956,
      "user": 24.45159826,
      "system": 1.08126816,
      "min": 3.24511303856,
      "max": 3.3578524575600004,
      "times": [
        3.26536056756,
        3.29179572156,
        3.28435564956,
        3.24511303856,
        3.3578524575600004
      ],
      "exit_codes": [
        0,
        0,
        0,
        0,
        0
      ]
    }
  ]
}
