{
  "results": [
    {
      "command": "./bin/xoofx/aot/1brc ./inputs/measurements.txt",
      "mean": 1.6783167679000002,
      "stddev": 0.030696499700510367,
      "median": 1.6652680215,
      "user": 24.515571059999996,
      "system": 1.0763527,
      "min": 1.6528244425,
      "max": 1.7244356875,
      "times": [
        1.6528244425,
        1.7244356875,
        1.6652680215,
        1.6944439845000001,
        1.6546117034999999
      ],
      "exit_codes": [
        0,
        0,
        0,
        0,
        0
      ]
    }
  ]
}
