{
  "results": [
    {
      "command": "./bin/xoofx/aot/1brc ./inputs/measurements.txt",
      "mean": 0.6372888749600001,
      "stddev": 0.036948689266439516,
      "median": 0.6270659809600001,
      "user": 24.716796719999998,
      "system": 1.41104558,
      "min": 0.5963754169600001,
      "max": 0.68795112696,
      "times": [
        0.68795112696,
        0.66114400896,
        0.6139078409600001,
        0.6270659809600001,
        0.5963754169600001
      ],
      "exit_codes": [
        0,
        0,
        0,
        0,
        0
      ]
    }
  ]
}
