{
  "results": [
    {
      "command": "./bin/xoofx/aot/1brc ./inputs/measurements.txt",
      "mean": 0.9020367481199999,
      "stddev": 0.024160660707694365,
      "median": 0.91378889072,
      "user": 24.567884040000003,
      "system": 1.1515791199999998,
      "min": 0.87311059672,
      "max": 0.92811925072,
      "times": [
        0.91547296572,
        0.92811925072,
        0.87311059672,
        0.87969203672,
        0.91378889072
      ],
      "exit_codes": [
        0,
        0,
        0,
        0,
        0
      ]
    }
  ]
}
