{
  "results": [
    {
      "command": "./bin/xoofx/aot/1brc ./inputs/measurements.txt",
      "mean": 1.10025521478,
      "stddev": 0.01845452875107132,
      "median": 1.0976231005800001,
      "user": 30.916166499999992,
      "system": 1.3222838,
      "min": 1.07997776058,
      "max": 1.1296131575800001,
      "times": [
        1.07997776058,
        1.10257610558,
        1.1296131575800001,
        1.09148594958,
        1.0976231005800001
      ],
      "exit_codes": [
        0,
        0,
        0,
        0,
        0
      ]
    }
  ]
}
