{
  "results": [
    {
      "command": "./bin/xoofx/aot/1brc ./inputs/measurements.txt",
      "mean": 2.0862619185,
      "stddev": 0.02656254077172983,
      "median": 2.0809600495,
      "user": 30.832056,
      "system": 1.3178792600000002,
      "min": 2.0558665225,
      "max": 2.1270154875,
      "times": [
        2.0809600495,
        2.0558665225,
        2.1270154875,
        2.0738179235,
        2.0936496095
      ],
      "exit_codes": [
        0,
        0,
        0,
        0,
        0
      ]
    }
  ]
}
