{
  "results": [
    {
      "command": "./bin/xoofx/aot/1brc ./inputs/measurements.txt",
      "mean": 0.6810168564400001,
      "stddev": 0.04690835445593796,
      "median": 0.6960937136400001,
      "user": 30.84612338,
      "system": 1.3752504999999997,
      "min": 0.63101914764,
      "max": 0.7366701316400001,
      "times": [
        0.6960937136400001,
        0.7366701316400001,
        0.7078143946400001,
        0.63348689464,
        0.63101914764
      ],
      "exit_codes": [
        0,
        0,
        0,
        0,
        0
      ]
    }
  ]
}
