{
  "results": [
    {
      "command": "./bin/xoofx/aot/1brc ./inputs/measurements.txt",
      "mean": 0.5995097952600001,
      "stddev": 0.053256267045693896,
      "median": 0.57706469706,
      "user": 28.66585928,
      "system": 1.5885339999999997,
      "min": 0.5482572060600001,
      "max": 0.67471380106,
      "times": [
        0.57706469706,
        0.63451647806,
        0.56299679406,
        0.67471380106,
        0.5482572060600001
      ],
      "exit_codes": [
        0,
        0,
        0,
        0,
        0
      ]
    }
  ]
}
