{
  "results": [
    {
      "command": "./calculate_average_abeobk.sh",
      "mean": 0.29606917083999995,
      "stddev": 0.003763609040047114,
      "median": 0.29675258744,
      "user": 0.0032379399999999995,
      "system": 0.00152536,
      "min": 0.28971931444,
      "max": 0.29961376344,
      "times": [
        0.29785673844,
        0.29961376344,
        0.29640345044,
        0.29675258744,
        0.28971931444
      ],
      "exit_codes": [
        0,
        0,
        0,
        0,
        0
      ]
    }
  ]
}
