{
  "results": [
    {
      "command": "./calculate_average_abeobk.sh",
      "mean": 2.30434932422,
      "stddev": 0.05123207115724205,
      "median": 2.28375492382,
      "user": 0.0034213999999999994,
      "system": 0.00011891599999999998,
      "min": 2.26537278382,
      "max": 2.38934582282,
      "times": [
        2.38934582282,
        2.26537278382,
        2.28375492382,
        2.26918697782,
        2.31408611282
      ],
      "exit_codes": [
        0,
        0,
        0,
        0,
        0
      ]
    }
  ]
}
