{
  "results": [
    {
      "command": "./calculate_average_abeobk.sh",
      "mean": 1.14483070456,
      "stddev": 0.009691282014219886,
      "median": 1.14302895296,
      "user": 0.00245464,
      "system": 0.0014224799999999998,
      "min": 1.1357947129600001,
      "max": 1.16006051996,
      "times": [
        1.16006051996,
        1.13767503596,
        1.14759430096,
        1.14302895296,
        1.1357947129600001
      ],
      "exit_codes": [
        0,
        0,
        0,
        0,
        0
      ]
    }
  ]
}
