{
  "results": [
    {
      "command": "./calculate_average_abeobk.sh",
      "mean": 0.39471631494000003,
      "stddev": 0.0030048098137510646,
      "median": 0.39356042374,
      "user": 0.0031247999999999996,
      "system": 0.0013513999999999998,
      "min": 0.39194469674,
      "max": 0.39971909274,
      "times": [
        0.39194469674,
        0.39504230374,
        0.39331505774000003,
        0.39356042374,
        0.39971909274
      ],
      "exit_codes": [
        0,
        0,
        0,
        0,
        0
      ]
    }
  ]
}
