{
  "results": [
    {
      "command": "./calculate_average_abeobk.sh",
      "mean": 0.29443822008000003,
      "stddev": 0.0003934283864195637,
      "median": 0.29437951428,
      "user": 0.00261738,
      "system": 0.002421584,
      "min": 0.29385144528,
      "max": 0.29485535528,
      "times": [
        0.29385144528,
        0.29436355428,
        0.29474123128,
        0.29437951428,
        0.29485535528
      ],
      "exit_codes": [
        0,
        0,
        0,
        0,
        0
      ]
    }
  ]
}
