{
  "results": [
    {
      "command": "./calculate_average_abeobk.sh",
      "mean": 0.29459553132,
      "stddev": 0.0007831857763865525,
      "median": 0.29437964952,
      "user": 0.00238306,
      "system": 0.0027763999999999996,
      "min": 0.29386827952,
      "max": 0.29558236152,
      "times": [
        0.29386827952,
        0.29437964952,
        0.29524570652,
        0.29558236152,
        0.29390165951999997
      ],
      "exit_codes": [
        0,
        0,
        0,
        0,
        0
      ]
    }
  ]
}
