{
  "results": [
    {
      "command": "./calculate_average_abeobk.sh",
      "mean": 0.57805764318,
      "stddev": 0.009413280690729438,
      "median": 0.57459482618,
      "user": 0.0017623399999999998,
      "system": 0.0027415,
      "min": 0.57277031118,
      "max": 0.59482179818,
      "times": [
        0.57487021118,
        0.59482179818,
        0.57323106918,
        0.57459482618,
        0.57277031118
      ],
      "exit_codes": [
        0,
        0,
        0,
        0,
        0
      ]
    }
  ]
}
