{
  "results": [
    {
      "command": "./calculate_average_abeobk.sh",
      "mean": 0.30019750238,
      "stddev": 0.0023297377946785553,
      "median": 0.30060912318,
      "user": 0.00340452,
      "system": 0.0014555240000000001,
      "min": 0.29655743518,
      "max": 0.30295379118,
      "times": [
        0.30295379118,
        0.29989386017999997,
        0.30060912318,
        0.30097330218,
        0.29655743518
      ],
      "exit_codes": [
        0,
        0,
        0,
        0,
        0
      ]
    }
  ]
}
