{
  "results": [
    {
      "command": "./calculate_average_abeobk.sh",
      "mean": 1.5498983968200002,
      "stddev": 0.00915327318412959,
      "median": 1.54762811262,
      "user": 0.00215982,
      "system": 0.0013726799999999998,
      "min": 1.54241077362,
      "max": 1.5653028466199999,
      "times": [
        1.55029010262,
        1.54762811262,
        1.54241077362,
        1.5438601486199999,
        1.5653028466199999
      ],
      "exit_codes": [
        0,
        0,
        0,
        0,
        0
      ]
    }
  ]
}
