{
  "results": [
    {
      "command": "./calculate_average_abeobk.sh",
      "mean": 0.78263907686,
      "stddev": 0.008879260948679194,
      "median": 0.78139453926,
      "user": 0.0028944200000000004,
      "system": 0.0009943279999999998,
      "min": 0.77536428426,
      "max": 0.79736187526,
      "times": [
        0.79736187526,
        0.78139453926,
        0.78306518326,
        0.77600950226,
        0.77536428426
      ],
      "exit_codes": [
        0,
        0,
        0,
        0,
        0
      ]
    }
  ]
}
