{
  "results": [
    {
      "command": "./calculate_average_artsiomkorzun.sh",
      "mean": 0.1538392301,
      "stddev": 0.0026933119971908237,
      "median": 0.15431456010000003,
      "user": 0.0028600599999999998,
      "system": 0.00247012,
      "min": 0.1496938321,
      "max": 0.15684974010000002,
      "times": [
        0.1496938321,
        0.15309086810000003,
        0.15684974010000002,
        0.1552471501,
        0.15431456010000003
      ],
      "exit_codes": [
        0,
        0,
        0,
        0,
        0
      ]
    }
  ]
}
