{
  "results": [
    {
      "command": "./calculate_average_artsiomkorzun.sh",
      "mean": 0.36278372280000004,
      "stddev": 0.0012520503005288139,
      "median": 0.36213566420000004,
      "user": 0.0025623599999999996,
      "system": 0.00225328,
      "min": 0.3619272242,
      "max": 0.3649166232,
      "times": [
        0.3628998292,
        0.36213566420000004,
        0.3620392732,
        0.3619272242,
        0.3649166232
      ],
      "exit_codes": [
        0,
        0,
        0,
        0,
        0
      ]
    }
  ]
}
