{
  "results": [
    {
      "command": "./calculate_average_artsiomkorzun.sh",
      "mean": 0.70572986874,
      "stddev": 0.007702438102684739,
      "median": 0.7013406159400001,
      "user": 0.0031827400000000007,
      "system": 0.000923504,
      "min": 0.7010864819400001,
      "max": 0.7189963339400001,
      "times": [
        0.7189963339400001,
        0.7060131529400001,
        0.70121275894,
        0.7010864819400001,
        0.7013406159400001
      ],
      "exit_codes": [
        0,
        0,
        0,
        0,
        0
      ]
    }
  ]
}
