{
  "results": [
    {
      "command": "./calculate_average_artsiomkorzun.sh",
      "mean": 0.32794611774,
      "stddev": 0.00451179072812021,
      "median": 0.32785112774,
      "user": 10.045438460000002,
      "system": 2.4724902799999997,
      "min": 0.32312351974000003,
      "max": 0.33272759474,
      "times": [
        0.32785112774,
        0.33272759474,
        0.32312351974000003,
        0.32381377074,
        0.33221457574
      ],
      "exit_codes": [
        0,
        0,
        0,
        0,
        0
      ]
    }
  ]
}
