{
  "results": [
    {
      "command": "./calculate_average_artsiomkorzun.sh",
      "mean": 0.9712989678800001,
      "stddev": 0.01572427559746671,
      "median": 0.9634053942800002,
      "user": 0.0018821199999999997,
      "system": 0.00229286,
      "min": 0.9597906262800001,
      "max": 0.9965104202800001,
      "times": [
        0.9965104202800001,
        0.9768134702800001,
        0.9634053942800002,
        0.9599749282800001,
        0.9597906262800001
      ],
      "exit_codes": [
        0,
        0,
        0,
        0,
        0
      ]
    }
  ]
}
