{
  "results": [
    {
      "command": "./calculate_average_artsiomkorzun.sh",
      "mean": 0.2612571659,
      "stddev": 0.0023652606869620607,
      "median": 0.2619496747,
      "user": 0.0024711,
      "system": 0.002722288,
      "min": 0.2583199817,
      "max": 0.2635513037,
      "times": [
        0.2592315697,
        0.2635513037,
        0.2583199817,
        0.2632332997,
        0.2619496747
      ],
      "exit_codes": [
        0,
        0,
        0,
        0,
        0
      ]
    }
  ]
}
