{
  "results": [
    {
      "command": "./calculate_average_artsiomkorzun.sh",
      "mean": 1.92904164536,
      "stddev": 0.0437614382338191,
      "median": 1.90827556836,
      "user": 0.00123638,
      "system": 0.0022970800000000004,
      "min": 1.90371641136,
      "max": 2.00604890336,
      "times": [
        2.00604890336,
        1.9041063093600001,
        1.92306103436,
        1.90827556836,
        1.90371641136
      ],
      "exit_codes": [
        0,
        0,
        0,
        0,
        0
      ]
    }
  ]
}
