{
  "results": [
    {
      "command": "./calculate_average_artsiomkorzun.sh",
      "mean": 0.19351494412,
      "stddev": 0.00017035987977954896,
      "median": 0.19347146212000002,
      "user": 0.0021879,
      "system": 0.00274648,
      "min": 0.19335888912000002,
      "max": 0.19377200712000003,
      "times": [
        0.19359132412000002,
        0.19347146212000002,
        0.19338103812000002,
        0.19335888912000002,
        0.19377200712000003
      ],
      "exit_codes": [
        0,
        0,
        0,
        0,
        0
      ]
    }
  ]
}
