{
  "results": [
    {
      "command": "./calculate_average_artsiomkorzun.sh",
      "mean": 1.39367390444,
      "stddev": 0.006442306261374402,
      "median": 1.39049776144,
      "user": 0.0033601599999999996,
      "system": 0.000195772,
      "min": 1.38773537144,
      "max": 1.4016085254400001,
      "times": [
        1.4016085254400001,
        1.38773537144,
        1.3996026914400002,
        1.39049776144,
        1.38892517244
      ],
      "exit_codes": [
        0,
        0,
        0,
        0,
        0
      ]
    }
  ]
}
