{
  "results": [
    {
      "command": "./calculate_average_artsiomkorzun.sh",
      "mean": 0.50277638134,
      "stddev": 0.014411544867826406,
      "median": 0.49796265554,
      "user": 0.00208934,
      "system": 0.00280198,
      "min": 0.49001795954,
      "max": 0.5266635725400001,
      "times": [
        0.49440908854,
        0.49796265554,
        0.50482863054,
        0.5266635725400001,
        0.49001795954
      ],
      "exit_codes": [
        0,
        0,
        0,
        0,
        0
      ]
    }
  ]
}
