{
  "results": [
    {
      "command": "./bin/austindonisan/aot/1brc ./inputs/measurements.txt 32 1",
      "mean": 0.1309293105,
      "stddev": 0.009948149028954188,
      "median": 0.1290127407,
      "user": 0.00350754,
      "system": 0.0,
      "min": 0.1232803907,
      "max": 0.1481452227,
      "times": [
        0.1290127407,
        0.1232803907,
        0.1291080137,
        0.1251001847,
        0.1481452227
      ],
      "exit_codes": [
        0,
        0,
        0,
        0,
        0
      ]
    }
  ]
}
