{
  "results": [
    {
      "command": "./bin/austindonisan/aot/1brc ./inputs/measurements.txt 64 1",
      "mean": 0.12120874904000001,
      "stddev": 0.039232624222935206,
      "median": 0.10715467464,
      "user": 0.0021666199999999997,
      "system": 0.0026754799999999996,
      "min": 0.07655498264,
      "max": 0.17826857264,
      "times": [
        0.14084947764,
        0.10321603764000001,
        0.17826857264,
        0.07655498264,
        0.10715467464
      ],
      "exit_codes": [
        0,
        0,
        0,
        0,
        0
      ]
    }
  ]
}
