{
  "results": [
    {
      "command": "./bin/austindonisan/aot/1brc ./inputs/measurements.txt 8 1",
      "mean": 0.53895684438,
      "stddev": 0.08024045080854303,
      "median": 0.51173121978,
      "user": 0.0024291599999999997,
      "system": 0.001424976,
      "min": 0.46663929478,
      "max": 0.63932235878,
      "times": [
        0.46886970078,
        0.60822164778,
        0.63932235878,
        0.51173121978,
        0.46663929478
      ],
      "exit_codes": [
        0,
        0,
        0,
        0,
        0
      ]
    }
  ]
}
