{
  "results": [
    {
      "command": "./bin/austindonisan/aot/1brc ./inputs/measurements.txt 64 1",
      "mean": 0.09407588894,
      "stddev": 0.0217292234097285,
      "median": 0.08448309314,
      "user": 0.0022803,
      "system": 0.0029566559999999998,
      "min": 0.08311300614,
      "max": 0.13287266014000002,
      "times": [
        0.13287266014000002,
        0.08651609314,
        0.08448309314,
        0.08339459214,
        0.08311300614
      ],
      "exit_codes": [
        0,
        0,
        0,
        0,
        0
      ]
    }
  ]
}
