{
  "results": [
    {
      "command": "./bin/austindonisan/aot/1brc ./inputs/measurements.txt 16 1",
      "mean": 0.29930693268,
      "stddev": 0.09186732677057276,
      "median": 0.27636258848,
      "user": 0.0022430399999999995,
      "system": 0.000171976,
      "min": 0.23796655548000004,
      "max": 0.45919954948,
      "times": [
        0.45919954948,
        0.27636258848,
        0.28436575248,
        0.23796655548000004,
        0.23864021748000003
      ],
      "exit_codes": [
        0,
        0,
        0,
        0,
        0
      ]
    }
  ]
}
