{
  "results": [
    {
      "command": "./bin/austindonisan/aot/1brc ./inputs/measurements.txt 32 1",
      "mean": 0.12548966098,
      "stddev": 0.0015909530233362615,
      "median": 0.12534340458,
      "user": 0.00264748,
      "system": 0.0006859199999999999,
      "min": 0.12321283458000001,
      "max": 0.12711324058,
      "times": [
        0.12688026658,
        0.12489855858000003,
        0.12711324058,
        0.12534340458,
        0.12321283458000001
      ],
      "exit_codes": [
        0,
        0,
        0,
        0,
        0
      ]
    }
  ]
}
