{
  "results": [
    {
      "command": "./bin/austindonisan/aot/1brc ./inputs/measurements.txt 4 1",
      "mean": 1.0110187062400002,
      "stddev": 0.10779793088610568,
      "median": 0.9639639538400001,
      "user": 0.00207622,
      "system": 0.00047275599999999996,
      "min": 0.9175080848400001,
      "max": 1.14520177484,
      "times": [
        0.92067449984,
        1.14520177484,
        0.9639639538400001,
        1.10774521784,
        0.9175080848400001
      ],
      "exit_codes": [
        0,
        0,
        0,
        0,
        0
      ]
    }
  ]
}
