{
  "results": [
    {
      "command": "./bin/austindonisan/aot/1brc ./inputs/measurements.txt 16 1",
      "mean": 0.24033169704000001,
      "stddev": 0.006173741481416288,
      "median": 0.23744483524,
      "user": 0.0024910600000000007,
      "system": 0.00021312799999999998,
      "min": 0.23631354324000003,
      "max": 0.25119890024,
      "times": [
        0.25119890024,
        0.23935937324000003,
        0.23734183324000002,
        0.23744483524,
        0.23631354324000003
      ],
      "exit_codes": [
        0,
        0,
        0,
        0,
        0
      ]
    }
  ]
}
