{
  "results": [
    {
      "command": "./bin/austindonisan/aot/1brc ./inputs/measurements.txt 8 1",
      "mean": 0.4663505393599999,
      "stddev": 0.0028870090845679397,
      "median": 0.46548508176000003,
      "user": 0.00179806,
      "system": 0.0019022199999999996,
      "min": 0.46445107276,
      "max": 0.47142641876,
      "times": [
        0.47142641876,
        0.46467185676,
        0.46571826676,
        0.46445107276,
        0.46548508176000003
      ],
      "exit_codes": [
        0,
        0,
        0,
        0,
        0
      ]
    }
  ]
}
