{
  "results": [
    {
      "command": "./bin/austindonisan/aot/1brc ./inputs/measurements.txt 128 1",
      "mean": 0.06944056474,
      "stddev": 0.0032683413257791343,
      "median": 0.07087312494,
      "user": 0.000489376,
      "system": 0.010799220000000002,
      "min": 0.06569683394,
      "max": 0.07294437494000001,
      "times": [
        0.07145887594000001,
        0.06622961394000002,
        0.07294437494000001,
        0.06569683394,
        0.07087312494
      ],
      "exit_codes": [
        0,
        0,
        0,
        0,
        0
      ]
    }
  ]
}
