{
  "results": [
    {
      "command": "./bin/buybackoff/aot/1brc ./inputs/measurements.txt",
      "mean": 0.23320518712,
      "stddev": 0.03195000140250402,
      "median": 0.21945688612000003,
      "user": 0.0324123,
      "system": 0.04679728,
      "min": 0.21656958112000002,
      "max": 0.29024073912000004,
      "times": [
        0.21945688612000003,
        0.22202900512,
        0.21656958112000002,
        0.29024073912000004,
        0.21772972412000002
      ],
      "exit_codes": [
        0,
        0,
        0,
        0,
        0
      ]
    }
  ]
}
