{
  "results": [
    {
      "command": "./bin/buybackoff/aot/1brc ./inputs/measurements.txt",
      "mean": 0.19929320536,
      "stddev": 0.004503575435404609,
      "median": 0.20168839596000002,
      "user": 0.020894959999999997,
      "system": 0.0204891,
      "min": 0.19410688196,
      "max": 0.20366855496000003,
      "times": [
        0.20366855496000003,
        0.19475307596000002,
        0.20168839596000002,
        0.20224911796,
        0.19410688196
      ],
      "exit_codes": [
        0,
        0,
        0,
        0,
        0
      ]
    }
  ]
}
