{
  "results": [
    {
      "command": "./bin/buybackoff/aot/1brc ./inputs/measurements.txt",
      "mean": 2.2135574802,
      "stddev": 0.011044417643610381,
      "median": 2.217454504,
      "user": 0.02043472,
      "system": 0.00823706,
      "min": 2.195519354,
      "max": 2.222825168,
      "times": [
        2.195519354,
        2.220973682,
        2.2110146929999996,
        2.217454504,
        2.222825168
      ],
      "exit_codes": [
        0,
        0,
        0,
        0,
        0
      ]
    }
  ]
}
