{
  "results": [
    {
      "command": "./bin/buybackoff/aot/1brc ./inputs/measurements.txt",
      "mean": 0.82814515532,
      "stddev": 0.002898625027320918,
      "median": 0.8287296755200001,
      "user": 0.016608840000000003,
      "system": 0.0071787399999999986,
      "min": 0.8249454055200001,
      "max": 0.83181657352,
      "times": [
        0.82973731652,
        0.82549680552,
        0.8249454055200001,
        0.8287296755200001,
        0.83181657352
      ],
      "exit_codes": [
        0,
        0,
        0,
        0,
        0
      ]
    }
  ]
}
