{
  "results": [
    {
      "command": "./bin/buybackoff/aot/1brc ./inputs/measurements.txt",
      "mean": 0.30372567026,
      "stddev": 0.0023039659406504554,
      "median": 0.30301397466,
      "user": 0.018406239999999997,
      "system": 0.01055006,
      "min": 0.30193994366,
      "max": 0.30762873266,
      "times": [
        0.30221170966,
        0.30193994366,
        0.30301397466,
        0.30762873266,
        0.30383399066
      ],
      "exit_codes": [
        0,
        0,
        0,
        0,
        0
      ]
    }
  ]
}
