{
  "results": [
    {
      "command": "./bin/buybackoff/aot/1brc ./inputs/measurements.txt",
      "mean": 0.24338466096000003,
      "stddev": 0.0018731396926739625,
      "median": 0.24372046116,
      "user": 0.018282819999999998,
      "system": 0.02009606,
      "min": 0.24064173216,
      "max": 0.24539218416000003,
      "times": [
        0.24064173216,
        0.24465408916,
        0.24372046116,
        0.24539218416000003,
        0.24251483816000002
      ],
      "exit_codes": [
        0,
        0,
        0,
        0,
        0
      ]
    }
  ]
}
