{
  "results": [
    {
      "command": "./bin/buybackoff/aot/1brc ./inputs/measurements.txt",
      "mean": 0.5696595247,
      "stddev": 0.0045780465088938625,
      "median": 0.5671669377,
      "user": 0.016800739999999998,
      "system": 0.00816528,
      "min": 0.5660481327,
      "max": 0.5762059767,
      "times": [
        0.5660481327,
        0.5661500537,
        0.5762059767,
        0.5727265227,
        0.5671669377
      ],
      "exit_codes": [
        0,
        0,
        0,
        0,
        0
      ]
    }
  ]
}
