{
  "results": [
    {
      "command": "./bin/buybackoff/aot/1brc ./inputs/measurements.txt",
      "mean": 1.64355663204,
      "stddev": 0.011242062156662095,
      "median": 1.6426051726400002,
      "user": 0.01788496,
      "system": 0.00381448,
      "min": 1.6321979666400002,
      "max": 1.66060066464,
      "times": [
        1.64726862964,
        1.66060066464,
        1.6351107266400002,
        1.6426051726400002,
        1.6321979666400002
      ],
      "exit_codes": [
        0,
        0,
        0,
        0,
        0
      ]
    }
  ]
}
