{
  "results": [
    {
      "command": "./bin/buybackoff/aot/1brc ./inputs/measurements.txt",
      "mean": 1.11815310438,
      "stddev": 0.01713674727356911,
      "median": 1.11195514718,
      "user": 0.017327360000000003,
      "system": 0.00520514,
      "min": 1.0997372871800002,
      "max": 1.14391244818,
      "times": [
        1.14391244818,
        1.10942815818,
        1.12573248118,
        1.11195514718,
        1.0997372871800002
      ],
      "exit_codes": [
        0,
        0,
        0,
        0,
        0
      ]
    }
  ]
}
