{
  "results": [
    {
      "command": "./bin/buybackoff/aot/1brc ./inputs/measurements.txt",
      "mean": 0.43113363697999996,
      "stddev": 0.0013065092176690542,
      "median": 0.43082486078000004,
      "user": 0.01973622,
      "system": 0.00897692,
      "min": 0.42989099378,
      "max": 0.43322523678,
      "times": [
        0.43082486078000004,
        0.43144133278,
        0.42989099378,
        0.43028576078,
        0.43322523678
      ],
      "exit_codes": [
        0,
        0,
        0,
        0,
        0
      ]
    }
  ]
}
