{
  "results": [
    {
      "command": "./bin/CameronAavik/aot/1brc ./inputs/measurements.txt",
      "mean": 0.5260499378800001,
      "stddev": 0.02918333281385901,
      "median": 0.53344267528,
      "user": 10.11451132,
      "system": 0.5940896600000001,
      "min": 0.47722129428000004,
      "max": 0.54822949428,
      "times": [
        0.52362733628,
        0.54772888928,
        0.53344267528,
        0.47722129428000004,
        0.54822949428
      ],
      "exit_codes": [
        0,
        0,
        0,
        0,
        0
      ]
    }
  ]
}
