{
  "results": [
    {
      "command": "./bin/CameronAavik/aot/1brc ./inputs/measurements.txt",
      "mean": 0.48267574812,
      "stddev": 0.0005198419914079663,
      "median": 0.48274734112000006,
      "user": 10.08250054,
      "system": 0.70382386,
      "min": 0.48214907712000005,
      "max": 0.48345154512000005,
      "times": [
        0.48224599712000005,
        0.48278478012000003,
        0.48345154512000005,
        0.48214907712000005,
        0.48274734112000006
      ],
      "exit_codes": [
        0,
        0,
        0,
        0,
        0
      ]
    }
  ]
}
