{
  "results": [
    {
      "command": "./bin/CameronAavik/aot/1brc ./inputs/measurements.txt",
      "mean": 0.5995126532,
      "stddev": 0.01045418740442516,
      "median": 0.5946541462,
      "user": 13.688609719999999,
      "system": 0.6610627,
      "min": 0.5906331842000001,
      "max": 0.6168232242,
      "times": [
        0.5939400322,
        0.6168232242,
        0.6015126792000001,
        0.5946541462,
        0.5906331842000001
      ],
      "exit_codes": [
        0,
        0,
        0,
        0,
        0
      ]
    }
  ]
}
