{
  "results": [
    {
      "command": "./bin/CameronAavik/aot/1brc ./inputs/measurements.txt",
      "mean": 0.48318828606,
      "stddev": 0.001788949053494349,
      "median": 0.48283247046000005,
      "user": 9.98995632,
      "system": 0.7940351599999999,
      "min": 0.48162404546000004,
      "max": 0.48610521046000005,
      "times": [
        0.48190800146,
        0.48283247046000005,
        0.48610521046000005,
        0.48347170246000004,
        0.48162404546000004
      ],
      "exit_codes": [
        0,
        0,
        0,
        0,
        0
      ]
    }
  ]
}
