{
  "results": [
    {
      "command": "./bin/CameronAavik/aot/1brc ./inputs/measurements.txt",
      "mean": 2.6776591706799997,
      "stddev": 0.029748967236294527,
      "median": 2.67707633688,
      "user": 9.902067920000002,
      "system": 0.44054849999999995,
      "min": 2.64725320588,
      "max": 2.71554281388,
      "times": [
        2.67707633688,
        2.65016801788,
        2.6982554788799997,
        2.64725320588,
        2.71554281388
      ],
      "exit_codes": [
        0,
        0,
        0,
        0,
        0
      ]
    }
  ]
}
