{
  "results": [
    {
      "command": "./bin/CameronAavik/aot/1brc ./inputs/measurements.txt",
      "mean": 1.8854953979400002,
      "stddev": 0.023335070983913513,
      "median": 1.87209318814,
      "user": 13.598511399999998,
      "system": 0.56841524,
      "min": 1.87040664914,
      "max": 1.92461211614,
      "times": [
        1.92461211614,
        1.8705845611399998,
        1.8897804751399998,
        1.87040664914,
        1.87209318814
      ],
      "exit_codes": [
        0,
        0,
        0,
        0,
        0
      ]
    }
  ]
}
