{
  "results": [
    {
      "command": "./bin/CameronAavik/aot/1brc ./inputs/measurements.txt",
      "mean": 0.7873575214999999,
      "stddev": 0.007647436446378271,
      "median": 0.7845749117,
      "user": 9.924389779999998,
      "system": 0.5442347599999999,
      "min": 0.7806314637,
      "max": 0.8004585407000001,
      "times": [
        0.8004585407000001,
        0.7806314637,
        0.7845749117,
        0.7843652757,
        0.7867574157
      ],
      "exit_codes": [
        0,
        0,
        0,
        0,
        0
      ]
    }
  ]
}
