{
  "results": [
    {
      "command": "./bin/CameronAavik/aot/1brc ./inputs/measurements.txt",
      "mean": 1.03279827754,
      "stddev": 0.016952605660708917,
      "median": 1.02881242434,
      "user": 13.671415719999999,
      "system": 0.5790282,
      "min": 1.02038994034,
      "max": 1.06213525734,
      "times": [
        1.02212609634,
        1.03052766934,
        1.06213525734,
        1.02881242434,
        1.02038994034
      ],
      "exit_codes": [
        0,
        0,
        0,
        0,
        0
      ]
    }
  ]
}
