{
  "results": [
    {
      "command": "./bin/CameronAavik/aot/1brc ./inputs/measurements.txt",
      "mean": 1.41513491766,
      "stddev": 0.02191553047026946,
      "median": 1.4088198966599998,
      "user": 9.922862199999999,
      "system": 0.4688034,
      "min": 1.39450657566,
      "max": 1.43893158266,
      "times": [
        1.43893158266,
        1.39567826666,
        1.39450657566,
        1.4088198966599998,
        1.43773826666
      ],
      "exit_codes": [
        0,
        0,
        0,
        0,
        0
      ]
    }
  ]
}
