{
  "results": [
    {
      "command": "./bin/CameronAavik/aot/1brc ./inputs/measurements.txt",
      "mean": 0.49375343428,
      "stddev": 0.014383660409653592,
      "median": 0.5012737378800001,
      "user": 9.994160840000001,
      "system": 0.61526836,
      "min": 0.47483581888000004,
      "max": 0.50590889888,
      "times": [
        0.48186164988,
        0.50488706588,
        0.5012737378800001,
        0.47483581888000004,
        0.50590889888
      ],
      "exit_codes": [
        0,
        0,
        0,
        0,
        0
      ]
    }
  ]
}
