{
  "results": [
    {
      "command": "./bin/dzaima/aot/1brc ./inputs/measurements.txt",
      "mean": 1.2540426295,
      "stddev": 0.015316648008894637,
      "median": 1.2529561467,
      "user": 9.263603799999999,
      "system": 0.5629716599999999,
      "min": 1.2409212927,
      "max": 1.2789770297,
      "times": [
        1.2409212927,
        1.2789770297,
        1.2421297277,
        1.2552289507,
        1.2529561467
      ],
      "exit_codes": [
        0,
        0,
        0,
        0,
        0
      ]
    }
  ]
}
