{
  "results": [
    {
      "command": "./bin/dzaima/aot/1brc ./inputs/measurements.txt",
      "mean": 2.5183644038399997,
      "stddev": 0.05111819793473862,
      "median": 2.4964328774399998,
      "user": 9.311999020000002,
      "system": 0.5235044999999999,
      "min": 2.4698325094399998,
      "max": 2.60135221044,
      "times": [
        2.60135221044,
        2.4698325094399998,
        2.4964328774399998,
        2.49406699744,
        2.53013742444
      ],
      "exit_codes": [
        0,
        0,
        0,
        0,
        0
      ]
    }
  ]
}
