{
  "results": [
    {
      "command": "./bin/dzaima/aot/1brc ./inputs/measurements.txt",
      "mean": 1.61471176634,
      "stddev": 0.07167195983980744,
      "median": 1.56902920014,
      "user": 11.66391442,
      "system": 0.64511286,
      "min": 1.55919135414,
      "max": 1.7209745941399999,
      "times": [
        1.56705160414,
        1.65731207914,
        1.56902920014,
        1.55919135414,
        1.7209745941399999
      ],
      "exit_codes": [
        0,
        0,
        0,
        0,
        0
      ]
    }
  ]
}
