{
  "results": [
    {
      "command": "./bin/dzaima/aot/1brc ./inputs/measurements.txt",
      "mean": 1.3277855353599999,
      "stddev": 0.001947341688186949,
      "median": 1.32734928156,
      "user": 9.665291459999999,
      "system": 0.49664279999999994,
      "min": 1.32597981856,
      "max": 1.3309288775600001,
      "times": [
        1.3309288775600001,
        1.32734928156,
        1.32597981856,
        1.3281806605600002,
        1.3264890385600001
      ],
      "exit_codes": [
        0,
        0,
        0,
        0,
        0
      ]
    }
  ]
}
