{
  "results": [
    {
      "command": "./bin/dzaima/aot/1brc ./inputs/measurements.txt",
      "mean": 1.2703827425599998,
      "stddev": 0.021179331255806302,
      "median": 1.2596193143599999,
      "user": 9.392560519999998,
      "system": 0.4410995,
      "min": 1.25106316336,
      "max": 1.2946445943599998,
      "times": [
        1.2919959723599999,
        1.2946445943599998,
        1.2596193143599999,
        1.25106316336,
        1.2545906683599999
      ],
      "exit_codes": [
        0,
        0,
        0,
        0,
        0
      ]
    }
  ]
}
