{
  "results": [
    {
      "command": "./bin/dzaima/aot/1brc ./inputs/measurements.txt",
      "mean": 1.24485995596,
      "stddev": 0.005993951960253088,
      "median": 1.2431182279600002,
      "user": 9.2886721,
      "system": 0.54990026,
      "min": 1.2389328159600002,
      "max": 1.25423844896,
      "times": [
        1.24684483496,
        1.2411654519600002,
        1.2431182279600002,
        1.2389328159600002,
        1.25423844896
      ],
      "exit_codes": [
        0,
        0,
        0,
        0,
        0
      ]
    }
  ]
}
