{
  "results": [
    {
      "command": "./bin/dzaima/aot/1brc ./inputs/measurements.txt",
      "mean": 1.2646424139,
      "stddev": 0.020094866174628506,
      "median": 1.2520913213,
      "user": 9.302610060000001,
      "system": 0.53962462,
      "min": 1.2493331393,
      "max": 1.2954650203,
      "times": [
        1.2493331393,
        1.2954650203,
        1.2747563423000001,
        1.2515662463000001,
        1.2520913213
      ],
      "exit_codes": [
        0,
        0,
        0,
        0,
        0
      ]
    }
  ]
}
