{
  "results": [
    {
      "command": "./bin/dzaima/aot/1brc ./inputs/measurements.txt",
      "mean": 1.2482186926,
      "stddev": 0.0036471880895957436,
      "median": 1.2492520568,
      "user": 9.292333379999999,
      "system": 0.5238136200000001,
      "min": 1.2420458068,
      "max": 1.2516001267999999,
      "times": [
        1.2483710898,
        1.2492520568,
        1.2516001267999999,
        1.2498243828,
        1.2420458068
      ],
      "exit_codes": [
        0,
        0,
        0,
        0,
        0
      ]
    }
  ]
}
