{
  "results": [
    {
      "command": "./bin/dzaima/aot/1brc ./inputs/measurements.txt",
      "mean": 1.25707839498,
      "stddev": 0.014890577448736116,
      "median": 1.25072451998,
      "user": 9.442895759999999,
      "system": 0.4221140599999999,
      "min": 1.24654650698,
      "max": 1.28304587698,
      "times": [
        1.28304587698,
        1.24654650698,
        1.25570580498,
        1.24936926598,
        1.25072451998
      ],
      "exit_codes": [
        0,
        0,
        0,
        0,
        0
      ]
    }
  ]
}
