{
  "results": [
    {
      "command": "./bin/dzaima/aot/1brc ./inputs/measurements.txt",
      "mean": 1.3377031018800003,
      "stddev": 0.01514399463394612,
      "median": 1.33238721808,
      "user": 9.661481779999999,
      "system": 0.5375288,
      "min": 1.32804317608,
      "max": 1.36430984508,
      "times": [
        1.33506815508,
        1.36430984508,
        1.32804317608,
        1.33238721808,
        1.32870711508
      ],
      "exit_codes": [
        0,
        0,
        0,
        0,
        0
      ]
    }
  ]
}
