{
  "results": [
    {
      "command": "./calculate_average_jerrinot.sh",
      "mean": 1.4225917084000002,
      "stddev": 0.010706850754730584,
      "median": 1.4182439002,
      "user": 0.00323224,
      "system": 0.00088512,
      "min": 1.4128014632,
      "max": 1.4356751292,
      "times": [
        1.4323943212,
        1.4128014632,
        1.4182439002,
        1.4138437282,
        1.4356751292
      ],
      "exit_codes": [
        0,
        0,
        0,
        0,
        0
      ]
    }
  ]
}
