{
  "results": [
    {
      "command": "./calculate_average_jerrinot.sh",
      "mean": 0.25294610138,
      "stddev": 0.004401974795825259,
      "median": 0.25035932878000006,
      "user": 0.00345516,
      "system": 0.0025883039999999996,
      "min": 0.24869597678,
      "max": 0.25775800078000005,
      "times": [
        0.25024713878000004,
        0.25775800078000005,
        0.24869597678,
        0.25035932878000006,
        0.25767006178
      ],
      "exit_codes": [
        0,
        0,
        0,
        0,
        0
      ]
    }
  ]
}
