{
  "results": [
    {
      "command": "./calculate_average_jerrinot.sh",
      "mean": 0.25332273648,
      "stddev": 0.00448190322272234,
      "median": 0.25280730588,
      "user": 0.0046573,
      "system": 0.0012212,
      "min": 0.24922646588,
      "max": 0.26086896388,
      "times": [
        0.25286874888,
        0.24922646588,
        0.25084219788,
        0.26086896388,
        0.25280730588
      ],
      "exit_codes": [
        0,
        0,
        0,
        0,
        0
      ]
    }
  ]
}
