{
  "results": [
    {
      "command": "./calculate_average_jerrinot.sh",
      "mean": 0.7191151338800001,
      "stddev": 0.004192547872185715,
      "median": 0.7173204060800001,
      "user": 0.0033107399999999995,
      "system": 0.001508576,
      "min": 0.7158095280800001,
      "max": 0.72604447808,
      "times": [
        0.72604447808,
        0.7158095280800001,
        0.7164015590800001,
        0.7199996980800001,
        0.7173204060800001
      ],
      "exit_codes": [
        0,
        0,
        0,
        0,
        0
      ]
    }
  ]
}
