{
  "results": [
    {
      "command": "./calculate_average_jerrinot.sh",
      "mean": 1.8973894545400003,
      "stddev": 0.032703398103173964,
      "median": 1.8802780269400001,
      "user": 0.0025787,
      "system": 0.0014587679999999998,
      "min": 1.8652184629400002,
      "max": 1.94490477694,
      "times": [
        1.8802780269400001,
        1.94490477694,
        1.8652184629400002,
        1.8796852629400003,
        1.9168607429400002
      ],
      "exit_codes": [
        0,
        0,
        0,
        0,
        0
      ]
    }
  ]
}
