{
  "results": [
    {
      "command": "./calculate_average_jerrinot.sh",
      "mean": 0.9486630959600001,
      "stddev": 0.009832963357645995,
      "median": 0.9462985171600001,
      "user": 0.00198598,
      "system": 0.00263328,
      "min": 0.9409239961600001,
      "max": 0.9649100941600001,
      "times": [
        0.9649100941600001,
        0.9462985171600001,
        0.94997485016,
        0.9409239961600001,
        0.9412080221600001
      ],
      "exit_codes": [
        0,
        0,
        0,
        0,
        0
      ]
    }
  ]
}
