{
  "results": [
    {
      "command": "./calculate_average_jerrinot.sh",
      "mean": 0.25334610602,
      "stddev": 0.004881931544884816,
      "median": 0.25337186442000004,
      "user": 0.0025524599999999995,
      "system": 0.0033309999999999998,
      "min": 0.24572795642,
      "max": 0.25807680542000005,
      "times": [
        0.25337186442000004,
        0.24572795642,
        0.25710310742000003,
        0.25245079642000007,
        0.25807680542000005
      ],
      "exit_codes": [
        0,
        0,
        0,
        0,
        0
      ]
    }
  ]
}
