{
  "results": [
    {
      "command": "./calculate_average_jerrinot.sh",
      "mean": 0.48402678628,
      "stddev": 0.004794393787635542,
      "median": 0.48284350688000005,
      "user": 0.0035681999999999997,
      "system": 0.002059728,
      "min": 0.48074053588000004,
      "max": 0.49235248188,
      "times": [
        0.48087537988,
        0.48332202688000003,
        0.49235248188,
        0.48074053588000004,
        0.48284350688000005
      ],
      "exit_codes": [
        0,
        0,
        0,
        0,
        0
      ]
    }
  ]
}
