{
  "results": [
    {
      "command": "./calculate_average_jerrinot.sh",
      "mean": 0.24901838828000003,
      "stddev": 0.0006172555783342151,
      "median": 0.24882738508,
      "user": 0.00258924,
      "system": 0.0033918200000000003,
      "min": 0.24842636608000002,
      "max": 0.25000739708,
      "times": [
        0.24917778208,
        0.24842636608000002,
        0.24882738508,
        0.25000739708,
        0.24865301108
      ],
      "exit_codes": [
        0,
        0,
        0,
        0,
        0
      ]
    }
  ]
}
