{
  "results": [
    {
      "command": "./calculate_average_jerrinot.sh",
      "mean": 0.36306980966,
      "stddev": 0.0011540953046378956,
      "median": 0.36263564286,
      "user": 0.00315994,
      "system": 0.0022332159999999997,
      "min": 0.36221226386,
      "max": 0.36505471986000004,
      "times": [
        0.36221226386,
        0.36505471986000004,
        0.36305767186000004,
        0.36263564286,
        0.36238874986
      ],
      "exit_codes": [
        0,
        0,
        0,
        0,
        0
      ]
    }
  ]
}
