{
  "results": [
    {
      "command": "./bin/kpocza/aot/1brc ./inputs/measurements.txt",
      "mean": 0.37497243637999994,
      "stddev": 0.009174331348602063,
      "median": 0.37315426638,
      "user": 17.66361012,
      "system": 1.1347330799999997,
      "min": 0.36414389438,
      "max": 0.38498375538,
      "times": [
        0.37315426638,
        0.36414389438,
        0.36879309338,
        0.38498375538,
        0.38378717238
      ],
      "exit_codes": [
        0,
        0,
        0,
        0,
        0
      ]
    }
  ]
}
