{
  "results": [
    {
      "command": "./bin/kpocza/aot/1brc ./inputs/measurements.txt",
      "mean": 0.5755811411,
      "stddev": 0.021193809039870115,
      "median": 0.5701974813,
      "user": 12.213674779999998,
      "system": 0.51161256,
      "min": 0.5592800613000001,
      "max": 0.6121397393,
      "times": [
        0.5629071213,
        0.6121397393,
        0.5701974813,
        0.5592800613000001,
        0.5733813023000001
      ],
      "exit_codes": [
        0,
        0,
        0,
        0,
        0
      ]
    }
  ]
}
