{
  "results": [
    {
      "command": "./bin/kpocza/aot/1brc ./inputs/measurements.txt",
      "mean": 0.3943411446400001,
      "stddev": 0.008581377842635842,
      "median": 0.39161197724,
      "user": 12.384535379999999,
      "system": 0.6580465600000001,
      "min": 0.38716618024000005,
      "max": 0.40914274324000005,
      "times": [
        0.39161197724,
        0.39340102024000007,
        0.40914274324000005,
        0.38716618024000005,
        0.39038380224
      ],
      "exit_codes": [
        0,
        0,
        0,
        0,
        0
      ]
    }
  ]
}
