{
  "results": [
    {
      "command": "./bin/kpocza/aot/1brc ./inputs/measurements.txt",
      "mean": 0.47624339037999996,
      "stddev": 0.022669255914334642,
      "median": 0.46547252278,
      "user": 18.10744688,
      "system": 0.67456794,
      "min": 0.45951655678000003,
      "max": 0.51422523178,
      "times": [
        0.46547252278,
        0.46199567678000003,
        0.51422523178,
        0.48000696378,
        0.45951655678000003
      ],
      "exit_codes": [
        0,
        0,
        0,
        0,
        0
      ]
    }
  ]
}
