{
  "results": [
    {
      "command": "./bin/kpocza/aot/1brc ./inputs/measurements.txt",
      "mean": 2.54007281098,
      "stddev": 0.061951231589521163,
      "median": 2.53103080318,
      "user": 18.160020699999997,
      "system": 0.4752133400000001,
      "min": 2.48657160618,
      "max": 2.64542281318,
      "times": [
        2.48657160618,
        2.64542281318,
        2.5046542461800003,
        2.53103080318,
        2.5326845861800003
      ],
      "exit_codes": [
        0,
        0,
        0,
        0,
        0
      ]
    }
  ]
}
