{
  "results": [
    {
      "command": "./bin/kpocza/aot/1brc ./inputs/measurements.txt",
      "mean": 3.354511148740001,
      "stddev": 0.02130811615004421,
      "median": 3.35978767494,
      "user": 12.0975466,
      "system": 0.41277966,
      "min": 3.32781542894,
      "max": 3.3790124769400003,
      "times": [
        3.3790124769400003,
        3.36830916894,
        3.33763099394,
        3.32781542894,
        3.35978767494
      ],
      "exit_codes": [
        0,
        0,
        0,
        0,
        0
      ]
    }
  ]
}
