{
  "results": [
    {
      "command": "./bin/kpocza/aot/1brc ./inputs/measurements.txt",
      "mean": 1.7614961535,
      "stddev": 0.044354387137923675,
      "median": 1.7555673887,
      "user": 12.12569686,
      "system": 0.43205048,
      "min": 1.7077145797,
      "max": 1.8301045056999998,
      "times": [
        1.7669199727,
        1.8301045056999998,
        1.7471743207,
        1.7077145797,
        1.7555673887
      ],
      "exit_codes": [
        0,
        0,
        0,
        0,
        0
      ]
    }
  ]
}
