{
  "results": [
    {
      "command": "./bin/kpocza/aot/1brc ./inputs/measurements.txt",
      "mean": 1.3316700880400003,
      "stddev": 0.01409508219243867,
      "median": 1.3222889606400001,
      "user": 18.2300409,
      "system": 0.4936402999999999,
      "min": 1.32077047364,
      "max": 1.34945557364,
      "times": [
        1.3445030856400002,
        1.3222889606400001,
        1.34945557364,
        1.32133234664,
        1.32077047364
      ],
      "exit_codes": [
        0,
        0,
        0,
        0,
        0
      ]
    }
  ]
}
