{
  "results": [
    {
      "command": "./bin/kpocza/aot/1brc ./inputs/measurements.txt",
      "mean": 0.9927283129600001,
      "stddev": 0.1000673376004851,
      "median": 0.95227810836,
      "user": 12.14707646,
      "system": 0.48235364000000003,
      "min": 0.94152778936,
      "max": 1.17150403736,
      "times": [
        1.17150403736,
        0.95227810836,
        0.94152778936,
        0.9536398193600001,
        0.94469181036
      ],
      "exit_codes": [
        0,
        0,
        0,
        0,
        0
      ]
    }
  ]
}
