{
  "results": [
    {
      "command": "./bin/kpocza/aot/1brc ./inputs/measurements.txt",
      "mean": 0.7623589748799999,
      "stddev": 0.03034623617106488,
      "median": 0.74878220948,
      "user": 18.190633860000002,
      "system": 0.56915752,
      "min": 0.74412242648,
      "max": 0.81579459548,
      "times": [
        0.81579459548,
        0.74412242648,
        0.74532093148,
        0.74878220948,
        0.75777471148
      ],
      "exit_codes": [
        0,
        0,
        0,
        0,
        0
      ]
    }
  ]
}
