{
  "results": [
    {
      "command": "./bin/lehuyduc/aot/1brc ./inputs/measurements.txt",
      "mean": 0.4177870986,
      "stddev": 0.004351487535740651,
      "median": 0.4188253642,
      "user": 0.0017223199999999998,
      "system": 0.00016607599999999997,
      "min": 0.4131121922,
      "max": 0.4224068632,
      "times": [
        0.42123149520000003,
        0.4133595782,
        0.4131121922,
        0.4188253642,
        0.4224068632
      ],
      "exit_codes": [
        0,
        0,
        0,
        0,
        0
      ]
    }
  ]
}
