{
  "results": [
    {
      "command": "./bin/lehuyduc/aot/1brc ./inputs/measurements.txt",
      "mean": 2.2331181296800002,
      "stddev": 0.09525742283847925,
      "median": 2.17946265728,
      "user": 0.00106306,
      "system": 0.00035038399999999997,
      "min": 2.16354199928,
      "max": 2.38319440628,
      "times": [
        2.16634341828,
        2.38319440628,
        2.16354199928,
        2.27304816728,
        2.17946265728
      ],
      "exit_codes": [
        0,
        0,
        0,
        0,
        0
      ]
    }
  ]
}
