{
  "results": [
    {
      "command": "./bin/lehuyduc/aot/1brc ./inputs/measurements.txt",
      "mean": 1.1278138102000004,
      "stddev": 0.042298381185296115,
      "median": 1.1158180616000002,
      "user": 0.00129358,
      "system": 0.00028093599999999997,
      "min": 1.0997991516,
      "max": 1.2020593366,
      "times": [
        1.1187421576,
        1.1158180616000002,
        1.0997991516,
        1.2020593366,
        1.1026503436000001
      ],
      "exit_codes": [
        0,
        0,
        0,
        0,
        0
      ]
    }
  ]
}
