{
  "results": [
    {
      "command": "./bin/lehuyduc/aot/1brc ./inputs/measurements.txt",
      "mean": 0.16727484320000002,
      "stddev": 0.008774534075793783,
      "median": 0.16364456460000001,
      "user": 0.0015931600000000001,
      "system": 0.00052316,
      "min": 0.15850489360000003,
      "max": 0.18032760360000002,
      "times": [
        0.17181126160000001,
        0.16364456460000001,
        0.16208589260000003,
        0.15850489360000003,
        0.18032760360000002
      ],
      "exit_codes": [
        0,
        0,
        0,
        0,
        0
      ]
    }
  ]
}
