{
  "results": [
    {
      "command": "./bin/lehuyduc/aot/1brc ./inputs/measurements.txt",
      "mean": 0.6223478918400001,
      "stddev": 0.054390211522832875,
      "median": 0.5921299672400001,
      "user": 0.00159406,
      "system": 0.00028842799999999997,
      "min": 0.57401456524,
      "max": 0.6986382452400001,
      "times": [
        0.58632209524,
        0.5921299672400001,
        0.6986382452400001,
        0.66063458624,
        0.57401456524
      ],
      "exit_codes": [
        0,
        0,
        0,
        0,
        0
      ]
    }
  ]
}
