{
  "results": [
    {
      "command": "./bin/lehuyduc/aot/1brc ./inputs/measurements.txt",
      "mean": 1.46411172418,
      "stddev": 0.06717532326648136,
      "median": 1.43271446338,
      "user": 0.0010811599999999998,
      "system": 0.00034455200000000003,
      "min": 1.43025189738,
      "max": 1.58405521238,
      "times": [
        1.43252124238,
        1.43025189738,
        1.58405521238,
        1.44101580538,
        1.43271446338
      ],
      "exit_codes": [
        0,
        0,
        0,
        0,
        0
      ]
    }
  ]
}
