{
  "results": [
    {
      "command": "./bin/lehuyduc/aot/1brc ./inputs/measurements.txt",
      "mean": 0.24672811396,
      "stddev": 0.0041320255333870915,
      "median": 0.24749331836000002,
      "user": 0.0018777000000000002,
      "system": 0.00008161199999999999,
      "min": 0.24245666436000002,
      "max": 0.25225552036000004,
      "times": [
        0.25225552036000004,
        0.24281331636,
        0.24245666436000002,
        0.24749331836000002,
        0.24862175036
      ],
      "exit_codes": [
        0,
        0,
        0,
        0,
        0
      ]
    }
  ]
}
