{
  "results": [
    {
      "command": "./bin/lehuyduc/aot/1brc ./inputs/measurements.txt",
      "mean": 0.20507018600000002,
      "stddev": 0.011661280353940876,
      "median": 0.199692369,
      "user": 0.00207218,
      "system": 0.0,
      "min": 0.197677006,
      "max": 0.225691442,
      "times": [
        0.197677006,
        0.202613445,
        0.225691442,
        0.199676668,
        0.199692369
      ],
      "exit_codes": [
        0,
        0,
        0,
        0,
        0
      ]
    }
  ]
}
