{
  "results": [
    {
      "command": "./bin/lehuyduc/aot/1brc ./inputs/measurements.txt",
      "mean": 0.8020210545200002,
      "stddev": 0.044731436681145334,
      "median": 0.8148565895200001,
      "user": 0.00141168,
      "system": 0.000232156,
      "min": 0.75437366652,
      "max": 0.8593359825200001,
      "times": [
        0.8593359825200001,
        0.8148565895200001,
        0.7589074235200001,
        0.8226316105200001,
        0.75437366652
      ],
      "exit_codes": [
        0,
        0,
        0,
        0,
        0
      ]
    }
  ]
}
