{
  "results": [
    {
      "command": "./bin/lehuyduc/aot/1brc ./inputs/measurements.txt",
      "mean": 0.34723461888000007,
      "stddev": 0.01857489805603774,
      "median": 0.34113738228,
      "user": 0.0017948399999999996,
      "system": 0.00016743199999999996,
      "min": 0.32462730628,
      "max": 0.36791464728,
      "times": [
        0.36791464728,
        0.32462730628,
        0.36488470228000003,
        0.33760905628000004,
        0.34113738228
      ],
      "exit_codes": [
        0,
        0,
        0,
        0,
        0
      ]
    }
  ]
}
