{
  "results": [
    {
      "command": "./bin/mtopolnik-rs/aot/1brc ./inputs/measurements.txt",
      "mean": 1.3416303976600001,
      "stddev": 0.037617559529087255,
      "median": 1.32868553326,
      "user": 18.24297748,
      "system": 0.5366322800000001,
      "min": 1.32055215126,
      "max": 1.40851443126,
      "times": [
        1.32938724326,
        1.3210126292600002,
        1.32055215126,
        1.40851443126,
        1.32868553326
      ],
      "exit_codes": [
        0,
        0,
        0,
        0,
        0
      ]
    }
  ]
}
