{
  "results": [
    {
      "command": "./bin/mtopolnik-rs/aot/1brc ./inputs/measurements.txt",
      "mean": 0.6936657391200002,
      "stddev": 0.041831968919883715,
      "median": 0.68288952952,
      "user": 12.9642852,
      "system": 0.58481234,
      "min": 0.6524601955200001,
      "max": 0.7643343535200001,
      "times": [
        0.7643343535200001,
        0.6524601955200001,
        0.6814086745200001,
        0.68288952952,
        0.6872359425200001
      ],
      "exit_codes": [
        0,
        0,
        0,
        0,
        0
      ]
    }
  ]
}
