{
  "results": [
    {
      "command": "./calculate_average_mtopolnik.sh",
      "mean": 2.763975926,
      "stddev": 0.09753295018249596,
      "median": 2.7231672694,
      "user": 0.0033627400000000003,
      "system": 0.0014902280000000001,
      "min": 2.7021854324,
      "max": 2.9349201834,
      "times": [
        2.9349201834,
        2.7231672694,
        2.7522736634,
        2.7021854324,
        2.7073330814
      ],
      "exit_codes": [
        0,
        0,
        0,
        0,
        0
      ]
    }
  ]
}
