{
  "results": [
    {
      "command": "./bin/mtopolnik-rs/aot/1brc ./inputs/measurements.txt",
      "mean": 1.8642860515600002,
      "stddev": 0.029615764777825515,
      "median": 1.86892831556,
      "user": 12.95329772,
      "system": 0.43739762000000004,
      "min": 1.81727473556,
      "max": 1.89795513656,
      "times": [
        1.89795513656,
        1.86892831556,
        1.86137973956,
        1.8758923305600002,
        1.81727473556
      ],
      "exit_codes": [
        0,
        0,
        0,
        0,
        0
      ]
    }
  ]
}
