{
  "results": [
    {
      "command": "./bin/mtopolnik-rs/aot/1brc ./inputs/measurements.txt",
      "mean": 0.5435726795000001,
      "stddev": 0.016223813595078452,
      "median": 0.5437791545,
      "user": 17.564362759999998,
      "system": 0.8910217599999999,
      "min": 0.5204776045,
      "max": 0.5660363645,
      "times": [
        0.5410725765000001,
        0.5204776045,
        0.5660363645,
        0.5437791545,
        0.5464976975000001
      ],
      "exit_codes": [
        0,
        0,
        0,
        0,
        0
      ]
    }
  ]
}
