{
  "results": [
    {
      "command": "./bin/mtopolnik-rs/aot/1brc ./inputs/measurements.txt",
      "mean": 0.81072604898,
      "stddev": 0.04089557981062925,
      "median": 0.78991747438,
      "user": 17.902691339999997,
      "system": 0.6649209199999999,
      "min": 0.7710188503800001,
      "max": 0.8553847453800001,
      "times": [
        0.85443176438,
        0.8553847453800001,
        0.78991747438,
        0.7710188503800001,
        0.78287741038
      ],
      "exit_codes": [
        0,
        0,
        0,
        0,
        0
      ]
    }
  ]
}
