{
  "results": [
    {
      "command": "./bin/mtopolnik-rs/aot/1brc ./inputs/measurements.txt",
      "mean": 2.52588027106,
      "stddev": 0.03716472500540404,
      "median": 2.51717061106,
      "user": 18.18006114,
      "system": 0.51419232,
      "min": 2.49118492206,
      "max": 2.56922845406,
      "times": [
        2.56922845406,
        2.51717061106,
        2.49118492206,
        2.49151264406,
        2.56030472406
      ],
      "exit_codes": [
        0,
        0,
        0,
        0,
        0
      ]
    }
  ]
}
