{
  "results": [
    {
      "command": "./calculate_average_mtopolnik.sh",
      "mean": 0.5443854604,
      "stddev": 0.024157952753508478,
      "median": 0.5363763584000001,
      "user": 0.0035235799999999997,
      "system": 0.0034060879999999994,
      "min": 0.5254567974000001,
      "max": 0.5865408234,
      "times": [
        0.5254567974000001,
        0.5336843764,
        0.5865408234,
        0.5398689464,
        0.5363763584000001
      ],
      "exit_codes": [
        0,
        0,
        0,
        0,
        0
      ]
    }
  ]
}
