{
  "results": [
    {
      "command": "./calculate_average_mtopolnik.sh",
      "mean": 0.30769920352,
      "stddev": 0.013887682078281602,
      "median": 0.31024922372,
      "user": 0.004480079999999999,
      "system": 0.0029648599999999997,
      "min": 0.29040843772,
      "max": 0.32331400672,
      "times": [
        0.29673141972,
        0.31024922372,
        0.29040843772,
        0.32331400672,
        0.31779292972
      ],
      "exit_codes": [
        0,
        0,
        0,
        0,
        0
      ]
    }
  ]
}
