{
  "results": [
    {
      "command": "./calculate_average_mtopolnik.sh",
      "mean": 0.72700615796,
      "stddev": 0.015870752837789905,
      "median": 0.7333625205600001,
      "user": 0.00315658,
      "system": 0.0035841199999999997,
      "min": 0.70476299156,
      "max": 0.74507382956,
      "times": [
        0.74507382956,
        0.7174439315600001,
        0.73438751656,
        0.70476299156,
        0.7333625205600001
      ],
      "exit_codes": [
        0,
        0,
        0,
        0,
        0
      ]
    }
  ]
}
