{
  "results": [
    {
      "command": "./calculate_average_mtopolnik.sh",
      "mean": 1.8441918092599998,
      "stddev": 0.03984008560074613,
      "median": 1.8255097110599998,
      "user": 0.0032720599999999994,
      "system": 0.0017314879999999998,
      "min": 1.81417625706,
      "max": 1.91301584406,
      "times": [
        1.84306427806,
        1.81417625706,
        1.8255097110599998,
        1.91301584406,
        1.82519295606
      ],
      "exit_codes": [
        0,
        0,
        0,
        0,
        0
      ]
    }
  ]
}
