{
  "results": [
    {
      "command": "./bin/mtopolnik-rs/aot/1brc ./inputs/measurements.txt",
      "mean": 0.41894847298000004,
      "stddev": 0.003837773500336531,
      "median": 0.41858353178,
      "user": 17.65524284,
      "system": 1.6902962199999998,
      "min": 0.41497278278,
      "max": 0.42362312678,
      "times": [
        0.41497278278,
        0.41858353178,
        0.42202696278,
        0.42362312678,
        0.41553596078
      ],
      "exit_codes": [
        0,
        0,
        0,
        0,
        0
      ]
    }
  ]
}
