{
  "results": [
    {
      "command": "./calculate_average_mtopolnik.sh",
      "mean": 0.36525699444000004,
      "stddev": 0.005882852220358535,
      "median": 0.36196244664000005,
      "user": 0.00369506,
      "system": 0.0035765679999999996,
      "min": 0.35972950064000003,
      "max": 0.37374017164000006,
      "times": [
        0.36196244664000005,
        0.36896216264000004,
        0.35972950064000003,
        0.36189069064,
        0.37374017164000006
      ],
      "exit_codes": [
        0,
        0,
        0,
        0,
        0
      ]
    }
  ]
}
