{
  "results": [
    {
      "command": "./bin/mtopolnik-rs/aot/1brc ./inputs/measurements.txt",
      "mean": 1.0439320825,
      "stddev": 0.03603037295115963,
      "median": 1.0291238397,
      "user": 12.97044166,
      "system": 0.45501900000000006,
      "min": 1.0047994357,
      "max": 1.0941261597,
      "times": [
        1.0941261597,
        1.0672021977000001,
        1.0291238397,
        1.0244087797,
        1.0047994357
      ],
      "exit_codes": [
        0,
        0,
        0,
        0,
        0
      ]
    }
  ]
}
