{
  "results": [
    {
      "command": "./calculate_average_mtopolnik.sh",
      "mean": 0.4139323415000001,
      "stddev": 0.010861414280070295,
      "median": 0.4086312279,
      "user": 0.00424646,
      "system": 0.0031872079999999995,
      "min": 0.4055095979,
      "max": 0.43175280790000004,
      "times": [
        0.4070427179,
        0.4086312279,
        0.4055095979,
        0.43175280790000004,
        0.4167253559
      ],
      "exit_codes": [
        0,
        0,
        0,
        0,
        0
      ]
    }
  ]
}
