{
  "results": [
    {
      "command": "./calculate_average_mtopolnik.sh",
      "mean": 0.42399546046000003,
      "stddev": 0.008431686699643285,
      "median": 0.42182219326000003,
      "user": 0.0049758400000000005,
      "system": 0.0021950320000000004,
      "min": 0.41626341726000005,
      "max": 0.43816769226,
      "times": [
        0.41626341726000005,
        0.42182219326000003,
        0.42408801826000003,
        0.41963598126000007,
        0.43816769226
      ],
      "exit_codes": [
        0,
        0,
        0,
        0,
        0
      ]
    }
  ]
}
