{
  "results": [
    {
      "command": "./bin/mtopolnik-rs/aot/1brc ./inputs/measurements.txt",
      "mean": 3.5764499028399994,
      "stddev": 0.08589106894826869,
      "median": 3.5662973084400003,
      "user": 12.955990020000002,
      "system": 0.40091018,
      "min": 3.4839840644400004,
      "max": 3.71475150444,
      "times": [
        3.71475150444,
        3.53524040044,
        3.4839840644400004,
        3.58197623644,
        3.5662973084400003
      ],
      "exit_codes": [
        0,
        0,
        0,
        0,
        0
      ]
    }
  ]
}
