{
  "results": [
    {
      "command": "./calculate_average_mtopolnik.sh",
      "mean": 1.39529084174,
      "stddev": 0.009786411732536306,
      "median": 1.39571041934,
      "user": 0.00428166,
      "system": 0.0014329199999999996,
      "min": 1.38450381234,
      "max": 1.4080965513400001,
      "times": [
        1.38701477934,
        1.38450381234,
        1.39571041934,
        1.4080965513400001,
        1.4011286463400001
      ],
      "exit_codes": [
        0,
        0,
        0,
        0,
        0
      ]
    }
  ]
}
