{
  "results": [
    {
      "command": "./calculate_average_mtopolnik.sh",
      "mean": 0.9874576962400001,
      "stddev": 0.04975183104166874,
      "median": 0.9746123700400001,
      "user": 0.00270432,
      "system": 0.0030651439999999997,
      "min": 0.9502076140400001,
      "max": 1.07331809804,
      "times": [
        1.07331809804,
        0.9825527140400001,
        0.9502076140400001,
        0.9746123700400001,
        0.9565976850400001
      ],
      "exit_codes": [
        0,
        0,
        0,
        0,
        0
      ]
    }
  ]
}
