{
  "results": [
    {
      "command": "./bin/mtopolnik-rs/aot/1brc ./inputs/measurements.txt",
      "mean": 0.4913290560400001,
      "stddev": 0.004766704654442915,
      "median": 0.49282469584000005,
      "user": 13.08359904,
      "system": 0.85857838,
      "min": 0.48447768484000003,
      "max": 0.49714580484000004,
      "times": [
        0.49714580484000004,
        0.49306918584000003,
        0.48912790884,
        0.48447768484000003,
        0.49282469584000005
      ],
      "exit_codes": [
        0,
        0,
        0,
        0,
        0
      ]
    }
  ]
}
