{
  "results": [
    {
      "command": "./bin/nietras/aot/1brc ./inputs/measurements.txt",
      "mean": 0.71354101896,
      "stddev": 0.013596163053061876,
      "median": 0.70769028676,
      "user": 14.64134022,
      "system": 0.52946068,
      "min": 0.7011632697600001,
      "max": 0.73407765276,
      "times": [
        0.73407765276,
        0.72037336076,
        0.70769028676,
        0.70440052476,
        0.7011632697600001
      ],
      "exit_codes": [
        0,
        0,
        0,
        0,
        0
      ]
    }
  ]
}
