{
  "results": [
    {
      "command": "./bin/nietras/aot/1brc ./inputs/measurements.txt",
      "mean": 1.1831807552,
      "stddev": 0.018056887782247545,
      "median": 1.1718696722000002,
      "user": 12.029951699999998,
      "system": 0.45790406,
      "min": 1.1678036832,
      "max": 1.2036193722,
      "times": [
        1.1704539562,
        1.1718696722000002,
        1.1678036832,
        1.2021570922,
        1.2036193722
      ],
      "exit_codes": [
        0,
        0,
        0,
        0,
        0
      ]
    }
  ]
}
