{
  "results": [
    {
      "command": "./bin/nietras/aot/1brc ./inputs/measurements.txt",
      "mean": 0.44875635792000007,
      "stddev": 0.008073086366745792,
      "median": 0.44986331872000007,
      "user": 12.4245117,
      "system": 0.7566498,
      "min": 0.43989291672,
      "max": 0.45933804272000006,
      "times": [
        0.45304243972,
        0.43989291672,
        0.44986331872000007,
        0.45933804272000006,
        0.44164507172000006
      ],
      "exit_codes": [
        0,
        0,
        0,
        0,
        0
      ]
    }
  ]
}
