{
  "results": [
    {
      "command": "./bin/nietras/aot/1brc ./inputs/measurements.txt",
      "mean": 2.1995115431399994,
      "stddev": 0.02647747167284747,
      "median": 2.2069754695399997,
      "user": 12.385169620000001,
      "system": 0.44864938,
      "min": 2.16865680454,
      "max": 2.22408261954,
      "times": [
        2.2233352045399997,
        2.2069754695399997,
        2.16865680454,
        2.1745076175399998,
        2.22408261954
      ],
      "exit_codes": [
        0,
        0,
        0,
        0,
        0
      ]
    }
  ]
}
