{
  "results": [
    {
      "command": "./bin/nietras/aot/1brc ./inputs/measurements.txt",
      "mean": 0.6896059099200001,
      "stddev": 0.010311108468987265,
      "median": 0.6834288295200001,
      "user": 12.347335779999998,
      "system": 0.50450668,
      "min": 0.6810142545200001,
      "max": 0.70449434552,
      "times": [
        0.6827773715200001,
        0.6834288295200001,
        0.6810142545200001,
        0.6963147485200001,
        0.70449434552
      ],
      "exit_codes": [
        0,
        0,
        0,
        0,
        0
      ]
    }
  ]
}
