{
  "results": [
    {
      "command": "./bin/nietras/aot/1brc ./inputs/measurements.txt",
      "mean": 0.38591095546,
      "stddev": 0.006954211483738287,
      "median": 0.38807995326,
      "user": 13.974343479999998,
      "system": 1.6303461,
      "min": 0.37562768826000004,
      "max": 0.39315393026,
      "times": [
        0.39022950326,
        0.39315393026,
        0.38246370226000004,
        0.37562768826000004,
        0.38807995326
      ],
      "exit_codes": [
        0,
        0,
        0,
        0,
        0
      ]
    }
  ]
}
