{
  "results": [
    {
      "command": "./bin/nietras/aot/1brc ./inputs/measurements.txt",
      "mean": 1.2238842992,
      "stddev": 0.03955320190070165,
      "median": 1.2043258942000001,
      "user": 14.43114928,
      "system": 0.4969201799999999,
      "min": 1.1945019902,
      "max": 1.2889570032000002,
      "times": [
        1.2889570032000002,
        1.2043258942000001,
        1.2338098922,
        1.1945019902,
        1.1978267162
      ],
      "exit_codes": [
        0,
        0,
        0,
        0,
        0
      ]
    }
  ]
}
