{
  "results": [
    {
      "command": "./bin/nietras/aot/1brc ./inputs/measurements.txt",
      "mean": 3.9651489276600005,
      "stddev": 0.4816521723841014,
      "median": 4.16533614146,
      "user": 12.398615439999999,
      "system": 0.38864694,
      "min": 3.10440063346,
      "max": 4.208432199460001,
      "times": [
        3.10440063346,
        4.208432199460001,
        4.19309558946,
        4.16533614146,
        4.15448007446
      ],
      "exit_codes": [
        0,
        0,
        0,
        0,
        0
      ]
    }
  ]
}
