{
  "results": [
    {
      "command": "./bin/nietras/aot/1brc ./inputs/measurements.txt",
      "mean": 0.44236698193999996,
      "stddev": 0.011717198234797327,
      "median": 0.43832877454,
      "user": 14.305128759999999,
      "system": 0.61835018,
      "min": 0.43497039854,
      "max": 0.46311719254,
      "times": [
        0.43626106454,
        0.46311719254,
        0.43497039854,
        0.43832877454,
        0.43915747954
      ],
      "exit_codes": [
        0,
        0,
        0,
        0,
        0
      ]
    }
  ]
}
