{
  "results": [
    {
      "command": "./bin/nietras/aot/1brc ./inputs/measurements.txt",
      "mean": 2.29324206484,
      "stddev": 0.06093529202258086,
      "median": 2.3115968838399996,
      "user": 14.491096320000002,
      "system": 0.47565887999999995,
      "min": 2.20229386084,
      "max": 2.34562227784,
      "times": [
        2.34562227784,
        2.26275313884,
        2.3439441628399997,
        2.3115968838399996,
        2.20229386084
      ],
      "exit_codes": [
        0,
        0,
        0,
        0,
        0
      ]
    }
  ]
}
