{
  "results": [
    {
      "command": "./bin/NimaAra/aot/1brc ./inputs/measurements.txt",
      "mean": 6.3908055396,
      "stddev": 0.04519991359622113,
      "median": 6.3883744384,
      "user": 24.53786932,
      "system": 0.42779105999999995,
      "min": 6.3437216013999995,
      "max": 6.449908520399999,
      "times": [
        6.351297057399999,
        6.4207260804,
        6.3437216013999995,
        6.449908520399999,
        6.3883744384
      ],
      "exit_codes": [
        0,
        0,
        0,
        0,
        0
      ]
    }
  ]
}
