{
  "results": [
    {
      "command": "./bin/NimaAra/aot/1brc ./inputs/measurements.txt",
      "mean": 0.6833288349400001,
      "stddev": 0.005221905555156713,
      "median": 0.6838428199400001,
      "user": 32.923055579999996,
      "system": 0.6351577199999999,
      "min": 0.67740383794,
      "max": 0.6896606509400001,
      "times": [
        0.68694198094,
        0.6787948849400001,
        0.6838428199400001,
        0.6896606509400001,
        0.67740383794
      ],
      "exit_codes": [
        0,
        0,
        0,
        0,
        0
      ]
    }
  ]
}
