{
  "results": [
    {
      "command": "./bin/NimaAra/aot/1brc ./inputs/measurements.txt",
      "mean": 1.7191238263200002,
      "stddev": 0.026470960559688096,
      "median": 1.71354479712,
      "user": 24.599652259999996,
      "system": 0.45520765999999996,
      "min": 1.69724349312,
      "max": 1.76438635712,
      "times": [
        1.71677202712,
        1.71354479712,
        1.69724349312,
        1.76438635712,
        1.7036724571200001
      ],
      "exit_codes": [
        0,
        0,
        0,
        0,
        0
      ]
    }
  ]
}
