{
  "results": [
    {
      "command": "./bin/NimaAra/aot/1brc ./inputs/measurements.txt",
      "mean": 3.2785437740999996,
      "stddev": 0.02739136401658317,
      "median": 3.2652882021,
      "user": 24.566869439999998,
      "system": 0.45897778,
      "min": 3.2534390601,
      "max": 3.3170881840999997,
      "times": [
        3.2596168781,
        3.2972865461,
        3.3170881840999997,
        3.2652882021,
        3.2534390601
      ],
      "exit_codes": [
        0,
        0,
        0,
        0,
        0
      ]
    }
  ]
}
