{
  "results": [
    {
      "command": "./bin/NimaAra/aot/1brc ./inputs/measurements.txt",
      "mean": 1.19604955646,
      "stddev": 0.008531673099166288,
      "median": 1.19302004906,
      "user": 32.8347765,
      "system": 0.6235805400000001,
      "min": 1.1866165880600001,
      "max": 1.2058092120600001,
      "times": [
        1.2042601020600001,
        1.2058092120600001,
        1.19054183106,
        1.1866165880600001,
        1.19302004906
      ],
      "exit_codes": [
        0,
        0,
        0,
        0,
        0
      ]
    }
  ]
}
