{
  "results": [
    {
      "command": "./bin/NimaAra/aot/1brc ./inputs/measurements.txt",
      "mean": 0.9392335128800001,
      "stddev": 0.013815852028128859,
      "median": 0.9296554702800001,
      "user": 24.605745319999997,
      "system": 0.5018122999999999,
      "min": 0.92846053728,
      "max": 0.9551617572800001,
      "times": [
        0.92846053728,
        0.92935718428,
        0.9296554702800001,
        0.9551617572800001,
        0.9535326152800001
      ],
      "exit_codes": [
        0,
        0,
        0,
        0,
        0
      ]
    }
  ]
}
