{
  "results": [
    {
      "command": "./bin/NimaAra/aot/1brc ./inputs/measurements.txt",
      "mean": 4.359599966059999,
      "stddev": 0.05023105498318213,
      "median": 4.33373916686,
      "user": 32.9272165,
      "system": 0.53017036,
      "min": 4.31534905686,
      "max": 4.4378938968599995,
      "times": [
        4.4378938968599995,
        4.3810264728599995,
        4.32999123686,
        4.31534905686,
        4.33373916686
      ],
      "exit_codes": [
        0,
        0,
        0,
        0,
        0
      ]
    }
  ]
}
