{
  "results": [
    {
      "command": "./bin/NimaAra/aot/1brc ./inputs/measurements.txt",
      "mean": 2.2416489614,
      "stddev": 0.026327505202980574,
      "median": 2.231806622,
      "user": 32.96606824,
      "system": 0.52826222,
      "min": 2.222068366,
      "max": 2.286995234,
      "times": [
        2.226297503,
        2.241077082,
        2.231806622,
        2.222068366,
        2.286995234
      ],
      "exit_codes": [
        0,
        0,
        0,
        0,
        0
      ]
    }
  ]
}
