{
  "results": [
    {
      "command": "./bin/NimaAra/aot/1brc ./inputs/measurements.txt",
      "mean": 0.4684000878,
      "stddev": 0.007596818578672907,
      "median": 0.4693417784,
      "user": 33.7552097,
      "system": 1.16807618,
      "min": 0.4571577144,
      "max": 0.47640420240000003,
      "times": [
        0.4693417784,
        0.4738417334,
        0.47640420240000003,
        0.4571577144,
        0.4652550104
      ],
      "exit_codes": [
        0,
        0,
        0,
        0,
        0
      ]
    }
  ]
}
