{
  "results": [
    {
      "command": "./bin/NimaAra/aot/1brc ./inputs/measurements.txt",
      "mean": 0.56753823062,
      "stddev": 0.019979411071722027,
      "median": 0.56164417162,
      "user": 24.952208359999997,
      "system": 0.6526078799999999,
      "min": 0.55368721262,
      "max": 0.6026531646200001,
      "times": [
        0.55677580362,
        0.56293080062,
        0.55368721262,
        0.6026531646200001,
        0.56164417162
      ],
      "exit_codes": [
        0,
        0,
        0,
        0,
        0
      ]
    }
  ]
}
