{
  "results": [
    {
      "command": "./bin/noahfalk/aot/1brc ./inputs/measurements.txt",
      "mean": 0.21457003798000002,
      "stddev": 0.02489009508380776,
      "median": 0.21932442558,
      "user": 6.8308183200000006,
      "system": 1.6949649199999999,
      "min": 0.17248871158,
      "max": 0.23579565358000001,
      "times": [
        0.22984814858,
        0.21932442558,
        0.23579565358000001,
        0.17248871158,
        0.21539325058
      ],
      "exit_codes": [
        0,
        0,
        0,
        0,
        0
      ]
    }
  ]
}
