{
  "results": [
    {
      "command": "./bin/noahfalk/aot/1brc ./inputs/measurements.txt",
      "mean": 1.4815328116800002,
      "stddev": 0.035261408824621525,
      "median": 1.45821030708,
      "user": 4.92773676,
      "system": 0.8488659599999998,
      "min": 1.4565976400800003,
      "max": 1.53433283808,
      "times": [
        1.4567938090800001,
        1.53433283808,
        1.4565976400800003,
        1.50172946408,
        1.45821030708
      ],
      "exit_codes": [
        0,
        0,
        0,
        0,
        0
      ]
    }
  ]
}
