{
  "results": [
    {
      "command": "./bin/noahfalk/aot/1brc ./inputs/measurements.txt",
      "mean": 1.00759306442,
      "stddev": 0.01997644116614456,
      "median": 0.99875164622,
      "user": 6.7594398,
      "system": 1.1217316599999996,
      "min": 0.99568198822,
      "max": 1.0430218572199998,
      "times": [
        1.0430218572199998,
        1.00283291522,
        0.99767691522,
        0.99568198822,
        0.99875164622
      ],
      "exit_codes": [
        0,
        0,
        0,
        0,
        0
      ]
    }
  ]
}
