{
  "results": [
    {
      "command": "./bin/noahfalk/aot/1brc ./inputs/measurements.txt",
      "mean": 0.7496384191600001,
      "stddev": 0.012891885725904923,
      "median": 0.74550304296,
      "user": 4.94362824,
      "system": 0.8814677,
      "min": 0.73732836196,
      "max": 0.76973595696,
      "times": [
        0.76973595696,
        0.75435392896,
        0.73732836196,
        0.74127080496,
        0.74550304296
      ],
      "exit_codes": [
        0,
        0,
        0,
        0,
        0
      ]
    }
  ]
}
