{
  "results": [
    {
      "command": "./bin/noahfalk/aot/1brc ./inputs/measurements.txt",
      "mean": 0.38222440976,
      "stddev": 0.0029317615774545423,
      "median": 0.38231548656000003,
      "user": 4.96121924,
      "system": 0.92517172,
      "min": 0.37943218056000005,
      "max": 0.38678911956000006,
      "times": [
        0.38678911956000006,
        0.37987787556,
        0.38270738656000003,
        0.37943218056000005,
        0.38231548656000003
      ],
      "exit_codes": [
        0,
        0,
        0,
        0,
        0
      ]
    }
  ]
}
