{
  "results": [
    {
      "command": "./bin/noahfalk/aot/1brc ./inputs/measurements.txt",
      "mean": 0.51803321036,
      "stddev": 0.007421177620439035,
      "median": 0.51660270336,
      "user": 6.826018479999999,
      "system": 1.1035040600000001,
      "min": 0.51020259936,
      "max": 0.52768396636,
      "times": [
        0.51020259936,
        0.52348275536,
        0.52768396636,
        0.51660270336,
        0.51219402736
      ],
      "exit_codes": [
        0,
        0,
        0,
        0,
        0
      ]
    }
  ]
}
