{
  "results": [
    {
      "command": "./bin/noahfalk/aot/1brc ./inputs/measurements.txt",
      "mean": 0.21173501156,
      "stddev": 0.015000217999986543,
      "median": 0.21572438716,
      "user": 7.0539811,
      "system": 3.49766774,
      "min": 0.19592052616,
      "max": 0.23245253116,
      "times": [
        0.21572438716,
        0.19819870216000002,
        0.21637891116000002,
        0.23245253116,
        0.19592052616
      ],
      "exit_codes": [
        0,
        0,
        0,
        0,
        0
      ]
    }
  ]
}
