{
  "results": [
    {
      "command": "./bin/noahfalk/aot/1brc ./inputs/measurements.txt",
      "mean": 0.21515770984000002,
      "stddev": 0.008161139363494005,
      "median": 0.21225354724,
      "user": 5.10825422,
      "system": 1.0638277,
      "min": 0.20830020224,
      "max": 0.22720689624,
      "times": [
        0.20839443424,
        0.21963346924000002,
        0.22720689624,
        0.21225354724,
        0.20830020224
      ],
      "exit_codes": [
        0,
        0,
        0,
        0,
        0
      ]
    }
  ]
}
