{
  "results": [
    {
      "command": "./bin/noahfalk/aot/1brc ./inputs/measurements.txt",
      "mean": 0.27911570304000005,
      "stddev": 0.008064425509184361,
      "median": 0.27884549624000005,
      "user": 6.82676034,
      "system": 1.2619779,
      "min": 0.27067365724000003,
      "max": 0.28820266724000004,
      "times": [
        0.27067365724000003,
        0.27164289724,
        0.27884549624000005,
        0.28621379724000007,
        0.28820266724000004
      ],
      "exit_codes": [
        0,
        0,
        0,
        0,
        0
      ]
    }
  ]
}
