{
  "results": [
    {
      "command": "./bin/noahfalk/aot/1brc ./inputs/measurements.txt",
      "mean": 0.21088766712,
      "stddev": 0.007959728938669792,
      "median": 0.20999274552,
      "user": 5.381814639999999,
      "system": 1.79677248,
      "min": 0.20304841252,
      "max": 0.22043136652,
      "times": [
        0.20304841252,
        0.22043136652,
        0.20999274552,
        0.21754564152,
        0.20342016952
      ],
      "exit_codes": [
        0,
        0,
        0,
        0,
        0
      ]
    }
  ]
}
