{
  "results": [
    {
      "command": "./bin/pedrosakuma/aot/1brc ./inputs/measurements.txt",
      "mean": 1.5620466087,
      "stddev": 0.005202349308131041,
      "median": 1.5605943265,
      "user": 35.25475845999999,
      "system": 1.09704384,
      "min": 1.5567366685000001,
      "max": 1.5707161605,
      "times": [
        1.5707161605,
        1.5567366685000001,
        1.5603954185000002,
        1.5605943265,
        1.5617904695
      ],
      "exit_codes": [
        0,
        0,
        0,
        0,
        0
      ]
    }
  ]
}
