{
  "results": [
    {
      "command": "./bin/pedrosakuma/aot/1brc ./inputs/measurements.txt",
      "mean": 7.143332605920001,
      "stddev": 0.026365393085927384,
      "median": 7.141387416320001,
      "user": 27.30516654,
      "system": 0.4670268,
      "min": 7.107786009320001,
      "max": 7.1819447073200005,
      "times": [
        7.141387416320001,
        7.107786009320001,
        7.1394808233200004,
        7.146064073320001,
        7.1819447073200005
      ],
      "exit_codes": [
        0,
        0,
        0,
        0,
        0
      ]
    }
  ]
}
