{
  "results": [
    {
      "command": "./bin/pedrosakuma/aot/1brc ./inputs/measurements.txt",
      "mean": 4.664029835759999,
      "stddev": 0.009716070626948887,
      "median": 4.66277183476,
      "user": 34.991617500000004,
      "system": 0.60295594,
      "min": 4.65554570776,
      "max": 4.67895424476,
      "times": [
        4.65561292876,
        4.66277183476,
        4.65554570776,
        4.67895424476,
        4.6672644627599995
      ],
      "exit_codes": [
        0,
        0,
        0,
        0,
        0
      ]
    }
  ]
}
