{
  "results": [
    {
      "command": "./bin/pedrosakuma/aot/1brc ./inputs/measurements.txt",
      "mean": 2.06011196206,
      "stddev": 0.02043445675402582,
      "median": 2.04885509826,
      "user": 27.5603064,
      "system": 0.7213743599999999,
      "min": 2.04347951026,
      "max": 2.08388659026,
      "times": [
        2.04347951026,
        2.04885509826,
        2.0435519162599998,
        2.08078669526,
        2.08388659026
      ],
      "exit_codes": [
        0,
        0,
        0,
        0,
        0
      ]
    }
  ]
}
