{
  "results": [
    {
      "command": "./bin/pedrosakuma/aot/1brc ./inputs/measurements.txt",
      "mean": 1.26682492824,
      "stddev": 0.0029277676487991446,
      "median": 1.26663652184,
      "user": 36.0860084,
      "system": 1.91770058,
      "min": 1.26347021784,
      "max": 1.27076882784,
      "times": [
        1.27076882784,
        1.26347021784,
        1.26663652184,
        1.26854326784,
        1.26470580584
      ],
      "exit_codes": [
        0,
        0,
        0,
        0,
        0
      ]
    }
  ]
}
