{
  "results": [
    {
      "command": "./bin/pedrosakuma/aot/1brc ./inputs/measurements.txt",
      "mean": 1.2862899274,
      "stddev": 0.006208758526854701,
      "median": 1.2852471636,
      "user": 29.295093939999997,
      "system": 2.53475402,
      "min": 1.2785463756,
      "max": 1.2944705746,
      "times": [
        1.2785463756,
        1.2902009726,
        1.2829845506000002,
        1.2852471636,
        1.2944705746
      ],
      "exit_codes": [
        0,
        0,
        0,
        0,
        0
      ]
    }
  ]
}
