{
  "results": [
    {
      "command": "./bin/pedrosakuma/aot/1brc ./inputs/measurements.txt",
      "mean": 1.5619278766,
      "stddev": 0.03478638411869863,
      "median": 1.5745640236,
      "user": 34.841814219999996,
      "system": 5.0199181799999995,
      "min": 1.5001577606,
      "max": 1.5842346516,
      "times": [
        1.5842346516,
        1.5001577606,
        1.5733781526000001,
        1.5745640236,
        1.5773047946
      ],
      "exit_codes": [
        0,
        0,
        0,
        0,
        0
      ]
    }
  ]
}
