{
  "results": [
    {
      "command": "./bin/pedrosakuma/aot/1brc ./inputs/measurements.txt",
      "mean": 1.3317012532999999,
      "stddev": 0.003291604221545475,
      "median": 1.3309867089,
      "user": 27.435507539999996,
      "system": 1.1071873599999997,
      "min": 1.3285540579000001,
      "max": 1.3368643729,
      "times": [
        1.3285540579000001,
        1.3368643729,
        1.3309867089,
        1.3326965619,
        1.3294045649000001
      ],
      "exit_codes": [
        0,
        0,
        0,
        0,
        0
      ]
    }
  ]
}
