{
  "results": [
    {
      "command": "./bin/pedrosakuma/aot/1brc ./inputs/measurements.txt",
      "mean": 3.6897214219599994,
      "stddev": 0.012948645728122748,
      "median": 3.6854831033599997,
      "user": 27.25575274,
      "system": 0.5638305800000001,
      "min": 3.68231639336,
      "max": 3.7127160363600002,
      "times": [
        3.68557777836,
        3.68251379836,
        3.7127160363600002,
        3.68231639336,
        3.6854831033599997
      ],
      "exit_codes": [
        0,
        0,
        0,
        0,
        0
      ]
    }
  ]
}
