{
  "results": [
    {
      "command": "./bin/pedrosakuma/aot/1brc ./inputs/measurements.txt",
      "mean": 2.5349640395200006,
      "stddev": 0.016104774229784503,
      "median": 2.5324008533200004,
      "user": 35.315205739999996,
      "system": 0.7312540399999999,
      "min": 2.5209141493200002,
      "max": 2.56213888732,
      "times": [
        2.56213888732,
        2.5209141493200002,
        2.52525383032,
        2.5324008533200004,
        2.53411247732
      ],
      "exit_codes": [
        0,
        0,
        0,
        0,
        0
      ]
    }
  ]
}
