{
  "results": [
    {
      "command": "./calculate_average_royvanrijn.sh",
      "mean": 1.6798818412599998,
      "stddev": 0.009542411619322151,
      "median": 1.6799209478600001,
      "user": 0.0015428399999999997,
      "system": 0.00197092,
      "min": 1.67025875986,
      "max": 1.69320947586,
      "times": [
        1.69320947586,
        1.6846051578599999,
        1.6799209478600001,
        1.67025875986,
        1.67141486486
      ],
      "exit_codes": [
        0,
        0,
        0,
        0,
        0
      ]
    }
  ]
}
