{
  "results": [
    {
      "command": "./calculate_average_royvanrijn.sh",
      "mean": 0.33467446412,
      "stddev": 0.005303552973307122,
      "median": 0.33733260372,
      "user": 0.00277508,
      "system": 0.0023431519999999994,
      "min": 0.32894496072,
      "max": 0.34046973472000003,
      "times": [
        0.33733260372,
        0.32894496072,
        0.33751505672000004,
        0.34046973472000003,
        0.32910996472000004
      ],
      "exit_codes": [
        0,
        0,
        0,
        0,
        0
      ]
    }
  ]
}
