{
  "results": [
    {
      "command": "./calculate_average_royvanrijn.sh",
      "mean": 0.39176090876,
      "stddev": 0.031451955063850394,
      "median": 0.38274293016000005,
      "user": 0.0035107,
      "system": 0.0013635599999999998,
      "min": 0.36393398316000003,
      "max": 0.44589995416000006,
      "times": [
        0.36393398316000003,
        0.37989978416000003,
        0.38274293016000005,
        0.44589995416000006,
        0.38632789216
      ],
      "exit_codes": [
        0,
        0,
        0,
        0,
        0
      ]
    }
  ]
}
