{
  "results": [
    {
      "command": "./calculate_average_royvanrijn.sh",
      "mean": 0.32979832584,
      "stddev": 0.0012828016681867434,
      "median": 0.32967312704,
      "user": 0.0030214400000000002,
      "system": 0.001997688,
      "min": 0.32855769604,
      "max": 0.33192929104,
      "times": [
        0.32910450704000005,
        0.33192929104,
        0.32967312704,
        0.32855769604,
        0.32972700804000005
      ],
      "exit_codes": [
        0,
        0,
        0,
        0,
        0
      ]
    }
  ]
}
