{
  "results": [
    {
      "command": "./calculate_average_royvanrijn.sh",
      "mean": 0.4001401733600001,
      "stddev": 0.0006451001206558589,
      "median": 0.39994468716000003,
      "user": 0.00225282,
      "system": 0.0028534,
      "min": 0.39939009716,
      "max": 0.40090188716,
      "times": [
        0.39994468716000003,
        0.40090188716,
        0.39939009716,
        0.39974904516000004,
        0.40071515016000003
      ],
      "exit_codes": [
        0,
        0,
        0,
        0,
        0
      ]
    }
  ]
}
