{
  "results": [
    {
      "command": "./calculate_average_royvanrijn.sh",
      "mean": 2.53370837106,
      "stddev": 0.02368976899754038,
      "median": 2.5302090000599997,
      "user": 0.00280066,
      "system": 0.00063928,
      "min": 2.50884872006,
      "max": 2.56580692606,
      "times": [
        2.51484943906,
        2.56580692606,
        2.54882777006,
        2.5302090000599997,
        2.50884872006
      ],
      "exit_codes": [
        0,
        0,
        0,
        0,
        0
      ]
    }
  ]
}
