{
  "results": [
    {
      "command": "./calculate_average_royvanrijn.sh",
      "mean": 0.67808204522,
      "stddev": 0.0065032645762570195,
      "median": 0.67639572102,
      "user": 0.0030538799999999997,
      "system": 0.0016069839999999999,
      "min": 0.66940043502,
      "max": 0.6855798040200001,
      "times": [
        0.6855798040200001,
        0.67639572102,
        0.6756043070200001,
        0.66940043502,
        0.68342995902
      ],
      "exit_codes": [
        0,
        0,
        0,
        0,
        0
      ]
    }
  ]
}
