{
  "results": [
    {
      "command": "./calculate_average_royvanrijn.sh",
      "mean": 0.88017026172,
      "stddev": 0.018309121019602678,
      "median": 0.8687989661200001,
      "user": 0.00215496,
      "system": 0.00180664,
      "min": 0.8633107441200001,
      "max": 0.9025695091200001,
      "times": [
        0.8973796811200001,
        0.8687989661200001,
        0.8687924081200001,
        0.9025695091200001,
        0.8633107441200001
      ],
      "exit_codes": [
        0,
        0,
        0,
        0,
        0
      ]
    }
  ]
}
