{
  "results": [
    {
      "command": "./calculate_average_royvanrijn.sh",
      "mean": 1.2860646873000001,
      "stddev": 0.021240105381930427,
      "median": 1.2836710065,
      "user": 0.00229208,
      "system": 0.001680864,
      "min": 1.2687481995,
      "max": 1.3220268625,
      "times": [
        1.3220268625,
        1.2718709025,
        1.2687481995,
        1.2840064655,
        1.2836710065
      ],
      "exit_codes": [
        0,
        0,
        0,
        0,
        0
      ]
    }
  ]
}
