{
  "results": [
    {
      "command": "./calculate_average_royvanrijn.sh",
      "mean": 0.5068878748200001,
      "stddev": 0.027442547599248076,
      "median": 0.5108533838200001,
      "user": 0.0031555,
      "system": 0.0014811120000000001,
      "min": 0.47513908082,
      "max": 0.5417450748200001,
      "times": [
        0.5417450748200001,
        0.48400385082,
        0.5108533838200001,
        0.5226979838200001,
        0.47513908082
      ],
      "exit_codes": [
        0,
        0,
        0,
        0,
        0
      ]
    }
  ]
}
