{
  "results": [
    {
      "command": "./calculate_average_stephenvonworley.sh",
      "mean": 0.24632053580000002,
      "stddev": 0.0005172879986233012,
      "median": 0.2462344646,
      "user": 0.0029783399999999995,
      "system": 0.0019724160000000003,
      "min": 0.2455888916,
      "max": 0.2468883576,
      "times": [
        0.2455888916,
        0.2468883576,
        0.2462344646,
        0.2467404326,
        0.2461505326
      ],
      "exit_codes": [
        0,
        0,
        0,
        0,
        0
      ]
    }
  ]
}
