{
  "results": [
    {
      "command": "./calculate_average_stephenvonworley.sh",
      "mean": 0.18155721942000003,
      "stddev": 0.0016808417449310387,
      "median": 0.18077616802000002,
      "user": 0.0024625,
      "system": 0.0027672,
      "min": 0.18017032702000002,
      "max": 0.18417332402000003,
      "times": [
        0.18417332402000003,
        0.18228785802000003,
        0.18077616802000002,
        0.18037842002,
        0.18017032702000002
      ],
      "exit_codes": [
        0,
        0,
        0,
        0,
        0
      ]
    }
  ]
}
