{
  "results": [
    {
      "command": "./calculate_average_stephenvonworley.sh",
      "mean": 1.71258116896,
      "stddev": 0.009271806956598213,
      "median": 1.7120524433600002,
      "user": 0.0017940599999999997,
      "system": 0.00174442,
      "min": 1.70432793136,
      "max": 1.72716587736,
      "times": [
        1.7120524433600002,
        1.71447148136,
        1.70488811136,
        1.70432793136,
        1.72716587736
      ],
      "exit_codes": [
        0,
        0,
        0,
        0,
        0
      ]
    }
  ]
}
