{
  "results": [
    {
      "command": "./calculate_average_stephenvonworley.sh",
      "mean": 0.4518000898,
      "stddev": 0.002520801018184273,
      "median": 0.45239946740000003,
      "user": 0.0035747599999999997,
      "system": 0.0011163599999999998,
      "min": 0.4475129494,
      "max": 0.4540447074000001,
      "times": [
        0.4475129494,
        0.4540447074000001,
        0.4519742674000001,
        0.45306905740000003,
        0.45239946740000003
      ],
      "exit_codes": [
        0,
        0,
        0,
        0,
        0
      ]
    }
  ]
}
