{
  "results": [
    {
      "command": "./calculate_average_stephenvonworley.sh",
      "mean": 2.5427385592599996,
      "stddev": 0.047715463219473134,
      "median": 2.5275407460599997,
      "user": 0.00174786,
      "system": 0.0017910079999999997,
      "min": 2.5061813970599998,
      "max": 2.62091889406,
      "times": [
        2.62091889406,
        2.50630576406,
        2.5275407460599997,
        2.5061813970599998,
        2.55274599506
      ],
      "exit_codes": [
        0,
        0,
        0,
        0,
        0
      ]
    }
  ]
}
