{
  "results": [
    {
      "command": "./calculate_average_stephenvonworley.sh",
      "mean": 0.65249457726,
      "stddev": 0.011696289105292662,
      "median": 0.64670589046,
      "user": 0.0030611399999999995,
      "system": 0.001757392,
      "min": 0.64504150746,
      "max": 0.6727694174600001,
      "times": [
        0.6523212594600001,
        0.6727694174600001,
        0.64563481146,
        0.64670589046,
        0.64504150746
      ],
      "exit_codes": [
        0,
        0,
        0,
        0,
        0
      ]
    }
  ]
}
