{
  "results": [
    {
      "command": "./calculate_average_stephenvonworley.sh",
      "mean": 1.27339651972,
      "stddev": 0.009754718779587451,
      "median": 1.26738785352,
      "user": 0.00286968,
      "system": 0.0012359999999999997,
      "min": 1.26654538552,
      "max": 1.2889716015200001,
      "times": [
        1.2889716015200001,
        1.27710378252,
        1.26697397552,
        1.26738785352,
        1.26654538552
      ],
      "exit_codes": [
        0,
        0,
        0,
        0,
        0
      ]
    }
  ]
}
