{
  "results": [
    {
      "command": "./calculate_average_stephenvonworley.sh",
      "mean": 0.8765723294400001,
      "stddev": 0.022554220107453664,
      "median": 0.86536852344,
      "user": 0.0024031599999999997,
      "system": 0.001691728,
      "min": 0.8633018744400001,
      "max": 0.91642087744,
      "times": [
        0.91642087744,
        0.8633018744400001,
        0.86520755044,
        0.86536852344,
        0.87256282144
      ],
      "exit_codes": [
        0,
        0,
        0,
        0,
        0
      ]
    }
  ]
}
