{
  "results": [
    {
      "command": "./calculate_average_stephenvonworley.sh",
      "mean": 0.20367383198,
      "stddev": 0.0048281620332538255,
      "median": 0.20388524818,
      "user": 0.0036635,
      "system": 0.0015259999999999998,
      "min": 0.19887373118,
      "max": 0.21122344918000002,
      "times": [
        0.21122344918000002,
        0.20428843718,
        0.20388524818,
        0.19887373118,
        0.20009829418000002
      ],
      "exit_codes": [
        0,
        0,
        0,
        0,
        0
      ]
    }
  ]
}
