{
  "results": [
    {
      "command": "./calculate_average_stephenvonworley.sh",
      "mean": 0.34159284454000005,
      "stddev": 0.0026409976341967424,
      "median": 0.34184134394000004,
      "user": 0.0035187400000000002,
      "system": 0.00147164,
      "min": 0.33870333194,
      "max": 0.34514345594,
      "times": [
        0.34514345594,
        0.34184134394000004,
        0.33933972494000003,
        0.34293636594000004,
        0.33870333194
      ],
      "exit_codes": [
        0,
        0,
        0,
        0,
        0
      ]
    }
  ]
}
