{
  "results": [
    {
      "command": "./calculate_average_thomaswue.sh",
      "mean": 1.00242834774,
      "stddev": 0.020542146437683026,
      "median": 0.9931998483400001,
      "user": 0.00200212,
      "system": 0.001966592,
      "min": 0.98359384634,
      "max": 1.03368211334,
      "times": [
        1.01236828334,
        0.98359384634,
        0.98929764734,
        0.9931998483400001,
        1.03368211334
      ],
      "exit_codes": [
        0,
        0,
        0,
        0,
        0
      ]
    }
  ]
}
