{
  "results": [
    {
      "command": "./calculate_average_thomaswue.sh",
      "mean": 0.73378620506,
      "stddev": 0.00609460061878804,
      "median": 0.73232640046,
      "user": 0.0025543599999999994,
      "system": 0.0013965599999999998,
      "min": 0.72774750946,
      "max": 0.7425927264600001,
      "times": [
        0.7425927264600001,
        0.73232640046,
        0.72774750946,
        0.72915919346,
        0.73710519546
      ],
      "exit_codes": [
        0,
        0,
        0,
        0,
        0
      ]
    }
  ]
}
