{
  "results": [
    {
      "command": "./calculate_average_thomaswue.sh",
      "mean": 0.20008629764000002,
      "stddev": 0.0007873852862517111,
      "median": 0.19980765244000004,
      "user": 0.0031884799999999996,
      "system": 0.0015050839999999998,
      "min": 0.19956631044000003,
      "max": 0.20147127744,
      "times": [
        0.19993769544000004,
        0.19980765244000004,
        0.20147127744,
        0.19964855244000002,
        0.19956631044000003
      ],
      "exit_codes": [
        0,
        0,
        0,
        0,
        0
      ]
    }
  ]
}
