{
  "results": [
    {
      "command": "./calculate_average_thomaswue.sh",
      "mean": 0.14928625656,
      "stddev": 0.001895761625910996,
      "median": 0.14845537576,
      "user": 0.0037815799999999997,
      "system": 0.00097176,
      "min": 0.14718649176,
      "max": 0.15189986276,
      "times": [
        0.15053909776000002,
        0.14835045476,
        0.15189986276,
        0.14718649176,
        0.14845537576
      ],
      "exit_codes": [
        0,
        0,
        0,
        0,
        0
      ]
    }
  ]
}
