{
  "results": [
    {
      "command": "./calculate_average_thomaswue.sh",
      "mean": 1.9713905010200001,
      "stddev": 0.02427933428932109,
      "median": 1.96660154702,
      "user": 0.00314814,
      "system": 0.00044722399999999997,
      "min": 1.94806638402,
      "max": 1.99976361002,
      "times": [
        1.99976361002,
        1.96660154702,
        1.94806638402,
        1.9490576820199998,
        1.99346328202
      ],
      "exit_codes": [
        0,
        0,
        0,
        0,
        0
      ]
    }
  ]
}
