{
  "results": [
    {
      "command": "./calculate_average_thomaswue.sh",
      "mean": 0.15884214557999998,
      "stddev": 0.0034561495611968203,
      "median": 0.15985799858,
      "user": 0.0028086,
      "system": 0.002315084,
      "min": 0.15511881458,
      "max": 0.16301468857999998,
      "times": [
        0.16079302558,
        0.16301468857999998,
        0.15542620058,
        0.15985799858,
        0.15511881458
      ],
      "exit_codes": [
        0,
        0,
        0,
        0,
        0
      ]
    }
  ]
}
