{
  "results": [
    {
      "command": "./calculate_average_thomaswue.sh",
      "mean": 0.26621273706000004,
      "stddev": 0.005702259873089524,
      "median": 0.26482536206,
      "user": 0.00445906,
      "system": 0.00041522399999999995,
      "min": 0.26039911606000005,
      "max": 0.27520291406,
      "times": [
        0.26287722406,
        0.26039911606000005,
        0.27520291406,
        0.26775906906,
        0.26482536206
      ],
      "exit_codes": [
        0,
        0,
        0,
        0,
        0
      ]
    }
  ]
}
