{
  "results": [
    {
      "command": "./calculate_average_thomaswue.sh",
      "mean": 0.5058389856,
      "stddev": 0.008297389990951939,
      "median": 0.5021356532,
      "user": 0.0029076400000000004,
      "system": 0.0018029119999999998,
      "min": 0.4996011152,
      "max": 0.5196724692,
      "times": [
        0.5004416982,
        0.5073439922,
        0.5196724692,
        0.5021356532,
        0.4996011152
      ],
      "exit_codes": [
        0,
        0,
        0,
        0,
        0
      ]
    }
  ]
}
