{
  "results": [
    {
      "command": "./calculate_average_thomaswue.sh",
      "mean": 0.37278408218000003,
      "stddev": 0.0005534180901255393,
      "median": 0.37291182438000003,
      "user": 0.00361286,
      "system": 0.0009854960000000002,
      "min": 0.37210577838000003,
      "max": 0.37343471638000003,
      "times": [
        0.37343471638000003,
        0.37233383338000003,
        0.37291182438000003,
        0.37210577838000003,
        0.37313425838000003
      ],
      "exit_codes": [
        0,
        0,
        0,
        0,
        0
      ]
    }
  ]
}
