{
  "results": [
    {
      "command": "./calculate_average_thomaswue.sh",
      "mean": 1.44464935342,
      "stddev": 0.0037141485001191254,
      "median": 1.44519850322,
      "user": 0.0032581599999999995,
      "system": 0.000271384,
      "min": 1.44004246922,
      "max": 1.44963420822,
      "times": [
        1.44519850322,
        1.44963420822,
        1.44213932122,
        1.44004246922,
        1.44623226522
      ],
      "exit_codes": [
        0,
        0,
        0,
        0,
        0
      ]
    }
  ]
}
