{
  "results": [
    {
      "command": "./bin/xoofx/aot/1brc ./inputs/measurements.txt",
      "mean": 0.49391774,
      "stddev": 0.02154329614894966,
      "median": 0.49152586620000005,
      "user": 13.534937959999999,
      "system": 0.87751132,
      "min": 0.46992604320000003,
      "max": 0.5270715922,
      "times": [
        0.49152586620000005,
        0.48178515420000007,
        0.46992604320000003,
        0.5270715922,
        0.49928004420000005
      ],
      "exit_codes": [
        0,
        0,
        0,
        0,
        0
      ]
    }
  ]
}
