{
  "results": [
    {
      "command": "./bin/xoofx/aot/1brc ./inputs/measurements.txt",
      "mean": 3.76439527944,
      "stddev": 0.03272491038801631,
      "median": 3.75404899844,
      "user": 13.50058904,
      "system": 0.85204288,
      "min": 3.7425368534400003,
      "max": 3.82230451944,
      "times": [
        3.7425368534400003,
        3.75428172944,
        3.75404899844,
        3.82230451944,
        3.74880429644
      ],
      "exit_codes": [
        0,
        0,
        0,
        0,
        0
      ]
    }
  ]
}
