{
  "results": [
    {
      "command": "./bin/xoofx/aot/1brc ./inputs/measurements.txt",
      "mean": 0.9537878112800001,
      "stddev": 0.04007545577381501,
      "median": 0.93866898748,
      "user": 13.471351039999998,
      "system": 0.91681334,
      "min": 0.9124217234800001,
      "max": 1.01078172248,
      "times": [
        1.01078172248,
        0.9124217234800001,
        0.93866898748,
        0.9783929284800001,
        0.9286736944800001
      ],
      "exit_codes": [
        0,
        0,
        0,
        0,
        0
      ]
    }
  ]
}
