{
  "results": [
    {
      "command": "./bin/xoofx/aot/1brc ./inputs/measurements.txt",
      "mean": 0.3834571133,
      "stddev": 0.016471622825549186,
      "median": 0.3869827509,
      "user": 17.31434254,
      "system": 1.07072938,
      "min": 0.3642149839,
      "max": 0.4062430579,
      "times": [
        0.3642149839,
        0.4062430579,
        0.3888212609,
        0.3710235129,
        0.3869827509
      ],
      "exit_codes": [
        0,
        0,
        0,
        0,
        0
      ]
    }
  ]
}
