{
  "results": [
    {
      "command": "./bin/xoofx/aot/1brc ./inputs/measurements.txt",
      "mean": 0.40226592078,
      "stddev": 0.014499055352227485,
      "median": 0.39609317498,
      "user": 13.5932604,
      "system": 1.1469150199999998,
      "min": 0.38772782298,
      "max": 0.42163348098000003,
      "times": [
        0.41331606798000003,
        0.39255905698,
        0.38772782298,
        0.42163348098000003,
        0.39609317498
      ],
      "exit_codes": [
        0,
        0,
        0,
        0,
        0
      ]
    }
  ]
}
