{
  "results": [
    {
      "command": "./bin/xoofx/aot/1brc ./inputs/measurements.txt",
      "mean": 0.64335719696,
      "stddev": 0.047625854324978095,
      "median": 0.6482160209600001,
      "user": 17.48718972,
      "system": 1.0127246199999997,
      "min": 0.5952835549600001,
      "max": 0.7116149599600001,
      "times": [
        0.6482160209600001,
        0.7116149599600001,
        0.6605469009600001,
        0.5952835549600001,
        0.60112454796
      ],
      "exit_codes": [
        0,
        0,
        0,
        0,
        0
      ]
    }
  ]
}
