{
  "results": [
    {
      "command": "./bin/xoofx/aot/1brc ./inputs/measurements.txt",
      "mean": 1.2157262238399997,
      "stddev": 0.05040709258322105,
      "median": 1.18465297264,
      "user": 17.488560439999997,
      "system": 1.01120974,
      "min": 1.1804403206399998,
      "max": 1.2952510126399999,
      "times": [
        1.2952510126399999,
        1.18465297264,
        1.1804403206399998,
        1.23691028464,
        1.18137652864
      ],
      "exit_codes": [
        0,
        0,
        0,
        0,
        0
      ]
    }
  ]
}
