{
  "results": [
    {
      "command": "./bin/xoofx/aot/1brc ./inputs/measurements.txt",
      "mean": 0.30674332026,
      "stddev": 0.014073332264624858,
      "median": 0.31313763946,
      "user": 16.47240382,
      "system": 1.1969448599999999,
      "min": 0.28311730546,
      "max": 0.31863321346,
      "times": [
        0.31313763946,
        0.30508283346000004,
        0.31863321346,
        0.31374560946,
        0.28311730546
      ],
      "exit_codes": [
        0,
        0,
        0,
        0,
        0
      ]
    }
  ]
}
