{
  "results": [
    {
      "command": "./bin/xoofx/aot/1brc ./inputs/measurements.txt",
      "mean": 2.3990485484,
      "stddev": 0.038134815502519584,
      "median": 2.3790631674,
      "user": 17.40134572,
      "system": 1.03114426,
      "min": 2.3667903644,
      "max": 2.4513164914,
      "times": [
        2.4277166014,
        2.4513164914,
        2.3703561174,
        2.3790631674,
        2.3667903644
      ],
      "exit_codes": [
        0,
        0,
        0,
        0,
        0
      ]
    }
  ]
}
