{
  "results": [
    {
      "command": "./bin/xoofx/aot/1brc ./inputs/measurements.txt",
      "mean": 1.86762090028,
      "stddev": 0.04686374313684481,
      "median": 1.8593805760800002,
      "user": 13.57133662,
      "system": 0.84363254,
      "min": 1.82328394208,
      "max": 1.9463457080800002,
      "times": [
        1.9463457080800002,
        1.84425804208,
        1.8593805760800002,
        1.82328394208,
        1.8648362330800001
      ],
      "exit_codes": [
        0,
        0,
        0,
        0,
        0
      ]
    }
  ]
}
