{
  "results": [
    {
      "command": "./calculate_average_abeobk.sh",
      "mean": 1.6611606877933334,
      "stddev": 0.00970011592124683,
      "median": 1.66440527846,
      "user": 0.0020912466666666665,
      "system": 0.0025440266666666663,
      "min": 1.65025417346,
      "max": 1.66882261146,
      "times": [
        1.66440527846,
        1.66882261146,
        1.65025417346
      ],
      "exit_codes": [
        0,
        0,
        0
      ]
    }
  ]
}
