{
  "results": [
    {
      "command": "./calculate_average_abeobk.sh",
      "mean": 2.6803949806200005,
      "stddev": 0.007421146060825748,
      "median": 2.68078007762,
      "user": 0.00338566,
      "system": 0.0012688533333333333,
      "min": 2.67278878362,
      "max": 2.6876160806200002,
      "times": [
        2.68078007762,
        2.6876160806200002,
        2.67278878362
      ],
      "exit_codes": [
        0,
        0,
        0
      ]
    }
  ]
}
