{
  "results": [
    {
      "command": "./calculate_average_abeobk.sh",
      "mean": 1.522286343506667,
      "stddev": 0.00910847378444259,
      "median": 1.52088779684,
      "user": 0.0033497266666666667,
      "system": 0.00132696,
      "min": 1.51395802884,
      "max": 1.5320132048400001,
      "times": [
        1.51395802884,
        1.5320132048400001,
        1.52088779684
      ],
      "exit_codes": [
        0,
        0,
        0
      ]
    }
  ]
}
