{
  "results": [
    {
      "command": "./calculate_average_abeobk.sh",
      "mean": 0.8248505395666667,
      "stddev": 0.0061072733045346335,
      "median": 0.8249397149000001,
      "user": 0.002313586666666666,
      "system": 0.00278308,
      "min": 0.8186991669,
      "max": 0.8309127369,
      "times": [
        0.8249397149000001,
        0.8186991669,
        0.8309127369
      ],
      "exit_codes": [
        0,
        0,
        0
      ]
    }
  ]
}
