{
  "results": [
    {
      "command": "./calculate_average_abeobk.sh",
      "mean": 3.4882342792000003,
      "stddev": 0.021483463144928848,
      "median": 3.5004818622,
      "user": 0.002996953333333333,
      "system": 0.0016117466666666668,
      "min": 3.4634279632,
      "max": 3.5007930122,
      "times": [
        3.5007930122,
        3.4634279632,
        3.5004818622
      ],
      "exit_codes": [
        0,
        0,
        0
      ]
    }
  ]
}
