{
  "results": [
    {
      "command": "./calculate_average_abeobk.sh",
      "mean": 0.74671857346,
      "stddev": 0.002048286385085839,
      "median": 0.7478286294600001,
      "user": 0.004061753333333334,
      "system": 0.0007957466666666666,
      "min": 0.7443548694600001,
      "max": 0.7479722214600001,
      "times": [
        0.7478286294600001,
        0.7443548694600001,
        0.7479722214600001
      ],
      "exit_codes": [
        0,
        0,
        0
      ]
    }
  ]
}
