{
  "results": [
    {
      "command": "./calculate_average_artsiomkorzun.sh",
      "mean": 1.70272598338,
      "stddev": 0.001367416821193518,
      "median": 1.70207972938,
      "user": 0.0030061,
      "system": 0.0017000266666666666,
      "min": 1.70180147438,
      "max": 1.70429674638,
      "times": [
        1.70180147438,
        1.70429674638,
        1.70207972938
      ],
      "exit_codes": [
        0,
        0,
        0
      ]
    }
  ]
}
