{
  "results": [
    {
      "command": "./calculate_average_artsiomkorzun.sh",
      "mean": 2.010366554953333,
      "stddev": 0.014816041882550176,
      "median": 2.00767586562,
      "user": 0.00210398,
      "system": 0.0026064533333333335,
      "min": 1.9970802476200002,
      "max": 2.0263435516199997,
      "times": [
        2.00767586562,
        1.9970802476200002,
        2.0263435516199997
      ],
      "exit_codes": [
        0,
        0,
        0
      ]
    }
  ]
}
