{
  "results": [
    {
      "command": "./calculate_average_artsiomkorzun.sh",
      "mean": 0.5867050498733334,
      "stddev": 0.0045505533828191095,
      "median": 0.58414309754,
      "user": 0.003838173333333333,
      "system": 0.0014027333333333331,
      "min": 0.58401301254,
      "max": 0.5919590395400001,
      "times": [
        0.58414309754,
        0.5919590395400001,
        0.58401301254
      ],
      "exit_codes": [
        0,
        0,
        0
      ]
    }
  ]
}
