{
  "results": [
    {
      "command": "./calculate_average_artsiomkorzun.sh",
      "mean": 1.0853304849933332,
      "stddev": 0.01448123949127866,
      "median": 1.07898257766,
      "user": 0.002930826666666667,
      "system": 0.0018932,
      "min": 1.07510726166,
      "max": 1.10190161566,
      "times": [
        1.10190161566,
        1.07898257766,
        1.07510726166
      ],
      "exit_codes": [
        0,
        0,
        0
      ]
    }
  ]
}
