{
  "results": [
    {
      "command": "./calculate_average_artsiomkorzun.sh",
      "mean": 1.24361310078,
      "stddev": 0.0009289818518378618,
      "median": 1.24402591078,
      "user": 0.0030094466666666666,
      "system": 0.0016604666666666667,
      "min": 1.24254925878,
      "max": 1.2442641327800001,
      "times": [
        1.2442641327800001,
        1.24402591078,
        1.24254925878
      ],
      "exit_codes": [
        0,
        0,
        0
      ]
    }
  ]
}
