{
  "results": [
    {
      "command": "./calculate_average_artsiomkorzun.sh",
      "mean": 0.7347153872,
      "stddev": 0.007189779552244757,
      "median": 0.7320155682,
      "user": 0.0029396733333333334,
      "system": 0.0019838266666666665,
      "min": 0.7292663142,
      "max": 0.7428642792,
      "times": [
        0.7428642792,
        0.7292663142,
        0.7320155682
      ],
      "exit_codes": [
        0,
        0,
        0
      ]
    }
  ]
}
