{
  "results": [
    {
      "command": "./bin/austindonisan/aot/1brc ./inputs/measurements.txt 48 1",
      "mean": 0.6730762514733334,
      "stddev": 0.0034501150094039075,
      "median": 0.67113475314,
      "user": 0.017588133333333332,
      "system": 0.0111604,
      "min": 0.67103432214,
      "max": 0.67705967914,
      "times": [
        0.67113475314,
        0.67103432214,
        0.67705967914
      ],
      "exit_codes": [
        0,
        0,
        0
      ]
    }
  ]
}
