{
  "results": [
    {
      "command": "./bin/austindonisan/aot/1brc ./inputs/measurements.txt 24 1",
      "mean": 1.24971640846,
      "stddev": 0.0016785039777281005,
      "median": 1.24904182346,
      "user": 0.016454526666666667,
      "system": 0.0027667866666666666,
      "min": 1.2484801454599999,
      "max": 1.25162725646,
      "times": [
        1.2484801454599999,
        1.24904182346,
        1.25162725646
      ],
      "exit_codes": [
        0,
        0,
        0
      ]
    }
  ]
}
