{
  "results": [
    {
      "command": "./bin/austindonisan/aot/1brc ./inputs/measurements.txt 12 1",
      "mean": 2.23547546606,
      "stddev": 0.0016788006781989905,
      "median": 2.23620149506,
      "user": 0.011975466666666665,
      "system": 0.004186779999999999,
      "min": 2.23355584206,
      "max": 2.23666906106,
      "times": [
        2.23620149506,
        2.23666906106,
        2.23355584206
      ],
      "exit_codes": [
        0,
        0,
        0
      ]
    }
  ]
}
