{
  "results": [
    {
      "command": "./bin/austindonisan/aot/1brc ./inputs/measurements.txt 48 1",
      "mean": 0.6647305405533334,
      "stddev": 0.00229734092887086,
      "median": 0.66378708122,
      "user": 0.014843133333333333,
      "system": 0.010892993333333332,
      "min": 0.66305513522,
      "max": 0.66734940522,
      "times": [
        0.66305513522,
        0.66734940522,
        0.66378708122
      ],
      "exit_codes": [
        0,
        0,
        0
      ]
    }
  ]
}
