{
  "results": [
    {
      "command": "./bin/austindonisan/aot/1brc ./inputs/measurements.txt 24 1",
      "mean": 1.2466357526333336,
      "stddev": 0.0005382028370850783,
      "median": 1.2464193553,
      "user": 0.01275026,
      "system": 0.006047973333333334,
      "min": 1.2462394303,
      "max": 1.2472484723000001,
      "times": [
        1.2472484723000001,
        1.2464193553,
        1.2462394303
      ],
      "exit_codes": [
        0,
        0,
        0
      ]
    }
  ]
}
