{
  "results": [
    {
      "command": "./bin/austindonisan/aot/1brc ./inputs/measurements.txt 96 1",
      "mean": 0.8392476739200001,
      "stddev": 0.0038965305451794867,
      "median": 0.83711803692,
      "user": 0.024716273333333334,
      "system": 0.016395946666666664,
      "min": 0.83688008292,
      "max": 0.84374490192,
      "times": [
        0.83688008292,
        0.84374490192,
        0.83711803692
      ],
      "exit_codes": [
        0,
        0,
        0
      ]
    }
  ]
}
