{
  "results": [
    {
      "command": "./bin/buybackoff/aot/1brc ./inputs/measurements.txt",
      "mean": 2.4489399689533333,
      "stddev": 0.0041213088052074265,
      "median": 2.4482009966200002,
      "user": 0.014264046666666667,
      "system": 0.008577393333333334,
      "min": 2.44523813762,
      "max": 2.45338077262,
      "times": [
        2.4482009966200002,
        2.44523813762,
        2.45338077262
      ],
      "exit_codes": [
        0,
        0,
        0
      ]
    }
  ]
}
