{
  "results": [
    {
      "command": "./bin/buybackoff/aot/1brc ./inputs/measurements.txt",
      "mean": 1.3034300044733333,
      "stddev": 0.0009326511440909888,
      "median": 1.3030543671400001,
      "user": 0.02154194,
      "system": 0.00646404,
      "min": 1.30274374614,
      "max": 1.30449190014,
      "times": [
        1.3030543671400001,
        1.30449190014,
        1.30274374614
      ],
      "exit_codes": [
        0,
        0,
        0
      ]
    }
  ]
}
