{
  "results": [
    {
      "command": "./bin/buybackoff/aot/1brc ./inputs/measurements.txt",
      "mean": 1.6961917013066667,
      "stddev": 0.04295037101301256,
      "median": 1.69832630364,
      "user": 0.01631492,
      "system": 0.004509679999999999,
      "min": 1.65221383064,
      "max": 1.73803496964,
      "times": [
        1.73803496964,
        1.69832630364,
        1.65221383064
      ],
      "exit_codes": [
        0,
        0,
        0
      ]
    }
  ]
}
