{
  "results": [
    {
      "command": "./bin/buybackoff/aot/1brc ./inputs/measurements.txt",
      "mean": 0.9472719181866668,
      "stddev": 0.0229687204168488,
      "median": 0.9511706205200001,
      "user": 0.017281306666666666,
      "system": 0.006456386666666667,
      "min": 0.92260336352,
      "max": 0.9680417705200001,
      "times": [
        0.92260336352,
        0.9511706205200001,
        0.9680417705200001
      ],
      "exit_codes": [
        0,
        0,
        0
      ]
    }
  ]
}
