{
  "results": [
    {
      "command": "./bin/buybackoff/aot/1brc ./inputs/measurements.txt",
      "mean": 0.73549168672,
      "stddev": 0.0009959357482648655,
      "median": 0.73569351472,
      "user": 0.022435186666666666,
      "system": 0.03615549333333333,
      "min": 0.7344102947200001,
      "max": 0.73637125072,
      "times": [
        0.7344102947200001,
        0.73637125072,
        0.73569351472
      ],
      "exit_codes": [
        0,
        0,
        0
      ]
    }
  ]
}
