{
  "results": [
    {
      "command": "./bin/buybackoff/aot/1brc ./inputs/measurements.txt",
      "mean": 0.50457046828,
      "stddev": 0.0017011074258973392,
      "median": 0.50385679428,
      "user": 0.014946406666666667,
      "system": 0.01630328,
      "min": 0.5033424492799999,
      "max": 0.50651216128,
      "times": [
        0.50385679428,
        0.50651216128,
        0.5033424492799999
      ],
      "exit_codes": [
        0,
        0,
        0
      ]
    }
  ]
}
