{
  "results": [
    {
      "command": "./bin/CameronAavik/aot/1brc ./inputs/measurements.txt",
      "mean": 2.6244468533200003,
      "stddev": 0.09745106684475145,
      "median": 2.5951494143200002,
      "user": 59.87349415333333,
      "system": 1.32580174,
      "min": 2.54500542732,
      "max": 2.73318571832,
      "times": [
        2.5951494143200002,
        2.73318571832,
        2.54500542732
      ],
      "exit_codes": [
        0,
        0,
        0
      ]
    }
  ]
}
