{
  "results": [
    {
      "command": "./bin/CameronAavik/aot/1brc ./inputs/measurements.txt",
      "mean": 1.7437592473533334,
      "stddev": 0.013675416738001699,
      "median": 1.7433041420200002,
      "user": 43.07424403333332,
      "system": 1.2262182266666664,
      "min": 1.7303170640200003,
      "max": 1.7576565360200003,
      "times": [
        1.7576565360200003,
        1.7303170640200003,
        1.7433041420200002
      ],
      "exit_codes": [
        0,
        0,
        0
      ]
    }
  ]
}
