{
  "results": [
    {
      "command": "./bin/CameronAavik/aot/1brc ./inputs/measurements.txt",
      "mean": 3.9990053021000005,
      "stddev": 0.03903798504113738,
      "median": 4.0208967091000005,
      "user": 64.65841606,
      "system": 1.3734454000000003,
      "min": 3.9539342561,
      "max": 4.022184941100001,
      "times": [
        4.0208967091000005,
        3.9539342561,
        4.022184941100001
      ],
      "exit_codes": [
        0,
        0,
        0
      ]
    }
  ]
}
