{
  "results": [
    {
      "command": "./bin/CameronAavik/aot/1brc ./inputs/measurements.txt",
      "mean": 4.35271834954,
      "stddev": 0.009322335151953484,
      "median": 4.352639491540001,
      "user": 42.35586268666666,
      "system": 1.0389967933333333,
      "min": 4.34343569354,
      "max": 4.36207986354,
      "times": [
        4.36207986354,
        4.352639491540001,
        4.34343569354
      ],
      "exit_codes": [
        0,
        0,
        0
      ]
    }
  ]
}
