{
  "results": [
    {
      "command": "./bin/CameronAavik/aot/1brc ./inputs/measurements.txt",
      "mean": 1.7361603311133333,
      "stddev": 0.00448238379920054,
      "median": 1.73384329678,
      "user": 43.11591534666667,
      "system": 1.13282458,
      "min": 1.73331069678,
      "max": 1.7413269997799998,
      "times": [
        1.73384329678,
        1.7413269997799998,
        1.73331069678
      ],
      "exit_codes": [
        0,
        0,
        0
      ]
    }
  ]
}
