{
  "results": [
    {
      "command": "./bin/CameronAavik/aot/1brc ./inputs/measurements.txt",
      "mean": 3.1913118768066666,
      "stddev": 0.005870534352353676,
      "median": 3.1909938851399997,
      "user": 46.596917,
      "system": 1.118401526666667,
      "min": 3.18560680114,
      "max": 3.19733494414,
      "times": [
        3.18560680114,
        3.19733494414,
        3.1909938851399997
      ],
      "exit_codes": [
        0,
        0,
        0
      ]
    }
  ]
}
