{
  "results": [
    {
      "command": "./bin/dzaima/aot/1brc ./inputs/measurements.txt",
      "mean": 3.8359507106933335,
      "stddev": 0.005522816780143786,
      "median": 3.83504032636,
      "user": 28.783286473333334,
      "system": 0.8505773466666665,
      "min": 3.83093965136,
      "max": 3.8418721543600003,
      "times": [
        3.83504032636,
        3.8418721543600003,
        3.83093965136
      ],
      "exit_codes": [
        0,
        0,
        0
      ]
    }
  ]
}
