{
  "results": [
    {
      "command": "./bin/dzaima/aot/1brc ./inputs/measurements.txt",
      "mean": 3.91616983266,
      "stddev": 0.012107860952994055,
      "median": 3.9157629536600003,
      "user": 29.693549899999997,
      "system": 0.8827362266666666,
      "min": 3.90427053966,
      "max": 3.9284760046600002,
      "times": [
        3.90427053966,
        3.9284760046600002,
        3.9157629536600003
      ],
      "exit_codes": [
        0,
        0,
        0
      ]
    }
  ]
}
