{
  "results": [
    {
      "command": "./bin/dzaima/aot/1brc ./inputs/measurements.txt",
      "mean": 3.897171725953333,
      "stddev": 0.019299677781791837,
      "median": 3.88847336862,
      "user": 29.753176479999997,
      "system": 0.8919643,
      "min": 3.88375206962,
      "max": 3.91928973962,
      "times": [
        3.88375206962,
        3.91928973962,
        3.88847336862
      ],
      "exit_codes": [
        0,
        0,
        0
      ]
    }
  ]
}
