{
  "results": [
    {
      "command": "./bin/dzaima/aot/1brc ./inputs/measurements.txt",
      "mean": 3.8103635752600002,
      "stddev": 0.013250205497081852,
      "median": 3.81592927526,
      "user": 28.29732398666667,
      "system": 0.8555320933333332,
      "min": 3.79523831126,
      "max": 3.81992313926,
      "times": [
        3.79523831126,
        3.81992313926,
        3.81592927526
      ],
      "exit_codes": [
        0,
        0,
        0
      ]
    }
  ]
}
