{
  "results": [
    {
      "command": "./bin/dzaima/aot/1brc ./inputs/measurements.txt",
      "mean": 3.896964150766666,
      "stddev": 0.018598813722653408,
      "median": 3.8997739951,
      "user": 29.683217826666663,
      "system": 0.8759932666666667,
      "min": 3.8771202900999997,
      "max": 3.9139981671,
      "times": [
        3.8997739951,
        3.8771202900999997,
        3.9139981671
      ],
      "exit_codes": [
        0,
        0,
        0
      ]
    }
  ]
}
