{
  "results": [
    {
      "command": "./bin/dzaima/aot/1brc ./inputs/measurements.txt",
      "mean": 3.8962880601666665,
      "stddev": 0.023848740758053103,
      "median": 3.8936941625,
      "user": 29.624723233333338,
      "system": 0.8533573600000001,
      "min": 3.8738423005000002,
      "max": 3.9213277175,
      "times": [
        3.8936941625,
        3.9213277175,
        3.8738423005000002
      ],
      "exit_codes": [
        0,
        0,
        0
      ]
    }
  ]
}
