{
  "results": [
    {
      "command": "./calculate_average_jerrinot.sh",
      "mean": 2.51914518902,
      "stddev": 0.007059222994050434,
      "median": 2.52020950402,
      "user": 0.0024185666666666668,
      "system": 0.0033705266666666663,
      "min": 2.51161424202,
      "max": 2.52561182102,
      "times": [
        2.52561182102,
        2.52020950402,
        2.51161424202
      ],
      "exit_codes": [
        0,
        0,
        0
      ]
    }
  ]
}
