{
  "results": [
    {
      "command": "./calculate_average_jerrinot.sh",
      "mean": 1.8072292379333332,
      "stddev": 0.001777211425376921,
      "median": 1.8078682556,
      "user": 0.0021101133333333334,
      "system": 0.0034751533333333335,
      "min": 1.8052208766,
      "max": 1.8085985815999999,
      "times": [
        1.8052208766,
        1.8085985815999999,
        1.8078682556
      ],
      "exit_codes": [
        0,
        0,
        0
      ]
    }
  ]
}
