{
  "results": [
    {
      "command": "./calculate_average_jerrinot.sh",
      "mean": 1.1801656434333334,
      "stddev": 0.004006257478132485,
      "median": 1.1779938031000001,
      "user": 0.003418706666666667,
      "system": 0.0023755933333333332,
      "min": 1.1777142721,
      "max": 1.1847888551,
      "times": [
        1.1777142721,
        1.1847888551,
        1.1779938031000001
      ],
      "exit_codes": [
        0,
        0,
        0
      ]
    }
  ]
}
