{
  "results": [
    {
      "command": "./calculate_average_jerrinot.sh",
      "mean": 1.2517303793933332,
      "stddev": 0.005731556980585278,
      "median": 1.25256514306,
      "user": 0.003304106666666666,
      "system": 0.00255696,
      "min": 1.24562721506,
      "max": 1.25699878006,
      "times": [
        1.24562721506,
        1.25256514306,
        1.25699878006
      ],
      "exit_codes": [
        0,
        0,
        0
      ]
    }
  ]
}
