{
  "results": [
    {
      "command": "./calculate_average_jerrinot.sh",
      "mean": 1.6259466255933333,
      "stddev": 0.005388534011499698,
      "median": 1.6283310952599999,
      "user": 0.003573913333333333,
      "system": 0.002131113333333333,
      "min": 1.6197772402600001,
      "max": 1.62973154126,
      "times": [
        1.6197772402600001,
        1.6283310952599999,
        1.62973154126
      ],
      "exit_codes": [
        0,
        0,
        0
      ]
    }
  ]
}
