{
  "results": [
    {
      "command": "./calculate_average_jerrinot.sh",
      "mean": 2.9448747543333327,
      "stddev": 0.007817501861675699,
      "median": 2.945292168,
      "user": 0.003971313333333333,
      "system": 0.0017714133333333333,
      "min": 2.9368569079999998,
      "max": 2.952475187,
      "times": [
        2.945292168,
        2.9368569079999998,
        2.952475187
      ],
      "exit_codes": [
        0,
        0,
        0
      ]
    }
  ]
}
