{
  "results": [
    {
      "command": "./bin/kpocza/aot/1brc ./inputs/measurements.txt",
      "mean": 3.2053282771733334,
      "stddev": 0.01580081314632011,
      "median": 3.20250508784,
      "user": 67.86147644,
      "system": 1.1826353733333332,
      "min": 3.19112936584,
      "max": 3.2223503778400002,
      "times": [
        3.20250508784,
        3.2223503778400002,
        3.19112936584
      ],
      "exit_codes": [
        0,
        0,
        0
      ]
    }
  ]
}
