{
  "results": [
    {
      "command": "./bin/kpocza/aot/1brc ./inputs/measurements.txt",
      "mean": 1.1660838775533333,
      "stddev": 0.02869953854679506,
      "median": 1.15353342422,
      "user": 70.92423023333333,
      "system": 1.4823887933333333,
      "min": 1.14579732522,
      "max": 1.19892088322,
      "times": [
        1.19892088322,
        1.14579732522,
        1.15353342422
      ],
      "exit_codes": [
        0,
        0,
        0
      ]
    }
  ]
}
