{
  "results": [
    {
      "command": "./bin/kpocza/aot/1brc ./inputs/measurements.txt",
      "mean": 1.7068847661733333,
      "stddev": 0.026319309529620694,
      "median": 1.7123934758400001,
      "user": 32.270067106666666,
      "system": 0.8338730999999999,
      "min": 1.6782470838399999,
      "max": 1.73001373884,
      "times": [
        1.7123934758400001,
        1.6782470838399999,
        1.73001373884
      ],
      "exit_codes": [
        0,
        0,
        0
      ]
    }
  ]
}
