{
  "results": [
    {
      "command": "./bin/kpocza/aot/1brc ./inputs/measurements.txt",
      "mean": 1.9034697741600002,
      "stddev": 0.003980415816918484,
      "median": 1.90499293916,
      "user": 74.73736796666667,
      "system": 1.2537248533333332,
      "min": 1.89895270416,
      "max": 1.90646367916,
      "times": [
        1.90646367916,
        1.89895270416,
        1.90499293916
      ],
      "exit_codes": [
        0,
        0,
        0
      ]
    }
  ]
}
