{
  "results": [
    {
      "command": "./bin/kpocza/aot/1brc ./inputs/measurements.txt",
      "mean": 3.0708473838733337,
      "stddev": 0.07767134713553459,
      "median": 3.06103513054,
      "user": 31.581021966666665,
      "system": 0.8882811866666667,
      "min": 2.9985484075400004,
      "max": 3.15295861354,
      "times": [
        2.9985484075400004,
        3.15295861354,
        3.06103513054
      ],
      "exit_codes": [
        0,
        0,
        0
      ]
    }
  ]
}
