{
  "results": [
    {
      "command": "./bin/kpocza/aot/1brc ./inputs/measurements.txt",
      "mean": 1.0434265089733332,
      "stddev": 0.01669537978203554,
      "median": 1.04842041764,
      "user": 30.613363000000003,
      "system": 0.9555067199999999,
      "min": 1.02480406664,
      "max": 1.05705504264,
      "times": [
        1.05705504264,
        1.04842041764,
        1.02480406664
      ],
      "exit_codes": [
        0,
        0,
        0
      ]
    }
  ]
}
