{
  "results": [
    {
      "command": "./bin/lehuyduc/aot/1brc ./inputs/measurements.txt",
      "mean": 0.7107101233600001,
      "stddev": 0.004525320028568031,
      "median": 0.7098329653600001,
      "user": 0.00177874,
      "system": 0.00026184666666666663,
      "min": 0.7066875963600001,
      "max": 0.7156098083600001,
      "times": [
        0.7098329653600001,
        0.7066875963600001,
        0.7156098083600001
      ],
      "exit_codes": [
        0,
        0,
        0
      ]
    }
  ]
}
