{
  "results": [
    {
      "command": "./bin/lehuyduc/aot/1brc ./inputs/measurements.txt",
      "mean": 2.5049354617,
      "stddev": 0.009682432078207369,
      "median": 2.5029229767,
      "user": 0.0008668866666666665,
      "system": 0.0006386,
      "min": 2.4964174237,
      "max": 2.5154659847,
      "times": [
        2.4964174237,
        2.5029229767,
        2.5154659847
      ],
      "exit_codes": [
        0,
        0,
        0
      ]
    }
  ]
}
