{
  "results": [
    {
      "command": "./bin/lehuyduc/aot/1brc ./inputs/measurements.txt",
      "mean": 1.2466408502266668,
      "stddev": 0.053584198505721686,
      "median": 1.25989509156,
      "user": 0.0010643999999999999,
      "system": 0.00041887999999999995,
      "min": 1.18767339956,
      "max": 1.29235405956,
      "times": [
        1.18767339956,
        1.25989509156,
        1.29235405956
      ],
      "exit_codes": [
        0,
        0,
        0
      ]
    }
  ]
}
