{
  "results": [
    {
      "command": "./bin/lehuyduc/aot/1brc ./inputs/measurements.txt",
      "mean": 0.88001388036,
      "stddev": 0.05362905016327184,
      "median": 0.90741751536,
      "user": 0.0006707133333333333,
      "system": 0.0009596933333333333,
      "min": 0.81821990536,
      "max": 0.91440422036,
      "times": [
        0.91440422036,
        0.90741751536,
        0.81821990536
      ],
      "exit_codes": [
        0,
        0,
        0
      ]
    }
  ]
}
