{
  "results": [
    {
      "command": "./bin/lehuyduc/aot/1brc ./inputs/measurements.txt",
      "mean": 2.3428026059066673,
      "stddev": 0.10787594047650373,
      "median": 2.35679872524,
      "user": 0.00113398,
      "system": 0.00042757333333333326,
      "min": 2.2286117292400003,
      "max": 2.4429973632400004,
      "times": [
        2.35679872524,
        2.4429973632400004,
        2.2286117292400003
      ],
      "exit_codes": [
        0,
        0,
        0
      ]
    }
  ]
}
