{
  "results": [
    {
      "command": "./bin/lehuyduc/aot/1brc ./inputs/measurements.txt",
      "mean": 1.4675326695266666,
      "stddev": 0.02124262823030481,
      "median": 1.46118957186,
      "user": 0.00151122,
      "system": 0.0,
      "min": 1.4501841528600001,
      "max": 1.49122428386,
      "times": [
        1.46118957186,
        1.4501841528600001,
        1.49122428386
      ],
      "exit_codes": [
        0,
        0,
        0
      ]
    }
  ]
}
