{
  "results": [
    {
      "command": "./calculate_average_mtopolnik.sh",
      "mean": 1.3727396976266668,
      "stddev": 0.012473719696030571,
      "median": 1.36597464296,
      "user": 0.017759799999999996,
      "system": 0.031483486666666664,
      "min": 1.36510999496,
      "max": 1.38713445496,
      "times": [
        1.36510999496,
        1.38713445496,
        1.36597464296
      ],
      "exit_codes": [
        0,
        0,
        0
      ]
    }
  ]
}
