{
  "results": [
    {
      "command": "./calculate_average_mtopolnik.sh",
      "mean": 1.1447150560800001,
      "stddev": 0.045233957058393254,
      "median": 1.1231549840800001,
      "user": 0.02843036,
      "system": 0.022072033333333334,
      "min": 1.11429456608,
      "max": 1.1966956180800001,
      "times": [
        1.1966956180800001,
        1.11429456608,
        1.1231549840800001
      ],
      "exit_codes": [
        0,
        0,
        0
      ]
    }
  ]
}
