{
  "results": [
    {
      "command": "./bin/mtopolnik-rs/aot/1brc ./inputs/measurements.txt",
      "mean": 1.7149940897933333,
      "stddev": 0.0004713434508989816,
      "median": 1.71514106446,
      "user": 33.55041960666666,
      "system": 1.0348195666666664,
      "min": 1.71446677046,
      "max": 1.7153744344600002,
      "times": [
        1.71446677046,
        1.71514106446,
        1.7153744344600002
      ],
      "exit_codes": [
        0,
        0,
        0
      ]
    }
  ]
}
