{
  "results": [
    {
      "command": "./calculate_average_mtopolnik.sh",
      "mean": 2.2872970453933337,
      "stddev": 0.012224663459040917,
      "median": 2.2838142660600003,
      "user": 0.015390646666666665,
      "system": 0.034107286666666674,
      "min": 2.27719170206,
      "max": 2.30088516806,
      "times": [
        2.27719170206,
        2.2838142660600003,
        2.30088516806
      ],
      "exit_codes": [
        0,
        0,
        0
      ]
    }
  ]
}
