{
  "results": [
    {
      "command": "./bin/mtopolnik-rs/aot/1brc ./inputs/measurements.txt",
      "mean": 2.0194637009,
      "stddev": 0.002566942563825097,
      "median": 2.0200865318999996,
      "user": 80.88116138666668,
      "system": 1.7529874533333334,
      "min": 2.0166426529,
      "max": 2.0216619179,
      "times": [
        2.0200865318999996,
        2.0216619179,
        2.0166426529
      ],
      "exit_codes": [
        0,
        0,
        0
      ]
    }
  ]
}
