{
  "results": [
    {
      "command": "./calculate_average_mtopolnik.sh",
      "mean": 1.929951465366667,
      "stddev": 0.027978195074803616,
      "median": 1.9284035677000002,
      "user": 0.025453513333333334,
      "system": 0.025184393333333333,
      "min": 1.9027793517,
      "max": 1.9586714767000002,
      "times": [
        1.9284035677000002,
        1.9027793517,
        1.9586714767000002
      ],
      "exit_codes": [
        0,
        0,
        0
      ]
    }
  ]
}
