{
  "results": [
    {
      "command": "./bin/mtopolnik-rs/aot/1brc ./inputs/measurements.txt",
      "mean": 3.0935602211933335,
      "stddev": 0.004170278393590659,
      "median": 3.09478465186,
      "user": 33.03625819333333,
      "system": 0.8775203066666667,
      "min": 3.08891479386,
      "max": 3.09698121786,
      "times": [
        3.09698121786,
        3.09478465186,
        3.08891479386
      ],
      "exit_codes": [
        0,
        0,
        0
      ]
    }
  ]
}
