{
  "results": [
    {
      "command": "./bin/mtopolnik-rs/aot/1brc ./inputs/measurements.txt",
      "mean": 1.0715127563533333,
      "stddev": 0.00835270387231854,
      "median": 1.06671855402,
      "user": 33.442948286666656,
      "system": 1.4964585599999998,
      "min": 1.06666214202,
      "max": 1.08115757302,
      "times": [
        1.06671855402,
        1.06666214202,
        1.08115757302
      ],
      "exit_codes": [
        0,
        0,
        0
      ]
    }
  ]
}
