{
  "results": [
    {
      "command": "./calculate_average_mtopolnik.sh",
      "mean": 2.448908600313333,
      "stddev": 0.015846338029828787,
      "median": 2.45475140598,
      "user": 0.026004266666666664,
      "system": 0.02277291333333333,
      "min": 2.43097045198,
      "max": 2.46100394298,
      "times": [
        2.43097045198,
        2.45475140598,
        2.46100394298
      ],
      "exit_codes": [
        0,
        0,
        0
      ]
    }
  ]
}
