{
  "results": [
    {
      "command": "./calculate_average_mtopolnik.sh",
      "mean": 2.1877880850866664,
      "stddev": 0.020977786927575393,
      "median": 2.17657416342,
      "user": 0.02123492,
      "system": 0.025829886666666663,
      "min": 2.17480059742,
      "max": 2.21198949442,
      "times": [
        2.21198949442,
        2.17480059742,
        2.17657416342
      ],
      "exit_codes": [
        0,
        0,
        0
      ]
    }
  ]
}
