{
  "results": [
    {
      "command": "./bin/mtopolnik-rs/aot/1brc ./inputs/measurements.txt",
      "mean": 3.034152044786667,
      "stddev": 0.001186941893842429,
      "median": 3.03375237812,
      "user": 64.57983969333333,
      "system": 1.3149963666666666,
      "min": 3.03321652312,
      "max": 3.03548723312,
      "times": [
        3.03548723312,
        3.03321652312,
        3.03375237812
      ],
      "exit_codes": [
        0,
        0,
        0
      ]
    }
  ]
}
