{
  "results": [
    {
      "command": "./bin/mtopolnik-rs/aot/1brc ./inputs/measurements.txt",
      "mean": 1.3256646580266667,
      "stddev": 0.02199566938584289,
      "median": 1.31887895036,
      "user": 82.35683869999998,
      "system": 2.8121028733333335,
      "min": 1.30786140136,
      "max": 1.3502536223600001,
      "times": [
        1.31887895036,
        1.3502536223600001,
        1.30786140136
      ],
      "exit_codes": [
        0,
        0,
        0
      ]
    }
  ]
}
