{
  "results": [
    {
      "command": "./bin/nietras/aot/1brc ./inputs/measurements.txt",
      "mean": 1.6330491447333333,
      "stddev": 0.002289854257398542,
      "median": 1.6325621603999998,
      "user": 31.29609143333333,
      "system": 0.83226608,
      "min": 1.6310419554,
      "max": 1.6355433184,
      "times": [
        1.6310419554,
        1.6325621603999998,
        1.6355433184
      ],
      "exit_codes": [
        0,
        0,
        0
      ]
    }
  ]
}
