{
  "results": [
    {
      "command": "./bin/nietras/aot/1brc ./inputs/measurements.txt",
      "mean": 0.99543349476,
      "stddev": 0.017439606322712808,
      "median": 0.99306341476,
      "user": 30.313233906666664,
      "system": 0.9239329933333332,
      "min": 0.97930013676,
      "max": 1.01393693276,
      "times": [
        0.99306341476,
        0.97930013676,
        1.01393693276
      ],
      "exit_codes": [
        0,
        0,
        0
      ]
    }
  ]
}
