{
  "results": [
    {
      "command": "./bin/nietras/aot/1brc ./inputs/measurements.txt",
      "mean": 1.7674798025733331,
      "stddev": 0.0046390034516506605,
      "median": 1.76936082624,
      "user": 69.74379746,
      "system": 1.22944182,
      "min": 1.76219571324,
      "max": 1.77088286824,
      "times": [
        1.76936082624,
        1.77088286824,
        1.76219571324
      ],
      "exit_codes": [
        0,
        0,
        0
      ]
    }
  ]
}
