{
  "results": [
    {
      "command": "./bin/nietras/aot/1brc ./inputs/measurements.txt",
      "mean": 1.0829763937866668,
      "stddev": 0.036846400572937414,
      "median": 1.09613436312,
      "user": 68.93903937333333,
      "system": 1.2682129266666664,
      "min": 1.0413573161199998,
      "max": 1.11143750212,
      "times": [
        1.11143750212,
        1.09613436312,
        1.0413573161199998
      ],
      "exit_codes": [
        0,
        0,
        0
      ]
    }
  ]
}
