{
  "results": [
    {
      "command": "./bin/nietras/aot/1brc ./inputs/measurements.txt",
      "mean": 3.16413578746,
      "stddev": 0.007086246052168126,
      "median": 3.16462397846,
      "user": 67.76418693333333,
      "system": 1.0815181399999998,
      "min": 3.15681806946,
      "max": 3.17096531446,
      "times": [
        3.16462397846,
        3.15681806946,
        3.17096531446
      ],
      "exit_codes": [
        0,
        0,
        0
      ]
    }
  ]
}
