{
  "results": [
    {
      "command": "./bin/nietras/aot/1brc ./inputs/measurements.txt",
      "mean": 2.9030831122599996,
      "stddev": 0.019783627824675784,
      "median": 2.89727329126,
      "user": 30.370821933333332,
      "system": 0.8444498333333333,
      "min": 2.88685489926,
      "max": 2.92512114626,
      "times": [
        2.92512114626,
        2.88685489926,
        2.89727329126
      ],
      "exit_codes": [
        0,
        0,
        0
      ]
    }
  ]
}
