{
  "results": [
    {
      "command": "./bin/NimaAra/aot/1brc ./inputs/measurements.txt",
      "mean": 2.44372487028,
      "stddev": 0.015367199780583308,
      "median": 2.43582214628,
      "user": 51.17322566666667,
      "system": 0.9277958266666665,
      "min": 2.43391719728,
      "max": 2.46143526728,
      "times": [
        2.43391719728,
        2.43582214628,
        2.46143526728
      ],
      "exit_codes": [
        0,
        0,
        0
      ]
    }
  ]
}
