{
  "results": [
    {
      "command": "./bin/NimaAra/aot/1brc ./inputs/measurements.txt",
      "mean": 3.3819352120133335,
      "stddev": 0.004733220223472759,
      "median": 3.38428201368,
      "user": 73.61420738,
      "system": 1.22810026,
      "min": 3.37648714568,
      "max": 3.38503647668,
      "times": [
        3.38428201368,
        3.38503647668,
        3.37648714568
      ],
      "exit_codes": [
        0,
        0,
        0
      ]
    }
  ]
}
