{
  "results": [
    {
      "command": "./bin/NimaAra/aot/1brc ./inputs/measurements.txt",
      "mean": 1.40347723804,
      "stddev": 0.0049021872229275286,
      "median": 1.40575772604,
      "user": 51.70548072,
      "system": 1.1903189733333333,
      "min": 1.3978502390399998,
      "max": 1.40682374904,
      "times": [
        1.40575772604,
        1.40682374904,
        1.3978502390399998
      ],
      "exit_codes": [
        0,
        0,
        0
      ]
    }
  ]
}
