{
  "results": [
    {
      "command": "./bin/NimaAra/aot/1brc ./inputs/measurements.txt",
      "mean": 2.0753893084733335,
      "stddev": 0.02600969657397334,
      "median": 2.06282399714,
      "user": 82.92094629333332,
      "system": 1.27302776,
      "min": 2.05804805614,
      "max": 2.10529587214,
      "times": [
        2.05804805614,
        2.06282399714,
        2.10529587214
      ],
      "exit_codes": [
        0,
        0,
        0
      ]
    }
  ]
}
