{
  "results": [
    {
      "command": "./bin/NimaAra/aot/1brc ./inputs/measurements.txt",
      "mean": 4.141021286426667,
      "stddev": 0.019691225104942874,
      "median": 4.13237357676,
      "user": 45.838162213333334,
      "system": 0.8117473266666666,
      "min": 4.12713368376,
      "max": 4.1635565987600005,
      "times": [
        4.1635565987600005,
        4.13237357676,
        4.12713368376
      ],
      "exit_codes": [
        0,
        0,
        0
      ]
    }
  ]
}
