{
  "results": [
    {
      "command": "./bin/NimaAra/aot/1brc ./inputs/measurements.txt",
      "mean": 1.3077352806066667,
      "stddev": 0.012381295816439888,
      "median": 1.31160403794,
      "user": 84.08418732,
      "system": 1.8677678466666665,
      "min": 1.29388154694,
      "max": 1.3177202569400002,
      "times": [
        1.31160403794,
        1.3177202569400002,
        1.29388154694
      ],
      "exit_codes": [
        0,
        0,
        0
      ]
    }
  ]
}
