{
  "results": [
    {
      "command": "./bin/noahfalk/aot/1brc ./inputs/measurements.txt",
      "mean": 1.1159892980266668,
      "stddev": 0.024982908216054964,
      "median": 1.1173827653600001,
      "user": 42.09727084,
      "system": 16.455834386666663,
      "min": 1.09033881936,
      "max": 1.1402463093600002,
      "times": [
        1.09033881936,
        1.1173827653600001,
        1.1402463093600002
      ],
      "exit_codes": [
        0,
        0,
        0
      ]
    }
  ]
}
