{
  "results": [
    {
      "command": "./bin/noahfalk/aot/1brc ./inputs/measurements.txt",
      "mean": 1.1834958254466665,
      "stddev": 0.007078398029134823,
      "median": 1.18481776178,
      "user": 40.706871013333334,
      "system": 6.773869886666667,
      "min": 1.17584965278,
      "max": 1.1898200617799999,
      "times": [
        1.18481776178,
        1.1898200617799999,
        1.17584965278
      ],
      "exit_codes": [
        0,
        0,
        0
      ]
    }
  ]
}
