{
  "results": [
    {
      "command": "./bin/noahfalk/aot/1brc ./inputs/measurements.txt",
      "mean": 1.9539488205066666,
      "stddev": 0.003952449254953943,
      "median": 1.9536431598400001,
      "user": 18.981896393333333,
      "system": 3.530874933333333,
      "min": 1.95015807584,
      "max": 1.95804522584,
      "times": [
        1.9536431598400001,
        1.95015807584,
        1.95804522584
      ],
      "exit_codes": [
        0,
        0,
        0
      ]
    }
  ]
}
