{
  "results": [
    {
      "command": "./bin/noahfalk/aot/1brc ./inputs/measurements.txt",
      "mean": 1.1750271325333335,
      "stddev": 0.003340609632351867,
      "median": 1.1742846022,
      "user": 21.61839388,
      "system": 4.169045833333333,
      "min": 1.1721202642000002,
      "max": 1.1786765312,
      "times": [
        1.1721202642000002,
        1.1742846022,
        1.1786765312
      ],
      "exit_codes": [
        0,
        0,
        0
      ]
    }
  ]
}
