{
  "results": [
    {
      "command": "./bin/noahfalk/aot/1brc ./inputs/measurements.txt",
      "mean": 1.77727679864,
      "stddev": 0.00008218460148349583,
      "median": 1.77730499364,
      "user": 34.97275788666666,
      "system": 4.890659686666667,
      "min": 1.77718422764,
      "max": 1.77734117464,
      "times": [
        1.77718422764,
        1.77730499364,
        1.77734117464
      ],
      "exit_codes": [
        0,
        0,
        0
      ]
    }
  ]
}
