{
  "results": [
    {
      "command": "./bin/noahfalk/aot/1brc ./inputs/measurements.txt",
      "mean": 0.8360359286266669,
      "stddev": 0.0059513059677561535,
      "median": 0.8371731939600001,
      "user": 22.775581060000004,
      "system": 7.116607453333333,
      "min": 0.8295980529600001,
      "max": 0.84133653896,
      "times": [
        0.84133653896,
        0.8371731939600001,
        0.8295980529600001
      ],
      "exit_codes": [
        0,
        0,
        0
      ]
    }
  ]
}
