{
  "results": [
    {
      "command": "./bin/pedrosakuma/aot/1brc ./inputs/measurements.txt",
      "mean": 2.7980619534933333,
      "stddev": 0.005059520656552614,
      "median": 2.7973316651599998,
      "user": 51.580333526666664,
      "system": 1.4043112999999998,
      "min": 2.79340726116,
      "max": 2.8034469341599997,
      "times": [
        2.7973316651599998,
        2.8034469341599997,
        2.79340726116
      ],
      "exit_codes": [
        0,
        0,
        0
      ]
    }
  ]
}
