{
  "results": [
    {
      "command": "./bin/pedrosakuma/aot/1brc ./inputs/measurements.txt",
      "mean": 3.298987400906667,
      "stddev": 0.0030296498893051488,
      "median": 3.29976325324,
      "user": 111.60514304666667,
      "system": 2.3343813399999997,
      "min": 3.29564527124,
      "max": 3.3015536782400003,
      "times": [
        3.3015536782400003,
        3.29976325324,
        3.29564527124
      ],
      "exit_codes": [
        0,
        0,
        0
      ]
    }
  ]
}
