{
  "results": [
    {
      "command": "./bin/pedrosakuma/aot/1brc ./inputs/measurements.txt",
      "mean": 2.0748353479133335,
      "stddev": 0.01399433632165252,
      "median": 2.08232041558,
      "user": 51.800488539999996,
      "system": 2.060346293333333,
      "min": 2.05869032358,
      "max": 2.08349530458,
      "times": [
        2.08349530458,
        2.08232041558,
        2.05869032358
      ],
      "exit_codes": [
        0,
        0,
        0
      ]
    }
  ]
}
