{
  "results": [
    {
      "command": "./bin/pedrosakuma/aot/1brc ./inputs/measurements.txt",
      "mean": 0.91275320494,
      "stddev": 0.02522853537768243,
      "median": 0.91033816994,
      "user": 0.4478169466666666,
      "system": 0.58534118,
      "min": 0.8888190299400001,
      "max": 0.93910241494,
      "times": [
        0.93910241494,
        0.91033816994,
        0.8888190299400001
      ],
      "exit_codes": [
        0,
        0,
        0
      ]
    }
  ]
}
