{
  "results": [
    {
      "command": "./bin/pedrosakuma/aot/1brc ./inputs/measurements.txt",
      "mean": 4.9557012868933334,
      "stddev": 0.00803117785531582,
      "median": 4.95898297556,
      "user": 103.13319672,
      "system": 1.6707302866666665,
      "min": 4.94654893756,
      "max": 4.9615719475599995,
      "times": [
        4.9615719475599995,
        4.95898297556,
        4.94654893756
      ],
      "exit_codes": [
        0,
        0,
        0
      ]
    }
  ]
}
