{
  "results": [
    {
      "command": "./bin/pedrosakuma/aot/1brc ./inputs/measurements.txt",
      "mean": 4.355329975039999,
      "stddev": 0.016492561030618257,
      "median": 4.34715299004,
      "user": 46.252788933333335,
      "system": 1.1073073466666667,
      "min": 4.34452359404,
      "max": 4.37431334104,
      "times": [
        4.37431334104,
        4.34452359404,
        4.34715299004
      ],
      "exit_codes": [
        0,
        0,
        0
      ]
    }
  ]
}
