{
  "results": [
    {
      "command": "./calculate_average_royvanrijn.sh",
      "mean": 0.9157221848400002,
      "stddev": 0.01154494618407602,
      "median": 0.92037360584,
      "user": 0.0030444933333333333,
      "system": 0.00209676,
      "min": 0.9025770938400001,
      "max": 0.9242158548400001,
      "times": [
        0.9025770938400001,
        0.92037360584,
        0.9242158548400001
      ],
      "exit_codes": [
        0,
        0,
        0
      ]
    }
  ]
}
