{
  "results": [
    {
      "command": "./calculate_average_royvanrijn.sh",
      "mean": 1.645300952293333,
      "stddev": 0.02961282671629944,
      "median": 1.65157001096,
      "user": 0.0023735799999999997,
      "system": 0.0022791133333333333,
      "min": 1.61305553696,
      "max": 1.67127730896,
      "times": [
        1.65157001096,
        1.61305553696,
        1.67127730896
      ],
      "exit_codes": [
        0,
        0,
        0
      ]
    }
  ]
}
