{
  "results": [
    {
      "command": "./calculate_average_royvanrijn.sh",
      "mean": 2.85570203464,
      "stddev": 0.014742794162496586,
      "median": 2.86301701864,
      "user": 0.0008334266666666666,
      "system": 0.0038308133333333333,
      "min": 2.83873220864,
      "max": 2.86535687664,
      "times": [
        2.86535687664,
        2.83873220864,
        2.86301701864
      ],
      "exit_codes": [
        0,
        0,
        0
      ]
    }
  ]
}
