{
  "results": [
    {
      "command": "./calculate_average_royvanrijn.sh",
      "mean": 1.7912650809133333,
      "stddev": 0.019533559370068614,
      "median": 1.79512035358,
      "user": 0.003253586666666667,
      "system": 0.0014478133333333332,
      "min": 1.7700913385800001,
      "max": 1.80858355058,
      "times": [
        1.7700913385800001,
        1.80858355058,
        1.79512035358
      ],
      "exit_codes": [
        0,
        0,
        0
      ]
    }
  ]
}
