{
  "results": [
    {
      "command": "./calculate_average_royvanrijn.sh",
      "mean": 3.3331602735000003,
      "stddev": 0.02403710549298508,
      "median": 3.3439758394999997,
      "user": 0.0020585866666666666,
      "system": 0.0026240799999999996,
      "min": 3.3056154154999997,
      "max": 3.3498895655,
      "times": [
        3.3498895655,
        3.3056154154999997,
        3.3439758394999997
      ],
      "exit_codes": [
        0,
        0,
        0
      ]
    }
  ]
}
