{
  "results": [
    {
      "command": "./calculate_average_royvanrijn.sh",
      "mean": 0.99391403044,
      "stddev": 0.04575584352543499,
      "median": 0.98205308944,
      "user": 0.000920313333333333,
      "system": 0.004080653333333332,
      "min": 0.95525654544,
      "max": 1.04443245644,
      "times": [
        0.95525654544,
        0.98205308944,
        1.04443245644
      ],
      "exit_codes": [
        0,
        0,
        0
      ]
    }
  ]
}
