{
  "results": [
    {
      "command": "./calculate_average_stephenvonworley.sh",
      "mean": 0.8296889142333334,
      "stddev": 0.001125088471814675,
      "median": 0.8301905679,
      "user": 0.0009242066666666666,
      "system": 0.0043139066666666665,
      "min": 0.8284002619,
      "max": 0.8304759129,
      "times": [
        0.8304759129,
        0.8284002619,
        0.8301905679
      ],
      "exit_codes": [
        0,
        0,
        0
      ]
    }
  ]
}
