{
  "results": [
    {
      "command": "./calculate_average_stephenvonworley.sh",
      "mean": 1.2112271099666667,
      "stddev": 0.009005210594513861,
      "median": 1.2102332143,
      "user": 0.0014757466666666665,
      "system": 0.00353652,
      "min": 1.2027600773,
      "max": 1.2206880383,
      "times": [
        1.2102332143,
        1.2206880383,
        1.2027600773
      ],
      "exit_codes": [
        0,
        0,
        0
      ]
    }
  ]
}
