{
  "results": [
    {
      "command": "./calculate_average_stephenvonworley.sh",
      "mean": 1.5016839925333336,
      "stddev": 0.0010141223137129652,
      "median": 1.5021424302000002,
      "user": 0.003506953333333333,
      "system": 0.0013390199999999998,
      "min": 1.5005215962,
      "max": 1.5023879512000002,
      "times": [
        1.5023879512000002,
        1.5021424302000002,
        1.5005215962
      ],
      "exit_codes": [
        0,
        0,
        0
      ]
    }
  ]
}
