{
  "results": [
    {
      "command": "./calculate_average_stephenvonworley.sh",
      "mean": 1.8675318302000001,
      "stddev": 0.0012828814395130083,
      "median": 1.8668099672,
      "user": 0.0020475666666666665,
      "system": 0.0026821199999999996,
      "min": 1.8667725072,
      "max": 1.8690130162,
      "times": [
        1.8690130162,
        1.8667725072,
        1.8668099672
      ],
      "exit_codes": [
        0,
        0,
        0
      ]
    }
  ]
}
