{
  "results": [
    {
      "command": "./calculate_average_stephenvonworley.sh",
      "mean": 2.0799335457866666,
      "stddev": 0.008507765844475839,
      "median": 2.08051651112,
      "user": 0.003447859999999999,
      "system": 0.0012554533333333333,
      "min": 2.0711492901199997,
      "max": 2.0881348361199996,
      "times": [
        2.0881348361199996,
        2.0711492901199997,
        2.08051651112
      ],
      "exit_codes": [
        0,
        0,
        0
      ]
    }
  ]
}
