{
  "results": [
    {
      "command": "./calculate_average_stephenvonworley.sh",
      "mean": 1.2241715554066666,
      "stddev": 0.0007434190574812882,
      "median": 1.2243378197399999,
      "user": 0.00345094,
      "system": 0.00133984,
      "min": 1.22335908174,
      "max": 1.22481776474,
      "times": [
        1.22335908174,
        1.22481776474,
        1.2243378197399999
      ],
      "exit_codes": [
        0,
        0,
        0
      ]
    }
  ]
}
