{
  "results": [
    {
      "command": "./calculate_average_thomaswue.sh",
      "mean": 1.5515338033133332,
      "stddev": 0.0032410857736099945,
      "median": 1.55151830998,
      "user": 0.002103833333333333,
      "system": 0.002453013333333333,
      "min": 1.54830049198,
      "max": 1.55478260798,
      "times": [
        1.54830049198,
        1.55478260798,
        1.55151830998
      ],
      "exit_codes": [
        0,
        0,
        0
      ]
    }
  ]
}
