{
  "results": [
    {
      "command": "./calculate_average_thomaswue.sh",
      "mean": 2.4867301627266665,
      "stddev": 0.0008765856252308596,
      "median": 2.4866036720599998,
      "user": 0.0025947133333333334,
      "system": 0.002023733333333333,
      "min": 2.48592369406,
      "max": 2.48766312206,
      "times": [
        2.48592369406,
        2.4866036720599998,
        2.48766312206
      ],
      "exit_codes": [
        0,
        0,
        0
      ]
    }
  ]
}
