{
  "results": [
    {
      "command": "./calculate_average_thomaswue.sh",
      "mean": 2.6671952342666665,
      "stddev": 0.01649184879873796,
      "median": 2.6623522366,
      "user": 0.0031461466666666666,
      "system": 0.0014356933333333332,
      "min": 2.6536671216,
      "max": 2.6855663445999998,
      "times": [
        2.6536671216,
        2.6855663445999998,
        2.6623522366
      ],
      "exit_codes": [
        0,
        0,
        0
      ]
    }
  ]
}
