{
  "results": [
    {
      "command": "./calculate_average_thomaswue.sh",
      "mean": 0.9395659513733334,
      "stddev": 0.001102116235554277,
      "median": 0.9398634610400001,
      "user": 0.0020005466666666665,
      "system": 0.0030545933333333327,
      "min": 0.9383456200400001,
      "max": 0.9404887730400001,
      "times": [
        0.9404887730400001,
        0.9383456200400001,
        0.9398634610400001
      ],
      "exit_codes": [
        0,
        0,
        0
      ]
    }
  ]
}
