{
  "results": [
    {
      "command": "./calculate_average_thomaswue.sh",
      "mean": 1.2007032175266665,
      "stddev": 0.004561648477770287,
      "median": 1.2012283798599999,
      "user": 0.0028958133333333333,
      "system": 0.00203368,
      "min": 1.19590171686,
      "max": 1.2049795558599998,
      "times": [
        1.2012283798599999,
        1.19590171686,
        1.2049795558599998
      ],
      "exit_codes": [
        0,
        0,
        0
      ]
    }
  ]
}
