{
  "results": [
    {
      "command": "./calculate_average_thomaswue.sh",
      "mean": 1.7517250338199999,
      "stddev": 0.0029816973547918567,
      "median": 1.75022312182,
      "user": 0.00210932,
      "system": 0.00243192,
      "min": 1.7497929478199998,
      "max": 1.75515903182,
      "times": [
        1.7497929478199998,
        1.75515903182,
        1.75022312182
      ],
      "exit_codes": [
        0,
        0,
        0
      ]
    }
  ]
}
