{
  "results": [
    {
      "command": "./bin/xoofx/aot/1brc ./inputs/measurements.txt",
      "mean": 2.908274657366667,
      "stddev": 0.0066137278807335735,
      "median": 2.9077882877,
      "user": 63.528117619999996,
      "system": 3.83723586,
      "min": 2.9019175407,
      "max": 2.9151181437,
      "times": [
        2.9019175407,
        2.9151181437,
        2.9077882877
      ],
      "exit_codes": [
        0,
        0,
        0
      ]
    }
  ]
}
