{
  "results": [
    {
      "command": "./bin/xoofx/aot/1brc ./inputs/measurements.txt",
      "mean": 1.0964582062000001,
      "stddev": 0.0027555876602654173,
      "median": 1.0960482492,
      "user": 42.684579799999995,
      "system": 3.28444032,
      "min": 1.0939305642000001,
      "max": 1.0993958052000001,
      "times": [
        1.0960482492,
        1.0993958052000001,
        1.0939305642000001
      ],
      "exit_codes": [
        0,
        0,
        0
      ]
    }
  ]
}
