{
  "results": [
    {
      "command": "./bin/xoofx/aot/1brc ./inputs/measurements.txt",
      "mean": 1.90439553708,
      "stddev": 0.00874221329612219,
      "median": 1.90903659708,
      "user": 80.98296168,
      "system": 4.261371099999999,
      "min": 1.8943115210800001,
      "max": 1.90983849308,
      "times": [
        1.90983849308,
        1.8943115210800001,
        1.90903659708
      ],
      "exit_codes": [
        0,
        0,
        0
      ]
    }
  ]
}
