{
  "results": [
    {
      "command": "./bin/xoofx/aot/1brc ./inputs/measurements.txt",
      "mean": 1.1612627898933334,
      "stddev": 0.024826437629670114,
      "median": 1.14970710956,
      "user": 78.70386832,
      "system": 4.4782187733333325,
      "min": 1.14432055756,
      "max": 1.18976070256,
      "times": [
        1.14970710956,
        1.14432055756,
        1.18976070256
      ],
      "exit_codes": [
        0,
        0,
        0
      ]
    }
  ]
}
