{
  "results": [
    {
      "command": "./bin/xoofx/aot/1brc ./inputs/measurements.txt",
      "mean": 3.5205503730599994,
      "stddev": 0.03752057921059095,
      "median": 3.5237589040599997,
      "user": 37.85217222,
      "system": 3.3082242066666665,
      "min": 3.4815285600599997,
      "max": 3.5563636550599997,
      "times": [
        3.5237589040599997,
        3.5563636550599997,
        3.4815285600599997
      ],
      "exit_codes": [
        0,
        0,
        0
      ]
    }
  ]
}
