{
  "results": [
    {
      "command": "./bin/xoofx/aot/1brc ./inputs/measurements.txt",
      "mean": 1.9948670401400002,
      "stddev": 0.0076592863975144705,
      "median": 1.9990210491400002,
      "user": 42.558311333333336,
      "system": 3.4549252466666664,
      "min": 1.9860281701400002,
      "max": 1.99955190114,
      "times": [
        1.9990210491400002,
        1.99955190114,
        1.9860281701400002
      ],
      "exit_codes": [
        0,
        0,
        0
      ]
    }
  ]
}
