{
  "results": [
    {
      "command": "./calculate_average_abeobk.sh",
      "mean": 0.5135091700800001,
      "stddev": 0.006600306182435161,
      "median": 0.51235256938,
      "user": 0.0026433499999999996,
      "system": 0.003960434,
      "min": 0.49946703388,
      "max": 0.52333826588,
      "times": [
        0.51036086288,
        0.51104887188,
        0.5046505328800001,
        0.49946703388,
        0.51249154188,
        0.52237143488,
        0.5219525018800001,
        0.51187300788,
        0.5179593288800001,
        0.5052398058800001,
        0.51221359688,
        0.50930429688,
        0.51443489588,
        0.5172524538800001,
        0.50656991588,
        0.52057936088,
        0.51187563288,
        0.52333826588,
        0.51626725988,
        0.5209327998800001
      ],
      "exit_codes": [
        0,
        0,
        0,
        0,
        0,
        0,
        0,
        0,
        0,
        0,
        0,
        0,
        0,
        0,
        0,
        0,
        0,
        0,
        0,
        0
      ]
    }
  ]
}
