{
  "results": [
    {
      "command": "./calculate_average_abeobk.sh",
      "mean": 0.31100455946,
      "stddev": 0.003090824708111858,
      "median": 0.30979578986,
      "user": 0.0027441799999999997,
      "system": 0.004004121999999999,
      "min": 0.30744602386000003,
      "max": 0.31851994186,
      "times": [
        0.30839689686,
        0.30898703086,
        0.30789703886,
        0.31491986086,
        0.30989444086,
        0.31360063686,
        0.31065740286,
        0.30944543586,
        0.30969713886,
        0.30890405486,
        0.31322348586,
        0.30860247886000003,
        0.31433239786,
        0.31107440686,
        0.30779919386,
        0.30744602386000003,
        0.31421935186,
        0.31418442986,
        0.31851994186,
        0.30828954086
      ],
      "exit_codes": [
        0,
        0,
        0,
        0,
        0,
        0,
        0,
        0,
        0,
        0,
        0,
        0,
        0,
        0,
        0,
        0,
        0,
        0,
        0,
        0
      ]
    }
  ]
}
