{
  "results": [
    {
      "command": "./calculate_average_abeobk.sh",
      "mean": 0.31904278592,
      "stddev": 0.007269313420716023,
      "median": 0.31844415922,
      "user": 0.0026774700000000004,
      "system": 0.004140799,
      "min": 0.29950048872,
      "max": 0.33932840272000003,
      "times": [
        0.32042008072,
        0.31671433272,
        0.31798689372,
        0.31763125372,
        0.32524152072,
        0.29950048872,
        0.32346634972,
        0.31763256472,
        0.31554749772,
        0.31890410572,
        0.31686156172,
        0.32499631572,
        0.31950053872,
        0.33932840272000003,
        0.31380896172,
        0.32020725772,
        0.31582170372,
        0.31890142472,
        0.32410974572,
        0.31427471772
      ],
      "exit_codes": [
        0,
        0,
        0,
        0,
        0,
        0,
        0,
        0,
        0,
        0,
        0,
        0,
        0,
        0,
        0,
        0,
        0,
        0,
        0,
        0
      ]
    }
  ]
}
