{
  "results": [
    {
      "command": "./calculate_average_abeobk.sh",
      "mean": 0.74080730407,
      "stddev": 0.00632218648090911,
      "median": 0.7404803790200001,
      "user": 0.0024175100000000003,
      "system": 0.0042555480000000005,
      "min": 0.72916085752,
      "max": 0.75167715952,
      "times": [
        0.74665665152,
        0.73824263352,
        0.74578489252,
        0.73352783152,
        0.73446500252,
        0.72916085752,
        0.7336231965200001,
        0.74690319852,
        0.74062494152,
        0.75167715952,
        0.74098810252,
        0.7412612375200001,
        0.74888160352,
        0.74033581652,
        0.7381926265200001,
        0.75016385452,
        0.74646755852,
        0.73864718152,
        0.73530718452,
        0.73523455052
      ],
      "exit_codes": [
        0,
        0,
        0,
        0,
        0,
        0,
        0,
        0,
        0,
        0,
        0,
        0,
        0,
        0,
        0,
        0,
        0,
        0,
        0,
        0
      ]
    }
  ]
}
