{
  "results": [
    {
      "command": "./calculate_average_abeobk.sh",
      "mean": 0.31800914260000007,
      "stddev": 0.004920501077793021,
      "median": 0.3170317222,
      "user": 0.0029226999999999994,
      "system": 0.0038318949999999997,
      "min": 0.3101255867,
      "max": 0.33123494470000003,
      "times": [
        0.3101255867,
        0.3159421827,
        0.3146355187,
        0.3145910467,
        0.3137352187,
        0.32054968770000003,
        0.3182638807,
        0.33123494470000003,
        0.3170221717,
        0.3170412727,
        0.3179144617,
        0.3173294787,
        0.3174229827,
        0.3163933457,
        0.3156805867,
        0.3166873127,
        0.3146315887,
        0.3256376717,
        0.3179165017,
        0.32742741070000003
      ],
      "exit_codes": [
        0,
        0,
        0,
        0,
        0,
        0,
        0,
        0,
        0,
        0,
        0,
        0,
        0,
        0,
        0,
        0,
        0,
        0,
        0,
        0
      ]
    }
  ]
}
