{
  "results": [
    {
      "command": "./calculate_average_abeobk.sh",
      "mean": 1.7078162229700002,
      "stddev": 0.030555758713205917,
      "median": 1.7015145752199998,
      "user": 0.0025774799999999996,
      "system": 0.0030663159999999995,
      "min": 1.67617217772,
      "max": 1.79442420472,
      "times": [
        1.69767312572,
        1.71762923272,
        1.68787926972,
        1.7011268497199998,
        1.7106117397199998,
        1.69706432772,
        1.67617217772,
        1.6957005917199999,
        1.69553840172,
        1.78797878172,
        1.70206577972,
        1.70951272972,
        1.7037592337199998,
        1.67920401372,
        1.70541698172,
        1.7019023007199998,
        1.71188554872,
        1.6800691827199998,
        1.7007099857199999,
        1.79442420472
      ],
      "exit_codes": [
        0,
        0,
        0,
        0,
        0,
        0,
        0,
        0,
        0,
        0,
        0,
        0,
        0,
        0,
        0,
        0,
        0,
        0,
        0,
        0
      ]
    }
  ]
}
