{
  "results": [
    {
      "command": "./calculate_average_abeobk.sh",
      "mean": 0.41176441754,
      "stddev": 0.002874270727142214,
      "median": 0.41252690593999997,
      "user": 0.0034980399999999996,
      "system": 0.003344991,
      "min": 0.40653757444,
      "max": 0.41604988744,
      "times": [
        0.41604988744,
        0.41331359444,
        0.40653757444,
        0.41359573044,
        0.41456031444,
        0.40804377944,
        0.40800644744,
        0.41437045444,
        0.40894940144,
        0.41390384744000003,
        0.40838832944,
        0.41119173544,
        0.41199932144,
        0.41452712244,
        0.41346434344,
        0.40747491844,
        0.41305449044,
        0.41145356144,
        0.41181304044,
        0.41459045644
      ],
      "exit_codes": [
        0,
        0,
        0,
        0,
        0,
        0,
        0,
        0,
        0,
        0,
        0,
        0,
        0,
        0,
        0,
        0,
        0,
        0,
        0,
        0
      ]
    }
  ]
}
