{
  "results": [
    {
      "command": "./calculate_average_abeobk.sh",
      "mean": 0.9462738396100002,
      "stddev": 0.013003059490042867,
      "median": 0.9479260108600001,
      "user": 0.001903831,
      "system": 0.004124459999999999,
      "min": 0.9240807513600001,
      "max": 0.9695134803600001,
      "times": [
        0.9534790613600002,
        0.9240807513600001,
        0.9586207863600001,
        0.94271336536,
        0.9281905393600001,
        0.9298844233600001,
        0.9553974593600001,
        0.9555957693600001,
        0.9279470853600001,
        0.9466307093600002,
        0.9556801013600001,
        0.9428800003600001,
        0.95444182336,
        0.9447595943600001,
        0.9323049413600001,
        0.9350781163600002,
        0.9695134803600001,
        0.9571253923600002,
        0.9492213123600001,
        0.9619320793600001
      ],
      "exit_codes": [
        0,
        0,
        0,
        0,
        0,
        0,
        0,
        0,
        0,
        0,
        0,
        0,
        0,
        0,
        0,
        0,
        0,
        0,
        0,
        0
      ]
    }
  ]
}
