{
  "results": [
    {
      "command": "./calculate_average_abeobk.sh",
      "mean": 1.3512522002299998,
      "stddev": 0.008293554536624594,
      "median": 1.35067360348,
      "user": 0.00169295,
      "system": 0.0038666199999999986,
      "min": 1.33589086348,
      "max": 1.3702588234800002,
      "times": [
        1.33969291248,
        1.34593623548,
        1.35008841348,
        1.34950507848,
        1.35989301848,
        1.34782027548,
        1.34937690248,
        1.35443853448,
        1.34815992548,
        1.3702588234800002,
        1.35130352948,
        1.33921967748,
        1.33589086348,
        1.3601780134800001,
        1.34575580048,
        1.36178062448,
        1.35906069548,
        1.35392659048,
        1.3514992964800001,
        1.35125879348
      ],
      "exit_codes": [
        0,
        0,
        0,
        0,
        0,
        0,
        0,
        0,
        0,
        0,
        0,
        0,
        0,
        0,
        0,
        0,
        0,
        0,
        0,
        0
      ]
    }
  ]
}
