{
  "results": [
    {
      "command": "./calculate_average_abeobk.sh",
      "mean": 0.29127087718,
      "stddev": 0.003025097874737456,
      "median": 0.29094474348,
      "user": 0.0025856499999999992,
      "system": 0.004508196999999999,
      "min": 0.28554154298,
      "max": 0.29778539398,
      "times": [
        0.29285629998,
        0.29108076098,
        0.29450129098,
        0.29778539398,
        0.29379851298,
        0.28941790898,
        0.29200625298,
        0.29049165798,
        0.28666273498,
        0.29229732898,
        0.29041172398,
        0.29632000298,
        0.28554154298,
        0.28803364098,
        0.28904623798,
        0.29197349998,
        0.29328177398,
        0.29080872598,
        0.28968911398,
        0.28941313798
      ],
      "exit_codes": [
        0,
        0,
        0,
        0,
        0,
        0,
        0,
        0,
        0,
        0,
        0,
        0,
        0,
        0,
        0,
        0,
        0,
        0,
        0,
        0
      ]
    }
  ]
}
