{
  "results": [
    {
      "command": "./calculate_average_artsiomkorzun.sh",
      "mean": 0.64665479802,
      "stddev": 0.01220736805150638,
      "median": 0.64324693972,
      "user": 0.0026240199999999995,
      "system": 0.00380013,
      "min": 0.63483577972,
      "max": 0.68258902672,
      "times": [
        0.68258902672,
        0.64477110872,
        0.64358089272,
        0.65234294672,
        0.66219373072,
        0.66437269072,
        0.63483577972,
        0.63570021772,
        0.64628657172,
        0.64212394272,
        0.63805295772,
        0.63689712372,
        0.63578542172,
        0.63630704072,
        0.64291298672,
        0.63704510172,
        0.64100171072,
        0.6497763547200001,
        0.65708660872,
        0.64943374572
      ],
      "exit_codes": [
        0,
        0,
        0,
        0,
        0,
        0,
        0,
        0,
        0,
        0,
        0,
        0,
        0,
        0,
        0,
        0,
        0,
        0,
        0,
        0
      ]
    }
  ]
}
