{
  "results": [
    {
      "command": "./calculate_average_artsiomkorzun.sh",
      "mean": 0.7780507346300001,
      "stddev": 0.04205742765065542,
      "median": 0.76517055158,
      "user": 0.00255088,
      "system": 0.003955276000000001,
      "min": 0.73116795958,
      "max": 0.8857956865800001,
      "times": [
        0.73116795958,
        0.7925995315800001,
        0.7605027685800001,
        0.8319423235800001,
        0.7371901215800001,
        0.7554935425800001,
        0.84446584558,
        0.73698401958,
        0.7613784975800001,
        0.7375720425800001,
        0.7643350105800001,
        0.7388985655800001,
        0.7495625345800001,
        0.8857956865800001,
        0.7660060925800001,
        0.7667201515800001,
        0.76756974858,
        0.8138773065800001,
        0.8072510945800001,
        0.81170184858
      ],
      "exit_codes": [
        0,
        0,
        0,
        0,
        0,
        0,
        0,
        0,
        0,
        0,
        0,
        0,
        0,
        0,
        0,
        0,
        0,
        0,
        0,
        0
      ]
    }
  ]
}
