{
  "results": [
    {
      "command": "./calculate_average_artsiomkorzun.sh",
      "mean": 0.37247720543999996,
      "stddev": 0.003665127203588944,
      "median": 0.37117217744000003,
      "user": 0.00314329,
      "system": 0.003575374,
      "min": 0.37011552944000004,
      "max": 0.38635961444000005,
      "times": [
        0.37247484044,
        0.37078322644000006,
        0.37190049844000006,
        0.37350082644000004,
        0.37236666444000005,
        0.37667677444000003,
        0.37031600044,
        0.37182614444,
        0.37054248344,
        0.37327369444,
        0.37124779144000003,
        0.37104676044,
        0.37020644344000003,
        0.37011552944000004,
        0.37058569444000006,
        0.37037228344,
        0.38635961444000005,
        0.37428712044,
        0.37109656344,
        0.37056515444000004
      ],
      "exit_codes": [
        0,
        0,
        0,
        0,
        0,
        0,
        0,
        0,
        0,
        0,
        0,
        0,
        0,
        0,
        0,
        0,
        0,
        0,
        0,
        0
      ]
    }
  ]
}
