{
  "results": [
    {
      "command": "./calculate_average_artsiomkorzun.sh",
      "mean": 0.27775331788,
      "stddev": 0.00395619796432285,
      "median": 0.27754893918,
      "user": 0.00292943,
      "system": 0.004131186,
      "min": 0.27071778918,
      "max": 0.28575372718000003,
      "times": [
        0.27071778918,
        0.27794228118000003,
        0.27251065918,
        0.27664144918,
        0.28324980718,
        0.27585196518,
        0.28244012118,
        0.27766908618,
        0.28142979518,
        0.27961336418,
        0.27742879218,
        0.27624046618,
        0.27321206818,
        0.27594341018,
        0.27583158418,
        0.28575372718000003,
        0.27935852018,
        0.27984957818,
        0.27204735818,
        0.28133453518
      ],
      "exit_codes": [
        0,
        0,
        0,
        0,
        0,
        0,
        0,
        0,
        0,
        0,
        0,
        0,
        0,
        0,
        0,
        0,
        0,
        0,
        0,
        0
      ]
    }
  ]
}
