{
  "results": [
    {
      "command": "./calculate_average_artsiomkorzun.sh",
      "mean": 1.2284506519799998,
      "stddev": 0.02337926387449582,
      "median": 1.21672041988,
      "user": 0.0017503699999999998,
      "system": 0.00399914,
      "min": 1.21529645088,
      "max": 1.29598918088,
      "times": [
        1.21675397188,
        1.21696019288,
        1.2160459128799999,
        1.21654528088,
        1.21677036288,
        1.27071852488,
        1.26889040588,
        1.2419537298799999,
        1.2202247038799998,
        1.2166868678799998,
        1.21615839788,
        1.21610953488,
        1.21529645088,
        1.2158530808799999,
        1.21548032088,
        1.2156274488799999,
        1.29598918088,
        1.2399225168799999,
        1.22130802388,
        1.21571812988
      ],
      "exit_codes": [
        0,
        0,
        0,
        0,
        0,
        0,
        0,
        0,
        0,
        0,
        0,
        0,
        0,
        0,
        0,
        0,
        0,
        0,
        0,
        0
      ]
    }
  ]
}
