{
  "results": [
    {
      "command": "./calculate_average_artsiomkorzun.sh",
      "mean": 0.8691861053300001,
      "stddev": 0.003960931079483082,
      "median": 0.8684206451800001,
      "user": 22.80063465,
      "system": 7.481481759999999,
      "min": 0.86345753268,
      "max": 0.8763333916800001,
      "times": [
        0.8727473806800001,
        0.8698620206800001,
        0.8750046676800001,
        0.8688670456800001,
        0.8655110996800001,
        0.86466718068,
        0.86681991168,
        0.8679388236800001,
        0.86494117668,
        0.8763333916800001,
        0.8762627166800001,
        0.87227866468,
        0.86573113168,
        0.8656254846800001,
        0.8703422376800001,
        0.87293204168,
        0.8666310176800001,
        0.86345753268,
        0.8679742446800001,
        0.8697943356800001
      ],
      "exit_codes": [
        0,
        0,
        0,
        0,
        0,
        0,
        0,
        0,
        0,
        0,
        0,
        0,
        0,
        0,
        0,
        0,
        0,
        0,
        0,
        0
      ]
    }
  ]
}
