{
  "results": [
    {
      "command": "./calculate_average_artsiomkorzun.sh",
      "mean": 0.33633819953000005,
      "stddev": 0.002297710608796745,
      "median": 0.33580174208,
      "user": 0.0035938599999999995,
      "system": 0.003065058,
      "min": 0.33361061058,
      "max": 0.34482020358000004,
      "times": [
        0.33595487058000006,
        0.33479785558,
        0.33655888458000005,
        0.33901365058000005,
        0.33618491358,
        0.33666457958000007,
        0.33701820058000004,
        0.33444594758000007,
        0.33559048958000004,
        0.33668625258000007,
        0.33564803358000006,
        0.33603064458000004,
        0.33515828658,
        0.33564861358000003,
        0.33701165958000007,
        0.33489799158000005,
        0.34482020358000004,
        0.33361061058,
        0.33543410158000003,
        0.33558820058000005
      ],
      "exit_codes": [
        0,
        0,
        0,
        0,
        0,
        0,
        0,
        0,
        0,
        0,
        0,
        0,
        0,
        0,
        0,
        0,
        0,
        0,
        0,
        0
      ]
    }
  ]
}
