{
  "results": [
    {
      "command": "./calculate_average_artsiomkorzun.sh",
      "mean": 0.26639518932000006,
      "stddev": 0.003156329484641133,
      "median": 0.26652690942,
      "user": 0.0025339399999999997,
      "system": 0.004384220999999999,
      "min": 0.26041746942,
      "max": 0.27206344842,
      "times": [
        0.26041746942,
        0.26636506042,
        0.26856758342000003,
        0.27195464142000003,
        0.26528470042,
        0.26828406742,
        0.26182535842,
        0.26770082542,
        0.27206344842,
        0.26767263242,
        0.27123133142,
        0.26743945042,
        0.26601431142000004,
        0.26393532542000003,
        0.26462845442,
        0.26333463142,
        0.26371460342,
        0.26668875842,
        0.26686052742,
        0.26392060542
      ],
      "exit_codes": [
        0,
        0,
        0,
        0,
        0,
        0,
        0,
        0,
        0,
        0,
        0,
        0,
        0,
        0,
        0,
        0,
        0,
        0,
        0,
        0
      ]
    }
  ]
}
