{
  "results": [
    {
      "command": "./calculate_average_artsiomkorzun.sh",
      "mean": 1.42362097321,
      "stddev": 0.02238539342216672,
      "median": 1.41544896466,
      "user": 0.00223312,
      "system": 0.0037383499999999992,
      "min": 1.40620651916,
      "max": 1.49708712816,
      "times": [
        1.42536006716,
        1.41998096716,
        1.40813956816,
        1.41275738516,
        1.47020837516,
        1.42784424216,
        1.42869588916,
        1.4152193711599999,
        1.40983097116,
        1.41210663716,
        1.41413257916,
        1.40914458216,
        1.40801073016,
        1.40620651916,
        1.4173353391599999,
        1.49708712816,
        1.43049880816,
        1.43049756916,
        1.41567855816,
        1.41368417716
      ],
      "exit_codes": [
        0,
        0,
        0,
        0,
        0,
        0,
        0,
        0,
        0,
        0,
        0,
        0,
        0,
        0,
        0,
        0,
        0,
        0,
        0,
        0
      ]
    }
  ]
}
