{
  "results": [
    {
      "command": "./calculate_average_artsiomkorzun.sh",
      "mean": 0.24529278946000002,
      "stddev": 0.0021057133922484567,
      "median": 0.24512208226000004,
      "user": 0.00299658,
      "system": 0.004059776,
      "min": 0.24172292726000003,
      "max": 0.25234439826000005,
      "times": [
        0.24172292726000003,
        0.24456048626000002,
        0.24527864526,
        0.24526526526000003,
        0.25234439826000005,
        0.24331738626000002,
        0.24625877026,
        0.24620442726000002,
        0.24486660226,
        0.24376754226000003,
        0.24566999726000002,
        0.24609468226000003,
        0.24497178826000002,
        0.24607427926000003,
        0.24497889926000002,
        0.24303390126000002,
        0.24723860526000002,
        0.24574017126000003,
        0.24397361326000003,
        0.24449340126000002
      ],
      "exit_codes": [
        0,
        0,
        0,
        0,
        0,
        0,
        0,
        0,
        0,
        0,
        0,
        0,
        0,
        0,
        0,
        0,
        0,
        0,
        0,
        0
      ]
    }
  ]
}
