{
  "results": [
    {
      "command": "./bin/austindonisan/aot/1brc ./inputs/measurements.txt 6 1",
      "mean": 0.76818943487,
      "stddev": 0.020413225680655116,
      "median": 0.7643240331200001,
      "user": 0.002501968,
      "system": 0.0023338279999999996,
      "min": 0.7494154316200001,
      "max": 0.82975795762,
      "times": [
        0.82975795762,
        0.7536634886200001,
        0.7831755626200001,
        0.7506778806200001,
        0.7511604986200001,
        0.79581448462,
        0.7741553306200001,
        0.7495157066200001,
        0.75473664762,
        0.77524889062,
        0.7731711146200001,
        0.7652507846200001,
        0.7509850086200001,
        0.7812197536200001,
        0.7522213976200001,
        0.7633972816200001,
        0.7769931576200001,
        0.7494154316200001,
        0.7824889946200001,
        0.75073932462
      ],
      "exit_codes": [
        0,
        0,
        0,
        0,
        0,
        0,
        0,
        0,
        0,
        0,
        0,
        0,
        0,
        0,
        0,
        0,
        0,
        0,
        0,
        0
      ]
    }
  ]
}
