{
  "results": [
    {
      "command": "./bin/austindonisan/aot/1brc ./inputs/measurements.txt 12 1",
      "mean": 0.4066480288,
      "stddev": 0.007747499654746492,
      "median": 0.4066425347,
      "user": 0.0020079509999999996,
      "system": 0.001599047,
      "min": 0.3919362207,
      "max": 0.42230458270000004,
      "times": [
        0.4055115267,
        0.40388254570000004,
        0.40879177870000005,
        0.40961102470000005,
        0.3971977137,
        0.4018841047,
        0.39801703870000005,
        0.40777354270000005,
        0.4104008887,
        0.40111835170000004,
        0.42230458270000004,
        0.40476037470000004,
        0.4167382217,
        0.42096575770000005,
        0.40153939470000005,
        0.4131800337,
        0.3919362207,
        0.40829411070000005,
        0.4004463247,
        0.40860703870000004
      ],
      "exit_codes": [
        0,
        0,
        0,
        0,
        0,
        0,
        0,
        0,
        0,
        0,
        0,
        0,
        0,
        0,
        0,
        0,
        0,
        0,
        0,
        0
      ]
    }
  ]
}
