{
  "results": [
    {
      "command": "./bin/austindonisan/aot/1brc ./inputs/measurements.txt 24 1",
      "mean": 0.27228002871,
      "stddev": 0.004961980992525854,
      "median": 0.27323598586000003,
      "user": 0.002134233,
      "system": 0.002494335,
      "min": 0.26315049086000003,
      "max": 0.28406022486000004,
      "times": [
        0.27719320086000004,
        0.26768633186,
        0.27160076886,
        0.27682594086,
        0.26517399186,
        0.27590110986000005,
        0.27342899186,
        0.27547431586000004,
        0.26793774586,
        0.27304297986000003,
        0.27466878086,
        0.26653643786000003,
        0.27343823686,
        0.27376620086000003,
        0.27274700486000003,
        0.26604018086000003,
        0.28406022486000004,
        0.26315049086000003,
        0.27398518386000004,
        0.27294245486
      ],
      "exit_codes": [
        0,
        0,
        0,
        0,
        0,
        0,
        0,
        0,
        0,
        0,
        0,
        0,
        0,
        0,
        0,
        0,
        0,
        0,
        0,
        0
      ]
    }
  ]
}
