{
  "results": [
    {
      "command": "./bin/austindonisan/aot/1brc ./inputs/measurements.txt 24 1",
      "mean": 0.27117389114000007,
      "stddev": 0.003175109401837164,
      "median": 0.27140475714,
      "user": 0.0018055000000000002,
      "system": 0.002597954,
      "min": 0.26412436464000005,
      "max": 0.27572725264000003,
      "times": [
        0.27296765864000005,
        0.27572725264000003,
        0.27407055064,
        0.26412436464000005,
        0.27060229664,
        0.27553967164000004,
        0.27280656864,
        0.27157620164,
        0.26932209564000004,
        0.26876362364000006,
        0.27267490264000005,
        0.26741749964000006,
        0.27481137064000005,
        0.26787795564000005,
        0.27326359464000005,
        0.27386343864,
        0.26632792864000004,
        0.26961482264000003,
        0.27123331264000006,
        0.27089271264000003
      ],
      "exit_codes": [
        0,
        0,
        0,
        0,
        0,
        0,
        0,
        0,
        0,
        0,
        0,
        0,
        0,
        0,
        0,
        0,
        0,
        0,
        0,
        0
      ]
    }
  ]
}
