{
  "results": [
    {
      "command": "./bin/austindonisan/aot/1brc ./inputs/measurements.txt 96 1",
      "mean": 0.30528850752000003,
      "stddev": 0.0008646761944965969,
      "median": 0.30524649222,
      "user": 0.0017838049999999999,
      "system": 0.009644380000000001,
      "min": 0.30381917772,
      "max": 0.30769161372,
      "times": [
        0.30447018372,
        0.30454703772,
        0.30498372272000007,
        0.30567886072000006,
        0.30601794072,
        0.30769161372,
        0.30610970572000007,
        0.30558198572000006,
        0.30557434572,
        0.30511166972000003,
        0.30530217072,
        0.30478206172,
        0.30381917772,
        0.30546493972,
        0.30425394172,
        0.30513593072,
        0.30629803572000003,
        0.30430598472000003,
        0.3054500277200001,
        0.30519081372
      ],
      "exit_codes": [
        0,
        0,
        0,
        0,
        0,
        0,
        0,
        0,
        0,
        0,
        0,
        0,
        0,
        0,
        0,
        0,
        0,
        0,
        0,
        0
      ]
    }
  ]
}
