{
  "results": [
    {
      "command": "./bin/austindonisan/aot/1brc ./inputs/measurements.txt 48 1",
      "mean": 0.24078806520999999,
      "stddev": 0.001736432689254593,
      "median": 0.24087505726000003,
      "user": 0.0029912570000000006,
      "system": 0.0036033590000000004,
      "min": 0.23822615976,
      "max": 0.24414185876,
      "times": [
        0.23901761376,
        0.23910104876,
        0.24054626876000001,
        0.23822615976,
        0.24178058776,
        0.24414185876,
        0.23912088976,
        0.24191458576,
        0.23869503576,
        0.23920966476,
        0.24085486676,
        0.24219945276,
        0.24268456876,
        0.23956174476,
        0.24369116476,
        0.24195416776,
        0.24089524776000001,
        0.24213440776,
        0.24091918976,
        0.23911277976
      ],
      "exit_codes": [
        0,
        0,
        0,
        0,
        0,
        0,
        0,
        0,
        0,
        0,
        0,
        0,
        0,
        0,
        0,
        0,
        0,
        0,
        0,
        0
      ]
    }
  ]
}
