{
  "results": [
    {
      "command": "./bin/austindonisan/aot/1brc ./inputs/measurements.txt 48 1",
      "mean": 0.23914081291000003,
      "stddev": 0.0016101381636793074,
      "median": 0.23903601296000002,
      "user": 0.0020587899999999996,
      "system": 0.004507982,
      "min": 0.23613184596000003,
      "max": 0.24282334596000002,
      "times": [
        0.23806356296000003,
        0.23888904896000002,
        0.23920401696000002,
        0.23613184596000003,
        0.24017288996000002,
        0.23810249596000002,
        0.23996873996000004,
        0.24151512596000002,
        0.23779720896000003,
        0.23918297696000002,
        0.23993708496000002,
        0.23883682396000003,
        0.23862596296000002,
        0.23878262096000002,
        0.23941803696000002,
        0.23662812196000002,
        0.24126631996000003,
        0.23755497396000003,
        0.23991505396,
        0.24282334596000002
      ],
      "exit_codes": [
        0,
        0,
        0,
        0,
        0,
        0,
        0,
        0,
        0,
        0,
        0,
        0,
        0,
        0,
        0,
        0,
        0,
        0,
        0,
        0
      ]
    }
  ]
}
