{
  "results": [
    {
      "command": "./bin/austindonisan/aot/1brc ./inputs/measurements.txt 12 1",
      "mean": 0.40864712839,
      "stddev": 0.005757179096001711,
      "median": 0.41035308054,
      "user": 0.0023822719999999995,
      "system": 0.0015109439999999997,
      "min": 0.39624642054000003,
      "max": 0.41680720654000003,
      "times": [
        0.41289684854,
        0.41291139954,
        0.41257111054,
        0.40319024754000005,
        0.39624642054000003,
        0.41171863254,
        0.39937830454,
        0.41400017954,
        0.41333389354000005,
        0.41680720654000003,
        0.41148169854000005,
        0.40766980554000004,
        0.40780850354000003,
        0.40635617154000003,
        0.40661589654,
        0.40980845454000003,
        0.41089770654,
        0.40449482854,
        0.41562568854000004,
        0.39912957054000003
      ],
      "exit_codes": [
        0,
        0,
        0,
        0,
        0,
        0,
        0,
        0,
        0,
        0,
        0,
        0,
        0,
        0,
        0,
        0,
        0,
        0,
        0,
        0
      ]
    }
  ]
}
