{
  "results": [
    {
      "command": "./bin/austindonisan/aot/1brc ./inputs/measurements.txt 96 1",
      "mean": 0.30474611881,
      "stddev": 0.0006040207234273662,
      "median": 0.30484906116000005,
      "user": 0.0016229819999999998,
      "system": 0.008100195,
      "min": 0.30381776316000003,
      "max": 0.30575416116000004,
      "times": [
        0.30474526516000006,
        0.30421292516000004,
        0.30495285716000003,
        0.30382837416,
        0.30575416116000004,
        0.30530512716,
        0.30423549616,
        0.30535426916,
        0.30460970816000005,
        0.30498270916000003,
        0.30508378416000004,
        0.30425971816,
        0.30390250816000003,
        0.30412943116,
        0.30530735616000004,
        0.30502706016000003,
        0.30381776316000003,
        0.30572625016000005,
        0.30468444216,
        0.30500317016000006
      ],
      "exit_codes": [
        0,
        0,
        0,
        0,
        0,
        0,
        0,
        0,
        0,
        0,
        0,
        0,
        0,
        0,
        0,
        0,
        0,
        0,
        0,
        0
      ]
    }
  ]
}
