{
  "results": [
    {
      "command": "./bin/austindonisan/aot/1brc ./inputs/measurements.txt 192 1",
      "mean": 0.32435911508000004,
      "stddev": 0.0009804958538288367,
      "median": 0.32421667558,
      "user": 0.0013097310000000002,
      "system": 0.02609642,
      "min": 0.32232698058000003,
      "max": 0.32630169258,
      "times": [
        0.32339309658,
        0.32585595758,
        0.32385063558,
        0.32533702858,
        0.32433785258000003,
        0.32333988658,
        0.32518824958000003,
        0.32365727558,
        0.32480884858000003,
        0.32415327258,
        0.32428007858,
        0.32535279958,
        0.32517904858,
        0.32630169258,
        0.32386372558,
        0.32371759858,
        0.32232698058000003,
        0.32346905358,
        0.32482841958,
        0.32394080058
      ],
      "exit_codes": [
        0,
        0,
        0,
        0,
        0,
        0,
        0,
        0,
        0,
        0,
        0,
        0,
        0,
        0,
        0,
        0,
        0,
        0,
        0,
        0
      ]
    }
  ]
}
