{
  "results": [
    {
      "command": "./bin/buybackoff/aot/1brc ./inputs/measurements.txt",
      "mean": 0.26916745585,
      "stddev": 0.004078242732343489,
      "median": 0.2674873917,
      "user": 0.014358559999999998,
      "system": 0.02873481,
      "min": 0.2639825322,
      "max": 0.2796547132,
      "times": [
        0.2641888262,
        0.27277336220000004,
        0.26730067020000003,
        0.2686439942,
        0.2796547132,
        0.2670851972,
        0.2657764442,
        0.26749670220000005,
        0.2639825322,
        0.26743864920000004,
        0.2661022142,
        0.2674780812,
        0.2722721712,
        0.27708586220000003,
        0.2683837372,
        0.27152351420000004,
        0.2666399082,
        0.2720169552,
        0.27103014420000004,
        0.2664754382
      ],
      "exit_codes": [
        0,
        0,
        0,
        0,
        0,
        0,
        0,
        0,
        0,
        0,
        0,
        0,
        0,
        0,
        0,
        0,
        0,
        0,
        0,
        0
      ]
    }
  ]
}
