{
  "results": [
    {
      "command": "./bin/buybackoff/aot/1brc ./inputs/measurements.txt",
      "mean": 0.7933135930099999,
      "stddev": 0.030982150699336724,
      "median": 0.79566497446,
      "user": 0.014749159999999997,
      "system": 0.011380870000000001,
      "min": 0.75279959146,
      "max": 0.88492196346,
      "times": [
        0.76729335946,
        0.76846217246,
        0.83144178246,
        0.81753759846,
        0.77685026046,
        0.77541292446,
        0.78081901346,
        0.80680308346,
        0.88492196346,
        0.77714743646,
        0.80610997646,
        0.79289265546,
        0.79882676546,
        0.79843729346,
        0.81579924346,
        0.80239433946,
        0.80066102246,
        0.75753900846,
        0.75279959146,
        0.75412236946
      ],
      "exit_codes": [
        0,
        0,
        0,
        0,
        0,
        0,
        0,
        0,
        0,
        0,
        0,
        0,
        0,
        0,
        0,
        0,
        0,
        0,
        0,
        0
      ]
    }
  ]
}
