{
  "results": [
    {
      "command": "./bin/buybackoff/aot/1brc ./inputs/measurements.txt",
      "mean": 0.39779587627000007,
      "stddev": 0.004590139075187723,
      "median": 0.39803275822000006,
      "user": 0.014736509999999998,
      "system": 0.015721119999999998,
      "min": 0.38639359022,
      "max": 0.40543408322,
      "times": [
        0.39793924822000004,
        0.39237696022,
        0.40543408322,
        0.39812626822,
        0.40127192322,
        0.40136968822,
        0.40005061622000004,
        0.38639359022,
        0.40117014722,
        0.39660295522,
        0.39559545922,
        0.39849106922,
        0.40204603622,
        0.39533383422,
        0.40338273922,
        0.39386898422,
        0.39374054722,
        0.40298234722000004,
        0.39361015922000003,
        0.39613086922
      ],
      "exit_codes": [
        0,
        0,
        0,
        0,
        0,
        0,
        0,
        0,
        0,
        0,
        0,
        0,
        0,
        0,
        0,
        0,
        0,
        0,
        0,
        0
      ]
    }
  ]
}
