{
  "results": [
    {
      "command": "./bin/buybackoff/aot/1brc ./inputs/measurements.txt",
      "mean": 0.29914053804999996,
      "stddev": 0.0020315704459912204,
      "median": 0.2989615202,
      "user": 0.020905109999999998,
      "system": 0.039967369999999995,
      "min": 0.2939805172,
      "max": 0.3035673612,
      "times": [
        0.2939805172,
        0.2988278892,
        0.3007810062,
        0.2967813822,
        0.2990951512,
        0.2982238422,
        0.3003119892,
        0.3000409742,
        0.2981353982,
        0.3010625402,
        0.3000707752,
        0.2978141292,
        0.2981895112,
        0.3035673612,
        0.2983206982,
        0.2991358632,
        0.2988098462,
        0.2973425332,
        0.3016146522,
        0.3007047012
      ],
      "exit_codes": [
        0,
        0,
        0,
        0,
        0,
        0,
        0,
        0,
        0,
        0,
        0,
        0,
        0,
        0,
        0,
        0,
        0,
        0,
        0,
        0
      ]
    }
  ]
}
