{
  "results": [
    {
      "command": "./bin/buybackoff/aot/1brc ./inputs/measurements.txt",
      "mean": 1.4411356991500002,
      "stddev": 0.026612968031491283,
      "median": 1.4364049509,
      "user": 0.01292887,
      "system": 0.011420449999999997,
      "min": 1.4081994139,
      "max": 1.4998406469,
      "times": [
        1.4217437959,
        1.4081994139,
        1.4541439959,
        1.4213620859,
        1.4652283829000001,
        1.4412789939,
        1.4879280139000002,
        1.4213393939,
        1.4359448989,
        1.4124310969,
        1.4451082999,
        1.4368650029,
        1.4998406469,
        1.4345997399000001,
        1.4188699979000001,
        1.4518854649,
        1.4889949549000001,
        1.4377775119,
        1.4249723649000001,
        1.4141999269
      ],
      "exit_codes": [
        0,
        0,
        0,
        0,
        0,
        0,
        0,
        0,
        0,
        0,
        0,
        0,
        0,
        0,
        0,
        0,
        0,
        0,
        0,
        0
      ]
    }
  ]
}
