{
  "results": [
    {
      "command": "./bin/buybackoff/aot/1brc ./inputs/measurements.txt",
      "mean": 0.6859676096,
      "stddev": 0.010579633655207659,
      "median": 0.6838300670000002,
      "user": 0.013500180000000004,
      "system": 0.017657739999999998,
      "min": 0.670949714,
      "max": 0.711020328,
      "times": [
        0.6929258420000001,
        0.711020328,
        0.6735838120000001,
        0.6778190530000001,
        0.670949714,
        0.678102968,
        0.6780667260000001,
        0.6842518190000001,
        0.6904006010000001,
        0.697007166,
        0.6834083150000001,
        0.6879596200000001,
        0.6818647950000001,
        0.6830528920000001,
        0.681917948,
        0.691014596,
        0.6873319830000001,
        0.7089201220000001,
        0.6851665590000001,
        0.6745873330000001
      ],
      "exit_codes": [
        0,
        0,
        0,
        0,
        0,
        0,
        0,
        0,
        0,
        0,
        0,
        0,
        0,
        0,
        0,
        0,
        0,
        0,
        0,
        0
      ]
    }
  ]
}
