{
  "results": [
    {
      "command": "./bin/buybackoff/aot/1brc ./inputs/measurements.txt",
      "mean": 1.26113232407,
      "stddev": 0.042522392909348054,
      "median": 1.2482330737199998,
      "user": 0.013365629999999998,
      "system": 0.01239121,
      "min": 1.24413792872,
      "max": 1.42606519472,
      "times": [
        1.25060408872,
        1.24822628272,
        1.24791735572,
        1.2524639527199999,
        1.32509317172,
        1.24954988772,
        1.25259031572,
        1.24677104272,
        1.24413792872,
        1.24454626072,
        1.24815414972,
        1.2467550327199999,
        1.24547289172,
        1.24507952972,
        1.25084705872,
        1.24823986472,
        1.24502893772,
        1.42606519472,
        1.25252244572,
        1.25258108872
      ],
      "exit_codes": [
        0,
        0,
        0,
        0,
        0,
        0,
        0,
        0,
        0,
        0,
        0,
        0,
        0,
        0,
        0,
        0,
        0,
        0,
        0,
        0
      ]
    }
  ]
}
