{
  "results": [
    {
      "command": "./bin/buybackoff/aot/1brc ./inputs/measurements.txt",
      "mean": 0.36479098419,
      "stddev": 0.0013691008698500445,
      "median": 0.36500968124,
      "user": 0.01838961,
      "system": 0.02177568,
      "min": 0.36278713924,
      "max": 0.36768849323999997,
      "times": [
        0.36768849323999997,
        0.36306732824,
        0.36528459024,
        0.36330070024,
        0.36574491624,
        0.36570039324,
        0.36541422724,
        0.36330521024,
        0.36511077024,
        0.36417709923999997,
        0.36569337324,
        0.36520935624,
        0.36490859224,
        0.36455085024,
        0.36356070924,
        0.36278713924,
        0.36321838824,
        0.36640264624,
        0.36687902624,
        0.36381587424
      ],
      "exit_codes": [
        0,
        0,
        0,
        0,
        0,
        0,
        0,
        0,
        0,
        0,
        0,
        0,
        0,
        0,
        0,
        0,
        0,
        0,
        0,
        0
      ]
    }
  ]
}
