{
  "results": [
    {
      "command": "./bin/buybackoff/aot/1brc ./inputs/measurements.txt",
      "mean": 1.11873204151,
      "stddev": 0.1610494259867033,
      "median": 1.16159850606,
      "user": 0.0273675,
      "system": 0.09628164999999997,
      "min": 0.45167625506000003,
      "max": 1.19968156606,
      "times": [
        1.16857247006,
        1.18486698306,
        1.11657261306,
        1.1721544110600002,
        1.18051469006,
        1.16140349706,
        1.17501698106,
        1.09838723306,
        1.1835819010600002,
        1.1856542650600002,
        1.10392916006,
        1.14275089106,
        1.12861472306,
        1.17991884006,
        1.19968156606,
        1.16179252706,
        1.15989442906,
        1.16140448506,
        0.45167625506000003,
        1.0582529090600001
      ],
      "exit_codes": [
        0,
        0,
        0,
        0,
        0,
        0,
        0,
        0,
        0,
        0,
        0,
        0,
        0,
        0,
        0,
        0,
        0,
        0,
        0,
        0
      ]
    }
  ]
}
