{
  "results": [
    {
      "command": "./bin/buybackoff/aot/1brc ./inputs/measurements.txt",
      "mean": 0.32643240120000006,
      "stddev": 0.0034107393631109383,
      "median": 0.32591755450000004,
      "user": 0.021538019999999998,
      "system": 0.04929316,
      "min": 0.32248502700000004,
      "max": 0.33793853300000004,
      "times": [
        0.32395088400000005,
        0.324017949,
        0.32771412200000005,
        0.32248502700000004,
        0.33793853300000004,
        0.32661832900000004,
        0.32584054500000004,
        0.33079550300000005,
        0.32830575300000003,
        0.32789854,
        0.326052137,
        0.322580462,
        0.326309801,
        0.325439252,
        0.324750264,
        0.32484597900000006,
        0.32599456400000004,
        0.323584878,
        0.32826241000000006,
        0.32526309200000003
      ],
      "exit_codes": [
        0,
        0,
        0,
        0,
        0,
        0,
        0,
        0,
        0,
        0,
        0,
        0,
        0,
        0,
        0,
        0,
        0,
        0,
        0,
        0
      ]
    }
  ]
}
