{
  "results": [
    {
      "command": "./bin/CameronAavik/aot/1brc ./inputs/measurements.txt",
      "mean": 1.1547582034500001,
      "stddev": 0.007109384892356704,
      "median": 1.1528036206,
      "user": 10.01855166,
      "system": 1.28866783,
      "min": 1.1360383726,
      "max": 1.1660107526,
      "times": [
        1.1526912406,
        1.1637958376,
        1.1589442376,
        1.1581799156,
        1.1595596826,
        1.1660107526,
        1.1502296926,
        1.1624267126,
        1.1518945356,
        1.1525894646,
        1.1475663356,
        1.1360383726,
        1.1487847826,
        1.1606431426,
        1.1526859256,
        1.1630960976,
        1.1529160006,
        1.1568367786,
        1.1519464066,
        1.1483281546
      ],
      "exit_codes": [
        0,
        0,
        0,
        0,
        0,
        0,
        0,
        0,
        0,
        0,
        0,
        0,
        0,
        0,
        0,
        0,
        0,
        0,
        0,
        0
      ]
    }
  ]
}
