{
  "results": [
    {
      "command": "./bin/CameronAavik/aot/1brc ./inputs/measurements.txt",
      "mean": 1.91981673589,
      "stddev": 0.017659901222182726,
      "median": 1.92026717354,
      "user": 14.661365759999999,
      "system": 1.37505101,
      "min": 1.89466099554,
      "max": 1.95430246254,
      "times": [
        1.89845457654,
        1.91644417354,
        1.92035043254,
        1.89977590054,
        1.89466099554,
        1.89710084254,
        1.94940942854,
        1.9333329085400002,
        1.91920151654,
        1.90309128654,
        1.93445622854,
        1.93785600754,
        1.93284858854,
        1.9215489405400001,
        1.89549146254,
        1.92018391454,
        1.9222411295400001,
        1.92785738654,
        1.91772653554,
        1.95430246254
      ],
      "exit_codes": [
        0,
        0,
        0,
        0,
        0,
        0,
        0,
        0,
        0,
        0,
        0,
        0,
        0,
        0,
        0,
        0,
        0,
        0,
        0,
        0
      ]
    }
  ]
}
