{
  "results": [
    {
      "command": "./bin/CameronAavik/aot/1brc ./inputs/measurements.txt",
      "mean": 0.8735507216900003,
      "stddev": 0.003418026755383982,
      "median": 0.8733177921400002,
      "user": 10.1099707,
      "system": 1.4778471999999998,
      "min": 0.8679767991400001,
      "max": 0.8789551741400001,
      "times": [
        0.87658995114,
        0.8788627671400001,
        0.8696651441400001,
        0.8721472721400001,
        0.87106153214,
        0.8780849531400001,
        0.8679767991400001,
        0.8704371971400001,
        0.8751106181400001,
        0.8789551741400001,
        0.8727744661400001,
        0.8755393121400001,
        0.87407630014,
        0.8738611181400001,
        0.8727234751400001,
        0.8686179601400001,
        0.87781959614,
        0.8753793701400001,
        0.8709244131400001,
        0.8704070141400001
      ],
      "exit_codes": [
        0,
        0,
        0,
        0,
        0,
        0,
        0,
        0,
        0,
        0,
        0,
        0,
        0,
        0,
        0,
        0,
        0,
        0,
        0,
        0
      ]
    }
  ]
}
