{
  "results": [
    {
      "command": "./bin/CameronAavik/aot/1brc ./inputs/measurements.txt",
      "mean": 0.97704525347,
      "stddev": 0.012906385021653297,
      "median": 0.9832155610200001,
      "user": 12.26669093,
      "system": 1.3816896099999998,
      "min": 0.95117295652,
      "max": 0.99595514752,
      "times": [
        0.9710959475200001,
        0.9680655695200001,
        0.95268960152,
        0.96417348152,
        0.9891974065200001,
        0.98640065052,
        0.9830903765200001,
        0.9846783745200001,
        0.98948981652,
        0.96537563652,
        0.9783126655200001,
        0.9833407455200001,
        0.9657600675200001,
        0.9671085125200001,
        0.98386140552,
        0.99595514752,
        0.99099100252,
        0.98662781852,
        0.98351788652,
        0.95117295652
      ],
      "exit_codes": [
        0,
        0,
        0,
        0,
        0,
        0,
        0,
        0,
        0,
        0,
        0,
        0,
        0,
        0,
        0,
        0,
        0,
        0,
        0,
        0
      ]
    }
  ]
}
