{
  "results": [
    {
      "command": "./bin/CameronAavik/aot/1brc ./inputs/measurements.txt",
      "mean": 0.8699306126499999,
      "stddev": 0.0037576041919795905,
      "median": 0.8699742067,
      "user": 10.078415829999999,
      "system": 1.3697480199999998,
      "min": 0.8643621207000001,
      "max": 0.8782179467000001,
      "times": [
        0.8643621207000001,
        0.8686493657000001,
        0.8674463557000001,
        0.8690622887,
        0.8666244207000001,
        0.8743148687000001,
        0.8729058707,
        0.8720998457000001,
        0.8699997577,
        0.8707014077,
        0.8719480667,
        0.8716306497,
        0.8740614247,
        0.8668971757,
        0.8739531987000001,
        0.8660097457000001,
        0.8646628707,
        0.8782179467000001,
        0.8699486557,
        0.8651162167
      ],
      "exit_codes": [
        0,
        0,
        0,
        0,
        0,
        0,
        0,
        0,
        0,
        0,
        0,
        0,
        0,
        0,
        0,
        0,
        0,
        0,
        0,
        0
      ]
    }
  ]
}
