{
  "results": [
    {
      "command": "./bin/CameronAavik/aot/1brc ./inputs/measurements.txt",
      "mean": 1.30316578127,
      "stddev": 0.030298284150796707,
      "median": 1.3010648855200002,
      "user": 14.402710940000002,
      "system": 1.44371012,
      "min": 1.24015245302,
      "max": 1.35760300402,
      "times": [
        1.3391763380200001,
        1.2994517120200002,
        1.28608090902,
        1.3120950750200002,
        1.29871994102,
        1.24015245302,
        1.3026780590200002,
        1.3400061030200001,
        1.35760300402,
        1.28013315702,
        1.2794111460200002,
        1.2854693430200002,
        1.28236945102,
        1.27975268502,
        1.3248205940200002,
        1.26343393702,
        1.3126985590200002,
        1.31052798802,
        1.3129210120200001,
        1.3558141590200001
      ],
      "exit_codes": [
        0,
        0,
        0,
        0,
        0,
        0,
        0,
        0,
        0,
        0,
        0,
        0,
        0,
        0,
        0,
        0,
        0,
        0,
        0,
        0
      ]
    }
  ]
}
