{
  "results": [
    {
      "command": "./bin/CameronAavik/aot/1brc ./inputs/measurements.txt",
      "mean": 0.8729738749200001,
      "stddev": 0.002140370150928876,
      "median": 0.87311346682,
      "user": 10.128882140000004,
      "system": 1.4621145199999999,
      "min": 0.8696019298200001,
      "max": 0.8775091438200001,
      "times": [
        0.8707604358200001,
        0.8718161638200002,
        0.8730729648200001,
        0.8732602048200001,
        0.8725697868200001,
        0.8775091438200001,
        0.8731539688200001,
        0.8698328918200001,
        0.8747914618200001,
        0.8696019298200001,
        0.8717605608200001,
        0.8756991418200001,
        0.8752113848200002,
        0.8707705548200001,
        0.8762220708200001,
        0.8722242068200001,
        0.8737500838200001,
        0.8732006478200001,
        0.8708172388200001,
        0.8734526558200001
      ],
      "exit_codes": [
        0,
        0,
        0,
        0,
        0,
        0,
        0,
        0,
        0,
        0,
        0,
        0,
        0,
        0,
        0,
        0,
        0,
        0,
        0,
        0
      ]
    }
  ]
}
