{
  "results": [
    {
      "command": "./bin/CameronAavik/aot/1brc ./inputs/measurements.txt",
      "mean": 1.4577123208799998,
      "stddev": 0.04741070092933203,
      "median": 1.46403604668,
      "user": 9.972868850000001,
      "system": 1.2363450600000003,
      "min": 1.36914004768,
      "max": 1.52613780768,
      "times": [
        1.36914004768,
        1.4830902366799998,
        1.4651044736799999,
        1.50735754868,
        1.49958853668,
        1.44156932368,
        1.38352569068,
        1.49725467868,
        1.52613780768,
        1.4629676196799999,
        1.44545550468,
        1.4131297836799999,
        1.39034166468,
        1.4172190706799999,
        1.48017698768,
        1.42960927168,
        1.5141135876799998,
        1.49551502768,
        1.5085087656799998,
        1.42444078968
      ],
      "exit_codes": [
        0,
        0,
        0,
        0,
        0,
        0,
        0,
        0,
        0,
        0,
        0,
        0,
        0,
        0,
        0,
        0,
        0,
        0,
        0,
        0
      ]
    }
  ]
}
