{
  "results": [
    {
      "command": "./bin/CameronAavik/aot/1brc ./inputs/measurements.txt",
      "mean": 0.8701067840800001,
      "stddev": 0.0026923847208157278,
      "median": 0.86963417198,
      "user": 10.07401812,
      "system": 1.3719125299999997,
      "min": 0.8663119769800001,
      "max": 0.87665911698,
      "times": [
        0.86755736898,
        0.87047226998,
        0.8712623149800001,
        0.86844600798,
        0.86915172998,
        0.8714529709800001,
        0.86815713198,
        0.86825789798,
        0.87195978898,
        0.87233726998,
        0.8690200019800001,
        0.87323887198,
        0.8712530189800001,
        0.86809035798,
        0.8701166139800001,
        0.87420296698,
        0.86717656698,
        0.8663119769800001,
        0.87665911698,
        0.86701143698
      ],
      "exit_codes": [
        0,
        0,
        0,
        0,
        0,
        0,
        0,
        0,
        0,
        0,
        0,
        0,
        0,
        0,
        0,
        0,
        0,
        0,
        0,
        0
      ]
    }
  ]
}
