{
  "results": [
    {
      "command": "./bin/CameronAavik/aot/1brc ./inputs/measurements.txt",
      "mean": 2.28458127434,
      "stddev": 0.04380184537612231,
      "median": 2.28424491964,
      "user": 9.58961812,
      "system": 1.16848901,
      "min": 2.22064741364,
      "max": 2.38165106164,
      "times": [
        2.29092503664,
        2.28783235664,
        2.27148769864,
        2.23993853664,
        2.34674217164,
        2.27577406864,
        2.38165106164,
        2.25081548664,
        2.22064741364,
        2.28065748264,
        2.29359284864,
        2.22304802964,
        2.31719453464,
        2.26767370364,
        2.22836953464,
        2.24152985964,
        2.30665513964,
        2.33085555164,
        2.33428704964,
        2.30194792164
      ],
      "exit_codes": [
        0,
        0,
        0,
        0,
        0,
        0,
        0,
        0,
        0,
        0,
        0,
        0,
        0,
        0,
        0,
        0,
        0,
        0,
        0,
        0
      ]
    }
  ]
}
