{
  "results": [
    {
      "command": "./bin/dzaima/aot/1brc ./inputs/measurements.txt",
      "mean": 1.2882459356599998,
      "stddev": 0.022492166094733906,
      "median": 1.2839748053599997,
      "user": 8.18498819,
      "system": 1.4028241599999998,
      "min": 1.2754045858599998,
      "max": 1.3824471028599998,
      "times": [
        1.3824471028599998,
        1.28660489586,
        1.28334373286,
        1.28667731986,
        1.2804130678599999,
        1.28241419586,
        1.2827212338599998,
        1.29016908686,
        1.28515629886,
        1.28843556086,
        1.2817188278599998,
        1.28549080686,
        1.28278335686,
        1.28590149086,
        1.2807251818599998,
        1.2846058778599998,
        1.28522283086,
        1.2784934578599998,
        1.27618980086,
        1.2754045858599998
      ],
      "exit_codes": [
        0,
        0,
        0,
        0,
        0,
        0,
        0,
        0,
        0,
        0,
        0,
        0,
        0,
        0,
        0,
        0,
        0,
        0,
        0,
        0
      ]
    }
  ]
}
