{
  "results": [
    {
      "command": "./bin/dzaima/aot/1brc ./inputs/measurements.txt",
      "mean": 1.2783520930599999,
      "stddev": 0.004386430457173696,
      "median": 1.27744314856,
      "user": 8.126106629999999,
      "system": 1.40010124,
      "min": 1.27215984956,
      "max": 1.29174663256,
      "times": [
        1.27215984956,
        1.27794164556,
        1.27252853956,
        1.27744335856,
        1.28248497456,
        1.27812507656,
        1.27744293856,
        1.29174663256,
        1.28413983556,
        1.2733471135599999,
        1.2803180755599999,
        1.27675001056,
        1.27735914256,
        1.27940711056,
        1.2773776075599999,
        1.27627932756,
        1.27911199456,
        1.2813439275599998,
        1.27647943856,
        1.27525526156
      ],
      "exit_codes": [
        0,
        0,
        0,
        0,
        0,
        0,
        0,
        0,
        0,
        0,
        0,
        0,
        0,
        0,
        0,
        0,
        0,
        0,
        0,
        0
      ]
    }
  ]
}
