{
  "results": [
    {
      "command": "./bin/dzaima/aot/1brc ./inputs/measurements.txt",
      "mean": 1.82077842305,
      "stddev": 0.04018143227329889,
      "median": 1.8073345287000002,
      "user": 8.06789717,
      "system": 1.36397973,
      "min": 1.7570765832000002,
      "max": 1.8989260742,
      "times": [
        1.8054869402,
        1.8556270142000002,
        1.7570765832000002,
        1.7929851542,
        1.7954349802,
        1.8061844612000002,
        1.7790223692,
        1.8546088772000002,
        1.8584428402000002,
        1.8989260742,
        1.8504208242000002,
        1.7860073982,
        1.8612120052,
        1.8084845962,
        1.7608995322,
        1.8021107422000002,
        1.8542154912,
        1.8731933572000001,
        1.8311639822,
        1.7840652382
      ],
      "exit_codes": [
        0,
        0,
        0,
        0,
        0,
        0,
        0,
        0,
        0,
        0,
        0,
        0,
        0,
        0,
        0,
        0,
        0,
        0,
        0,
        0
      ]
    }
  ]
}
