{
  "results": [
    {
      "command": "./bin/dzaima/aot/1brc ./inputs/measurements.txt",
      "mean": 1.2810387656800004,
      "stddev": 0.008821961528722607,
      "median": 1.27848304668,
      "user": 8.13791647,
      "system": 1.4112073100000002,
      "min": 1.27241200468,
      "max": 1.30363501768,
      "times": [
        1.28057014168,
        1.28016151868,
        1.28714349768,
        1.28907092368,
        1.28305892968,
        1.29126986668,
        1.29828598568,
        1.28305256968,
        1.27749821568,
        1.27241200468,
        1.27428057868,
        1.2726000446799999,
        1.27467036068,
        1.27342786068,
        1.27437329268,
        1.2744601976799999,
        1.27383821368,
        1.30363501768,
        1.2787380156800001,
        1.27822807768
      ],
      "exit_codes": [
        0,
        0,
        0,
        0,
        0,
        0,
        0,
        0,
        0,
        0,
        0,
        0,
        0,
        0,
        0,
        0,
        0,
        0,
        0,
        0
      ]
    }
  ]
}
