{
  "results": [
    {
      "command": "./bin/dzaima/aot/1brc ./inputs/measurements.txt",
      "mean": 1.27244287371,
      "stddev": 0.012687591098752615,
      "median": 1.26933724396,
      "user": 8.26109048,
      "system": 1.4037751899999997,
      "min": 1.2635204249599998,
      "max": 1.32423832596,
      "times": [
        1.26820546896,
        1.27443621096,
        1.2731120059599998,
        1.2635204249599998,
        1.26466209896,
        1.27383619696,
        1.27292233496,
        1.27070324996,
        1.26544928396,
        1.26879991296,
        1.26493272496,
        1.26914530196,
        1.26900882896,
        1.2739366859599999,
        1.32423832596,
        1.27601341196,
        1.26993576196,
        1.2694585859599998,
        1.2673247559599998,
        1.26921590196
      ],
      "exit_codes": [
        0,
        0,
        0,
        0,
        0,
        0,
        0,
        0,
        0,
        0,
        0,
        0,
        0,
        0,
        0,
        0,
        0,
        0,
        0,
        0
      ]
    }
  ]
}
