{
  "results": [
    {
      "command": "./bin/dzaima/aot/1brc ./inputs/measurements.txt",
      "mean": 1.2681068641100002,
      "stddev": 0.006381744917248154,
      "median": 1.2665848309599999,
      "user": 8.24709859,
      "system": 1.39650225,
      "min": 1.26223032196,
      "max": 1.29243188596,
      "times": [
        1.29243188596,
        1.26794632696,
        1.26404193896,
        1.26450179496,
        1.27012506596,
        1.2666792709599999,
        1.26223032196,
        1.2644080439599998,
        1.27166691996,
        1.26958214396,
        1.26430205796,
        1.2667864169599998,
        1.2651682069599999,
        1.2673441289599998,
        1.26598693196,
        1.2664903909599998,
        1.27183191996,
        1.26611221596,
        1.27122002596,
        1.2632812729599998
      ],
      "exit_codes": [
        0,
        0,
        0,
        0,
        0,
        0,
        0,
        0,
        0,
        0,
        0,
        0,
        0,
        0,
        0,
        0,
        0,
        0,
        0,
        0
      ]
    }
  ]
}
