{
  "results": [
    {
      "command": "./bin/dzaima/aot/1brc ./inputs/measurements.txt",
      "mean": 1.2839385446499998,
      "stddev": 0.005553644602365686,
      "median": 1.2828759762000002,
      "user": 8.180652400000001,
      "system": 1.4027208599999998,
      "min": 1.2740160927000002,
      "max": 1.3010404397,
      "times": [
        1.2832461917,
        1.2808884167,
        1.2815908457,
        1.2828548457,
        1.2807026167000002,
        1.2810594057,
        1.2740160927000002,
        1.2812956597,
        1.2862145237,
        1.2840091707,
        1.2846910987,
        1.3010404397,
        1.2806211407,
        1.2868114757,
        1.2911223847,
        1.2897480987,
        1.2788224007,
        1.2808334717,
        1.2828971067000001,
        1.2863055067
      ],
      "exit_codes": [
        0,
        0,
        0,
        0,
        0,
        0,
        0,
        0,
        0,
        0,
        0,
        0,
        0,
        0,
        0,
        0,
        0,
        0,
        0,
        0
      ]
    }
  ]
}
