{
  "results": [
    {
      "command": "./bin/dzaima/aot/1brc ./inputs/measurements.txt",
      "mean": 1.27954448183,
      "stddev": 0.0044572787987304605,
      "median": 1.27899691338,
      "user": 8.145131969999998,
      "system": 1.4040857099999997,
      "min": 1.2693460248800001,
      "max": 1.2904436428800001,
      "times": [
        1.2807310488800001,
        1.28341619788,
        1.2758975108800001,
        1.2767948718800002,
        1.27800839488,
        1.27733384188,
        1.2831577758800001,
        1.2693460248800001,
        1.2754778658800001,
        1.27562016488,
        1.2796976768800001,
        1.28066209188,
        1.27698359188,
        1.2904436428800001,
        1.27993699088,
        1.27793129588,
        1.28366627488,
        1.28436532688,
        1.2831228968800001,
        1.27829614988
      ],
      "exit_codes": [
        0,
        0,
        0,
        0,
        0,
        0,
        0,
        0,
        0,
        0,
        0,
        0,
        0,
        0,
        0,
        0,
        0,
        0,
        0,
        0
      ]
    }
  ]
}
