{
  "results": [
    {
      "command": "./bin/dzaima/aot/1brc ./inputs/measurements.txt",
      "mean": 1.2835189428000002,
      "stddev": 0.006235196190017653,
      "median": 1.284105181,
      "user": 8.153727589999999,
      "system": 1.4149679400000001,
      "min": 1.2717742395,
      "max": 1.2950974745,
      "times": [
        1.2854755585,
        1.2862624915,
        1.2830749774999999,
        1.2890980865,
        1.2719240685,
        1.2815456244999999,
        1.2950974745,
        1.2848370944999998,
        1.2754527985,
        1.2790879565,
        1.2717742395,
        1.2785022664999999,
        1.2834742435,
        1.2814635595,
        1.2811364615,
        1.2847361185,
        1.2871754935,
        1.2866585565,
        1.2928654824999999,
        1.2907363035
      ],
      "exit_codes": [
        0,
        0,
        0,
        0,
        0,
        0,
        0,
        0,
        0,
        0,
        0,
        0,
        0,
        0,
        0,
        0,
        0,
        0,
        0,
        0
      ]
    }
  ]
}
