{
  "results": [
    {
      "command": "./bin/dzaima/aot/1brc ./inputs/measurements.txt",
      "mean": 1.65338114425,
      "stddev": 0.007779043271636219,
      "median": 1.6542168977,
      "user": 9.496010949999999,
      "system": 1.5170567099999999,
      "min": 1.6418751657000001,
      "max": 1.6762394507000002,
      "times": [
        1.6572572657000002,
        1.6465072837,
        1.6418751657000001,
        1.6500085987,
        1.6599194217000002,
        1.6464568407,
        1.6762394507000002,
        1.6596420357000001,
        1.6546432077,
        1.6542074227,
        1.6470681157000002,
        1.6518865107000003,
        1.6580936577,
        1.6526666657,
        1.6427753147000002,
        1.6574205897,
        1.6568844297,
        1.6445126917000001,
        1.6542263727000002,
        1.6553318437
      ],
      "exit_codes": [
        0,
        0,
        0,
        0,
        0,
        0,
        0,
        0,
        0,
        0,
        0,
        0,
        0,
        0,
        0,
        0,
        0,
        0,
        0,
        0
      ]
    }
  ]
}
