{
  "results": [
    {
      "command": "./calculate_average_jerrinot.sh",
      "mean": 0.8729407393800003,
      "stddev": 0.018932240761798662,
      "median": 0.8688243546800001,
      "user": 0.00283468,
      "system": 0.005062283000000001,
      "min": 0.83734457918,
      "max": 0.9170327421800001,
      "times": [
        0.8858339781800001,
        0.8531109351800001,
        0.8515867701800001,
        0.8740907721800001,
        0.8560298471800001,
        0.86829354018,
        0.8929088701800001,
        0.8634446211800001,
        0.87767511218,
        0.8659939921800001,
        0.88382795418,
        0.8986971421800001,
        0.85688638518,
        0.86154300518,
        0.88641694818,
        0.83734457918,
        0.8677886221800001,
        0.8909538011800001,
        0.9170327421800001,
        0.8693551691800001
      ],
      "exit_codes": [
        0,
        0,
        0,
        0,
        0,
        0,
        0,
        0,
        0,
        0,
        0,
        0,
        0,
        0,
        0,
        0,
        0,
        0,
        0,
        0
      ]
    }
  ]
}
