{
  "results": [
    {
      "command": "./calculate_average_jerrinot.sh",
      "mean": 0.39339243916,
      "stddev": 0.005295110676184737,
      "median": 0.39350323476000004,
      "user": 0.0025235589999999994,
      "system": 0.00555517,
      "min": 0.38434440276000004,
      "max": 0.40132612876,
      "times": [
        0.38725879576,
        0.39334807576,
        0.39550127476,
        0.39575928876000005,
        0.38786143976000004,
        0.40132612876,
        0.38878580076,
        0.39167808176,
        0.38767216876000005,
        0.39935842976,
        0.39228191576000004,
        0.38434440276000004,
        0.39547536276,
        0.38479584276,
        0.39822226876,
        0.39237738176000003,
        0.39365839376,
        0.40106908676,
        0.39937512376,
        0.39769951976
      ],
      "exit_codes": [
        0,
        0,
        0,
        0,
        0,
        0,
        0,
        0,
        0,
        0,
        0,
        0,
        0,
        0,
        0,
        0,
        0,
        0,
        0,
        0
      ]
    }
  ]
}
