{
  "results": [
    {
      "command": "./calculate_average_jerrinot.sh",
      "mean": 0.30125772615000007,
      "stddev": 0.0030384466034853977,
      "median": 0.3011610685,
      "user": 0.002459818,
      "system": 0.005963341,
      "min": 0.2959867745,
      "max": 0.3075824615,
      "times": [
        0.3011208315,
        0.3066435785,
        0.2989167575,
        0.3023039465,
        0.3021426375,
        0.3048194065,
        0.3012013055,
        0.3014252685,
        0.2976402565,
        0.2978023855,
        0.3012297465,
        0.2959867745,
        0.2983570365,
        0.3004901855,
        0.3009348105,
        0.3001362955,
        0.3056725145,
        0.3075824615,
        0.2993538515,
        0.3013944725
      ],
      "exit_codes": [
        0,
        0,
        0,
        0,
        0,
        0,
        0,
        0,
        0,
        0,
        0,
        0,
        0,
        0,
        0,
        0,
        0,
        0,
        0,
        0
      ]
    }
  ]
}
