{
  "results": [
    {
      "command": "./calculate_average_jerrinot.sh",
      "mean": 0.6854092315900001,
      "stddev": 0.007822683329266177,
      "median": 0.68516787814,
      "user": 0.002139761,
      "system": 0.0056949389999999996,
      "min": 0.67412833864,
      "max": 0.70326367964,
      "times": [
        0.67412833864,
        0.68693841264,
        0.6787108336400001,
        0.67908498464,
        0.6848707966400001,
        0.68546495964,
        0.68362346764,
        0.68980159064,
        0.67826468864,
        0.67485332864,
        0.69333635764,
        0.69512070664,
        0.68603145164,
        0.67890086464,
        0.69002912364,
        0.67908684464,
        0.69131407564,
        0.70326367964,
        0.67937918164,
        0.69598094464
      ],
      "exit_codes": [
        0,
        0,
        0,
        0,
        0,
        0,
        0,
        0,
        0,
        0,
        0,
        0,
        0,
        0,
        0,
        0,
        0,
        0,
        0,
        0
      ]
    }
  ]
}
