{
  "results": [
    {
      "command": "./calculate_average_jerrinot.sh",
      "mean": 0.48428101282,
      "stddev": 0.0064295255570119576,
      "median": 0.48425387272000003,
      "user": 0.0030611239999999997,
      "system": 0.005074682999999999,
      "min": 0.47097522322,
      "max": 0.49561156622,
      "times": [
        0.49310258622,
        0.48956260922000006,
        0.48400509922,
        0.48222991122000003,
        0.47097522322,
        0.48281308322000005,
        0.48467914722000005,
        0.47153282422000004,
        0.49238312622,
        0.47915895922,
        0.47991120222000005,
        0.49036426422,
        0.48672978122000005,
        0.47855072522000003,
        0.49561156622,
        0.48207632122000005,
        0.48609809622000005,
        0.48388904322000004,
        0.48744404122,
        0.48450264622000005
      ],
      "exit_codes": [
        0,
        0,
        0,
        0,
        0,
        0,
        0,
        0,
        0,
        0,
        0,
        0,
        0,
        0,
        0,
        0,
        0,
        0,
        0,
        0
      ]
    }
  ]
}
