{
  "results": [
    {
      "command": "./calculate_average_jerrinot.sh",
      "mean": 1.2280115643900003,
      "stddev": 0.016923351511505175,
      "median": 1.22638853444,
      "user": 0.00306799,
      "system": 0.0038875070000000005,
      "min": 1.2039508569400001,
      "max": 1.26529400294,
      "times": [
        1.20469198894,
        1.24480787994,
        1.22098903594,
        1.21809369394,
        1.2426773019400001,
        1.22573434994,
        1.2061763519400002,
        1.25619509394,
        1.23812281994,
        1.26529400294,
        1.22451187894,
        1.20823089394,
        1.2329868989400001,
        1.2229333309400001,
        1.23545441594,
        1.2275179949400001,
        1.21337176994,
        1.2270427189400002,
        1.24144800894,
        1.2039508569400001
      ],
      "exit_codes": [
        0,
        0,
        0,
        0,
        0,
        0,
        0,
        0,
        0,
        0,
        0,
        0,
        0,
        0,
        0,
        0,
        0,
        0,
        0,
        0
      ]
    }
  ]
}
