{
  "results": [
    {
      "command": "./calculate_average_jerrinot.sh",
      "mean": 0.31885978168999995,
      "stddev": 0.0037871516959687756,
      "median": 0.31940554054000003,
      "user": 0.003778349999999999,
      "system": 0.004368512,
      "min": 0.31200311854,
      "max": 0.32634284654,
      "times": [
        0.31577169854000003,
        0.32160079154,
        0.31307966854,
        0.32208217954,
        0.32264413154,
        0.32142388254000004,
        0.31353477454,
        0.31738624754,
        0.32143251354,
        0.31456935054,
        0.31944602254,
        0.31752937654,
        0.32135813854,
        0.32003581554,
        0.31618009254,
        0.32273242554000003,
        0.31867750054,
        0.31936505854,
        0.32634284654,
        0.31200311854
      ],
      "exit_codes": [
        0,
        0,
        0,
        0,
        0,
        0,
        0,
        0,
        0,
        0,
        0,
        0,
        0,
        0,
        0,
        0,
        0,
        0,
        0,
        0
      ]
    }
  ]
}
