{
  "results": [
    {
      "command": "./calculate_average_jerrinot.sh",
      "mean": 1.5565142891900001,
      "stddev": 0.03548073105871766,
      "median": 1.54907631864,
      "user": 0.00376562,
      "system": 0.0031997650000000002,
      "min": 1.5198144961400002,
      "max": 1.67232508514,
      "times": [
        1.53622932314,
        1.5583869861400002,
        1.58471540214,
        1.54777133614,
        1.55505421114,
        1.55038130114,
        1.55601418514,
        1.5198144961400002,
        1.53214674114,
        1.57813174814,
        1.53047823814,
        1.67232508514,
        1.5423947311400001,
        1.5855574001400001,
        1.5680848601400001,
        1.52192397314,
        1.52818685114,
        1.52167723214,
        1.54488132014,
        1.59613036214
      ],
      "exit_codes": [
        0,
        0,
        0,
        0,
        0,
        0,
        0,
        0,
        0,
        0,
        0,
        0,
        0,
        0,
        0,
        0,
        0,
        0,
        0,
        0
      ]
    }
  ]
}
