{
  "results": [
    {
      "command": "./calculate_average_jerrinot.sh",
      "mean": 0.32128604451,
      "stddev": 0.0032454267548809802,
      "median": 0.32065516716000003,
      "user": 0.0036770609999999997,
      "system": 0.004602121999999998,
      "min": 0.31381169616000004,
      "max": 0.32728175616000005,
      "times": [
        0.31871977016,
        0.32243354616000003,
        0.32083758716000005,
        0.32581638416,
        0.32047274716,
        0.32434824316000005,
        0.31381169616000004,
        0.31754630416,
        0.32046232616000003,
        0.32037828216,
        0.32210962816000005,
        0.32243850716,
        0.32560460316,
        0.31826498416000004,
        0.31990078516000003,
        0.32728175616000005,
        0.32151685616000003,
        0.32032396916,
        0.31847950616000004,
        0.32497340816000003
      ],
      "exit_codes": [
        0,
        0,
        0,
        0,
        0,
        0,
        0,
        0,
        0,
        0,
        0,
        0,
        0,
        0,
        0,
        0,
        0,
        0,
        0,
        0
      ]
    }
  ]
}
