{
  "results": [
    {
      "command": "./calculate_average_jerrinot.sh",
      "mean": 0.32388769035,
      "stddev": 0.006015095390680538,
      "median": 0.32489522930000003,
      "user": 0.003327599999999999,
      "system": 0.005092926000000001,
      "min": 0.3127216243,
      "max": 0.3325332613,
      "times": [
        0.31727397830000004,
        0.32915682230000004,
        0.3193412933,
        0.3246013183,
        0.3235391583,
        0.31423108930000004,
        0.3300520113,
        0.3262793913,
        0.3148904053,
        0.3300496023,
        0.3325332613,
        0.32363867430000004,
        0.32087978030000003,
        0.33018671930000004,
        0.32863099230000004,
        0.32574351230000004,
        0.3251891403,
        0.3188236143,
        0.3127216243,
        0.3299914183
      ],
      "exit_codes": [
        0,
        0,
        0,
        0,
        0,
        0,
        0,
        0,
        0,
        0,
        0,
        0,
        0,
        0,
        0,
        0,
        0,
        0,
        0,
        0
      ]
    }
  ]
}
