{
  "results": [
    {
      "command": "./bin/kpocza/aot/1brc ./inputs/measurements.txt",
      "mean": 1.08809012842,
      "stddev": 0.008268113851744427,
      "median": 1.08568913932,
      "user": 12.93644003,
      "system": 1.2000164999999998,
      "min": 1.07953464182,
      "max": 1.1127616718200002,
      "times": [
        1.0822682138200002,
        1.08825691682,
        1.08739982982,
        1.08479087382,
        1.08339927682,
        1.08403080282,
        1.08357304682,
        1.0850097168200001,
        1.08224798282,
        1.0917467418200002,
        1.08480843482,
        1.1086673148200001,
        1.08636856182,
        1.08689583082,
        1.0888402458200002,
        1.08704641982,
        1.07953464182,
        1.0844752078200002,
        1.1127616718200002,
        1.0896808368200002
      ],
      "exit_codes": [
        0,
        0,
        0,
        0,
        0,
        0,
        0,
        0,
        0,
        0,
        0,
        0,
        0,
        0,
        0,
        0,
        0,
        0,
        0,
        0
      ]
    }
  ]
}
