{
  "results": [
    {
      "command": "./bin/kpocza/aot/1brc ./inputs/measurements.txt",
      "mean": 0.83098904898,
      "stddev": 0.00919302539195752,
      "median": 0.82844819418,
      "user": 13.445752899999999,
      "system": 1.28900186,
      "min": 0.82128923068,
      "max": 0.8580872646800001,
      "times": [
        0.82499133568,
        0.8276351026800001,
        0.84461440468,
        0.8264631466800001,
        0.8311610276800001,
        0.8239740386800001,
        0.8373341776800001,
        0.82926128568,
        0.83289499868,
        0.83616406068,
        0.8378751856800001,
        0.8310419746800001,
        0.8234463406800001,
        0.82128923068,
        0.82416959168,
        0.8580872646800001,
        0.82260525368,
        0.82532543568,
        0.8393184266800001,
        0.8221286966800001
      ],
      "exit_codes": [
        0,
        0,
        0,
        0,
        0,
        0,
        0,
        0,
        0,
        0,
        0,
        0,
        0,
        0,
        0,
        0,
        0,
        0,
        0,
        0
      ]
    }
  ]
}
