{
  "results": [
    {
      "command": "./bin/kpocza/aot/1brc ./inputs/measurements.txt",
      "mean": 1.0934663432999998,
      "stddev": 0.1847873754714984,
      "median": 1.0318615563,
      "user": 16.847579179999997,
      "system": 2.2689486299999997,
      "min": 1.0125343568,
      "max": 1.6354695958,
      "times": [
        1.0432288988,
        1.6354695958,
        1.0370757568,
        1.0352410428,
        1.0161464288000002,
        1.0155051428000001,
        1.0249212578,
        1.0138858128000001,
        1.0257522838000002,
        1.0340326868,
        1.0187663348,
        1.0158049588,
        1.0125343568,
        1.0328108178000002,
        1.0310660608,
        1.0318731458000001,
        1.0345458348,
        1.6160742298000002,
        1.1627422528,
        1.0318499668
      ],
      "exit_codes": [
        0,
        0,
        0,
        0,
        0,
        0,
        0,
        0,
        0,
        0,
        0,
        0,
        0,
        0,
        0,
        0,
        0,
        0,
        0,
        0
      ]
    }
  ]
}
