{
  "results": [
    {
      "command": "./bin/kpocza/aot/1brc ./inputs/measurements.txt",
      "mean": 0.9609182078200001,
      "stddev": 0.02217430655299195,
      "median": 0.95531483212,
      "user": 19.67213309,
      "system": 1.4490429500000004,
      "min": 0.9490398746200001,
      "max": 1.05363213262,
      "times": [
        0.95236771962,
        0.95533331562,
        0.9642173296200001,
        0.9550768606200001,
        0.9580433366200001,
        0.95383440162,
        0.9490398746200001,
        0.95423133262,
        0.95250092762,
        0.9581213066200001,
        0.95030645162,
        0.96346403162,
        1.05363213262,
        0.95775630462,
        0.95529634862,
        0.95747645962,
        0.95676532962,
        0.96190049462,
        0.95377344362,
        0.9552267546200001
      ],
      "exit_codes": [
        0,
        0,
        0,
        0,
        0,
        0,
        0,
        0,
        0,
        0,
        0,
        0,
        0,
        0,
        0,
        0,
        0,
        0,
        0,
        0
      ]
    }
  ]
}
