{
  "results": [
    {
      "command": "./bin/kpocza/aot/1brc ./inputs/measurements.txt",
      "mean": 1.5140238854699999,
      "stddev": 0.07690107539100242,
      "median": 1.52787013212,
      "user": 18.97788932,
      "system": 1.4021072600000002,
      "min": 1.37463934212,
      "max": 1.60698494712,
      "times": [
        1.37463934212,
        1.57751043912,
        1.43620411312,
        1.58794974012,
        1.5572902211200002,
        1.51663063512,
        1.44690591012,
        1.5909104951200002,
        1.57155424612,
        1.47189721212,
        1.44587228112,
        1.45319998712,
        1.60698494712,
        1.5919014171199999,
        1.53910962912,
        1.58428017312,
        1.50318919912,
        1.60455729112,
        1.43647936712,
        1.38341106312
      ],
      "exit_codes": [
        0,
        0,
        0,
        0,
        0,
        0,
        0,
        0,
        0,
        0,
        0,
        0,
        0,
        0,
        0,
        0,
        0,
        0,
        0,
        0
      ]
    }
  ]
}
