{
  "results": [
    {
      "command": "./bin/kpocza/aot/1brc ./inputs/measurements.txt",
      "mean": 1.52137684267,
      "stddev": 0.007702316281178533,
      "median": 1.5194171558200003,
      "user": 20.860586839999996,
      "system": 3.7308363800000004,
      "min": 1.50802695682,
      "max": 1.5341606728200001,
      "times": [
        1.50903950682,
        1.53055337582,
        1.5183882488200002,
        1.51961060582,
        1.52745516482,
        1.5192237058200002,
        1.5146549898200001,
        1.51430500882,
        1.51825281782,
        1.53088828182,
        1.5233571518200002,
        1.5341606728200001,
        1.51525076982,
        1.52367478882,
        1.5314576528200001,
        1.5262757738200001,
        1.51894907582,
        1.51422702282,
        1.52978528182,
        1.50802695682
      ],
      "exit_codes": [
        0,
        0,
        0,
        0,
        0,
        0,
        0,
        0,
        0,
        0,
        0,
        0,
        0,
        0,
        0,
        0,
        0,
        0,
        0,
        0
      ]
    }
  ]
}
