{
  "results": [
    {
      "command": "./bin/kpocza/aot/1brc ./inputs/measurements.txt",
      "mean": 2.20004602808,
      "stddev": 0.10726554651505718,
      "median": 2.17055502768,
      "user": 19.2100908,
      "system": 1.32101688,
      "min": 2.15701046718,
      "max": 2.64486911018,
      "times": [
        2.2080421821800003,
        2.1968635561800003,
        2.1651537271800003,
        2.16679576918,
        2.16674062618,
        2.1779485211800003,
        2.15716313118,
        2.16166098318,
        2.16054040518,
        2.16821062718,
        2.25714976818,
        2.1862403611800003,
        2.17289942818,
        2.15834988818,
        2.15966484218,
        2.1733735651800004,
        2.64486911018,
        2.18472424618,
        2.15701046718,
        2.1775193561800004
      ],
      "exit_codes": [
        0,
        0,
        0,
        0,
        0,
        0,
        0,
        0,
        0,
        0,
        0,
        0,
        0,
        0,
        0,
        0,
        0,
        0,
        0,
        0
      ]
    }
  ]
}
