{
  "results": [
    {
      "command": "./bin/kpocza/aot/1brc ./inputs/measurements.txt",
      "mean": 0.8109217847799999,
      "stddev": 0.014432141302249585,
      "median": 0.80433099288,
      "user": 21.91765525,
      "system": 1.69163839,
      "min": 0.79730716538,
      "max": 0.85070710538,
      "times": [
        0.8020546003800001,
        0.8209343653800001,
        0.80432896838,
        0.80604440338,
        0.8003548653800001,
        0.8031320803800001,
        0.8087216823800001,
        0.80262361238,
        0.79730716538,
        0.80429426538,
        0.80005454838,
        0.8252080823800001,
        0.8043330173800001,
        0.83747838738,
        0.82038764338,
        0.8061917913800001,
        0.85070710538,
        0.7977062773800001,
        0.8013605313800001,
        0.8252123023800001
      ],
      "exit_codes": [
        0,
        0,
        0,
        0,
        0,
        0,
        0,
        0,
        0,
        0,
        0,
        0,
        0,
        0,
        0,
        0,
        0,
        0,
        0,
        0
      ]
    }
  ]
}
