{
  "results": [
    {
      "command": "./bin/kpocza/aot/1brc ./inputs/measurements.txt",
      "mean": 2.71057113361,
      "stddev": 0.025574507624686535,
      "median": 2.7031923298600002,
      "user": 12.4638745,
      "system": 1.1342231000000003,
      "min": 2.68044733936,
      "max": 2.78577763336,
      "times": [
        2.7309312543599997,
        2.70444401536,
        2.69525041536,
        2.68713900836,
        2.69308474336,
        2.78577763336,
        2.74216558036,
        2.72149735636,
        2.70524761736,
        2.75177843436,
        2.69160211036,
        2.7110247513599997,
        2.7006908363599997,
        2.68044733936,
        2.69946010836,
        2.7169935553599998,
        2.7080535743599996,
        2.70194064436,
        2.6983138413599996,
        2.6855798523599996
      ],
      "exit_codes": [
        0,
        0,
        0,
        0,
        0,
        0,
        0,
        0,
        0,
        0,
        0,
        0,
        0,
        0,
        0,
        0,
        0,
        0,
        0,
        0
      ]
    }
  ]
}
