{
  "results": [
    {
      "command": "./bin/kpocza/aot/1brc ./inputs/measurements.txt",
      "mean": 1.7725894262699995,
      "stddev": 0.17293917220658195,
      "median": 1.6844358791199998,
      "user": 12.913148669999998,
      "system": 1.2161593399999997,
      "min": 1.65128091762,
      "max": 2.1846055836200002,
      "times": [
        1.8319131116199998,
        1.67705052562,
        1.67361307662,
        1.69035825262,
        1.6851122506199998,
        1.6800089566199998,
        1.70970930962,
        2.10473676962,
        1.65128091762,
        1.67321489762,
        1.7592280066200001,
        1.9570478676199998,
        2.12175669962,
        1.65468818062,
        1.70298768562,
        1.6731248156199998,
        1.66978752962,
        1.6837595076199998,
        1.66780458062,
        2.1846055836200002
      ],
      "exit_codes": [
        0,
        0,
        0,
        0,
        0,
        0,
        0,
        0,
        0,
        0,
        0,
        0,
        0,
        0,
        0,
        0,
        0,
        0,
        0,
        0
      ]
    }
  ]
}
