{
  "results": [
    {
      "command": "./bin/lehuyduc/aot/1brc ./inputs/measurements.txt",
      "mean": 0.28544414080999997,
      "stddev": 0.012412590604859691,
      "median": 0.28305885446,
      "user": 0.0019174859999999995,
      "system": 0.00099729,
      "min": 0.26796014096000004,
      "max": 0.30580031696000004,
      "times": [
        0.30352956396,
        0.27300510496,
        0.28208663596,
        0.30580031696000004,
        0.30573954296,
        0.27675799596,
        0.27778527296,
        0.27185058996,
        0.29206349496,
        0.29092330196,
        0.29577478396,
        0.27516136596,
        0.28282028596000003,
        0.26796014096000004,
        0.29648206396,
        0.27214688596000003,
        0.28329742296,
        0.28802270896000004,
        0.29753402296000003,
        0.27014131396
      ],
      "exit_codes": [
        0,
        0,
        0,
        0,
        0,
        0,
        0,
        0,
        0,
        0,
        0,
        0,
        0,
        0,
        0,
        0,
        0,
        0,
        0,
        0
      ]
    }
  ]
}
