{
  "results": [
    {
      "command": "./bin/lehuyduc/aot/1brc ./inputs/measurements.txt",
      "mean": 0.37431896163000006,
      "stddev": 0.007566591083091899,
      "median": 0.37335225718000004,
      "user": 0.0018119100000000003,
      "system": 0.0007994030000000001,
      "min": 0.36555288668,
      "max": 0.39320505668000005,
      "times": [
        0.37417785068000003,
        0.39320505668000005,
        0.36909192568000004,
        0.36863559968000004,
        0.36555288668,
        0.38081652268000005,
        0.37290151368,
        0.38417029968000005,
        0.36647440268000003,
        0.37932228968000004,
        0.38285748568000005,
        0.36606496968,
        0.36856371868000004,
        0.37918763168,
        0.37380300068000005,
        0.37886690268000006,
        0.37891322568,
        0.36897439168,
        0.36853148768000005,
        0.36626807068000006
      ],
      "exit_codes": [
        0,
        0,
        0,
        0,
        0,
        0,
        0,
        0,
        0,
        0,
        0,
        0,
        0,
        0,
        0,
        0,
        0,
        0,
        0,
        0
      ]
    }
  ]
}
