{
  "results": [
    {
      "command": "./bin/lehuyduc/aot/1brc ./inputs/measurements.txt",
      "mean": 1.1312267510399998,
      "stddev": 0.025253953085137098,
      "median": 1.12659133904,
      "user": 0.0014338499999999998,
      "system": 0.00064205,
      "min": 1.06325114104,
      "max": 1.17452332304,
      "times": [
        1.11749637604,
        1.13093553304,
        1.11638789404,
        1.12542649704,
        1.1231368100399999,
        1.11428267804,
        1.14818404204,
        1.14000758704,
        1.14978527104,
        1.06325114104,
        1.12775618104,
        1.17366527504,
        1.11408864704,
        1.12455919604,
        1.14411551404,
        1.17452332304,
        1.12038645404,
        1.16264886704,
        1.10879239504,
        1.14510533904
      ],
      "exit_codes": [
        0,
        0,
        0,
        0,
        0,
        0,
        0,
        0,
        0,
        0,
        0,
        0,
        0,
        0,
        0,
        0,
        0,
        0,
        0,
        0
      ]
    }
  ]
}
