{
  "results": [
    {
      "command": "./bin/lehuyduc/aot/1brc ./inputs/measurements.txt",
      "mean": 0.5535959005799999,
      "stddev": 0.02977941595932051,
      "median": 0.56742813868,
      "user": 0.0019395439999999996,
      "system": 0.000769032,
      "min": 0.47985449618000003,
      "max": 0.57639325618,
      "times": [
        0.54582408318,
        0.56774084118,
        0.57170968418,
        0.47985449618000003,
        0.52640991518,
        0.56286934918,
        0.57120878618,
        0.57532304718,
        0.57031395618,
        0.56832027418,
        0.48253812618,
        0.56711543618,
        0.5110669061800001,
        0.57122613718,
        0.57264469718,
        0.57304661818,
        0.55784629818,
        0.57639325618,
        0.55959477618,
        0.56087132718
      ],
      "exit_codes": [
        0,
        0,
        0,
        0,
        0,
        0,
        0,
        0,
        0,
        0,
        0,
        0,
        0,
        0,
        0,
        0,
        0,
        0,
        0,
        0
      ]
    }
  ]
}
