{
  "results": [
    {
      "command": "./bin/lehuyduc/aot/1brc ./inputs/measurements.txt",
      "mean": 0.32905739798,
      "stddev": 0.0036709297869454214,
      "median": 0.32894968488000004,
      "user": 0.001901,
      "system": 0.000863792,
      "min": 0.32305323438000005,
      "max": 0.33626849738000003,
      "times": [
        0.32306891538000004,
        0.32638037038000006,
        0.32899100738000003,
        0.32858819438000003,
        0.32873083338000003,
        0.32498304238000003,
        0.33060070838000005,
        0.33626849738000003,
        0.32691809138000005,
        0.33135460038000003,
        0.33301008338000004,
        0.33011671138000004,
        0.33183708738000006,
        0.32536904538000005,
        0.33058575738,
        0.32532385138000003,
        0.32890836238000004,
        0.33437088038,
        0.32305323438000005,
        0.33268868538
      ],
      "exit_codes": [
        0,
        0,
        0,
        0,
        0,
        0,
        0,
        0,
        0,
        0,
        0,
        0,
        0,
        0,
        0,
        0,
        0,
        0,
        0,
        0
      ]
    }
  ]
}
