{
  "results": [
    {
      "command": "./bin/lehuyduc/aot/1brc ./inputs/measurements.txt",
      "mean": 1.6814812947700002,
      "stddev": 0.03904189913068576,
      "median": 1.6729099790200002,
      "user": 0.0018593860000000004,
      "system": 0.00039276499999999994,
      "min": 1.63757572152,
      "max": 1.8229916855200001,
      "times": [
        1.65431073552,
        1.67396468252,
        1.70235413552,
        1.6694633115200002,
        1.67430484052,
        1.67269491752,
        1.6749341715200001,
        1.6731250405200002,
        1.64646462652,
        1.6903744205200002,
        1.66115145352,
        1.67201172852,
        1.63757572152,
        1.68553001152,
        1.66815380452,
        1.66756235552,
        1.6732806265200002,
        1.67266079152,
        1.73671683452,
        1.8229916855200001
      ],
      "exit_codes": [
        0,
        0,
        0,
        0,
        0,
        0,
        0,
        0,
        0,
        0,
        0,
        0,
        0,
        0,
        0,
        0,
        0,
        0,
        0,
        0
      ]
    }
  ]
}
