{
  "results": [
    {
      "command": "./bin/lehuyduc/aot/1brc ./inputs/measurements.txt",
      "mean": 0.36674866318,
      "stddev": 0.005211381367717549,
      "median": 0.36658184798000004,
      "user": 0.0017236499999999997,
      "system": 0.0010368959999999998,
      "min": 0.35518474798,
      "max": 0.37778792798,
      "times": [
        0.36012397798,
        0.36619911198000005,
        0.37282215598,
        0.36714074498000004,
        0.35518474798,
        0.36931465798,
        0.37134363298,
        0.36850083198,
        0.37778792798,
        0.37146808998,
        0.36157367898000004,
        0.36929699698,
        0.36118447698,
        0.36672014098,
        0.36251594298,
        0.37233894998,
        0.36358610398,
        0.36621958198000004,
        0.36644355498000003,
        0.36520795598
      ],
      "exit_codes": [
        0,
        0,
        0,
        0,
        0,
        0,
        0,
        0,
        0,
        0,
        0,
        0,
        0,
        0,
        0,
        0,
        0,
        0,
        0,
        0
      ]
    }
  ]
}
