{
  "results": [
    {
      "command": "./bin/lehuyduc/aot/1brc ./inputs/measurements.txt",
      "mean": 0.3107463126400001,
      "stddev": 0.009506755367741622,
      "median": 0.30694811254,
      "user": 0.0017331699999999998,
      "system": 0.001080643,
      "min": 0.29523435004000004,
      "max": 0.32941507604000003,
      "times": [
        0.32118256704000003,
        0.29999612504,
        0.31310567604,
        0.30523792704,
        0.30319578304000006,
        0.30582849004,
        0.32129188304,
        0.32941507604000003,
        0.31319045104000004,
        0.29523435004000004,
        0.30204729904000005,
        0.31716005304000006,
        0.30641231304000005,
        0.31696417104,
        0.32877148904000003,
        0.30567405204000003,
        0.30102532304,
        0.30735344504,
        0.30654278004,
        0.31529699904
      ],
      "exit_codes": [
        0,
        0,
        0,
        0,
        0,
        0,
        0,
        0,
        0,
        0,
        0,
        0,
        0,
        0,
        0,
        0,
        0,
        0,
        0,
        0
      ]
    }
  ]
}
