{
  "results": [
    {
      "command": "./bin/lehuyduc/aot/1brc ./inputs/measurements.txt",
      "mean": 1.2094571954500002,
      "stddev": 0.03609488998241227,
      "median": 1.2118057799000002,
      "user": 0.0017438999999999996,
      "system": 0.000493795,
      "min": 1.1515516054000001,
      "max": 1.3043787074000002,
      "times": [
        1.2273165444,
        1.2051949214,
        1.1720975544,
        1.2136868244,
        1.2116565704,
        1.1793183564,
        1.2536920814,
        1.2505180454,
        1.2202695044,
        1.2334220094000001,
        1.1515516054000001,
        1.2266392804000001,
        1.1706246914,
        1.2119549894000001,
        1.2254791154,
        1.1696934784000002,
        1.1979893594,
        1.1752101474,
        1.1884501224000001,
        1.3043787074000002
      ],
      "exit_codes": [
        0,
        0,
        0,
        0,
        0,
        0,
        0,
        0,
        0,
        0,
        0,
        0,
        0,
        0,
        0,
        0,
        0,
        0,
        0,
        0
      ]
    }
  ]
}
