{
  "results": [
    {
      "command": "./bin/lehuyduc/aot/1brc ./inputs/measurements.txt",
      "mean": 0.7262297280600001,
      "stddev": 0.04111845338332535,
      "median": 0.74231908636,
      "user": 0.00182964,
      "system": 0.0006139899999999998,
      "min": 0.6320195738600001,
      "max": 0.7868346928600001,
      "times": [
        0.7023217438600001,
        0.74082173786,
        0.6320195738600001,
        0.68834848286,
        0.69305330486,
        0.74381643486,
        0.65254248686,
        0.7551030148600001,
        0.7015721598600001,
        0.7460882218600001,
        0.7451182168600001,
        0.7623317268600001,
        0.7316255948600001,
        0.7481516268600001,
        0.6780677698600001,
        0.7729403778600001,
        0.7868346928600001,
        0.7551330558600001,
        0.7282824078600001,
        0.7604219298600001
      ],
      "exit_codes": [
        0,
        0,
        0,
        0,
        0,
        0,
        0,
        0,
        0,
        0,
        0,
        0,
        0,
        0,
        0,
        0,
        0,
        0,
        0,
        0
      ]
    }
  ]
}
