{
  "results": [
    {
      "command": "./calculate_average_mtopolnik.sh",
      "mean": 1.31106456009,
      "stddev": 0.10872614837916361,
      "median": 1.31613678244,
      "user": 0.0032752,
      "system": 0.006234298,
      "min": 1.10341893144,
      "max": 1.46841055444,
      "times": [
        1.21578593144,
        1.10341893144,
        1.36537061444,
        1.23370018644,
        1.18897023744,
        1.31436472444,
        1.39854052644,
        1.46737658744,
        1.34505442144,
        1.31790884044,
        1.20858568844,
        1.2694717654399998,
        1.21930278544,
        1.46841055444,
        1.21892139344,
        1.22612835444,
        1.38062793044,
        1.34738935144,
        1.46567642144,
        1.4662859554399998
      ],
      "exit_codes": [
        0,
        0,
        0,
        0,
        0,
        0,
        0,
        0,
        0,
        0,
        0,
        0,
        0,
        0,
        0,
        0,
        0,
        0,
        0,
        0
      ]
    }
  ]
}
