{
  "results": [
    {
      "command": "./bin/mtopolnik-rs/aot/1brc ./inputs/measurements.txt",
      "mean": 2.33292509193,
      "stddev": 0.0039055480660192482,
      "median": 2.3319421132800002,
      "user": 21.269285939999996,
      "system": 1.38078251,
      "min": 2.32754372178,
      "max": 2.34500649378,
      "times": [
        2.33302381678,
        2.33326001978,
        2.33836412278,
        2.32994666578,
        2.33072186478,
        2.33312475478,
        2.33088401878,
        2.33212622878,
        2.33175799778,
        2.32924808878,
        2.33280105678,
        2.33616116178,
        2.33173734878,
        2.3323657087800003,
        2.33127751278,
        2.33018885178,
        2.33098255678,
        2.33797984678,
        2.34500649378,
        2.32754372178
      ],
      "exit_codes": [
        0,
        0,
        0,
        0,
        0,
        0,
        0,
        0,
        0,
        0,
        0,
        0,
        0,
        0,
        0,
        0,
        0,
        0,
        0,
        0
      ]
    }
  ]
}
