{
  "results": [
    {
      "command": "./bin/mtopolnik-rs/aot/1brc ./inputs/measurements.txt",
      "mean": 2.01702677153,
      "stddev": 0.29018738416585654,
      "median": 2.21114612008,
      "user": 13.795397310000002,
      "system": 1.19368512,
      "min": 1.70184954958,
      "max": 2.31052706258,
      "times": [
        2.21799872658,
        1.70785994458,
        1.7030287365799999,
        2.28449038158,
        1.70184954958,
        2.28492286458,
        1.70520451458,
        1.7055340935799999,
        2.28676766058,
        2.31052706258,
        2.28334810958,
        2.25293531658,
        2.28422866958,
        1.71042402058,
        2.28887325458,
        2.29345947758,
        2.20429351358,
        1.70376297458,
        1.70328120458,
        1.70774535458
      ],
      "exit_codes": [
        0,
        0,
        0,
        0,
        0,
        0,
        0,
        0,
        0,
        0,
        0,
        0,
        0,
        0,
        0,
        0,
        0,
        0,
        0,
        0
      ]
    }
  ]
}
