{
  "results": [
    {
      "command": "./calculate_average_mtopolnik.sh",
      "mean": 0.42295482295000014,
      "stddev": 0.024990722598235295,
      "median": 0.42920220560000005,
      "user": 0.0039374300000000004,
      "system": 0.0058102399999999995,
      "min": 0.3815519486,
      "max": 0.45664665760000006,
      "times": [
        0.3815519486,
        0.40393654260000006,
        0.41290593160000005,
        0.39896836660000007,
        0.45367621860000007,
        0.39969850760000003,
        0.38789825060000005,
        0.39970259760000004,
        0.39558148760000006,
        0.44767307460000005,
        0.43337052960000005,
        0.45065967860000006,
        0.44016449060000007,
        0.45664665760000006,
        0.40119706160000007,
        0.43334542160000006,
        0.44214841060000004,
        0.44314281660000004,
        0.45176947660000005,
        0.42505898960000005
      ],
      "exit_codes": [
        0,
        0,
        0,
        0,
        0,
        0,
        0,
        0,
        0,
        0,
        0,
        0,
        0,
        0,
        0,
        0,
        0,
        0,
        0,
        0
      ]
    }
  ]
}
