{
  "results": [
    {
      "command": "./calculate_average_mtopolnik.sh",
      "mean": 0.42501366286,
      "stddev": 0.009285436090610381,
      "median": 0.42610655426,
      "user": 0.004928269999999999,
      "system": 0.004730009999999999,
      "min": 0.40870538626,
      "max": 0.44221311126,
      "times": [
        0.43101093726,
        0.42572781326000003,
        0.42771269426,
        0.42982715226,
        0.42648529526,
        0.41366852226,
        0.42377657526,
        0.43160542026000004,
        0.41591367726,
        0.41313067226,
        0.41608988726,
        0.44221311126,
        0.44103970526,
        0.41339533726,
        0.43475787626,
        0.42700211526000004,
        0.43061553526,
        0.42223492026000004,
        0.40870538626,
        0.42536062326
      ],
      "exit_codes": [
        0,
        0,
        0,
        0,
        0,
        0,
        0,
        0,
        0,
        0,
        0,
        0,
        0,
        0,
        0,
        0,
        0,
        0,
        0,
        0
      ]
    }
  ]
}
