{
  "results": [
    {
      "command": "./bin/mtopolnik-rs/aot/1brc ./inputs/measurements.txt",
      "mean": 1.1238218904800001,
      "stddev": 0.0140398243105481,
      "median": 1.11875182388,
      "user": 13.799707689999996,
      "system": 1.3030318199999997,
      "min": 1.11104195988,
      "max": 1.1547359838800002,
      "times": [
        1.11115531088,
        1.11863560688,
        1.11886804088,
        1.1508736828800001,
        1.1149075268800002,
        1.11150283588,
        1.11104195988,
        1.11487972588,
        1.1230568358800002,
        1.14263225888,
        1.1475030128800001,
        1.11601961988,
        1.11689790988,
        1.1148428428800001,
        1.1215543008800002,
        1.1547359838800002,
        1.1116046778800002,
        1.1208509558800002,
        1.1336550248800001,
        1.12121969588
      ],
      "exit_codes": [
        0,
        0,
        0,
        0,
        0,
        0,
        0,
        0,
        0,
        0,
        0,
        0,
        0,
        0,
        0,
        0,
        0,
        0,
        0,
        0
      ]
    }
  ]
}
