{
  "results": [
    {
      "command": "./bin/mtopolnik-rs/aot/1brc ./inputs/measurements.txt",
      "mean": 0.8237707584,
      "stddev": 0.010168743714253897,
      "median": 0.8225055025000001,
      "user": 16.110131329999998,
      "system": 2.374657,
      "min": 0.8100710360000001,
      "max": 0.8498009200000001,
      "times": [
        0.8498009200000001,
        0.822088299,
        0.822950017,
        0.8178594720000001,
        0.8278455520000001,
        0.817787488,
        0.832500572,
        0.8119999250000001,
        0.8100710360000001,
        0.8321766730000001,
        0.829803441,
        0.837383485,
        0.834645532,
        0.826844075,
        0.8229227060000001,
        0.81299761,
        0.8129967400000001,
        0.8147012220000001,
        0.8216165710000001,
        0.816423832
      ],
      "exit_codes": [
        0,
        0,
        0,
        0,
        0,
        0,
        0,
        0,
        0,
        0,
        0,
        0,
        0,
        0,
        0,
        0,
        0,
        0,
        0,
        0
      ]
    }
  ]
}
