{
  "results": [
    {
      "command": "./bin/mtopolnik-rs/aot/1brc ./inputs/measurements.txt",
      "mean": 0.9365387143100001,
      "stddev": 0.03620201161938259,
      "median": 0.93399979686,
      "user": 14.839217599999998,
      "system": 1.4931913999999995,
      "min": 0.87430488186,
      "max": 0.99279451486,
      "times": [
        0.9332903798600001,
        0.92778705786,
        0.8888964888600001,
        0.97624959286,
        0.96720074586,
        0.93173753486,
        0.8794455638600001,
        0.99279451486,
        0.89112495786,
        0.87430488186,
        0.97202464386,
        0.90714961786,
        0.97686483886,
        0.91670998086,
        0.94060363886,
        0.98906813386,
        0.93235478086,
        0.96306891586,
        0.93538880286,
        0.93470921386
      ],
      "exit_codes": [
        0,
        0,
        0,
        0,
        0,
        0,
        0,
        0,
        0,
        0,
        0,
        0,
        0,
        0,
        0,
        0,
        0,
        0,
        0,
        0
      ]
    }
  ]
}
