{
  "results": [
    {
      "command": "./bin/mtopolnik-rs/aot/1brc ./inputs/measurements.txt",
      "mean": 0.9157554828300001,
      "stddev": 0.007419069345950246,
      "median": 0.91531157978,
      "user": 30.323273999999998,
      "system": 6.80692286,
      "min": 0.9046222652800001,
      "max": 0.9358651132800001,
      "times": [
        0.9046222652800001,
        0.9169454292800001,
        0.90677438428,
        0.91818478928,
        0.9080744872800001,
        0.91708654828,
        0.9074034992800001,
        0.91307285528,
        0.9205953332800001,
        0.91167566728,
        0.9165936412800001,
        0.9105160322800001,
        0.91402951828,
        0.9358651132800001,
        0.9129533522800001,
        0.91744629328,
        0.91226845428,
        0.9258463022800001,
        0.9237563752800001,
        0.9213993152800001
      ],
      "exit_codes": [
        0,
        0,
        0,
        0,
        0,
        0,
        0,
        0,
        0,
        0,
        0,
        0,
        0,
        0,
        0,
        0,
        0,
        0,
        0,
        0
      ]
    }
  ]
}
