{
  "results": [
    {
      "command": "./bin/mtopolnik-rs/aot/1brc ./inputs/measurements.txt",
      "mean": 0.8824868826900001,
      "stddev": 0.01300566058947983,
      "median": 0.88382329944,
      "user": 25.57619458,
      "system": 2.7058949299999995,
      "min": 0.8600593869400001,
      "max": 0.9079084909400001,
      "times": [
        0.8828558329400001,
        0.8713034599400001,
        0.8981285809400001,
        0.8992346429400001,
        0.8850672749400001,
        0.8670456999400001,
        0.8868473949400001,
        0.8797227839400001,
        0.8859265229400001,
        0.9035585569400001,
        0.88289441294,
        0.8677801809400001,
        0.8682080949400001,
        0.8697941749400001,
        0.8600593869400001,
        0.9079084909400001,
        0.8857605739400001,
        0.8880454129400001,
        0.87484398894,
        0.88475218594
      ],
      "exit_codes": [
        0,
        0,
        0,
        0,
        0,
        0,
        0,
        0,
        0,
        0,
        0,
        0,
        0,
        0,
        0,
        0,
        0,
        0,
        0,
        0
      ]
    }
  ]
}
