{
  "results": [
    {
      "command": "./bin/mtopolnik-rs/aot/1brc ./inputs/measurements.txt",
      "mean": 1.5345080962599997,
      "stddev": 0.09720712752815089,
      "median": 1.46702471056,
      "user": 21.587029799999996,
      "system": 1.4500458699999998,
      "min": 1.46099596856,
      "max": 1.7203057175599998,
      "times": [
        1.4653980335599999,
        1.46399804556,
        1.4619401965599998,
        1.46218869056,
        1.46166386956,
        1.61685126256,
        1.55881823856,
        1.69057021256,
        1.5378566865599999,
        1.46776625756,
        1.47135431856,
        1.46228800456,
        1.46209656956,
        1.65106177756,
        1.46185442556,
        1.46099596856,
        1.7203057175599998,
        1.46628316356,
        1.64793358256,
        1.69893690356
      ],
      "exit_codes": [
        0,
        0,
        0,
        0,
        0,
        0,
        0,
        0,
        0,
        0,
        0,
        0,
        0,
        0,
        0,
        0,
        0,
        0,
        0,
        0
      ]
    }
  ]
}
