{
  "results": [
    {
      "command": "./calculate_average_mtopolnik.sh",
      "mean": 0.5340614475700001,
      "stddev": 0.01020893419204113,
      "median": 0.5359662619200001,
      "user": 0.00370507,
      "system": 0.005908210000000001,
      "min": 0.50826366142,
      "max": 0.54916511542,
      "times": [
        0.5414920614200001,
        0.5361426514200001,
        0.5269908734200001,
        0.5458957734200001,
        0.50826366142,
        0.51998761342,
        0.53965770842,
        0.53673576442,
        0.5308885094200001,
        0.54305661642,
        0.5394768574200001,
        0.5268033214200001,
        0.5357898724200001,
        0.52820568042,
        0.5203185614200001,
        0.53455137342,
        0.53665582942,
        0.54797403942,
        0.54916511542,
        0.53317706742
      ],
      "exit_codes": [
        0,
        0,
        0,
        0,
        0,
        0,
        0,
        0,
        0,
        0,
        0,
        0,
        0,
        0,
        0,
        0,
        0,
        0,
        0,
        0
      ]
    }
  ]
}
