{
  "results": [
    {
      "command": "./calculate_average_mtopolnik.sh",
      "mean": 0.8736727383499998,
      "stddev": 0.02626218149844622,
      "median": 0.8704291294,
      "user": 0.003650863,
      "system": 0.005523662,
      "min": 0.8412148889000001,
      "max": 0.9463808499,
      "times": [
        0.8773182279,
        0.8642232899,
        0.8471353389,
        0.9298097479,
        0.8784620319,
        0.8653633829,
        0.8675130539,
        0.8501639279000001,
        0.9463808499,
        0.8965042269,
        0.8682314069,
        0.8751307909,
        0.8756564199,
        0.8610235379,
        0.8412148889000001,
        0.8552624689,
        0.8733490519,
        0.8726268519,
        0.8430541909,
        0.8850310809
      ],
      "exit_codes": [
        0,
        0,
        0,
        0,
        0,
        0,
        0,
        0,
        0,
        0,
        0,
        0,
        0,
        0,
        0,
        0,
        0,
        0,
        0,
        0
      ]
    }
  ]
}
