{
  "results": [
    {
      "command": "./calculate_average_mtopolnik.sh",
      "mean": 2.12426739643,
      "stddev": 0.04150883794495967,
      "median": 2.12251260458,
      "user": 0.00335219,
      "system": 0.005184902999999999,
      "min": 2.04947930808,
      "max": 2.2240611740799996,
      "times": [
        2.04947930808,
        2.0609015140799998,
        2.12893130908,
        2.13415727008,
        2.08775471808,
        2.14191161108,
        2.06610316408,
        2.11772688208,
        2.1191715630799997,
        2.2240611740799996,
        2.1308613630799997,
        2.12046943408,
        2.1198678420799997,
        2.20808138508,
        2.13603712908,
        2.15002247908,
        2.12034378108,
        2.12616826408,
        2.1187419620799997,
        2.1245557750799997
      ],
      "exit_codes": [
        0,
        0,
        0,
        0,
        0,
        0,
        0,
        0,
        0,
        0,
        0,
        0,
        0,
        0,
        0,
        0,
        0,
        0,
        0,
        0
      ]
    }
  ]
}
