{
  "results": [
    {
      "command": "./calculate_average_mtopolnik.sh",
      "mean": 1.5127780470699999,
      "stddev": 0.020666466865791443,
      "median": 1.50305019472,
      "user": 0.00380746,
      "system": 0.005154385,
      "min": 1.48908567072,
      "max": 1.56434636172,
      "times": [
        1.5400221247199999,
        1.5009584967199998,
        1.53704790572,
        1.49838723672,
        1.51159055172,
        1.4949728677199998,
        1.54992678072,
        1.5020025477199999,
        1.48908567072,
        1.5134523547199998,
        1.50367977172,
        1.5005997497199999,
        1.51232033672,
        1.50242061772,
        1.4979133867199999,
        1.4970359787199998,
        1.4969625337199999,
        1.5115569547199998,
        1.56434636172,
        1.53127871272
      ],
      "exit_codes": [
        0,
        0,
        0,
        0,
        0,
        0,
        0,
        0,
        0,
        0,
        0,
        0,
        0,
        0,
        0,
        0,
        0,
        0,
        0,
        0
      ]
    }
  ]
}
