{
  "results": [
    {
      "command": "./calculate_average_mtopolnik.sh",
      "mean": 0.71389401064,
      "stddev": 0.026420291733222388,
      "median": 0.7296441446399999,
      "user": 0.00422508,
      "system": 0.005385073000000001,
      "min": 0.6612621736400001,
      "max": 0.74199131464,
      "times": [
        0.70912302064,
        0.69327298064,
        0.66467863264,
        0.6612621736400001,
        0.73226599464,
        0.7032924056400001,
        0.73431380964,
        0.73228150564,
        0.6931494326400001,
        0.71817873264,
        0.7336963346400001,
        0.72955489464,
        0.73778240164,
        0.73497264564,
        0.74199131464,
        0.73677639564,
        0.72973339464,
        0.73283729664,
        0.67734670664,
        0.68137013964
      ],
      "exit_codes": [
        0,
        0,
        0,
        0,
        0,
        0,
        0,
        0,
        0,
        0,
        0,
        0,
        0,
        0,
        0,
        0,
        0,
        0,
        0,
        0
      ]
    }
  ]
}
