{
  "results": [
    {
      "command": "./bin/mtopolnik-rs/aot/1brc ./inputs/measurements.txt",
      "mean": 1.02519919298,
      "stddev": 0.02453622332783288,
      "median": 1.0150500946799998,
      "user": 21.985172369999994,
      "system": 1.8787371499999999,
      "min": 1.0111189621799999,
      "max": 1.1037966471799998,
      "times": [
        1.03233618218,
        1.0772117961799998,
        1.01274422918,
        1.0111189621799999,
        1.01146572018,
        1.0136311671799998,
        1.01337698318,
        1.01513631818,
        1.01146981018,
        1.01234409718,
        1.02257157518,
        1.01830771518,
        1.01664913518,
        1.01235047818,
        1.01122730618,
        1.0280750721799998,
        1.1037966471799998,
        1.0164227121799998,
        1.04878408118,
        1.01496387118
      ],
      "exit_codes": [
        0,
        0,
        0,
        0,
        0,
        0,
        0,
        0,
        0,
        0,
        0,
        0,
        0,
        0,
        0,
        0,
        0,
        0,
        0,
        0
      ]
    }
  ]
}
