{
  "results": [
    {
      "command": "./calculate_average_mtopolnik.sh",
      "mean": 0.44507262124,
      "stddev": 0.010831646650264013,
      "median": 0.44645246094,
      "user": 0.004218349999999999,
      "system": 0.005707824999999998,
      "min": 0.42276143244,
      "max": 0.46920673844,
      "times": [
        0.46920673844,
        0.43761161944,
        0.46116556044,
        0.44695539944,
        0.44438162544,
        0.45082839544000003,
        0.42674272444,
        0.45181155044,
        0.45092934744,
        0.44550377744,
        0.44925310744,
        0.43783394144,
        0.44686980444,
        0.44532059844,
        0.45160224744,
        0.43656925044,
        0.43162537544,
        0.42276143244,
        0.44603511744,
        0.44844481144
      ],
      "exit_codes": [
        0,
        0,
        0,
        0,
        0,
        0,
        0,
        0,
        0,
        0,
        0,
        0,
        0,
        0,
        0,
        0,
        0,
        0,
        0,
        0
      ]
    }
  ]
}
