{
  "results": [
    {
      "command": "./calculate_average_mtopolnik.sh",
      "mean": 0.7304150066499998,
      "stddev": 0.018081869739459463,
      "median": 0.7249806273,
      "user": 0.0046685699999999995,
      "system": 0.005822936,
      "min": 0.7048086873,
      "max": 0.7673733923,
      "times": [
        0.7161029363,
        0.7111635113,
        0.7335384663,
        0.7623077573,
        0.7533214473000001,
        0.7216159333,
        0.7167511013,
        0.7248720233,
        0.7160750743000001,
        0.7199850913,
        0.7048086873,
        0.7304313443,
        0.7526191983,
        0.7131243783,
        0.7513338203,
        0.7250892313,
        0.7673733923,
        0.7220257603,
        0.7253406153,
        0.7404203633
      ],
      "exit_codes": [
        0,
        0,
        0,
        0,
        0,
        0,
        0,
        0,
        0,
        0,
        0,
        0,
        0,
        0,
        0,
        0,
        0,
        0,
        0,
        0
      ]
    }
  ]
}
