{
  "results": [
    {
      "command": "./bin/mtopolnik-rs/aot/1brc ./inputs/measurements.txt",
      "mean": 2.8244693908899996,
      "stddev": 0.01933246215017402,
      "median": 2.82056980404,
      "user": 13.380019540000001,
      "system": 1.1398662099999997,
      "min": 2.81208995604,
      "max": 2.89333104004,
      "times": [
        2.82025827404,
        2.82423469704,
        2.81373788804,
        2.82278878304,
        2.8133913480399997,
        2.8374482310399998,
        2.82235021804,
        2.81280755404,
        2.82419775104,
        2.82236681904,
        2.81208995604,
        2.89333104004,
        2.85573861704,
        2.81217167904,
        2.81351335404,
        2.82088133404,
        2.82761535904,
        2.81293174204,
        2.81380890104,
        2.81372427204
      ],
      "exit_codes": [
        0,
        0,
        0,
        0,
        0,
        0,
        0,
        0,
        0,
        0,
        0,
        0,
        0,
        0,
        0,
        0,
        0,
        0,
        0,
        0
      ]
    }
  ]
}
