{
  "results": [
    {
      "command": "./bin/nietras/aot/1brc ./inputs/measurements.txt",
      "mean": 0.9337976732300002,
      "stddev": 0.00808391077448559,
      "median": 0.9327295882800001,
      "user": 13.83848977,
      "system": 1.2902452200000003,
      "min": 0.92402768678,
      "max": 0.95012322378,
      "times": [
        0.9315827307800001,
        0.9484432017800001,
        0.9407468117800001,
        0.93003982978,
        0.9366376307800001,
        0.9418744427800001,
        0.92787024178,
        0.92583115778,
        0.92577198378,
        0.95012322378,
        0.92632715478,
        0.9290029037800001,
        0.92474593678,
        0.9357988837800001,
        0.92402768678,
        0.9338764457800001,
        0.9393473117800001,
        0.94045294378,
        0.9242054457800001,
        0.9392474967800001
      ],
      "exit_codes": [
        0,
        0,
        0,
        0,
        0,
        0,
        0,
        0,
        0,
        0,
        0,
        0,
        0,
        0,
        0,
        0,
        0,
        0,
        0,
        0
      ]
    }
  ]
}
