{
  "results": [
    {
      "command": "./bin/nietras/aot/1brc ./inputs/measurements.txt",
      "mean": 2.4396104832599996,
      "stddev": 0.23820415453045707,
      "median": 2.57403077156,
      "user": 13.755014880000001,
      "system": 1.20972332,
      "min": 2.05082161156,
      "max": 2.67407435256,
      "times": [
        2.1202186525599998,
        2.62596333256,
        2.66453133656,
        2.54830599256,
        2.11143206356,
        2.65023912956,
        2.40054316156,
        2.05082161156,
        2.11323945956,
        2.58923517356,
        2.62159822856,
        2.5588263695599998,
        2.12634472256,
        2.14762617856,
        2.64118396056,
        2.29094037256,
        2.61409292056,
        2.63261269256,
        2.61037995356,
        2.67407435256
      ],
      "exit_codes": [
        0,
        0,
        0,
        0,
        0,
        0,
        0,
        0,
        0,
        0,
        0,
        0,
        0,
        0,
        0,
        0,
        0,
        0,
        0,
        0
      ]
    }
  ]
}
