{
  "results": [
    {
      "command": "./bin/nietras/aot/1brc ./inputs/measurements.txt",
      "mean": 1.5206995098000005,
      "stddev": 0.08395639049347843,
      "median": 1.5041545513,
      "user": 16.364081289999994,
      "system": 1.4015125300000002,
      "min": 1.3990284003,
      "max": 1.6985723553,
      "times": [
        1.6478040813,
        1.5384218113,
        1.5249312443,
        1.4745888273,
        1.4955690573,
        1.6451303303,
        1.6330258163,
        1.3990284003,
        1.5127400453000002,
        1.6018681773,
        1.4455063843,
        1.4930466273,
        1.5175203553,
        1.4029512113,
        1.4602841963,
        1.4464212733,
        1.6985723553,
        1.4768199073,
        1.5246989453,
        1.4750611493
      ],
      "exit_codes": [
        0,
        0,
        0,
        0,
        0,
        0,
        0,
        0,
        0,
        0,
        0,
        0,
        0,
        0,
        0,
        0,
        0,
        0,
        0,
        0
      ]
    }
  ]
}
