{
  "results": [
    {
      "command": "./bin/nietras/aot/1brc ./inputs/measurements.txt",
      "mean": 2.19532160369,
      "stddev": 0.01741522350458142,
      "median": 2.19261371014,
      "user": 16.0680009,
      "system": 1.2823313500000002,
      "min": 2.1671184866399997,
      "max": 2.24706967764,
      "times": [
        2.17509619164,
        2.19327226364,
        2.19046472864,
        2.18589389364,
        2.1972570556399997,
        2.1972215336399996,
        2.18884434764,
        2.1923815846399997,
        2.1862474276399997,
        2.19016553064,
        2.19575623164,
        2.20730062564,
        2.1671184866399997,
        2.21605936364,
        2.19086724064,
        2.20619476564,
        2.21403912664,
        2.1723361626399997,
        2.19284583564,
        2.24706967764
      ],
      "exit_codes": [
        0,
        0,
        0,
        0,
        0,
        0,
        0,
        0,
        0,
        0,
        0,
        0,
        0,
        0,
        0,
        0,
        0,
        0,
        0,
        0
      ]
    }
  ]
}
