{
  "results": [
    {
      "command": "./bin/nietras/aot/1brc ./inputs/measurements.txt",
      "mean": 0.8044898137100001,
      "stddev": 0.010901281358135123,
      "median": 0.80213008166,
      "user": 17.844195560000003,
      "system": 1.7160964499999998,
      "min": 0.79085889816,
      "max": 0.83231788916,
      "times": [
        0.79660525116,
        0.79913500316,
        0.81469150816,
        0.79123026816,
        0.79768298116,
        0.79195254916,
        0.7951959911600001,
        0.80390799116,
        0.79085889816,
        0.83231788916,
        0.79705045616,
        0.81550806416,
        0.8180415761600001,
        0.80035217216,
        0.8068414351600001,
        0.79559087416,
        0.81218043716,
        0.81357046516,
        0.80875062416,
        0.8083318391600001
      ],
      "exit_codes": [
        0,
        0,
        0,
        0,
        0,
        0,
        0,
        0,
        0,
        0,
        0,
        0,
        0,
        0,
        0,
        0,
        0,
        0,
        0,
        0
      ]
    }
  ]
}
