{
  "results": [
    {
      "command": "./bin/nietras/aot/1brc ./inputs/measurements.txt",
      "mean": 0.88898804529,
      "stddev": 0.00834177468452192,
      "median": 0.8898898101400001,
      "user": 16.425232949999998,
      "system": 3.0479311399999998,
      "min": 0.8721222311400001,
      "max": 0.9034504131400001,
      "times": [
        0.8950758041400001,
        0.89870294614,
        0.88231503314,
        0.88284939214,
        0.8937273491400001,
        0.8974692471400001,
        0.88751947214,
        0.88120652014,
        0.8950798641400001,
        0.87997400114,
        0.88006561614,
        0.88589815114,
        0.88321190214,
        0.8721222311400001,
        0.89444539114,
        0.89277020714,
        0.8922601481400001,
        0.8996245891400001,
        0.9034504131400001,
        0.88199262714
      ],
      "exit_codes": [
        0,
        0,
        0,
        0,
        0,
        0,
        0,
        0,
        0,
        0,
        0,
        0,
        0,
        0,
        0,
        0,
        0,
        0,
        0,
        0
      ]
    }
  ]
}
