{
  "results": [
    {
      "command": "./bin/nietras/aot/1brc ./inputs/measurements.txt",
      "mean": 1.31924084861,
      "stddev": 0.006479046737470144,
      "median": 1.31847522846,
      "user": 13.849147740000001,
      "system": 1.19505639,
      "min": 1.30787461696,
      "max": 1.33395880796,
      "times": [
        1.32916793496,
        1.32742463396,
        1.32493643396,
        1.31986909096,
        1.32210814596,
        1.33395880796,
        1.32272834996,
        1.31342124096,
        1.32012812496,
        1.31823094996,
        1.31871950696,
        1.31663379096,
        1.31568111796,
        1.31455293996,
        1.30854920396,
        1.31498170396,
        1.3165350789599999,
        1.32244346996,
        1.31687182896,
        1.30787461696
      ],
      "exit_codes": [
        0,
        0,
        0,
        0,
        0,
        0,
        0,
        0,
        0,
        0,
        0,
        0,
        0,
        0,
        0,
        0,
        0,
        0,
        0,
        0
      ]
    }
  ]
}
