{
  "results": [
    {
      "command": "./bin/nietras/aot/1brc ./inputs/measurements.txt",
      "mean": 0.96240930022,
      "stddev": 0.004118689354198449,
      "median": 0.96282105352,
      "user": 16.71665289,
      "system": 1.3834404999999996,
      "min": 0.9535095185200001,
      "max": 0.97106905852,
      "times": [
        0.96470166252,
        0.9570116135200001,
        0.96506248352,
        0.9641821835200001,
        0.9639346495200001,
        0.96588737952,
        0.96130213352,
        0.96296082652,
        0.96049743752,
        0.96292939452,
        0.9585948725200001,
        0.9618700745200001,
        0.96949599052,
        0.9609339935200001,
        0.9565677595200001,
        0.96352867852,
        0.96143358152,
        0.9535095185200001,
        0.97106905852,
        0.96271271252
      ],
      "exit_codes": [
        0,
        0,
        0,
        0,
        0,
        0,
        0,
        0,
        0,
        0,
        0,
        0,
        0,
        0,
        0,
        0,
        0,
        0,
        0,
        0
      ]
    }
  ]
}
