{
  "results": [
    {
      "command": "./bin/nietras/aot/1brc ./inputs/measurements.txt",
      "mean": 3.52903155189,
      "stddev": 0.33833464667450364,
      "median": 3.6332016956400004,
      "user": 13.36813224,
      "system": 1.1300595900000001,
      "min": 2.52029882464,
      "max": 3.68347191864,
      "times": [
        2.52029882464,
        3.67389765264,
        3.63803076464,
        3.6337470736400004,
        3.68347191864,
        3.63096497764,
        3.62356297664,
        2.56202685064,
        3.65411378664,
        3.61980096564,
        3.64309570564,
        3.63265631764,
        3.6410796796400002,
        3.63159390864,
        3.64160390364,
        3.62554497164,
        3.6512389396400002,
        3.6243290896400002,
        3.63567033064,
        3.61390239964
      ],
      "exit_codes": [
        0,
        0,
        0,
        0,
        0,
        0,
        0,
        0,
        0,
        0,
        0,
        0,
        0,
        0,
        0,
        0,
        0,
        0,
        0,
        0
      ]
    }
  ]
}
