{
  "results": [
    {
      "command": "./bin/nietras/aot/1brc ./inputs/measurements.txt",
      "mean": 0.8771216769100001,
      "stddev": 0.011160683968105028,
      "median": 0.87895057186,
      "user": 16.667149220000002,
      "system": 2.33453148,
      "min": 0.85324702436,
      "max": 0.89615378636,
      "times": [
        0.88470316736,
        0.87320689736,
        0.8722901763600001,
        0.88712270336,
        0.87639956436,
        0.89615378636,
        0.87380862136,
        0.87497575636,
        0.86716631936,
        0.87432848036,
        0.89088834236,
        0.88349594136,
        0.88338814536,
        0.85466839336,
        0.8845128573600001,
        0.88522754736,
        0.85324702436,
        0.86365737536,
        0.8815015793600001,
        0.88169085936
      ],
      "exit_codes": [
        0,
        0,
        0,
        0,
        0,
        0,
        0,
        0,
        0,
        0,
        0,
        0,
        0,
        0,
        0,
        0,
        0,
        0,
        0,
        0
      ]
    }
  ]
}
