{
  "results": [
    {
      "command": "./bin/noahfalk/aot/1brc ./inputs/measurements.txt",
      "mean": 0.56725810043,
      "stddev": 0.03606749211792128,
      "median": 0.56008763238,
      "user": 4.421420520000001,
      "system": 1.5059800100000003,
      "min": 0.5119341283800001,
      "max": 0.6196543363800001,
      "times": [
        0.6196543363800001,
        0.5985239293800001,
        0.56674632938,
        0.5214417293800001,
        0.5119341283800001,
        0.5435931833800001,
        0.56132464138,
        0.5405783953800001,
        0.55492215438,
        0.6153668933800001,
        0.6184228933800001,
        0.5393052743800001,
        0.6055000933800001,
        0.5183330163800001,
        0.5659697103800001,
        0.60594441738,
        0.5323708183800001,
        0.5557066393800001,
        0.55885062338,
        0.61067280138
      ],
      "exit_codes": [
        0,
        0,
        0,
        0,
        0,
        0,
        0,
        0,
        0,
        0,
        0,
        0,
        0,
        0,
        0,
        0,
        0,
        0,
        0,
        0
      ]
    }
  ]
}
