{
  "results": [
    {
      "command": "./bin/noahfalk/aot/1brc ./inputs/measurements.txt",
      "mean": 0.52782642259,
      "stddev": 0.008265621113772607,
      "median": 0.52948063604,
      "user": 8.161272339999998,
      "system": 3.0275395599999997,
      "min": 0.50416111104,
      "max": 0.53730403604,
      "times": [
        0.52949382304,
        0.51654282104,
        0.53573666004,
        0.52181854504,
        0.53296986604,
        0.50416111104,
        0.53018249104,
        0.53482013904,
        0.53489212304,
        0.51988426704,
        0.52216120304,
        0.53222597904,
        0.52946744904,
        0.52730948904,
        0.52570212004,
        0.53730403604,
        0.52144322204,
        0.52899066204,
        0.53599957304,
        0.53542287204
      ],
      "exit_codes": [
        0,
        0,
        0,
        0,
        0,
        0,
        0,
        0,
        0,
        0,
        0,
        0,
        0,
        0,
        0,
        0,
        0,
        0,
        0,
        0
      ]
    }
  ]
}
