{
  "results": [
    {
      "command": "./bin/noahfalk/aot/1brc ./inputs/measurements.txt",
      "mean": 0.34248687785000004,
      "stddev": 0.004540857510868922,
      "median": 0.34278687860000007,
      "user": 8.040224069999999,
      "system": 3.60705758,
      "min": 0.33400380960000003,
      "max": 0.35110403160000003,
      "times": [
        0.3437274316,
        0.34116431760000004,
        0.34013238060000006,
        0.34492544760000005,
        0.34696630260000005,
        0.33699914560000005,
        0.34447023260000004,
        0.34204727760000003,
        0.3473673936,
        0.33400380960000003,
        0.3359891186,
        0.34063948960000007,
        0.34293947660000007,
        0.34742184660000003,
        0.34780453860000005,
        0.34263428060000006,
        0.34411744260000005,
        0.33613427760000003,
        0.35110403160000003,
        0.33914931560000006
      ],
      "exit_codes": [
        0,
        0,
        0,
        0,
        0,
        0,
        0,
        0,
        0,
        0,
        0,
        0,
        0,
        0,
        0,
        0,
        0,
        0,
        0,
        0
      ]
    }
  ]
}
