{
  "results": [
    {
      "command": "./bin/noahfalk/aot/1brc ./inputs/measurements.txt",
      "mean": 0.3783901025600001,
      "stddev": 0.010698683201248942,
      "median": 0.37783812896,
      "user": 7.014671919999998,
      "system": 4.30107398,
      "min": 0.36016512896,
      "max": 0.39439889796,
      "times": [
        0.36694176696,
        0.37178885696,
        0.37560356996,
        0.38970864596000004,
        0.39207806796,
        0.36282351696000004,
        0.37780076196,
        0.37787549596000003,
        0.39354257996,
        0.36016512896,
        0.38365748796000004,
        0.39439889796,
        0.37268941696,
        0.38202551696000003,
        0.38789828596000003,
        0.37332195296000004,
        0.36777806396,
        0.39170474696,
        0.36673947596,
        0.37925981396
      ],
      "exit_codes": [
        0,
        0,
        0,
        0,
        0,
        0,
        0,
        0,
        0,
        0,
        0,
        0,
        0,
        0,
        0,
        0,
        0,
        0,
        0,
        0
      ]
    }
  ]
}
