{
  "results": [
    {
      "command": "./bin/noahfalk/aot/1brc ./inputs/measurements.txt",
      "mean": 0.95507793916,
      "stddev": 0.013241128653658053,
      "median": 0.95288757436,
      "user": 4.244344660000001,
      "system": 1.4159917500000003,
      "min": 0.94036690986,
      "max": 0.98352846386,
      "times": [
        0.9483850058600001,
        0.9679388868600001,
        0.94471765186,
        0.94260191386,
        0.9428545488600001,
        0.95849018986,
        0.9670261158600001,
        0.94466033886,
        0.94674406386,
        0.95739014286,
        0.94097248386,
        0.96036210386,
        0.9573915778600001,
        0.98252274786,
        0.98352846386,
        0.94674825586,
        0.96288104486,
        0.9424861078600001,
        0.94036690986,
        0.96349022886
      ],
      "exit_codes": [
        0,
        0,
        0,
        0,
        0,
        0,
        0,
        0,
        0,
        0,
        0,
        0,
        0,
        0,
        0,
        0,
        0,
        0,
        0,
        0
      ]
    }
  ]
}
