{
  "results": [
    {
      "command": "./bin/noahfalk/aot/1brc ./inputs/measurements.txt",
      "mean": 0.32583166910999994,
      "stddev": 0.014235245722089737,
      "median": 0.32141112306,
      "user": 6.8840688299999995,
      "system": 3.6468200999999993,
      "min": 0.31080560706000004,
      "max": 0.35949118006,
      "times": [
        0.32648867106,
        0.32923922406,
        0.35949118006,
        0.31470412406000003,
        0.31080560706000004,
        0.31108289206,
        0.32110809106000004,
        0.31778662506,
        0.31755471306,
        0.32188208506000004,
        0.32171415506,
        0.31277625706,
        0.34362755706000003,
        0.31997224706,
        0.32696562806,
        0.31799126706,
        0.32431737006,
        0.34713098206000004,
        0.35474708706,
        0.31724761906000004
      ],
      "exit_codes": [
        0,
        0,
        0,
        0,
        0,
        0,
        0,
        0,
        0,
        0,
        0,
        0,
        0,
        0,
        0,
        0,
        0,
        0,
        0,
        0
      ]
    }
  ]
}
