{
  "results": [
    {
      "command": "./bin/noahfalk/aot/1brc ./inputs/measurements.txt",
      "mean": 0.38362306575,
      "stddev": 0.012188852632867642,
      "median": 0.3869327603,
      "user": 7.38093348,
      "system": 4.190629499999999,
      "min": 0.3587540563,
      "max": 0.4072137913,
      "times": [
        0.3868690663,
        0.3869964543,
        0.3934751253,
        0.3741425273,
        0.3914329013,
        0.39486341230000005,
        0.3865562703,
        0.3753678553,
        0.4072137913,
        0.3990303543,
        0.3726221833,
        0.3645798853,
        0.38024354730000004,
        0.3877395153,
        0.37197529630000004,
        0.3904975493,
        0.3706885453,
        0.3889340023,
        0.3904789763,
        0.3587540563
      ],
      "exit_codes": [
        0,
        0,
        0,
        0,
        0,
        0,
        0,
        0,
        0,
        0,
        0,
        0,
        0,
        0,
        0,
        0,
        0,
        0,
        0,
        0
      ]
    }
  ]
}
