{
  "results": [
    {
      "command": "./bin/noahfalk/aot/1brc ./inputs/measurements.txt",
      "mean": 0.9311032606699999,
      "stddev": 0.02999917307102181,
      "median": 0.9420049694200001,
      "user": 8.081258909999999,
      "system": 2.8147730500000003,
      "min": 0.8771927024200001,
      "max": 0.9693732394200001,
      "times": [
        0.9113108734200001,
        0.8879765444200001,
        0.8841397404200001,
        0.9004141064200001,
        0.95991371142,
        0.8771927024200001,
        0.9396354324200001,
        0.9624034704200001,
        0.9649630724200001,
        0.9450187734200001,
        0.9693732394200001,
        0.92816190342,
        0.94470516542,
        0.8911978354200001,
        0.91703427542,
        0.9546958014200001,
        0.9254509634200001,
        0.9594015734200001,
        0.9547015224200001,
        0.9443745064200001
      ],
      "exit_codes": [
        0,
        0,
        0,
        0,
        0,
        0,
        0,
        0,
        0,
        0,
        0,
        0,
        0,
        0,
        0,
        0,
        0,
        0,
        0,
        0
      ]
    }
  ]
}
