{
  "results": [
    {
      "command": "./bin/noahfalk/aot/1brc ./inputs/measurements.txt",
      "mean": 0.33947608803000007,
      "stddev": 0.005109242512966262,
      "median": 0.34106626238000004,
      "user": 4.526726130000001,
      "system": 2.4666453199999996,
      "min": 0.32994313238000006,
      "max": 0.34647164338,
      "times": [
        0.33366911038,
        0.34217069338000006,
        0.33908506138000005,
        0.33252782638000006,
        0.34203565638000005,
        0.34596793538000004,
        0.34323840338000006,
        0.34209792938000005,
        0.33371044238,
        0.34528836638000004,
        0.34060303638000006,
        0.34152948838,
        0.34647164338,
        0.32994313238000006,
        0.33197469538,
        0.33897284538000005,
        0.34293257638,
        0.33351063038000006,
        0.34398742538000004,
        0.33980486238
      ],
      "exit_codes": [
        0,
        0,
        0,
        0,
        0,
        0,
        0,
        0,
        0,
        0,
        0,
        0,
        0,
        0,
        0,
        0,
        0,
        0,
        0,
        0
      ]
    }
  ]
}
