{
  "results": [
    {
      "command": "./bin/noahfalk/aot/1brc ./inputs/measurements.txt",
      "mean": 0.30236362689999996,
      "stddev": 0.00561543648008493,
      "median": 0.3015914849,
      "user": 5.649714100000001,
      "system": 3.808898760000001,
      "min": 0.2946683129,
      "max": 0.3151573959,
      "times": [
        0.30239827490000004,
        0.3077448129,
        0.2946683129,
        0.3151573959,
        0.3001947719,
        0.2975520049,
        0.3006202159,
        0.3031855189,
        0.3021124189,
        0.2993216929,
        0.3030137399,
        0.3044290179,
        0.3019189279,
        0.3140536349,
        0.2966362349,
        0.2950812869,
        0.3009708749,
        0.29741704690000004,
        0.3012640419,
        0.3095323119
      ],
      "exit_codes": [
        0,
        0,
        0,
        0,
        0,
        0,
        0,
        0,
        0,
        0,
        0,
        0,
        0,
        0,
        0,
        0,
        0,
        0,
        0,
        0
      ]
    }
  ]
}
