{
  "results": [
    {
      "command": "./calculate_average_royvanrijn.sh",
      "mean": 0.65253653256,
      "stddev": 0.00599362075561767,
      "median": 0.6530598453600001,
      "user": 0.0027530899999999993,
      "system": 0.003940389999999999,
      "min": 0.63842839586,
      "max": 0.66335345086,
      "times": [
        0.64279878286,
        0.66196878886,
        0.65492575786,
        0.64879168586,
        0.65126358386,
        0.65331442686,
        0.65478201986,
        0.6504680698599999,
        0.65371877986,
        0.66061757486,
        0.65467445186,
        0.63842839586,
        0.65198759786,
        0.65625029486,
        0.65540289886,
        0.65280526386,
        0.64934292186,
        0.64635010486,
        0.64948579986,
        0.66335345086
      ],
      "exit_codes": [
        0,
        0,
        0,
        0,
        0,
        0,
        0,
        0,
        0,
        0,
        0,
        0,
        0,
        0,
        0,
        0,
        0,
        0,
        0,
        0
      ]
    }
  ]
}
