{
  "results": [
    {
      "command": "./calculate_average_royvanrijn.sh",
      "mean": 1.1753869622699997,
      "stddev": 0.011683241372300621,
      "median": 1.17453377992,
      "user": 0.0018588939999999998,
      "system": 0.004173563999999999,
      "min": 1.16092339692,
      "max": 1.20549794592,
      "times": [
        1.17328568692,
        1.1676122789199999,
        1.16092339692,
        1.1610506939199998,
        1.1777425709199998,
        1.16200629592,
        1.17775751292,
        1.17061171592,
        1.1926691829199998,
        1.1757818729199998,
        1.1893233859199999,
        1.20549794592,
        1.1821435059199998,
        1.17853927592,
        1.16973096292,
        1.17201010892,
        1.16104693892,
        1.1847400369199999,
        1.1794839639199999,
        1.16578191192
      ],
      "exit_codes": [
        0,
        0,
        0,
        0,
        0,
        0,
        0,
        0,
        0,
        0,
        0,
        0,
        0,
        0,
        0,
        0,
        0,
        0,
        0,
        0
      ]
    }
  ]
}
