{
  "results": [
    {
      "command": "./calculate_average_royvanrijn.sh",
      "mean": 0.46109442404,
      "stddev": 0.007912231440418223,
      "median": 0.46154509044,
      "user": 0.0031345199999999996,
      "system": 0.0032009820000000002,
      "min": 0.44847233394,
      "max": 0.47945052494000007,
      "times": [
        0.46333295894000004,
        0.45799625294,
        0.44847233394,
        0.45174818594000005,
        0.47945052494000007,
        0.46394643294000004,
        0.45895890594000005,
        0.46332937994000006,
        0.44853912694000003,
        0.45782177294000004,
        0.46117886994,
        0.45865929994000004,
        0.45738994894,
        0.46569076094000006,
        0.45262072494000005,
        0.46292469694000005,
        0.46900255394000007,
        0.47602173394,
        0.46191131094000004,
        0.46289270494000007
      ],
      "exit_codes": [
        0,
        0,
        0,
        0,
        0,
        0,
        0,
        0,
        0,
        0,
        0,
        0,
        0,
        0,
        0,
        0,
        0,
        0,
        0,
        0
      ]
    }
  ]
}
