{
  "results": [
    {
      "command": "./calculate_average_royvanrijn.sh",
      "mean": 0.7940130198700001,
      "stddev": 0.010882748689761345,
      "median": 0.79359563332,
      "user": 0.0029093799999999996,
      "system": 0.003479818,
      "min": 0.77700677482,
      "max": 0.81994959282,
      "times": [
        0.79978161082,
        0.80607038082,
        0.7929833738200001,
        0.78617050382,
        0.79471029882,
        0.81994959282,
        0.79322785582,
        0.77700677482,
        0.79591316582,
        0.78035721082,
        0.78698395782,
        0.80100947282,
        0.78182488582,
        0.81240989682,
        0.79670161382,
        0.79894070782,
        0.77892712582,
        0.79396341082,
        0.7911997578200001,
        0.7921287998200001
      ],
      "exit_codes": [
        0,
        0,
        0,
        0,
        0,
        0,
        0,
        0,
        0,
        0,
        0,
        0,
        0,
        0,
        0,
        0,
        0,
        0,
        0,
        0
      ]
    }
  ]
}
