{
  "results": [
    {
      "command": "./calculate_average_royvanrijn.sh",
      "mean": 0.44651429707999996,
      "stddev": 0.008637642991174156,
      "median": 0.44751287308,
      "user": 0.0020789800000000002,
      "system": 0.00453004,
      "min": 0.42827494308,
      "max": 0.45983074908,
      "times": [
        0.45539598108,
        0.45100644708,
        0.43551383508,
        0.45983074908,
        0.45190630808,
        0.45371552808,
        0.44069611408,
        0.45586192808,
        0.43826007808,
        0.44474881908,
        0.42827494308,
        0.45097827608,
        0.45027692708,
        0.44230680308,
        0.44199573608,
        0.45216870408,
        0.43672138708,
        0.44144377008,
        0.44038984208,
        0.45879376508
      ],
      "exit_codes": [
        0,
        0,
        0,
        0,
        0,
        0,
        0,
        0,
        0,
        0,
        0,
        0,
        0,
        0,
        0,
        0,
        0,
        0,
        0,
        0
      ]
    }
  ]
}
