{
  "results": [
    {
      "command": "./calculate_average_royvanrijn.sh",
      "mean": 0.39830075125,
      "stddev": 0.010311170366458384,
      "median": 0.4012266487,
      "user": 0.0036341299999999993,
      "system": 0.0032356719999999998,
      "min": 0.3757958627,
      "max": 0.4102268697,
      "times": [
        0.3981402167,
        0.37944933670000003,
        0.4022626267,
        0.3757958627,
        0.4006150947,
        0.3860687347,
        0.3883726737,
        0.4075465797,
        0.4093921527,
        0.4084580117,
        0.4006496457,
        0.4018036517,
        0.4088673637,
        0.4051361057,
        0.3919788237,
        0.3881062677,
        0.4033849187,
        0.4063673447,
        0.3933927437,
        0.4102268697
      ],
      "exit_codes": [
        0,
        0,
        0,
        0,
        0,
        0,
        0,
        0,
        0,
        0,
        0,
        0,
        0,
        0,
        0,
        0,
        0,
        0,
        0,
        0
      ]
    }
  ]
}
