{
  "results": [
    {
      "command": "./calculate_average_royvanrijn.sh",
      "mean": 0.38261389388,
      "stddev": 0.00787915545776088,
      "median": 0.38222521678,
      "user": 0.0031743320000000006,
      "system": 0.0035557820000000004,
      "min": 0.36478125628,
      "max": 0.39556437828,
      "times": [
        0.38257369628,
        0.37698555428,
        0.37792752828000004,
        0.37467408628,
        0.39051266728,
        0.37362538728,
        0.39556437828,
        0.38187673728,
        0.36478125628,
        0.37926094128,
        0.39433893028,
        0.37656221128,
        0.38133108628,
        0.38685708328,
        0.38716440028,
        0.37433237728,
        0.38781292728,
        0.38885623528,
        0.38932106028,
        0.38791933328
      ],
      "exit_codes": [
        0,
        0,
        0,
        0,
        0,
        0,
        0,
        0,
        0,
        0,
        0,
        0,
        0,
        0,
        0,
        0,
        0,
        0,
        0,
        0
      ]
    }
  ]
}
