{
  "results": [
    {
      "command": "./calculate_average_royvanrijn.sh",
      "mean": 2.1027615552,
      "stddev": 0.032816577075363236,
      "median": 2.0951317283,
      "user": 0.0025248499999999995,
      "system": 0.0031864059999999993,
      "min": 2.0658060148,
      "max": 2.1894186218000002,
      "times": [
        2.0692969738,
        2.0983682278,
        2.0852677298000004,
        2.1272472628,
        2.0977709178,
        2.1147282428,
        2.0924925388,
        2.0738462428,
        2.1332281908,
        2.1021329538,
        2.0773117848,
        2.1143429318,
        2.1894186218000002,
        2.1075160528000003,
        2.0731352428000003,
        2.0909951548000003,
        2.0658060148,
        2.0881442368000003,
        2.0808018688,
        2.1733799138000003
      ],
      "exit_codes": [
        0,
        0,
        0,
        0,
        0,
        0,
        0,
        0,
        0,
        0,
        0,
        0,
        0,
        0,
        0,
        0,
        0,
        0,
        0,
        0
      ]
    }
  ]
}
