{
  "results": [
    {
      "command": "./calculate_average_royvanrijn.sh",
      "mean": 0.34742408839,
      "stddev": 0.007665122978341977,
      "median": 0.34653244524000004,
      "user": 0.0033900599999999994,
      "system": 0.003465858,
      "min": 0.33680973374000006,
      "max": 0.36368737974000004,
      "times": [
        0.34721463274000003,
        0.34715336974000005,
        0.36317517074000005,
        0.34785035774000006,
        0.34591152074000003,
        0.33890786974000003,
        0.36368737974000004,
        0.34205492574000007,
        0.35449168774000006,
        0.34468441174000003,
        0.34548074574000004,
        0.35280970374000004,
        0.34175226874000003,
        0.35135034274000004,
        0.33839991274000003,
        0.35233744774000003,
        0.35327053874000003,
        0.33680973374000006,
        0.34336183874000004,
        0.33777790874
      ],
      "exit_codes": [
        0,
        0,
        0,
        0,
        0,
        0,
        0,
        0,
        0,
        0,
        0,
        0,
        0,
        0,
        0,
        0,
        0,
        0,
        0,
        0
      ]
    }
  ]
}
