{
  "results": [
    {
      "command": "./calculate_average_royvanrijn.sh",
      "mean": 1.4085142719600001,
      "stddev": 0.018441340812873443,
      "median": 1.40376474826,
      "user": 0.0022382500000000002,
      "system": 0.0035262159999999996,
      "min": 1.3852358097600002,
      "max": 1.45575200876,
      "times": [
        1.42613549276,
        1.40700352876,
        1.4068026977599999,
        1.41382860876,
        1.42041593476,
        1.3955040197600002,
        1.39923316676,
        1.40188824476,
        1.39341876376,
        1.45575200876,
        1.42773654176,
        1.38707714176,
        1.3852358097600002,
        1.4014216077600001,
        1.39929433976,
        1.40635560176,
        1.39946056876,
        1.39263299976,
        1.40564125176,
        1.44544710976
      ],
      "exit_codes": [
        0,
        0,
        0,
        0,
        0,
        0,
        0,
        0,
        0,
        0,
        0,
        0,
        0,
        0,
        0,
        0,
        0,
        0,
        0,
        0
      ]
    }
  ]
}
