{
  "results": [
    {
      "command": "./calculate_average_stephenvonworley.sh",
      "mean": 1.3749740730599997,
      "stddev": 0.027576655530765173,
      "median": 1.36581013386,
      "user": 0.0026521,
      "system": 0.0032614649999999994,
      "min": 1.36353042236,
      "max": 1.48722072636,
      "times": [
        1.36394741336,
        1.36767866036,
        1.38430370436,
        1.36571948836,
        1.3656324043599999,
        1.36609092936,
        1.36444295836,
        1.36590123936,
        1.36450416136,
        1.36590077936,
        1.36549663736,
        1.36364738436,
        1.3664256883600001,
        1.48722072636,
        1.39080769136,
        1.38413487536,
        1.37376126036,
        1.36353042236,
        1.36482469436,
        1.36551034236
      ],
      "exit_codes": [
        0,
        0,
        0,
        0,
        0,
        0,
        0,
        0,
        0,
        0,
        0,
        0,
        0,
        0,
        0,
        0,
        0,
        0,
        0,
        0
      ]
    }
  ]
}
