{
  "results": [
    {
      "command": "./calculate_average_stephenvonworley.sh",
      "mean": 0.9756431898000001,
      "stddev": 0.05650556826856269,
      "median": 0.9600287345,
      "user": 0.0028816300000000005,
      "system": 0.003850664,
      "min": 0.9245627145,
      "max": 1.1082584245,
      "times": [
        0.9265919475000001,
        0.9656783685,
        1.0178599655,
        0.9347181595,
        0.9282338395,
        1.0852884095,
        1.0676329785,
        0.9439725315,
        1.0147319615,
        0.9977232175,
        0.9263505845000001,
        0.9256494455000001,
        0.9256844375000001,
        0.9567070805000001,
        0.9849846195,
        0.9634180425000001,
        0.9245627145,
        1.1082584245,
        0.9514666795000001,
        0.9633503885
      ],
      "exit_codes": [
        0,
        0,
        0,
        0,
        0,
        0,
        0,
        0,
        0,
        0,
        0,
        0,
        0,
        0,
        0,
        0,
        0,
        0,
        0,
        0
      ]
    }
  ]
}
