{
  "results": [
    {
      "command": "./calculate_average_stephenvonworley.sh",
      "mean": 0.28302910701000006,
      "stddev": 0.0018467195397283446,
      "median": 0.28292321286,
      "user": 0.00213447,
      "system": 0.005024644,
      "min": 0.28006135336000004,
      "max": 0.28603432536000006,
      "times": [
        0.28039376236,
        0.28349595736000005,
        0.28556100036000004,
        0.28374271836000003,
        0.28435591336000005,
        0.28223768536000005,
        0.28298583636,
        0.28603432536000006,
        0.28507652236000003,
        0.28143531036,
        0.28094613236000004,
        0.28411623836000005,
        0.28159059936,
        0.28286058936,
        0.28227957736000003,
        0.28520792036000003,
        0.28006135336000004,
        0.28116533536000005,
        0.28537190936000006,
        0.28166345336000004
      ],
      "exit_codes": [
        0,
        0,
        0,
        0,
        0,
        0,
        0,
        0,
        0,
        0,
        0,
        0,
        0,
        0,
        0,
        0,
        0,
        0,
        0,
        0
      ]
    }
  ]
}
