{
  "results": [
    {
      "command": "./calculate_average_stephenvonworley.sh",
      "mean": 1.76418486611,
      "stddev": 0.00691213408255238,
      "median": 1.7616844679600001,
      "user": 0.0019114999999999996,
      "system": 0.00417318,
      "min": 1.75761382646,
      "max": 1.78492807246,
      "times": [
        1.7657548254600002,
        1.76618583946,
        1.77398352246,
        1.76021806646,
        1.78492807246,
        1.7725905594600002,
        1.76013415546,
        1.7612177074600002,
        1.7582058794600002,
        1.76215122846,
        1.7590903774600002,
        1.7589894724600001,
        1.7698061144600001,
        1.76638413346,
        1.75761382646,
        1.75907223746,
        1.75861901146,
        1.7590937484600002,
        1.7667129614600001,
        1.76294558246
      ],
      "exit_codes": [
        0,
        0,
        0,
        0,
        0,
        0,
        0,
        0,
        0,
        0,
        0,
        0,
        0,
        0,
        0,
        0,
        0,
        0,
        0,
        0
      ]
    }
  ]
}
