{
  "results": [
    {
      "command": "./calculate_average_stephenvonworley.sh",
      "mean": 0.28697514708000005,
      "stddev": 0.002510521265041037,
      "median": 0.28722585108000004,
      "user": 0.0040076800000000004,
      "system": 0.00291462,
      "min": 0.27818620308,
      "max": 0.29090599008,
      "times": [
        0.27818620308,
        0.28742483708000005,
        0.28722325608000004,
        0.28654468808000005,
        0.28787419208000004,
        0.28812234608000004,
        0.29018220008,
        0.28875928108000004,
        0.28677396108000003,
        0.28832966808000005,
        0.28571428208000005,
        0.28703780508000004,
        0.28499385208000005,
        0.29090599008,
        0.28722844608000003,
        0.28553158208,
        0.28769871208000003,
        0.28695072108,
        0.28632354608000005,
        0.28769737208
      ],
      "exit_codes": [
        0,
        0,
        0,
        0,
        0,
        0,
        0,
        0,
        0,
        0,
        0,
        0,
        0,
        0,
        0,
        0,
        0,
        0,
        0,
        0
      ]
    }
  ]
}
