{
  "results": [
    {
      "command": "./calculate_average_stephenvonworley.sh",
      "mean": 0.3863351034500001,
      "stddev": 0.0016452062514226698,
      "median": 0.38636856080000004,
      "user": 0.002697611,
      "system": 0.0040239659999999995,
      "min": 0.38318775430000007,
      "max": 0.38917405630000007,
      "times": [
        0.38465976630000004,
        0.3858351413000001,
        0.38917405630000007,
        0.38421482030000004,
        0.38629252630000005,
        0.38826024630000006,
        0.38667317730000006,
        0.38639279230000007,
        0.38862540630000003,
        0.38318775430000007,
        0.3876969243,
        0.3848329253000001,
        0.38797178030000007,
        0.38721902830000005,
        0.38465996630000004,
        0.38701922730000005,
        0.38634432930000007,
        0.38437897030000007,
        0.3856338993,
        0.38762933130000005
      ],
      "exit_codes": [
        0,
        0,
        0,
        0,
        0,
        0,
        0,
        0,
        0,
        0,
        0,
        0,
        0,
        0,
        0,
        0,
        0,
        0,
        0,
        0
      ]
    }
  ]
}
