{
  "results": [
    {
      "command": "./calculate_average_stephenvonworley.sh",
      "mean": 0.30053626841000003,
      "stddev": 0.003526173579878596,
      "median": 0.30073146376000004,
      "user": 0.0031493700000000007,
      "system": 0.003913034,
      "min": 0.29426317376000005,
      "max": 0.30972563476000003,
      "times": [
        0.29426317376000005,
        0.29593908676,
        0.30092415376000003,
        0.30079984776000007,
        0.29978801976,
        0.29720190676,
        0.30077877576000006,
        0.30316570876000004,
        0.30187154676000005,
        0.30068415176,
        0.29883409776000003,
        0.30271383376000005,
        0.30068009976000004,
        0.29674579376000004,
        0.30233948376,
        0.30483634276000005,
        0.30042384776000003,
        0.29598863076000004,
        0.30302123176000006,
        0.30972563476000003
      ],
      "exit_codes": [
        0,
        0,
        0,
        0,
        0,
        0,
        0,
        0,
        0,
        0,
        0,
        0,
        0,
        0,
        0,
        0,
        0,
        0,
        0,
        0
      ]
    }
  ]
}
