{
  "results": [
    {
      "command": "./calculate_average_stephenvonworley.sh",
      "mean": 0.7399672055800001,
      "stddev": 0.021948140883898293,
      "median": 0.7286102749800001,
      "user": 0.001526449,
      "system": 0.004262912,
      "min": 0.7171147384800001,
      "max": 0.79539065748,
      "times": [
        0.74076436148,
        0.73571286148,
        0.74699904748,
        0.72831214048,
        0.7171147384800001,
        0.7257479744800001,
        0.72661863248,
        0.72687444548,
        0.7259027234800001,
        0.72609494348,
        0.7259781964800001,
        0.72716656248,
        0.74650515848,
        0.73443319748,
        0.77546375848,
        0.72805271248,
        0.74852902048,
        0.79539065748,
        0.78877456948,
        0.72890840948
      ],
      "exit_codes": [
        0,
        0,
        0,
        0,
        0,
        0,
        0,
        0,
        0,
        0,
        0,
        0,
        0,
        0,
        0,
        0,
        0,
        0,
        0,
        0
      ]
    }
  ]
}
