{
  "results": [
    {
      "command": "./calculate_average_stephenvonworley.sh",
      "mean": 0.36793803324999996,
      "stddev": 0.004598159073222728,
      "median": 0.3692716858,
      "user": 0.00294006,
      "system": 0.004301164,
      "min": 0.3599240253,
      "max": 0.3763532903,
      "times": [
        0.3599240253,
        0.3763532903,
        0.3608627373,
        0.3711547803,
        0.3701387133,
        0.3671025143,
        0.3654521533,
        0.3645450023,
        0.3716141763,
        0.3719053823,
        0.3693835623,
        0.3650772923,
        0.3709846213,
        0.3634954133,
        0.3613924563,
        0.3695918523,
        0.3695505113,
        0.3756016383,
        0.3654707333,
        0.36915980930000003
      ],
      "exit_codes": [
        0,
        0,
        0,
        0,
        0,
        0,
        0,
        0,
        0,
        0,
        0,
        0,
        0,
        0,
        0,
        0,
        0,
        0,
        0,
        0
      ]
    }
  ]
}
