{
  "results": [
    {
      "command": "./calculate_average_stephenvonworley.sh",
      "mean": 0.48307991875,
      "stddev": 0.004983364235028818,
      "median": 0.4826085265000001,
      "user": 0.0015625920000000002,
      "system": 0.005207825999999999,
      "min": 0.474049598,
      "max": 0.500120315,
      "times": [
        0.474049598,
        0.48421410300000006,
        0.48329902300000005,
        0.478960961,
        0.48364502200000004,
        0.48277870300000003,
        0.48227737500000006,
        0.48056992900000006,
        0.481522622,
        0.48342506700000004,
        0.482313806,
        0.500120315,
        0.483468259,
        0.48068299400000003,
        0.481602336,
        0.48251719700000006,
        0.48323044600000004,
        0.48269985600000004,
        0.49032231100000007,
        0.47989845200000003
      ],
      "exit_codes": [
        0,
        0,
        0,
        0,
        0,
        0,
        0,
        0,
        0,
        0,
        0,
        0,
        0,
        0,
        0,
        0,
        0,
        0,
        0,
        0
      ]
    }
  ]
}
