{
  "results": [
    {
      "command": "./calculate_average_thomaswue.sh",
      "mean": 0.3324877045900001,
      "stddev": 0.004165215538476214,
      "median": 0.33224503144,
      "user": 0.0029584700000000004,
      "system": 0.003832780000000001,
      "min": 0.32638885694,
      "max": 0.34289056794,
      "times": [
        0.33495043294,
        0.32960180594,
        0.32954950194,
        0.33369725394,
        0.33174317494,
        0.32638885694,
        0.33002781994,
        0.33577355894,
        0.33396252394,
        0.32650686794,
        0.34289056794,
        0.33409681994,
        0.33374761994,
        0.33262814794,
        0.32866305794,
        0.33186191494,
        0.34029623394,
        0.33437058494,
        0.33067676894,
        0.32832057794
      ],
      "exit_codes": [
        0,
        0,
        0,
        0,
        0,
        0,
        0,
        0,
        0,
        0,
        0,
        0,
        0,
        0,
        0,
        0,
        0,
        0,
        0,
        0
      ]
    }
  ]
}
