{
  "results": [
    {
      "command": "./calculate_average_thomaswue.sh",
      "mean": 0.35113751643,
      "stddev": 0.0025937688445646927,
      "median": 0.35062598887999996,
      "user": 0.00257484,
      "system": 0.004315774,
      "min": 0.34697021088,
      "max": 0.35857698588,
      "times": [
        0.35177475888,
        0.34887057688,
        0.35080584388,
        0.35316959588,
        0.35857698588,
        0.34900480488,
        0.35204272288,
        0.35071808888,
        0.34900588388,
        0.35048723688,
        0.35315433488,
        0.35000275888,
        0.34879820188,
        0.35009506488,
        0.35294117188,
        0.34697021088,
        0.35478542388,
        0.35211608688,
        0.34889668688,
        0.35053388888
      ],
      "exit_codes": [
        0,
        0,
        0,
        0,
        0,
        0,
        0,
        0,
        0,
        0,
        0,
        0,
        0,
        0,
        0,
        0,
        0,
        0,
        0,
        0
      ]
    }
  ]
}
