{
  "results": [
    {
      "command": "./calculate_average_thomaswue.sh",
      "mean": 0.24114404718000002,
      "stddev": 0.0015735053711850501,
      "median": 0.24146582808,
      "user": 0.00304447,
      "system": 0.004087011999999999,
      "min": 0.23692789108,
      "max": 0.24373906008000001,
      "times": [
        0.23692789108,
        0.24010377708000002,
        0.24209713808000002,
        0.23935010508000001,
        0.24222902608000002,
        0.24229556008000003,
        0.24040191408000003,
        0.24181181208000002,
        0.24116344708,
        0.24036827308000003,
        0.24258815608,
        0.23879879508000001,
        0.24174529908000003,
        0.24150435508,
        0.24260395708000002,
        0.24373906008000001,
        0.24243543708,
        0.24142730108000002,
        0.24126405108,
        0.24002558808000002
      ],
      "exit_codes": [
        0,
        0,
        0,
        0,
        0,
        0,
        0,
        0,
        0,
        0,
        0,
        0,
        0,
        0,
        0,
        0,
        0,
        0,
        0,
        0
      ]
    }
  ]
}
