{
  "results": [
    {
      "command": "./calculate_average_thomaswue.sh",
      "mean": 0.25712392248,
      "stddev": 0.0014052691022531706,
      "median": 0.25723147428000004,
      "user": 0.0022357499999999995,
      "system": 0.00502938,
      "min": 0.25411894628000004,
      "max": 0.26000653428000003,
      "times": [
        0.25411894628000004,
        0.25657146228,
        0.25803489428000004,
        0.25736358628,
        0.25690254128,
        0.25620025228000004,
        0.25723392928,
        0.25608085528,
        0.25846677828000003,
        0.25812104928,
        0.25615565928,
        0.25890379228,
        0.26000653428000003,
        0.25636957128,
        0.25723881928000003,
        0.25722901928,
        0.25872066228,
        0.25555753728,
        0.25519753728,
        0.25800502228
      ],
      "exit_codes": [
        0,
        0,
        0,
        0,
        0,
        0,
        0,
        0,
        0,
        0,
        0,
        0,
        0,
        0,
        0,
        0,
        0,
        0,
        0,
        0
      ]
    }
  ]
}
