{
  "results": [
    {
      "command": "./calculate_average_thomaswue.sh",
      "mean": 0.26662029251999997,
      "stddev": 0.0024990200490653774,
      "median": 0.26678365711999996,
      "user": 0.00272903,
      "system": 0.004254113999999999,
      "min": 0.26130153262,
      "max": 0.27153451162,
      "times": [
        0.26735846862,
        0.26802324562,
        0.26529100361999997,
        0.26557523962,
        0.27153451162,
        0.26869789362,
        0.26522310162,
        0.26342908062,
        0.26873953662,
        0.26730058562,
        0.26900795062,
        0.26572604862,
        0.26317643562,
        0.26130153262,
        0.26467496962,
        0.26702751061999996,
        0.27047123162,
        0.26772392961999997,
        0.26653980362,
        0.26558377062
      ],
      "exit_codes": [
        0,
        0,
        0,
        0,
        0,
        0,
        0,
        0,
        0,
        0,
        0,
        0,
        0,
        0,
        0,
        0,
        0,
        0,
        0,
        0
      ]
    }
  ]
}
