{
  "results": [
    {
      "command": "./calculate_average_thomaswue.sh",
      "mean": 0.31678242433000003,
      "stddev": 0.0018717960509763234,
      "median": 0.31638651168000004,
      "user": 0.0021949990000000004,
      "system": 0.004731147999999999,
      "min": 0.31325452768,
      "max": 0.32059758568,
      "times": [
        0.31325452768,
        0.31533689368,
        0.31728806168,
        0.31581262968,
        0.31536011468,
        0.31825305568,
        0.31637423068000003,
        0.31545798068,
        0.31767558368000004,
        0.31639879268000004,
        0.31572470568,
        0.31611320568,
        0.31913478468,
        0.31866826968,
        0.31650867868000004,
        0.32049825068000004,
        0.31641257268,
        0.31596924868000004,
        0.32059758568,
        0.31480931368000004
      ],
      "exit_codes": [
        0,
        0,
        0,
        0,
        0,
        0,
        0,
        0,
        0,
        0,
        0,
        0,
        0,
        0,
        0,
        0,
        0,
        0,
        0,
        0
      ]
    }
  ]
}
