{
  "results": [
    {
      "command": "./calculate_average_thomaswue.sh",
      "mean": 1.16424326453,
      "stddev": 0.00412960366453104,
      "median": 1.16226701518,
      "user": 0.0026562,
      "system": 0.0033285679999999996,
      "min": 1.1609893421800002,
      "max": 1.1733288511800002,
      "times": [
        1.1733288511800002,
        1.1610734901800002,
        1.1731581131800002,
        1.1671444771800001,
        1.1651893691800002,
        1.16209210618,
        1.16230325918,
        1.17292809518,
        1.16310800018,
        1.1617978481800002,
        1.1614469981800002,
        1.1614209771800001,
        1.1622307711800002,
        1.16285489618,
        1.16203693118,
        1.16461295418,
        1.16396458818,
        1.1617667761800001,
        1.1609893421800002,
        1.1614174461800002
      ],
      "exit_codes": [
        0,
        0,
        0,
        0,
        0,
        0,
        0,
        0,
        0,
        0,
        0,
        0,
        0,
        0,
        0,
        0,
        0,
        0,
        0,
        0
      ]
    }
  ]
}
