{
  "results": [
    {
      "command": "./calculate_average_thomaswue.sh",
      "mean": 1.33985603586,
      "stddev": 0.01026730864224739,
      "median": 1.33809096986,
      "user": 0.0022467699999999995,
      "system": 0.0038203,
      "min": 1.33144764186,
      "max": 1.37659287786,
      "times": [
        1.33617110386,
        1.34263790386,
        1.33144764186,
        1.33492099686,
        1.33863415486,
        1.33878799286,
        1.3339411218600001,
        1.37659287786,
        1.35588025386,
        1.34142356986,
        1.33159314186,
        1.33321087186,
        1.34309281186,
        1.33330213686,
        1.34137340686,
        1.3326091178600001,
        1.33771091886,
        1.33893712786,
        1.3384710208600001,
        1.3363825448600002
      ],
      "exit_codes": [
        0,
        0,
        0,
        0,
        0,
        0,
        0,
        0,
        0,
        0,
        0,
        0,
        0,
        0,
        0,
        0,
        0,
        0,
        0,
        0
      ]
    }
  ]
}
