{
  "results": [
    {
      "command": "./calculate_average_thomaswue.sh",
      "mean": 0.71120920654,
      "stddev": 0.025017983352671004,
      "median": 0.70124288264,
      "user": 0.0031816400000000003,
      "system": 0.003222308,
      "min": 0.68277403564,
      "max": 0.79114353264,
      "times": [
        0.70181207464,
        0.69767266464,
        0.69885583964,
        0.71592279864,
        0.76291589264,
        0.72662216464,
        0.68277403564,
        0.70169392764,
        0.70079183764,
        0.71524131164,
        0.69744471164,
        0.71648608064,
        0.6970817406400001,
        0.79114353264,
        0.69956617964,
        0.69794792964,
        0.71498777664,
        0.71025876464,
        0.69682535664,
        0.69813951064
      ],
      "exit_codes": [
        0,
        0,
        0,
        0,
        0,
        0,
        0,
        0,
        0,
        0,
        0,
        0,
        0,
        0,
        0,
        0,
        0,
        0,
        0,
        0
      ]
    }
  ]
}
