{
  "results": [
    {
      "command": "./calculate_average_thomaswue.sh",
      "mean": 0.6101969095199999,
      "stddev": 0.005363494357393145,
      "median": 0.6091935235200001,
      "user": 0.0027340889999999994,
      "system": 0.0036830499999999993,
      "min": 0.5980350080200001,
      "max": 0.6197990680200001,
      "times": [
        0.6197990680200001,
        0.61837690002,
        0.61102010902,
        0.61009338802,
        0.60696700502,
        0.6070754300200001,
        0.61438876702,
        0.6087143620200001,
        0.60811004802,
        0.6052304070200001,
        0.6170705070200001,
        0.61146573402,
        0.6118940380200001,
        0.5980350080200001,
        0.60967268502,
        0.60630704802,
        0.60783802302,
        0.60732617402,
        0.61861293202,
        0.60594055702
      ],
      "exit_codes": [
        0,
        0,
        0,
        0,
        0,
        0,
        0,
        0,
        0,
        0,
        0,
        0,
        0,
        0,
        0,
        0,
        0,
        0,
        0,
        0
      ]
    }
  ]
}
