{
  "results": [
    {
      "command": "./bin/xoofx/aot/1brc ./inputs/measurements.txt",
      "mean": 2.3587385416700006,
      "stddev": 0.08186233920528262,
      "median": 2.36292743992,
      "user": 12.171854149999998,
      "system": 1.2263235399999999,
      "min": 2.20919003942,
      "max": 2.56031767842,
      "times": [
        2.42173127242,
        2.37556447942,
        2.24192980942,
        2.2974813274200003,
        2.43943107842,
        2.20919003942,
        2.4200412844200003,
        2.40548551242,
        2.41950544442,
        2.56031767842,
        2.3040362124200002,
        2.40221903142,
        2.3061985654200003,
        2.40792786442,
        2.29512696342,
        2.35029040042,
        2.29163020842,
        2.33147901442,
        2.2890365844200002,
        2.4061480624200002
      ],
      "exit_codes": [
        0,
        0,
        0,
        0,
        0,
        0,
        0,
        0,
        0,
        0,
        0,
        0,
        0,
        0,
        0,
        0,
        0,
        0,
        0,
        0
      ]
    }
  ]
}
