{
  "results": [
    {
      "command": "./bin/xoofx/aot/1brc ./inputs/measurements.txt",
      "mean": 0.38756447467000005,
      "stddev": 0.012598998272734729,
      "median": 0.38391141782000004,
      "user": 18.04964878,
      "system": 1.9905593899999996,
      "min": 0.36343935182000003,
      "max": 0.42064317882,
      "times": [
        0.37956349082,
        0.40742506282,
        0.42064317882,
        0.39145088182000004,
        0.37863989882000004,
        0.38317503182000007,
        0.38382654782000003,
        0.38887573982000007,
        0.38399628782000006,
        0.37409663582,
        0.40247153582000006,
        0.38309096782,
        0.36343935182000003,
        0.38751767382,
        0.38156772182000004,
        0.38004718782,
        0.38874063082000004,
        0.38207838082000006,
        0.38936679582000006,
        0.40127649082000005
      ],
      "exit_codes": [
        0,
        0,
        0,
        0,
        0,
        0,
        0,
        0,
        0,
        0,
        0,
        0,
        0,
        0,
        0,
        0,
        0,
        0,
        0,
        0
      ]
    }
  ]
}
