{
  "results": [
    {
      "command": "./bin/xoofx/aot/1brc ./inputs/measurements.txt",
      "mean": 0.5154393717000001,
      "stddev": 0.012939597304990445,
      "median": 0.5149829606,
      "user": 20.277729700000002,
      "system": 2.57947806,
      "min": 0.4904542051,
      "max": 0.5361918211000001,
      "times": [
        0.5085166601000001,
        0.5149119461,
        0.5361918211000001,
        0.4978008551,
        0.5227776241000001,
        0.5223549621000001,
        0.5136530861,
        0.5239299291,
        0.5055377651,
        0.5071001231000001,
        0.5122618391000001,
        0.5215665771000001,
        0.5150539751000001,
        0.5351511131000001,
        0.4914630721,
        0.5274998281000001,
        0.5219257871,
        0.5297019301000001,
        0.4904542051,
        0.5109343351000001
      ],
      "exit_codes": [
        0,
        0,
        0,
        0,
        0,
        0,
        0,
        0,
        0,
        0,
        0,
        0,
        0,
        0,
        0,
        0,
        0,
        0,
        0,
        0
      ]
    }
  ]
}
