{
  "results": [
    {
      "command": "./bin/xoofx/aot/1brc ./inputs/measurements.txt",
      "mean": 1.74800308355,
      "stddev": 0.0574005431349478,
      "median": 1.7501306884,
      "user": 12.41701994,
      "system": 1.30399931,
      "min": 1.6266245569,
      "max": 1.8457956289000002,
      "times": [
        1.6266245569,
        1.6793639518999999,
        1.7167650129,
        1.7482990079,
        1.7464935759,
        1.7272753049,
        1.7519623689,
        1.7955798959,
        1.7582393179,
        1.7071279958999999,
        1.6644937639000001,
        1.7819522268999999,
        1.8457956289000002,
        1.7642070549000002,
        1.8025124309,
        1.7212082959000001,
        1.7863244499000002,
        1.6940316639,
        1.7980629819,
        1.8437421849000002
      ],
      "exit_codes": [
        0,
        0,
        0,
        0,
        0,
        0,
        0,
        0,
        0,
        0,
        0,
        0,
        0,
        0,
        0,
        0,
        0,
        0,
        0,
        0
      ]
    }
  ]
}
