{
  "results": [
    {
      "command": "./bin/xoofx/aot/1brc ./inputs/measurements.txt",
      "mean": 1.80253111314,
      "stddev": 0.009535773477633949,
      "median": 1.80221738084,
      "user": 19.62751712,
      "system": 1.6217705299999996,
      "min": 1.7881313078399999,
      "max": 1.82107016284,
      "times": [
        1.7881313078399999,
        1.79370785584,
        1.78927514984,
        1.79250924984,
        1.79931358684,
        1.81688501184,
        1.80258208584,
        1.82107016284,
        1.80640432884,
        1.80390047884,
        1.81714820584,
        1.79613848684,
        1.80123643084,
        1.7944958758399998,
        1.80185267584,
        1.81026390484,
        1.80615233484,
        1.80698506084,
        1.8105663108399999,
        1.79200375784
      ],
      "exit_codes": [
        0,
        0,
        0,
        0,
        0,
        0,
        0,
        0,
        0,
        0,
        0,
        0,
        0,
        0,
        0,
        0,
        0,
        0,
        0,
        0
      ]
    }
  ]
}
