{
  "results": [
    {
      "command": "./bin/xoofx/aot/1brc ./inputs/measurements.txt",
      "mean": 0.34654721702,
      "stddev": 0.011678967671666204,
      "median": 0.34553070222000004,
      "user": 17.364801240000002,
      "system": 4.22515704,
      "min": 0.31874811072000003,
      "max": 0.36568389472,
      "times": [
        0.35578280372000004,
        0.31874811072000003,
        0.34078044772000005,
        0.34387524072000003,
        0.36568389472,
        0.34992580772000004,
        0.32998923672,
        0.32907989572,
        0.35032820972000006,
        0.34364890772000006,
        0.35831327472,
        0.34045035872,
        0.35668889372000007,
        0.33920444972,
        0.35666824272000003,
        0.35890836772000007,
        0.34571977272000004,
        0.34435423672000004,
        0.34534163172000004,
        0.35745255672000004
      ],
      "exit_codes": [
        0,
        0,
        0,
        0,
        0,
        0,
        0,
        0,
        0,
        0,
        0,
        0,
        0,
        0,
        0,
        0,
        0,
        0,
        0,
        0
      ]
    }
  ]
}
