{
  "results": [
    {
      "command": "./bin/xoofx/aot/1brc ./inputs/measurements.txt",
      "mean": 0.36041350803000005,
      "stddev": 0.017177156881625338,
      "median": 0.35819250688000004,
      "user": 13.125668620000003,
      "system": 1.5292597799999996,
      "min": 0.34034355888000006,
      "max": 0.40234126888000005,
      "times": [
        0.34373775788000005,
        0.35768884388000005,
        0.34304949988000005,
        0.40234126888000005,
        0.34034355888000006,
        0.36956276488000006,
        0.34582703388,
        0.34570268688000005,
        0.35639019388000004,
        0.35869616988,
        0.34870313288000004,
        0.37328596288000004,
        0.36036648388000003,
        0.39051040288000005,
        0.35938355888000006,
        0.38953110788000006,
        0.36233454188,
        0.35183611788,
        0.36227622988,
        0.34670284288000003
      ],
      "exit_codes": [
        0,
        0,
        0,
        0,
        0,
        0,
        0,
        0,
        0,
        0,
        0,
        0,
        0,
        0,
        0,
        0,
        0,
        0,
        0,
        0
      ]
    }
  ]
}
