{
  "results": [
    {
      "command": "./bin/xoofx/aot/1brc ./inputs/measurements.txt",
      "mean": 0.6348651718200001,
      "stddev": 0.014994525025684454,
      "median": 0.63615609772,
      "user": 12.462714309999999,
      "system": 1.35555788,
      "min": 0.60698614722,
      "max": 0.66307914222,
      "times": [
        0.63666125122,
        0.62967861222,
        0.64944605422,
        0.64021954922,
        0.60698614722,
        0.63891860622,
        0.61619751022,
        0.61991195722,
        0.61444572222,
        0.63623287722,
        0.66307914222,
        0.65719338522,
        0.63599160322,
        0.63607931822,
        0.61309977722,
        0.64175660522,
        0.63196729922,
        0.63530297622,
        0.65381209122,
        0.64032295122
      ],
      "exit_codes": [
        0,
        0,
        0,
        0,
        0,
        0,
        0,
        0,
        0,
        0,
        0,
        0,
        0,
        0,
        0,
        0,
        0,
        0,
        0,
        0
      ]
    }
  ]
}
