{
  "results": [
    {
      "command": "./bin/xoofx/aot/1brc ./inputs/measurements.txt",
      "mean": 0.33642174479,
      "stddev": 0.004292958456168024,
      "median": 0.33717313494,
      "user": 13.209645619999998,
      "system": 2.5412881799999996,
      "min": 0.32787036044,
      "max": 0.34312907444,
      "times": [
        0.33737047944000004,
        0.34302361444,
        0.33573585844000003,
        0.34181465744,
        0.33251226944,
        0.33384327344000003,
        0.33501219844,
        0.32787036044,
        0.33910052644000005,
        0.33139746944000004,
        0.33253790444000003,
        0.34312907444,
        0.33830272544,
        0.33832849644,
        0.33224449744,
        0.33103224044,
        0.34096937344,
        0.33968660244000004,
        0.33754748344,
        0.33697579044000003
      ],
      "exit_codes": [
        0,
        0,
        0,
        0,
        0,
        0,
        0,
        0,
        0,
        0,
        0,
        0,
        0,
        0,
        0,
        0,
        0,
        0,
        0,
        0
      ]
    }
  ]
}
