{
  "results": [
    {
      "command": "./bin/xoofx/aot/1brc ./inputs/measurements.txt",
      "mean": 1.15837474754,
      "stddev": 0.07686096422916071,
      "median": 1.1655441566400002,
      "user": 18.37210847,
      "system": 1.74132027,
      "min": 0.98541502964,
      "max": 1.28159816664,
      "times": [
        1.2372016116400002,
        1.1638414696400001,
        1.01719950264,
        1.13478426364,
        1.28159816664,
        1.2239841656400001,
        1.21304534564,
        1.1580335696400001,
        1.21006870964,
        1.19065276764,
        1.0846755916400002,
        0.98541502964,
        1.16404658464,
        1.13601181264,
        1.19063270664,
        1.2202460076400001,
        1.21453127464,
        1.16704172864,
        1.03612261164,
        1.1383620306400002
      ],
      "exit_codes": [
        0,
        0,
        0,
        0,
        0,
        0,
        0,
        0,
        0,
        0,
        0,
        0,
        0,
        0,
        0,
        0,
        0,
        0,
        0,
        0
      ]
    }
  ]
}
