{
  "results": [
    {
      "command": "./calculate_average_abeobk.sh",
      "mean": 6.063726679759999,
      "stddev": 0.004685652501520249,
      "median": 6.06449273076,
      "user": 0.0009006066666666666,
      "system": 0.003129213333333333,
      "min": 6.05870520476,
      "max": 6.06798210376,
      "times": [
        6.06798210376,
        6.05870520476,
        6.06449273076
      ],
      "exit_codes": [
        0,
        0,
        0
      ]
    }
  ]
}
