{
  "results": [
    {
      "command": "./calculate_average_abeobk.sh",
      "mean": 4.78461719142,
      "stddev": 0.005099903526937995,
      "median": 4.7859453724200005,
      "user": 0.0034156399999999997,
      "system": 0.0006846933333333333,
      "min": 4.7789846034200005,
      "max": 4.78892159842,
      "times": [
        4.78892159842,
        4.7789846034200005,
        4.7859453724200005
      ],
      "exit_codes": [
        0,
        0,
        0
      ]
    }
  ]
}
