{
  "results": [
    {
      "command": "./calculate_average_artsiomkorzun.sh",
      "mean": 3.63238991824,
      "stddev": 0.00481011322332146,
      "median": 3.6318954242399997,
      "user": 0.002671846666666666,
      "system": 0.0015230133333333333,
      "min": 3.6278461532399997,
      "max": 3.63742817724,
      "times": [
        3.63742817724,
        3.6278461532399997,
        3.6318954242399997
      ],
      "exit_codes": [
        0,
        0,
        0
      ]
    }
  ]
}
