{
  "results": [
    {
      "command": "./calculate_average_artsiomkorzun.sh",
      "mean": 3.348134332326667,
      "stddev": 0.008894605057967955,
      "median": 3.34419726066,
      "user": 0.0017886266666666667,
      "system": 0.002310053333333333,
      "min": 3.34188772366,
      "max": 3.35831801266,
      "times": [
        3.34419726066,
        3.35831801266,
        3.34188772366
      ],
      "exit_codes": [
        0,
        0,
        0
      ]
    }
  ]
}
