{
  "results": [
    {
      "command": "./bin/austindonisan/aot/1brc ./inputs/measurements.txt 6 1",
      "mean": 3.8509957624333335,
      "stddev": 0.005254110736048364,
      "median": 3.8486983371,
      "user": 0.014515519999999999,
      "system": 0.004717946666666666,
      "min": 3.8472816511,
      "max": 3.8570072991,
      "times": [
        3.8570072991,
        3.8472816511,
        3.8486983371
      ],
      "exit_codes": [
        0,
        0,
        0
      ]
    }
  ]
}
