{
  "results": [
    {
      "command": "./bin/austindonisan/aot/1brc ./inputs/measurements.txt 12 1",
      "mean": 2.8907339404333334,
      "stddev": 0.014151393669167832,
      "median": 2.8837812381,
      "user": 0.010776033333333332,
      "system": 0.006236093333333334,
      "min": 2.8814037741000003,
      "max": 2.9070168091000004,
      "times": [
        2.8814037741000003,
        2.9070168091000004,
        2.8837812381
      ],
      "exit_codes": [
        0,
        0,
        0
      ]
    }
  ]
}
