{
  "results": [
    {
      "command": "./bin/buybackoff/aot/1brc ./inputs/measurements.txt",
      "mean": 2.9073655276733334,
      "stddev": 0.014901590010655044,
      "median": 2.9141960843400003,
      "user": 0.0154066,
      "system": 0.004134906666666666,
      "min": 2.89027307834,
      "max": 2.91762742034,
      "times": [
        2.9141960843400003,
        2.91762742034,
        2.89027307834
      ],
      "exit_codes": [
        0,
        0,
        0
      ]
    }
  ]
}
