{
  "results": [
    {
      "command": "./bin/buybackoff/aot/1brc ./inputs/measurements.txt",
      "mean": 3.0835872800999997,
      "stddev": 0.009383711305969518,
      "median": 3.0877997731,
      "user": 0.011375446666666665,
      "system": 0.007456153333333333,
      "min": 3.0728355021,
      "max": 3.0901265651,
      "times": [
        3.0901265651,
        3.0728355021,
        3.0877997731
      ],
      "exit_codes": [
        0,
        0,
        0
      ]
    }
  ]
}
