{
  "results": [
    {
      "command": "./bin/CameronAavik/aot/1brc ./inputs/measurements.txt",
      "mean": 6.0026241021799995,
      "stddev": 0.018111148448257654,
      "median": 5.9930940671799995,
      "user": 58.884771926666666,
      "system": 1.33262766,
      "min": 5.99126778218,
      "max": 6.0235104571799996,
      "times": [
        5.99126778218,
        6.0235104571799996,
        5.9930940671799995
      ],
      "exit_codes": [
        0,
        0,
        0
      ]
    }
  ]
}
