{
  "results": [
    {
      "command": "./bin/CameronAavik/aot/1brc ./inputs/measurements.txt",
      "mean": 7.754148045406667,
      "stddev": 0.018336165602990766,
      "median": 7.75907609274,
      "user": 39.557354293333326,
      "system": 0.8395706199999999,
      "min": 7.73385144674,
      "max": 7.76951659674,
      "times": [
        7.76951659674,
        7.73385144674,
        7.75907609274
      ],
      "exit_codes": [
        0,
        0,
        0
      ]
    }
  ]
}
