{
  "results": [
    {
      "command": "./bin/dzaima/aot/1brc ./inputs/measurements.txt",
      "mean": 4.326037119193333,
      "stddev": 0.025129996003367763,
      "median": 4.33533422986,
      "user": 28.602176359999998,
      "system": 0.9520814999999999,
      "min": 4.2975833228599996,
      "max": 4.34519380486,
      "times": [
        4.2975833228599996,
        4.33533422986,
        4.34519380486
      ],
      "exit_codes": [
        0,
        0,
        0
      ]
    }
  ]
}
