{
  "results": [
    {
      "command": "./bin/dzaima/aot/1brc ./inputs/measurements.txt",
      "mean": 4.429987562453333,
      "stddev": 0.028389466136950398,
      "median": 4.4419304771200006,
      "user": 23.94184301333333,
      "system": 0.7732822466666667,
      "min": 4.39757774512,
      "max": 4.45045446512,
      "times": [
        4.39757774512,
        4.45045446512,
        4.4419304771200006
      ],
      "exit_codes": [
        0,
        0,
        0
      ]
    }
  ]
}
