{
  "results": [
    {
      "command": "./calculate_average_jerrinot.sh",
      "mean": 3.2727314663933336,
      "stddev": 0.00431332627971569,
      "median": 3.27204992506,
      "user": 0.004634433333333333,
      "system": 0.0,
      "min": 3.2687994850599997,
      "max": 3.27734498906,
      "times": [
        3.2687994850599997,
        3.27734498906,
        3.27204992506
      ],
      "exit_codes": [
        0,
        0,
        0
      ]
    }
  ]
}
