{
  "results": [
    {
      "command": "./calculate_average_jerrinot.sh",
      "mean": 4.328627041626667,
      "stddev": 0.0022008269455604176,
      "median": 4.32956995996,
      "user": 0.00228306,
      "system": 0.0023688266666666664,
      "min": 4.32611185596,
      "max": 4.33019930896,
      "times": [
        4.32956995996,
        4.33019930896,
        4.32611185596
      ],
      "exit_codes": [
        0,
        0,
        0
      ]
    }
  ]
}
