{
  "results": [
    {
      "command": "./bin/kpocza/aot/1brc ./inputs/measurements.txt",
      "mean": 4.848270022753333,
      "stddev": 0.010094818594255548,
      "median": 4.84610926342,
      "user": 27.014984766666668,
      "system": 0.8103433133333332,
      "min": 4.83943053842,
      "max": 4.859270266419999,
      "times": [
        4.84610926342,
        4.859270266419999,
        4.83943053842
      ],
      "exit_codes": [
        0,
        0,
        0
      ]
    }
  ]
}
