{
  "results": [
    {
      "command": "./bin/kpocza/aot/1brc ./inputs/measurements.txt",
      "mean": 3.8039236879866665,
      "stddev": 0.011780221975498181,
      "median": 3.79735918632,
      "user": 41.26984337999999,
      "system": 1.1387182999999999,
      "min": 3.79688827832,
      "max": 3.81752359932,
      "times": [
        3.79688827832,
        3.79735918632,
        3.81752359932
      ],
      "exit_codes": [
        0,
        0,
        0
      ]
    }
  ]
}
