{
  "results": [
    {
      "command": "./bin/lehuyduc/aot/1brc ./inputs/measurements.txt",
      "mean": 3.0107252708933334,
      "stddev": 0.030652163756632687,
      "median": 3.02475232756,
      "user": 0.0014702400000000003,
      "system": 0.000060960000000000006,
      "min": 2.97556948956,
      "max": 3.03185399556,
      "times": [
        3.03185399556,
        3.02475232756,
        2.97556948956
      ],
      "exit_codes": [
        0,
        0,
        0
      ]
    }
  ]
}
