{
  "results": [
    {
      "command": "./bin/lehuyduc/aot/1brc ./inputs/measurements.txt",
      "mean": 2.6578758587933335,
      "stddev": 0.01843362634351732,
      "median": 2.66281175646,
      "user": 0.0011407733333333332,
      "system": 0.0003993733333333333,
      "min": 2.63747675646,
      "max": 2.67333906346,
      "times": [
        2.67333906346,
        2.63747675646,
        2.66281175646
      ],
      "exit_codes": [
        0,
        0,
        0
      ]
    }
  ]
}
