{
  "results": [
    {
      "command": "./calculate_average_mtopolnik.sh",
      "mean": 4.043835708246667,
      "stddev": 0.0362457537411095,
      "median": 4.03261500358,
      "user": 0.009028886666666666,
      "system": 0.035640526666666665,
      "min": 4.01452720458,
      "max": 4.08436491658,
      "times": [
        4.08436491658,
        4.03261500358,
        4.01452720458
      ],
      "exit_codes": [
        0,
        0,
        0
      ]
    }
  ]
}
