{
  "results": [
    {
      "command": "./bin/mtopolnik-rs/aot/1brc ./inputs/measurements.txt",
      "mean": 4.96080970032,
      "stddev": 0.007877307908835311,
      "median": 4.95952154032,
      "user": 27.625298519999998,
      "system": 0.8135877466666667,
      "min": 4.95365586632,
      "max": 4.9692516943200005,
      "times": [
        4.95952154032,
        4.95365586632,
        4.9692516943200005
      ],
      "exit_codes": [
        0,
        0,
        0
      ]
    }
  ]
}
