{
  "results": [
    {
      "command": "./bin/mtopolnik-rs/aot/1brc ./inputs/measurements.txt",
      "mean": 4.28466230596,
      "stddev": 0.02679216268972794,
      "median": 4.2826393639600004,
      "user": 47.134487979999996,
      "system": 1.17073834,
      "min": 4.25893895396,
      "max": 4.31240859996,
      "times": [
        4.31240859996,
        4.2826393639600004,
        4.25893895396
      ],
      "exit_codes": [
        0,
        0,
        0
      ]
    }
  ]
}
