{
  "results": [
    {
      "command": "./calculate_average_mtopolnik.sh",
      "mean": 3.7468816731133336,
      "stddev": 0.03184508707793434,
      "median": 3.74722856778,
      "user": 0.01810995333333333,
      "system": 0.03931103333333333,
      "min": 3.71486455578,
      "max": 3.77855189578,
      "times": [
        3.74722856778,
        3.77855189578,
        3.71486455578
      ],
      "exit_codes": [
        0,
        0,
        0
      ]
    }
  ]
}
