{
  "results": [
    {
      "command": "./bin/nietras/aot/1brc ./inputs/measurements.txt",
      "mean": 5.793999668873333,
      "stddev": 0.026231018200015634,
      "median": 5.79550395554,
      "user": 32.778573179999995,
      "system": 0.7544047599999999,
      "min": 5.76704887754,
      "max": 5.81944617354,
      "times": [
        5.79550395554,
        5.81944617354,
        5.76704887754
      ],
      "exit_codes": [
        0,
        0,
        0
      ]
    }
  ]
}
