{
  "results": [
    {
      "command": "./bin/nietras/aot/1brc ./inputs/measurements.txt",
      "mean": 3.9399184194266668,
      "stddev": 0.0021632870948444342,
      "median": 3.9403342817600002,
      "user": 43.420024860000005,
      "system": 1.0573830266666666,
      "min": 3.93757739076,
      "max": 3.94184358576,
      "times": [
        3.9403342817600002,
        3.93757739076,
        3.94184358576
      ],
      "exit_codes": [
        0,
        0,
        0
      ]
    }
  ]
}
