{
  "results": [
    {
      "command": "./bin/NimaAra/aot/1brc ./inputs/measurements.txt",
      "mean": 6.309447546166666,
      "stddev": 0.0017201310827013633,
      "median": 6.3104101385,
      "user": 71.91517193333334,
      "system": 1.0872617866666667,
      "min": 6.3074616195,
      "max": 6.3104708805000005,
      "times": [
        6.3104708805000005,
        6.3104101385,
        6.3074616195
      ],
      "exit_codes": [
        0,
        0,
        0
      ]
    }
  ]
}
