{
  "results": [
    {
      "command": "./bin/NimaAra/aot/1brc ./inputs/measurements.txt",
      "mean": 8.58253089414,
      "stddev": 0.01983841998566164,
      "median": 8.59368158214,
      "user": 49.66268999333332,
      "system": 0.8359603733333333,
      "min": 8.55962610914,
      "max": 8.59428499114,
      "times": [
        8.55962610914,
        8.59428499114,
        8.59368158214
      ],
      "exit_codes": [
        0,
        0,
        0
      ]
    }
  ]
}
