{
  "results": [
    {
      "command": "./bin/noahfalk/aot/1brc ./inputs/measurements.txt",
      "mean": 3.5410175124266665,
      "stddev": 0.0033221662063094492,
      "median": 3.54268658376,
      "user": 19.20909572,
      "system": 1.764254453333333,
      "min": 3.5371917497600003,
      "max": 3.54317420376,
      "times": [
        3.5371917497600003,
        3.54268658376,
        3.54317420376
      ],
      "exit_codes": [
        0,
        0,
        0
      ]
    }
  ]
}
