{
  "results": [
    {
      "command": "./bin/noahfalk/aot/1brc ./inputs/measurements.txt",
      "mean": 2.849071121493333,
      "stddev": 0.010691491979493673,
      "median": 2.85150375416,
      "user": 30.601760726666665,
      "system": 2.555768013333333,
      "min": 2.83737292916,
      "max": 2.85833668116,
      "times": [
        2.83737292916,
        2.85833668116,
        2.85150375416
      ],
      "exit_codes": [
        0,
        0,
        0
      ]
    }
  ]
}
