{
  "results": [
    {
      "command": "./bin/pedrosakuma/aot/1brc ./inputs/measurements.txt",
      "mean": 8.320351620066665,
      "stddev": 0.019504716395302216,
      "median": 8.3237700264,
      "user": 47.34218182000001,
      "system": 0.9256048466666665,
      "min": 8.299363676399999,
      "max": 8.337921157399999,
      "times": [
        8.3237700264,
        8.299363676399999,
        8.337921157399999
      ],
      "exit_codes": [
        0,
        0,
        0
      ]
    }
  ]
}
