{
  "results": [
    {
      "command": "./bin/pedrosakuma/aot/1brc ./inputs/measurements.txt",
      "mean": 6.094356561853332,
      "stddev": 0.014720714978564432,
      "median": 6.091802868519999,
      "user": 67.37529346666666,
      "system": 1.3838728866666665,
      "min": 6.0810797685199995,
      "max": 6.110187048519999,
      "times": [
        6.0810797685199995,
        6.091802868519999,
        6.110187048519999
      ],
      "exit_codes": [
        0,
        0,
        0
      ]
    }
  ]
}
