{
  "results": [
    {
      "command": "./calculate_average_royvanrijn.sh",
      "mean": 4.407435035893333,
      "stddev": 0.04835094562545023,
      "median": 4.38321027956,
      "user": 0.002420773333333333,
      "system": 0.0016218799999999998,
      "min": 4.37598498956,
      "max": 4.46310983856,
      "times": [
        4.38321027956,
        4.46310983856,
        4.37598498956
      ],
      "exit_codes": [
        0,
        0,
        0
      ]
    }
  ]
}
