{
  "results": [
    {
      "command": "./calculate_average_royvanrijn.sh",
      "mean": 4.0214501584599995,
      "stddev": 0.012074821850755054,
      "median": 4.01526860746,
      "user": 0.00176426,
      "system": 0.002483273333333333,
      "min": 4.01371768846,
      "max": 4.03536417946,
      "times": [
        4.01526860746,
        4.01371768846,
        4.03536417946
      ],
      "exit_codes": [
        0,
        0,
        0
      ]
    }
  ]
}
