{
  "results": [
    {
      "command": "./calculate_average_stephenvonworley.sh",
      "mean": 3.888886159366667,
      "stddev": 0.017163034248351458,
      "median": 3.8861450296999998,
      "user": 0.00370168,
      "system": 0.00045543999999999994,
      "min": 3.8732586536999998,
      "max": 3.9072547947,
      "times": [
        3.8861450296999998,
        3.8732586536999998,
        3.9072547947
      ],
      "exit_codes": [
        0,
        0,
        0
      ]
    }
  ]
}
