{
  "results": [
    {
      "command": "./calculate_average_stephenvonworley.sh",
      "mean": 4.0658584499599995,
      "stddev": 0.00511123006892394,
      "median": 4.06831413596,
      "user": 0.00268754,
      "system": 0.0014230666666666663,
      "min": 4.05998282496,
      "max": 4.06927838896,
      "times": [
        4.06927838896,
        4.06831413596,
        4.05998282496
      ],
      "exit_codes": [
        0,
        0,
        0
      ]
    }
  ]
}
