{
  "results": [
    {
      "command": "./calculate_average_thomaswue.sh",
      "mean": 4.54853408292,
      "stddev": 0.008926391425213575,
      "median": 4.54597425892,
      "user": 0.0037901266666666663,
      "system": 0.00035381999999999997,
      "min": 4.54116726492,
      "max": 4.55846072492,
      "times": [
        4.54597425892,
        4.54116726492,
        4.55846072492
      ],
      "exit_codes": [
        0,
        0,
        0
      ]
    }
  ]
}
