{
  "results": [
    {
      "command": "./calculate_average_thomaswue.sh",
      "mean": 4.722252710126667,
      "stddev": 0.0095438187599805,
      "median": 4.7258850484599995,
      "user": 0.0019302733333333329,
      "system": 0.0022406866666666667,
      "min": 4.7114260434599995,
      "max": 4.729447038459999,
      "times": [
        4.729447038459999,
        4.7114260434599995,
        4.7258850484599995
      ],
      "exit_codes": [
        0,
        0,
        0
      ]
    }
  ]
}
