{
  "results": [
    {
      "command": "./bin/xoofx/aot/1brc ./inputs/measurements.txt",
      "mean": 6.472429649086667,
      "stddev": 0.12419019008843277,
      "median": 6.50242211842,
      "user": 34.64409980666667,
      "system": 1.8455109733333332,
      "min": 6.33598983842,
      "max": 6.57887699042,
      "times": [
        6.57887699042,
        6.33598983842,
        6.50242211842
      ],
      "exit_codes": [
        0,
        0,
        0
      ]
    }
  ]
}
