{
  "results": [
    {
      "command": "./bin/xoofx/aot/1brc ./inputs/measurements.txt",
      "mean": 4.743991895433333,
      "stddev": 0.02739663222918772,
      "median": 4.7498184321,
      "user": 53.46168029333333,
      "system": 2.3133252066666667,
      "min": 4.7141506851,
      "max": 4.7680065691,
      "times": [
        4.7141506851,
        4.7498184321,
        4.7680065691
      ],
      "exit_codes": [
        0,
        0,
        0
      ]
    }
  ]
}
