{
  "results": [
    {
      "command": "./calculate_average_abeobk.sh",
      "mean": 0.9071038505666668,
      "stddev": 0.014568345231131843,
      "median": 0.9006240009,
      "user": 0.003911526666666666,
      "system": 0.0012637466666666666,
      "min": 0.8968996189000001,
      "max": 0.9237879319000001,
      "times": [
        0.9237879319000001,
        0.9006240009,
        0.8968996189000001
      ],
      "exit_codes": [
        0,
        0,
        0
      ]
    }
  ]
}
