{
  "results": [
    {
      "command": "./calculate_average_abeobk.sh",
      "mean": 3.6134732303666666,
      "stddev": 0.009990954202819135,
      "median": 3.6145654866999997,
      "user": 0.0035460400000000003,
      "system": 0.00037856,
      "min": 3.6029810277,
      "max": 3.6228731766999998,
      "times": [
        3.6228731766999998,
        3.6145654866999997,
        3.6029810277
      ],
      "exit_codes": [
        0,
        0,
        0
      ]
    }
  ]
}
