{
  "results": [
    {
      "command": "./calculate_average_abeobk.sh",
      "mean": 1.7693944476,
      "stddev": 0.0035335722672335057,
      "median": 1.7700095466,
      "user": 0.0012726999999999999,
      "system": 0.0034045800000000004,
      "min": 1.7655937086,
      "max": 1.7725800876000002,
      "times": [
        1.7700095466,
        1.7725800876000002,
        1.7655937086
      ],
      "exit_codes": [
        0,
        0,
        0
      ]
    }
  ]
}
