{
  "results": [
    {
      "command": "./calculate_average_abeobk.sh",
      "mean": 2.344876601453333,
      "stddev": 0.009605783844842423,
      "median": 2.34675495912,
      "user": 0.0031730066666666667,
      "system": 0.0007618,
      "min": 2.33447037912,
      "max": 2.3534044661199998,
      "times": [
        2.3534044661199998,
        2.34675495912,
        2.33447037912
      ],
      "exit_codes": [
        0,
        0,
        0
      ]
    }
  ]
}
