{
  "results": [
    {
      "command": "./calculate_average_abeobk.sh",
      "mean": 0.8978977216266667,
      "stddev": 0.002706795890225636,
      "median": 0.8989857429600001,
      "user": 0.004503513333333333,
      "system": 0.0005397333333333333,
      "min": 0.89481621196,
      "max": 0.89989120996,
      "times": [
        0.89481621196,
        0.89989120996,
        0.8989857429600001
      ],
      "exit_codes": [
        0,
        0,
        0
      ]
    }
  ]
}
