{
  "results": [
    {
      "command": "./calculate_average_abeobk.sh",
      "mean": 0.8963997648333334,
      "stddev": 0.005725170475895965,
      "median": 0.8974551355000001,
      "user": 0.0015160266666666665,
      "system": 0.00346778,
      "min": 0.8902203345,
      "max": 0.9015238245000001,
      "times": [
        0.9015238245000001,
        0.8974551355000001,
        0.8902203345
      ],
      "exit_codes": [
        0,
        0,
        0
      ]
    }
  ]
}
