{
  "results": [
    {
      "command": "./calculate_average_abeobk.sh",
      "mean": 1.1721484377533333,
      "stddev": 0.009228814604952947,
      "median": 1.1698696264200001,
      "user": 0.004174013333333333,
      "system": 0.0004505466666666666,
      "min": 1.16427250742,
      "max": 1.18230317942,
      "times": [
        1.18230317942,
        1.1698696264200001,
        1.16427250742
      ],
      "exit_codes": [
        0,
        0,
        0
      ]
    }
  ]
}
