{
  "results": [
    {
      "command": "./calculate_average_abeobk.sh",
      "mean": 0.8868317875533335,
      "stddev": 0.0022202643147968396,
      "median": 0.8878114272200001,
      "user": 0.0022624266666666664,
      "system": 0.0026633666666666667,
      "min": 0.8842901872200001,
      "max": 0.8883937482200001,
      "times": [
        0.8883937482200001,
        0.8878114272200001,
        0.8842901872200001
      ],
      "exit_codes": [
        0,
        0,
        0
      ]
    }
  ]
}
