{
  "results": [
    {
      "command": "./calculate_average_artsiomkorzun.sh",
      "mean": 0.27758756114,
      "stddev": 0.002144993100610584,
      "median": 0.27842661414000003,
      "user": 0.004134826666666667,
      "system": 0.0014778199999999997,
      "min": 0.27514987014000003,
      "max": 0.27918619914000004,
      "times": [
        0.27842661414000003,
        0.27918619914000004,
        0.27514987014000003
      ],
      "exit_codes": [
        0,
        0,
        0
      ]
    }
  ]
}
