{
  "results": [
    {
      "command": "./calculate_average_artsiomkorzun.sh",
      "mean": 1.8970186827533333,
      "stddev": 0.012201723654671237,
      "median": 1.8961566544200001,
      "user": 0.003150393333333333,
      "system": 0.0011832466666666667,
      "min": 1.88527083242,
      "max": 1.9096285614200001,
      "times": [
        1.9096285614200001,
        1.88527083242,
        1.8961566544200001
      ],
      "exit_codes": [
        0,
        0,
        0
      ]
    }
  ]
}
