{
  "results": [
    {
      "command": "./calculate_average_artsiomkorzun.sh",
      "mean": 0.9571382598600001,
      "stddev": 0.0027310948360203383,
      "median": 0.95777849286,
      "user": 0.0022843266666666665,
      "system": 0.0027149066666666663,
      "min": 0.95414392286,
      "max": 0.95949236386,
      "times": [
        0.95414392286,
        0.95777849286,
        0.95949236386
      ],
      "exit_codes": [
        0,
        0,
        0
      ]
    }
  ]
}
