{
  "results": [
    {
      "command": "./calculate_average_artsiomkorzun.sh",
      "mean": 0.44006811501333337,
      "stddev": 0.007148677886025502,
      "median": 0.43683748468,
      "user": 19.661616140000003,
      "system": 2.424667373333333,
      "min": 0.43510499068,
      "max": 0.44826186968,
      "times": [
        0.44826186968,
        0.43510499068,
        0.43683748468
      ],
      "exit_codes": [
        0,
        0,
        0
      ]
    }
  ]
}
