{
  "results": [
    {
      "command": "./calculate_average_artsiomkorzun.sh",
      "mean": 1.2998955993533332,
      "stddev": 0.0052516890349055155,
      "median": 1.29989096302,
      "user": 0.0020086266666666667,
      "system": 0.0023516,
      "min": 1.29464623002,
      "max": 1.30514960502,
      "times": [
        1.29989096302,
        1.29464623002,
        1.30514960502
      ],
      "exit_codes": [
        0,
        0,
        0
      ]
    }
  ]
}
