{
  "results": [
    {
      "command": "./calculate_average_artsiomkorzun.sh",
      "mean": 0.66325060166,
      "stddev": 0.00048377623454242584,
      "median": 0.66329803566,
      "user": 0.0013927000000000002,
      "system": 0.0037375066666666666,
      "min": 0.66274485566,
      "max": 0.6637089136600001,
      "times": [
        0.6637089136600001,
        0.66274485566,
        0.66329803566
      ],
      "exit_codes": [
        0,
        0,
        0
      ]
    }
  ]
}
