{
  "results": [
    {
      "command": "./calculate_average_artsiomkorzun.sh",
      "mean": 0.34901491939333334,
      "stddev": 0.0014243183221317826,
      "median": 0.34932095506,
      "user": 0.00214306,
      "system": 0.0029735266666666665,
      "min": 0.34746245906,
      "max": 0.35026134406,
      "times": [
        0.35026134406,
        0.34746245906,
        0.34932095506
      ],
      "exit_codes": [
        0,
        0,
        0
      ]
    }
  ]
}
