{
  "results": [
    {
      "command": "./calculate_average_artsiomkorzun.sh",
      "mean": 0.49692000195999997,
      "stddev": 0.002959165922533046,
      "median": 0.49717795696,
      "user": 0.0020488666666666666,
      "system": 0.0034067066666666665,
      "min": 0.49384030296000003,
      "max": 0.49974174596,
      "times": [
        0.49384030296000003,
        0.49974174596,
        0.49717795696
      ],
      "exit_codes": [
        0,
        0,
        0
      ]
    }
  ]
}
