{
  "results": [
    {
      "command": "./bin/austindonisan/aot/1brc ./inputs/measurements.txt 16 1",
      "mean": 0.8412607484399999,
      "stddev": 0.053676039140526564,
      "median": 0.81228637044,
      "user": 0.008918113333333333,
      "system": 0.004787186666666666,
      "min": 0.80829816144,
      "max": 0.90319771344,
      "times": [
        0.90319771344,
        0.81228637044,
        0.80829816144
      ],
      "exit_codes": [
        0,
        0,
        0
      ]
    }
  ]
}
