{
  "results": [
    {
      "command": "./bin/austindonisan/aot/1brc ./inputs/measurements.txt 32 1",
      "mean": 0.41634977738666673,
      "stddev": 0.0009130856019236917,
      "median": 0.41615615972000003,
      "user": 0.014632786666666666,
      "system": 0.00275828,
      "min": 0.41554902872000005,
      "max": 0.41734414372000006,
      "times": [
        0.41615615972000003,
        0.41554902872000005,
        0.41734414372000006
      ],
      "exit_codes": [
        0,
        0,
        0
      ]
    }
  ]
}
