{
  "results": [
    {
      "command": "./bin/austindonisan/aot/1brc ./inputs/measurements.txt 64 1",
      "mean": 0.2907081399,
      "stddev": 0.004034218119109681,
      "median": 0.2923489089,
      "user": 0.01778310666666667,
      "system": 0.008460446666666668,
      "min": 0.2861120669,
      "max": 0.2936634439,
      "times": [
        0.2936634439,
        0.2923489089,
        0.2861120669
      ],
      "exit_codes": [
        0,
        0,
        0
      ]
    }
  ]
}
