{
  "results": [
    {
      "command": "./bin/austindonisan/aot/1brc ./inputs/measurements.txt 64 1",
      "mean": 0.29070208886000004,
      "stddev": 0.0013980025315280932,
      "median": 0.28991587586000006,
      "user": 0.014348293333333333,
      "system": 0.009820306666666665,
      "min": 0.28987420686000004,
      "max": 0.29231618386,
      "times": [
        0.28987420686000004,
        0.29231618386,
        0.28991587586000006
      ],
      "exit_codes": [
        0,
        0,
        0
      ]
    }
  ]
}
