{
  "results": [
    {
      "command": "./bin/austindonisan/aot/1brc ./inputs/measurements.txt 128 1",
      "mean": 0.24865785947333333,
      "stddev": 0.003335554336598666,
      "median": 0.24738420914000003,
      "user": 0.024855399999999996,
      "system": 0.017036473333333333,
      "min": 0.24614678314000002,
      "max": 0.25244258614,
      "times": [
        0.24614678314000002,
        0.25244258614,
        0.24738420914000003
      ],
      "exit_codes": [
        0,
        0,
        0
      ]
    }
  ]
}
