{
  "results": [
    {
      "command": "./bin/austindonisan/aot/1brc ./inputs/measurements.txt 16 1",
      "mean": 0.7996257367333334,
      "stddev": 0.001808087210371319,
      "median": 0.7993187134,
      "user": 0.00988026,
      "system": 0.0035580933333333336,
      "min": 0.7979908184,
      "max": 0.8015676784,
      "times": [
        0.7993187134,
        0.7979908184,
        0.8015676784
      ],
      "exit_codes": [
        0,
        0,
        0
      ]
    }
  ]
}
