{
  "results": [
    {
      "command": "./bin/austindonisan/aot/1brc ./inputs/measurements.txt 32 1",
      "mean": 0.4837734678266667,
      "stddev": 0.06451018369525488,
      "median": 0.48004175816000005,
      "user": 0.017918886666666665,
      "system": 0.00033434666666666665,
      "min": 0.42121014016,
      "max": 0.55006850516,
      "times": [
        0.42121014016,
        0.48004175816000005,
        0.55006850516
      ],
      "exit_codes": [
        0,
        0,
        0
      ]
    }
  ]
}
