{
  "results": [
    {
      "command": "./bin/austindonisan/aot/1brc ./inputs/measurements.txt 8 1",
      "mean": 1.6040043702666669,
      "stddev": 0.045771033540698544,
      "median": 1.5973171656000003,
      "user": 0.013994993333333332,
      "system": 0.007474993333333332,
      "min": 1.5619447956,
      "max": 1.6527511496000002,
      "times": [
        1.5973171656000003,
        1.5619447956,
        1.6527511496000002
      ],
      "exit_codes": [
        0,
        0,
        0
      ]
    }
  ]
}
