{
  "results": [
    {
      "command": "./bin/buybackoff/aot/1brc ./inputs/measurements.txt",
      "mean": 0.5671417743733334,
      "stddev": 0.004335235468887049,
      "median": 0.5658635150400001,
      "user": 0.018037906666666666,
      "system": 0.013827919999999999,
      "min": 0.56358938804,
      "max": 0.57197242004,
      "times": [
        0.57197242004,
        0.56358938804,
        0.5658635150400001
      ],
      "exit_codes": [
        0,
        0,
        0
      ]
    }
  ]
}
