{
  "results": [
    {
      "command": "./bin/buybackoff/aot/1brc ./inputs/measurements.txt",
      "mean": 0.3529186471533334,
      "stddev": 0.005344269123711912,
      "median": 0.35142963082,
      "user": 0.026765593333333334,
      "system": 0.017161173333333335,
      "min": 0.34847679482,
      "max": 0.35884951582,
      "times": [
        0.34847679482,
        0.35142963082,
        0.35884951582
      ],
      "exit_codes": [
        0,
        0,
        0
      ]
    }
  ]
}
