{
  "results": [
    {
      "command": "./bin/buybackoff/aot/1brc ./inputs/measurements.txt",
      "mean": 2.0822590353666666,
      "stddev": 0.022502539649855175,
      "median": 2.0896635337,
      "user": 0.01758234666666667,
      "system": 0.00604634,
      "min": 2.0569872627,
      "max": 2.1001263097,
      "times": [
        2.0896635337,
        2.1001263097,
        2.0569872627
      ],
      "exit_codes": [
        0,
        0,
        0
      ]
    }
  ]
}
