{
  "results": [
    {
      "command": "./bin/buybackoff/aot/1brc ./inputs/measurements.txt",
      "mean": 1.5752262085800002,
      "stddev": 0.00772230807292109,
      "median": 1.57899044958,
      "user": 0.014602660000000002,
      "system": 0.011333793333333333,
      "min": 1.5663435945800002,
      "max": 1.5803445815800001,
      "times": [
        1.5803445815800001,
        1.57899044958,
        1.5663435945800002
      ],
      "exit_codes": [
        0,
        0,
        0
      ]
    }
  ]
}
