{
  "results": [
    {
      "command": "./bin/buybackoff/aot/1brc ./inputs/measurements.txt",
      "mean": 1.05920090242,
      "stddev": 0.004922694148551974,
      "median": 1.0586383244200002,
      "user": 0.017228780000000003,
      "system": 0.008938913333333333,
      "min": 1.0545836664200001,
      "max": 1.06438071642,
      "times": [
        1.06438071642,
        1.0586383244200002,
        1.0545836664200001
      ],
      "exit_codes": [
        0,
        0,
        0
      ]
    }
  ]
}
