{
  "results": [
    {
      "command": "./bin/buybackoff/aot/1brc ./inputs/measurements.txt",
      "mean": 0.48176066552,
      "stddev": 0.017990850877713325,
      "median": 0.47904131252000004,
      "user": 0.02457131333333333,
      "system": 0.0159537,
      "min": 0.46528429552000006,
      "max": 0.50095638852,
      "times": [
        0.47904131252000004,
        0.50095638852,
        0.46528429552000006
      ],
      "exit_codes": [
        0,
        0,
        0
      ]
    }
  ]
}
