{
  "results": [
    {
      "command": "./bin/buybackoff/aot/1brc ./inputs/measurements.txt",
      "mean": 0.8293274676066668,
      "stddev": 0.009669059442266635,
      "median": 0.8249307689400001,
      "user": 0.016981713333333332,
      "system": 0.013209206666666666,
      "min": 0.82263804494,
      "max": 0.8404135889400001,
      "times": [
        0.8249307689400001,
        0.8404135889400001,
        0.82263804494
      ],
      "exit_codes": [
        0,
        0,
        0
      ]
    }
  ]
}
