{
  "results": [
    {
      "command": "./bin/buybackoff/aot/1brc ./inputs/measurements.txt",
      "mean": 0.36896246808000005,
      "stddev": 0.0009107885136666071,
      "median": 0.36900034908,
      "user": 0.03604214666666666,
      "system": 0.04469682,
      "min": 0.36803333008,
      "max": 0.36985372508000003,
      "times": [
        0.36985372508000003,
        0.36900034908,
        0.36803333008
      ],
      "exit_codes": [
        0,
        0,
        0
      ]
    }
  ]
}
