{
  "results": [
    {
      "command": "./bin/CameronAavik/aot/1brc ./inputs/measurements.txt",
      "mean": 1.4552261934133333,
      "stddev": 0.001935541905414911,
      "median": 1.45498921808,
      "user": 38.772866959999995,
      "system": 1.2431851733333332,
      "min": 1.45342005008,
      "max": 1.45726931208,
      "times": [
        1.45726931208,
        1.45342005008,
        1.45498921808
      ],
      "exit_codes": [
        0,
        0,
        0
      ]
    }
  ]
}
