{
  "results": [
    {
      "command": "./bin/CameronAavik/aot/1brc ./inputs/measurements.txt",
      "mean": 5.06304198198,
      "stddev": 0.0254305438492407,
      "median": 5.05650437898,
      "user": 38.05303266666667,
      "system": 0.7241323199999998,
      "min": 5.0415184989799995,
      "max": 5.09110306798,
      "times": [
        5.09110306798,
        5.05650437898,
        5.0415184989799995
      ],
      "exit_codes": [
        0,
        0,
        0
      ]
    }
  ]
}
