{
  "results": [
    {
      "command": "./bin/CameronAavik/aot/1brc ./inputs/measurements.txt",
      "mean": 1.4566808121933332,
      "stddev": 0.019625677851048656,
      "median": 1.45721468686,
      "user": 38.98226384666666,
      "system": 0.9330476733333333,
      "min": 1.43679364386,
      "max": 1.47603410586,
      "times": [
        1.47603410586,
        1.45721468686,
        1.43679364386
      ],
      "exit_codes": [
        0,
        0,
        0
      ]
    }
  ]
}
