{
  "results": [
    {
      "command": "./bin/CameronAavik/aot/1brc ./inputs/measurements.txt",
      "mean": 1.4526415927133334,
      "stddev": 0.0013525587540600742,
      "median": 1.45253660838,
      "user": 38.65422195333333,
      "system": 1.16068212,
      "min": 1.45134458538,
      "max": 1.4540435843800001,
      "times": [
        1.4540435843800001,
        1.45253660838,
        1.45134458538
      ],
      "exit_codes": [
        0,
        0,
        0
      ]
    }
  ]
}
