{
  "results": [
    {
      "command": "./bin/CameronAavik/aot/1brc ./inputs/measurements.txt",
      "mean": 3.1698617334,
      "stddev": 0.023748105690121275,
      "median": 3.1753646314000004,
      "user": 46.30723429333333,
      "system": 0.9326641733333333,
      "min": 3.1438452654,
      "max": 3.1903753034,
      "times": [
        3.1903753034,
        3.1438452654,
        3.1753646314000004
      ],
      "exit_codes": [
        0,
        0,
        0
      ]
    }
  ]
}
