{
  "results": [
    {
      "command": "./bin/CameronAavik/aot/1brc ./inputs/measurements.txt",
      "mean": 2.693979996506666,
      "stddev": 0.09260467289118747,
      "median": 2.64527967084,
      "user": 38.20119256666666,
      "system": 0.8221484599999999,
      "min": 2.63588724484,
      "max": 2.80077307384,
      "times": [
        2.63588724484,
        2.80077307384,
        2.64527967084
      ],
      "exit_codes": [
        0,
        0,
        0
      ]
    }
  ]
}
