{
  "results": [
    {
      "command": "./bin/CameronAavik/aot/1brc ./inputs/measurements.txt",
      "mean": 1.7060747401,
      "stddev": 0.007538745797833232,
      "median": 1.7023935041,
      "user": 46.77079471333334,
      "system": 1.0973952066666668,
      "min": 1.7010838821,
      "max": 1.7147468341,
      "times": [
        1.7023935041,
        1.7010838821,
        1.7147468341
      ],
      "exit_codes": [
        0,
        0,
        0
      ]
    }
  ]
}
