{
  "results": [
    {
      "command": "./bin/CameronAavik/aot/1brc ./inputs/measurements.txt",
      "mean": 1.44796727694,
      "stddev": 0.011579423665235634,
      "median": 1.4414265369400001,
      "user": 38.900253033333335,
      "system": 0.9968028333333333,
      "min": 1.44113828594,
      "max": 1.4613370079399999,
      "times": [
        1.4414265369400001,
        1.4613370079399999,
        1.44113828594
      ],
      "exit_codes": [
        0,
        0,
        0
      ]
    }
  ]
}
