{
  "results": [
    {
      "command": "./bin/dzaima/aot/1brc ./inputs/measurements.txt",
      "mean": 2.5095501359066663,
      "stddev": 0.010543023512675545,
      "median": 2.50700538124,
      "user": 18.64798947333333,
      "system": 0.6423390800000001,
      "min": 2.50051239624,
      "max": 2.52113263024,
      "times": [
        2.50700538124,
        2.52113263024,
        2.50051239624
      ],
      "exit_codes": [
        0,
        0,
        0
      ]
    }
  ]
}
