{
  "results": [
    {
      "command": "./bin/dzaima/aot/1brc ./inputs/measurements.txt",
      "mean": 2.4966388484933333,
      "stddev": 0.0028650624803660744,
      "median": 2.49559433316,
      "user": 18.66018891333333,
      "system": 0.6264163066666666,
      "min": 2.4944425911600003,
      "max": 2.4998796211600003,
      "times": [
        2.49559433316,
        2.4944425911600003,
        2.4998796211600003
      ],
      "exit_codes": [
        0,
        0,
        0
      ]
    }
  ]
}
