{
  "results": [
    {
      "command": "./bin/dzaima/aot/1brc ./inputs/measurements.txt",
      "mean": 2.558120285086667,
      "stddev": 0.01259126149640298,
      "median": 2.55499068642,
      "user": 18.965167586666666,
      "system": 0.6423176933333333,
      "min": 2.5473889844200004,
      "max": 2.5719811844200002,
      "times": [
        2.55499068642,
        2.5719811844200002,
        2.5473889844200004
      ],
      "exit_codes": [
        0,
        0,
        0
      ]
    }
  ]
}
