{
  "results": [
    {
      "command": "./bin/dzaima/aot/1brc ./inputs/measurements.txt",
      "mean": 2.4944059902933335,
      "stddev": 0.008699746086258115,
      "median": 2.49503969996,
      "user": 18.742660186666665,
      "system": 0.6148403866666666,
      "min": 2.48540671696,
      "max": 2.50277155396,
      "times": [
        2.49503969996,
        2.48540671696,
        2.50277155396
      ],
      "exit_codes": [
        0,
        0,
        0
      ]
    }
  ]
}
