{
  "results": [
    {
      "command": "./bin/dzaima/aot/1brc ./inputs/measurements.txt",
      "mean": 2.47701272762,
      "stddev": 0.009065226016768653,
      "median": 2.47489902062,
      "user": 18.634502,
      "system": 0.6202398399999999,
      "min": 2.46919109562,
      "max": 2.48694806662,
      "times": [
        2.48694806662,
        2.47489902062,
        2.46919109562
      ],
      "exit_codes": [
        0,
        0,
        0
      ]
    }
  ]
}
