{
  "results": [
    {
      "command": "./bin/dzaima/aot/1brc ./inputs/measurements.txt",
      "mean": 2.507611208953333,
      "stddev": 0.017849383222889696,
      "median": 2.50325458862,
      "user": 18.71332368,
      "system": 0.63425364,
      "min": 2.49234344862,
      "max": 2.5272355896199996,
      "times": [
        2.50325458862,
        2.5272355896199996,
        2.49234344862
      ],
      "exit_codes": [
        0,
        0,
        0
      ]
    }
  ]
}
