{
  "results": [
    {
      "command": "./bin/dzaima/aot/1brc ./inputs/measurements.txt",
      "mean": 2.4854264471133334,
      "stddev": 0.01349729495998838,
      "median": 2.48235340478,
      "user": 18.640581006666665,
      "system": 0.6242419933333333,
      "min": 2.4737306487799997,
      "max": 2.50019528778,
      "times": [
        2.48235340478,
        2.4737306487799997,
        2.50019528778
      ],
      "exit_codes": [
        0,
        0,
        0
      ]
    }
  ]
}
