{
  "results": [
    {
      "command": "./bin/dzaima/aot/1brc ./inputs/measurements.txt",
      "mean": 2.5601418111400003,
      "stddev": 0.017556984874452054,
      "median": 2.56017231514,
      "user": 18.998839086666667,
      "system": 0.6429238933333333,
      "min": 2.54256959414,
      "max": 2.5776835241400002,
      "times": [
        2.5776835241400002,
        2.54256959414,
        2.56017231514
      ],
      "exit_codes": [
        0,
        0,
        0
      ]
    }
  ]
}
