{
  "results": [
    {
      "command": "./calculate_average_jerrinot.sh",
      "mean": 0.8979691062933334,
      "stddev": 0.0045035517550021205,
      "median": 0.89537289996,
      "user": 0.00200118,
      "system": 0.0036138533333333334,
      "min": 0.89536506096,
      "max": 0.9031693579600001,
      "times": [
        0.89537289996,
        0.89536506096,
        0.9031693579600001
      ],
      "exit_codes": [
        0,
        0,
        0
      ]
    }
  ]
}
