{
  "results": [
    {
      "command": "./calculate_average_jerrinot.sh",
      "mean": 0.7163281497799999,
      "stddev": 0.0025889661725489966,
      "median": 0.71584004378,
      "user": 0.0033053133333333334,
      "system": 0.0030579333333333332,
      "min": 0.7140179787800001,
      "max": 0.71912642678,
      "times": [
        0.7140179787800001,
        0.71584004378,
        0.71912642678
      ],
      "exit_codes": [
        0,
        0,
        0
      ]
    }
  ]
}
