{
  "results": [
    {
      "command": "./calculate_average_jerrinot.sh",
      "mean": 0.7201937413933335,
      "stddev": 0.0025253851761773438,
      "median": 0.7203673820600001,
      "user": 0.0032888999999999995,
      "system": 0.0027661799999999996,
      "min": 0.7175860170600001,
      "max": 0.7226278250600001,
      "times": [
        0.7226278250600001,
        0.7175860170600001,
        0.7203673820600001
      ],
      "exit_codes": [
        0,
        0,
        0
      ]
    }
  ]
}
