{
  "results": [
    {
      "command": "./calculate_average_jerrinot.sh",
      "mean": 2.3905511822466665,
      "stddev": 0.013361052875985978,
      "median": 2.39025224458,
      "user": 0.0024832933333333333,
      "system": 0.0021761333333333334,
      "min": 2.37734210658,
      "max": 2.40405919558,
      "times": [
        2.37734210658,
        2.39025224458,
        2.40405919558
      ],
      "exit_codes": [
        0,
        0,
        0
      ]
    }
  ]
}
