{
  "results": [
    {
      "command": "./calculate_average_jerrinot.sh",
      "mean": 1.6524117870933335,
      "stddev": 0.004109694656229562,
      "median": 1.65394514876,
      "user": 0.003008653333333333,
      "system": 0.0016037999999999998,
      "min": 1.6477558657600002,
      "max": 1.65553434676,
      "times": [
        1.65394514876,
        1.6477558657600002,
        1.65553434676
      ],
      "exit_codes": [
        0,
        0,
        0
      ]
    }
  ]
}
