{
  "results": [
    {
      "command": "./calculate_average_jerrinot.sh",
      "mean": 0.7077904809666666,
      "stddev": 0.004173776792655102,
      "median": 0.7089819333,
      "user": 0.005287253333333333,
      "system": 0.0005870533333333333,
      "min": 0.7031505313,
      "max": 0.7112389783,
      "times": [
        0.7112389783,
        0.7031505313,
        0.7089819333
      ],
      "exit_codes": [
        0,
        0,
        0
      ]
    }
  ]
}
