{
  "results": [
    {
      "command": "./calculate_average_jerrinot.sh",
      "mean": 1.2562165176933335,
      "stddev": 0.007935490898383081,
      "median": 1.25707600936,
      "user": 0.003299933333333333,
      "system": 0.00240172,
      "min": 1.2478862673600002,
      "max": 1.26368727636,
      "times": [
        1.26368727636,
        1.25707600936,
        1.2478862673600002
      ],
      "exit_codes": [
        0,
        0,
        0
      ]
    }
  ]
}
