{
  "results": [
    {
      "command": "./calculate_average_jerrinot.sh",
      "mean": 0.7080180452466668,
      "stddev": 0.004245151641219956,
      "median": 0.70771301358,
      "user": 0.0025821466666666668,
      "system": 0.0034735466666666673,
      "min": 0.7039336365800001,
      "max": 0.7124074855800001,
      "times": [
        0.70771301358,
        0.7124074855800001,
        0.7039336365800001
      ],
      "exit_codes": [
        0,
        0,
        0
      ]
    }
  ]
}
