{
  "results": [
    {
      "command": "./bin/kpocza/aot/1brc ./inputs/measurements.txt",
      "mean": 0.8738657476933334,
      "stddev": 0.0030500590743485975,
      "median": 0.87436350036,
      "user": 20.19565778666666,
      "system": 0.7061947133333334,
      "min": 0.87059742736,
      "max": 0.87663631536,
      "times": [
        0.87059742736,
        0.87663631536,
        0.87436350036
      ],
      "exit_codes": [
        0,
        0,
        0
      ]
    }
  ]
}
