{
  "results": [
    {
      "command": "./bin/kpocza/aot/1brc ./inputs/measurements.txt",
      "mean": 2.8669630024866666,
      "stddev": 0.03178956805221509,
      "median": 2.88084700582,
      "user": 20.177599293333333,
      "system": 0.6490019399999999,
      "min": 2.83059308082,
      "max": 2.88944892082,
      "times": [
        2.83059308082,
        2.88944892082,
        2.88084700582
      ],
      "exit_codes": [
        0,
        0,
        0
      ]
    }
  ]
}
