{
  "results": [
    {
      "command": "./bin/kpocza/aot/1brc ./inputs/measurements.txt",
      "mean": 1.1415404672399998,
      "stddev": 0.0337652640747153,
      "median": 1.12227229224,
      "user": 28.169636753333332,
      "system": 0.7651823466666667,
      "min": 1.12182074524,
      "max": 1.18052836424,
      "times": [
        1.12227229224,
        1.12182074524,
        1.18052836424
      ],
      "exit_codes": [
        0,
        0,
        0
      ]
    }
  ]
}
