{
  "results": [
    {
      "command": "./bin/kpocza/aot/1brc ./inputs/measurements.txt",
      "mean": 0.58771442356,
      "stddev": 0.010207384799231823,
      "median": 0.58290256756,
      "user": 20.34727719333333,
      "system": 0.9654762866666665,
      "min": 0.58080234556,
      "max": 0.5994383575600001,
      "times": [
        0.58080234556,
        0.58290256756,
        0.5994383575600001
      ],
      "exit_codes": [
        0,
        0,
        0
      ]
    }
  ]
}
