{
  "results": [
    {
      "command": "./bin/kpocza/aot/1brc ./inputs/measurements.txt",
      "mean": 0.7143509175866667,
      "stddev": 0.02323826817365392,
      "median": 0.71354553192,
      "user": 28.198288019999996,
      "system": 0.8694841466666666,
      "min": 0.6915258119200001,
      "max": 0.7379814089200001,
      "times": [
        0.71354553192,
        0.7379814089200001,
        0.6915258119200001
      ],
      "exit_codes": [
        0,
        0,
        0
      ]
    }
  ]
}
