{
  "results": [
    {
      "command": "./bin/kpocza/aot/1brc ./inputs/measurements.txt",
      "mean": 1.5182905150600001,
      "stddev": 0.0051761887955014615,
      "median": 1.5181552200600001,
      "user": 20.175113046666663,
      "system": 0.6675435999999998,
      "min": 1.5131833000600001,
      "max": 1.52353302506,
      "times": [
        1.5181552200600001,
        1.5131833000600001,
        1.52353302506
      ],
      "exit_codes": [
        0,
        0,
        0
      ]
    }
  ]
}
