{
  "results": [
    {
      "command": "./bin/kpocza/aot/1brc ./inputs/measurements.txt",
      "mean": 2.0749740181800003,
      "stddev": 0.06282818601680093,
      "median": 2.05186968918,
      "user": 28.12491753333333,
      "system": 0.76646764,
      "min": 2.02696929018,
      "max": 2.14608307518,
      "times": [
        2.05186968918,
        2.14608307518,
        2.02696929018
      ],
      "exit_codes": [
        0,
        0,
        0
      ]
    }
  ]
}
