{
  "results": [
    {
      "command": "./bin/kpocza/aot/1brc ./inputs/measurements.txt",
      "mean": 0.5327278389733334,
      "stddev": 0.006580623285058791,
      "median": 0.53103168564,
      "user": 28.252916846666665,
      "system": 1.2474723733333333,
      "min": 0.52716133064,
      "max": 0.53999050064,
      "times": [
        0.53103168564,
        0.52716133064,
        0.53999050064
      ],
      "exit_codes": [
        0,
        0,
        0
      ]
    }
  ]
}
