{
  "results": [
    {
      "command": "./bin/lehuyduc/aot/1brc ./inputs/measurements.txt",
      "mean": 0.32905259486,
      "stddev": 0.021747004543168608,
      "median": 0.33421858886,
      "user": 0.0010549666666666666,
      "system": 0.0010137999999999998,
      "min": 0.30518776086,
      "max": 0.34775143486,
      "times": [
        0.34775143486,
        0.33421858886,
        0.30518776086
      ],
      "exit_codes": [
        0,
        0,
        0
      ]
    }
  ]
}
