{
  "results": [
    {
      "command": "./bin/lehuyduc/aot/1brc ./inputs/measurements.txt",
      "mean": 1.10534648086,
      "stddev": 0.012357144864875016,
      "median": 1.10757513586,
      "user": 0.0015840599999999998,
      "system": 0.0,
      "min": 1.09202666886,
      "max": 1.1164376378599998,
      "times": [
        1.09202666886,
        1.1164376378599998,
        1.10757513586
      ],
      "exit_codes": [
        0,
        0,
        0
      ]
    }
  ]
}
