{
  "results": [
    {
      "command": "./bin/lehuyduc/aot/1brc ./inputs/measurements.txt",
      "mean": 0.25602284006,
      "stddev": 0.002607801148611026,
      "median": 0.25634717306,
      "user": 0.0017539666666666666,
      "system": 0.00025132,
      "min": 0.25326804306,
      "max": 0.25845330406,
      "times": [
        0.25845330406,
        0.25326804306,
        0.25634717306
      ],
      "exit_codes": [
        0,
        0,
        0
      ]
    }
  ]
}
