{
  "results": [
    {
      "command": "./bin/lehuyduc/aot/1brc ./inputs/measurements.txt",
      "mean": 0.8537222750133333,
      "stddev": 0.0522230003495629,
      "median": 0.85364872068,
      "user": 0.0019391866666666664,
      "system": 0.0,
      "min": 0.80153609068,
      "max": 0.90598201368,
      "times": [
        0.90598201368,
        0.85364872068,
        0.80153609068
      ],
      "exit_codes": [
        0,
        0,
        0
      ]
    }
  ]
}
