{
  "results": [
    {
      "command": "./bin/lehuyduc/aot/1brc ./inputs/measurements.txt",
      "mean": 1.6272178904733334,
      "stddev": 0.012738277460684864,
      "median": 1.62027470414,
      "user": 0.0013337333333333333,
      "system": 0.00023663999999999998,
      "min": 1.61945970914,
      "max": 1.6419192581400002,
      "times": [
        1.61945970914,
        1.6419192581400002,
        1.62027470414
      ],
      "exit_codes": [
        0,
        0,
        0
      ]
    }
  ]
}
