{
  "results": [
    {
      "command": "./bin/lehuyduc/aot/1brc ./inputs/measurements.txt",
      "mean": 0.38559180756,
      "stddev": 0.004169123009006936,
      "median": 0.38480174856000005,
      "user": 0.0017019666666666666,
      "system": 0.00028557333333333333,
      "min": 0.38187424156,
      "max": 0.39009943256,
      "times": [
        0.39009943256,
        0.38480174856000005,
        0.38187424156
      ],
      "exit_codes": [
        0,
        0,
        0
      ]
    }
  ]
}
