{
  "results": [
    {
      "command": "./bin/lehuyduc/aot/1brc ./inputs/measurements.txt",
      "mean": 0.48787743258,
      "stddev": 0.04065624422139798,
      "median": 0.46779408458000005,
      "user": 0.0019827666666666663,
      "system": 0.0,
      "min": 0.46117098358,
      "max": 0.53466722958,
      "times": [
        0.46779408458000005,
        0.53466722958,
        0.46117098358
      ],
      "exit_codes": [
        0,
        0,
        0
      ]
    }
  ]
}
