{
  "results": [
    {
      "command": "./bin/lehuyduc/aot/1brc ./inputs/measurements.txt",
      "mean": 0.6145821928333334,
      "stddev": 0.001706225672437322,
      "median": 0.6148659055000001,
      "user": 0.0016785,
      "system": 0.0003051333333333333,
      "min": 0.6127518945000001,
      "max": 0.6161287785,
      "times": [
        0.6127518945000001,
        0.6161287785,
        0.6148659055000001
      ],
      "exit_codes": [
        0,
        0,
        0
      ]
    }
  ]
}
