{
  "results": [
    {
      "command": "./bin/mtopolnik-rs/aot/1brc ./inputs/measurements.txt",
      "mean": 0.7029262317133335,
      "stddev": 0.01939586021993435,
      "median": 0.7025801203800001,
      "user": 25.545066433333332,
      "system": 1.1599500733333332,
      "min": 0.6837057433800001,
      "max": 0.7224928313800001,
      "times": [
        0.7025801203800001,
        0.6837057433800001,
        0.7224928313800001
      ],
      "exit_codes": [
        0,
        0,
        0
      ]
    }
  ]
}
