{
  "results": [
    {
      "command": "./calculate_average_mtopolnik.sh",
      "mean": 0.8334185292666666,
      "stddev": 0.02282537889065446,
      "median": 0.8322657676,
      "user": 0.012912519999999999,
      "system": 0.029268526666666666,
      "min": 0.8111913736,
      "max": 0.8567984466,
      "times": [
        0.8111913736,
        0.8322657676,
        0.8567984466
      ],
      "exit_codes": [
        0,
        0,
        0
      ]
    }
  ]
}
