{
  "results": [
    {
      "command": "./calculate_average_mtopolnik.sh",
      "mean": 1.3829472764000001,
      "stddev": 0.025110494275846353,
      "median": 1.3862657754,
      "user": 0.013813433333333331,
      "system": 0.030031600000000002,
      "min": 1.3563425344,
      "max": 1.4062335194000002,
      "times": [
        1.3862657754,
        1.3563425344,
        1.4062335194000002
      ],
      "exit_codes": [
        0,
        0,
        0
      ]
    }
  ]
}
