{
  "results": [
    {
      "command": "./bin/mtopolnik-rs/aot/1brc ./inputs/measurements.txt",
      "mean": 1.16843181174,
      "stddev": 0.0077758421854491845,
      "median": 1.17256501274,
      "user": 25.52657945333333,
      "system": 0.7868230266666666,
      "min": 1.15946222574,
      "max": 1.17326819674,
      "times": [
        1.17326819674,
        1.17256501274,
        1.15946222574
      ],
      "exit_codes": [
        0,
        0,
        0
      ]
    }
  ]
}
