{
  "results": [
    {
      "command": "./bin/mtopolnik-rs/aot/1brc ./inputs/measurements.txt",
      "mean": 1.5560537649066666,
      "stddev": 0.02599201780602104,
      "median": 1.55806345924,
      "user": 20.455376493333333,
      "system": 0.60983106,
      "min": 1.52911523624,
      "max": 1.58098259924,
      "times": [
        1.55806345924,
        1.58098259924,
        1.52911523624
      ],
      "exit_codes": [
        0,
        0,
        0
      ]
    }
  ]
}
