{
  "results": [
    {
      "command": "./calculate_average_mtopolnik.sh",
      "mean": 1.37233835724,
      "stddev": 0.05043854040042753,
      "median": 1.37854389024,
      "user": 0.02605091333333333,
      "system": 0.01787815333333333,
      "min": 1.3190841712399999,
      "max": 1.4193870102400001,
      "times": [
        1.3190841712399999,
        1.4193870102400001,
        1.37854389024
      ],
      "exit_codes": [
        0,
        0,
        0
      ]
    }
  ]
}
