{
  "results": [
    {
      "command": "./calculate_average_mtopolnik.sh",
      "mean": 1.46232217454,
      "stddev": 0.01038879005753073,
      "median": 1.46370542854,
      "user": 0.0064101333333333324,
      "system": 0.03401212666666666,
      "min": 1.4513110555400002,
      "max": 1.47195003954,
      "times": [
        1.46370542854,
        1.47195003954,
        1.4513110555400002
      ],
      "exit_codes": [
        0,
        0,
        0
      ]
    }
  ]
}
