{
  "results": [
    {
      "command": "./bin/mtopolnik-rs/aot/1brc ./inputs/measurements.txt",
      "mean": 2.9124442679800002,
      "stddev": 0.022263921575341825,
      "median": 2.90022239598,
      "user": 20.384359059999998,
      "system": 0.6020554066666666,
      "min": 2.89896817798,
      "max": 2.9381422299800004,
      "times": [
        2.90022239598,
        2.89896817798,
        2.9381422299800004
      ],
      "exit_codes": [
        0,
        0,
        0
      ]
    }
  ]
}
