{
  "results": [
    {
      "command": "./bin/mtopolnik-rs/aot/1brc ./inputs/measurements.txt",
      "mean": 0.7523208889399999,
      "stddev": 0.0012124831390328454,
      "median": 0.75290016594,
      "user": 20.785880473333332,
      "system": 1.24427654,
      "min": 0.75092741894,
      "max": 0.75313508194,
      "times": [
        0.75313508194,
        0.75092741894,
        0.75290016594
      ],
      "exit_codes": [
        0,
        0,
        0
      ]
    }
  ]
}
