{
  "results": [
    {
      "command": "./calculate_average_mtopolnik.sh",
      "mean": 1.9466680804733334,
      "stddev": 0.045416200945635254,
      "median": 1.93200497914,
      "user": 0.015744246666666666,
      "system": 0.020819766666666666,
      "min": 1.9103948561400002,
      "max": 1.99760440614,
      "times": [
        1.93200497914,
        1.9103948561400002,
        1.99760440614
      ],
      "exit_codes": [
        0,
        0,
        0
      ]
    }
  ]
}
