{
  "results": [
    {
      "command": "./calculate_average_mtopolnik.sh",
      "mean": 4.198344483313334,
      "stddev": 0.04257204672273131,
      "median": 4.21374108698,
      "user": 0.0134695,
      "system": 0.03189403999999999,
      "min": 4.15021614798,
      "max": 4.23107621498,
      "times": [
        4.23107621498,
        4.15021614798,
        4.21374108698
      ],
      "exit_codes": [
        0,
        0,
        0
      ]
    }
  ]
}
