{
  "results": [
    {
      "command": "./bin/mtopolnik-rs/aot/1brc ./inputs/measurements.txt",
      "mean": 0.9925477807399999,
      "stddev": 0.03361313473519146,
      "median": 1.00897659974,
      "user": 20.492465626666664,
      "system": 0.7413480733333332,
      "min": 0.95387991074,
      "max": 1.0147868317400002,
      "times": [
        1.0147868317400002,
        1.00897659974,
        0.95387991074
      ],
      "exit_codes": [
        0,
        0,
        0
      ]
    }
  ]
}
