{
  "results": [
    {
      "command": "./calculate_average_mtopolnik.sh",
      "mean": 1.0020525716733335,
      "stddev": 0.029986657465578177,
      "median": 0.99772094534,
      "user": 0.018105286666666665,
      "system": 0.02441126,
      "min": 0.97446729434,
      "max": 1.0339694753400002,
      "times": [
        1.0339694753400002,
        0.97446729434,
        0.99772094534
      ],
      "exit_codes": [
        0,
        0,
        0
      ]
    }
  ]
}
