{
  "results": [
    {
      "command": "./calculate_average_mtopolnik.sh",
      "mean": 1.0887967079933334,
      "stddev": 0.04616778612930163,
      "median": 1.08232153366,
      "user": 0.014021673333333333,
      "system": 0.027771066666666663,
      "min": 1.04620833566,
      "max": 1.13786025466,
      "times": [
        1.08232153366,
        1.13786025466,
        1.04620833566
      ],
      "exit_codes": [
        0,
        0,
        0
      ]
    }
  ]
}
