{
  "results": [
    {
      "command": "./bin/mtopolnik-rs/aot/1brc ./inputs/measurements.txt",
      "mean": 1.8821973935866663,
      "stddev": 0.021397382891888687,
      "median": 1.8744451089199998,
      "user": 25.659800759999996,
      "system": 0.7186102133333333,
      "min": 1.86575668192,
      "max": 1.9063903899199999,
      "times": [
        1.8744451089199998,
        1.86575668192,
        1.9063903899199999
      ],
      "exit_codes": [
        0,
        0,
        0
      ]
    }
  ]
}
