{
  "results": [
    {
      "command": "./bin/mtopolnik-rs/aot/1brc ./inputs/measurements.txt",
      "mean": 0.6482966233333334,
      "stddev": 0.020956185579740588,
      "median": 0.65815932,
      "user": 25.881837219999998,
      "system": 2.6976804666666663,
      "min": 0.6242287360000001,
      "max": 0.662501814,
      "times": [
        0.6242287360000001,
        0.662501814,
        0.65815932
      ],
      "exit_codes": [
        0,
        0,
        0
      ]
    }
  ]
}
