{
  "results": [
    {
      "command": "./bin/nietras/aot/1brc ./inputs/measurements.txt",
      "mean": 0.8993493606733333,
      "stddev": 0.019875207488437314,
      "median": 0.91056630834,
      "user": 20.57879785333333,
      "system": 0.6546677466666666,
      "min": 0.87640136734,
      "max": 0.91108040634,
      "times": [
        0.91108040634,
        0.87640136734,
        0.91056630834
      ],
      "exit_codes": [
        0,
        0,
        0
      ]
    }
  ]
}
