{
  "results": [
    {
      "command": "./bin/nietras/aot/1brc ./inputs/measurements.txt",
      "mean": 0.5977771042733334,
      "stddev": 0.050347306329125145,
      "median": 0.58059468394,
      "user": 20.779703813333334,
      "system": 0.8504447933333333,
      "min": 0.5582702419400001,
      "max": 0.65446638694,
      "times": [
        0.65446638694,
        0.58059468394,
        0.5582702419400001
      ],
      "exit_codes": [
        0,
        0,
        0
      ]
    }
  ]
}
