{
  "results": [
    {
      "command": "./bin/nietras/aot/1brc ./inputs/measurements.txt",
      "mean": 1.0599533652733333,
      "stddev": 0.01048349237918219,
      "median": 1.0631268219399999,
      "user": 26.030370653333335,
      "system": 0.7519887399999999,
      "min": 1.04824979494,
      "max": 1.06848347894,
      "times": [
        1.0631268219399999,
        1.06848347894,
        1.04824979494
      ],
      "exit_codes": [
        0,
        0,
        0
      ]
    }
  ]
}
