{
  "results": [
    {
      "command": "./bin/nietras/aot/1brc ./inputs/measurements.txt",
      "mean": 0.6336712979000002,
      "stddev": 0.002468299995408178,
      "median": 0.6326194959000001,
      "user": 25.942879626666667,
      "system": 0.8265487933333334,
      "min": 0.6319031219000001,
      "max": 0.6364912759000001,
      "times": [
        0.6364912759000001,
        0.6319031219000001,
        0.6326194959000001
      ],
      "exit_codes": [
        0,
        0,
        0
      ]
    }
  ]
}
