{
  "results": [
    {
      "command": "./bin/nietras/aot/1brc ./inputs/measurements.txt",
      "mean": 1.93765377976,
      "stddev": 0.04028001578822627,
      "median": 1.9569673897600002,
      "user": 26.110069019999997,
      "system": 0.6826447066666667,
      "min": 1.8913538577600002,
      "max": 1.96464009176,
      "times": [
        1.96464009176,
        1.8913538577600002,
        1.9569673897600002
      ],
      "exit_codes": [
        0,
        0,
        0
      ]
    }
  ]
}
