{
  "results": [
    {
      "command": "./bin/nietras/aot/1brc ./inputs/measurements.txt",
      "mean": 0.48791829982,
      "stddev": 0.006580107002622309,
      "median": 0.48420330682,
      "user": 25.674499526666665,
      "system": 1.4972600600000001,
      "min": 0.48403585482,
      "max": 0.49551573782,
      "times": [
        0.48403585482,
        0.49551573782,
        0.48420330682
      ],
      "exit_codes": [
        0,
        0,
        0
      ]
    }
  ]
}
