{
  "results": [
    {
      "command": "./bin/nietras/aot/1brc ./inputs/measurements.txt",
      "mean": 1.5525843141266666,
      "stddev": 0.04576400252165124,
      "median": 1.53381199046,
      "user": 20.618291146666664,
      "system": 0.6319403199999999,
      "min": 1.5191914644600002,
      "max": 1.6047494874600001,
      "times": [
        1.53381199046,
        1.6047494874600001,
        1.5191914644600002
      ],
      "exit_codes": [
        0,
        0,
        0
      ]
    }
  ]
}
