{
  "results": [
    {
      "command": "./bin/nietras/aot/1brc ./inputs/measurements.txt",
      "mean": 2.9006380993,
      "stddev": 0.05340071870194906,
      "median": 2.9159191393,
      "user": 20.649246406666666,
      "system": 0.6027821733333333,
      "min": 2.8412626383,
      "max": 2.9447325203,
      "times": [
        2.9447325203,
        2.9159191393,
        2.8412626383
      ],
      "exit_codes": [
        0,
        0,
        0
      ]
    }
  ]
}
