{
  "results": [
    {
      "command": "./bin/NimaAra/aot/1brc ./inputs/measurements.txt",
      "mean": 1.2511456864400001,
      "stddev": 0.02340658297271911,
      "median": 1.2406410524400002,
      "user": 32.841016939999996,
      "system": 0.7142804333333332,
      "min": 1.23483164944,
      "max": 1.2779643574400001,
      "times": [
        1.23483164944,
        1.2406410524400002,
        1.2779643574400001
      ],
      "exit_codes": [
        0,
        0,
        0
      ]
    }
  ]
}
