{
  "results": [
    {
      "command": "./bin/NimaAra/aot/1brc ./inputs/measurements.txt",
      "mean": 2.2557316605666666,
      "stddev": 0.016458757820255958,
      "median": 2.2499104209,
      "user": 32.66758973999999,
      "system": 0.5741995333333333,
      "min": 2.2429746199,
      "max": 2.2743099409,
      "times": [
        2.2429746199,
        2.2743099409,
        2.2499104209
      ],
      "exit_codes": [
        0,
        0,
        0
      ]
    }
  ]
}
