{
  "results": [
    {
      "command": "./bin/NimaAra/aot/1brc ./inputs/measurements.txt",
      "mean": 4.337875791686667,
      "stddev": 0.0278931844709175,
      "median": 4.34816751802,
      "user": 32.442125819999994,
      "system": 0.5580668999999999,
      "min": 4.30629907502,
      "max": 4.35916078202,
      "times": [
        4.30629907502,
        4.34816751802,
        4.35916078202
      ],
      "exit_codes": [
        0,
        0,
        0
      ]
    }
  ]
}
