{
  "results": [
    {
      "command": "./bin/NimaAra/aot/1brc ./inputs/measurements.txt",
      "mean": 0.76597450556,
      "stddev": 0.028781409501250958,
      "median": 0.7497954885600001,
      "user": 33.97086435333333,
      "system": 0.8507010333333334,
      "min": 0.7489234275600001,
      "max": 0.7992046005600001,
      "times": [
        0.7992046005600001,
        0.7497954885600001,
        0.7489234275600001
      ],
      "exit_codes": [
        0,
        0,
        0
      ]
    }
  ]
}
