{
  "results": [
    {
      "command": "./bin/NimaAra/aot/1brc ./inputs/measurements.txt",
      "mean": 0.6556416767066667,
      "stddev": 0.02093302984436763,
      "median": 0.65177266804,
      "user": 44.52253939333334,
      "system": 1.8461649333333332,
      "min": 0.6369130540400001,
      "max": 0.6782393080400001,
      "times": [
        0.65177266804,
        0.6782393080400001,
        0.6369130540400001
      ],
      "exit_codes": [
        0,
        0,
        0
      ]
    }
  ]
}
