{
  "results": [
    {
      "command": "./bin/NimaAra/aot/1brc ./inputs/measurements.txt",
      "mean": 0.8915246325133334,
      "stddev": 0.00744738685467601,
      "median": 0.8896864531800001,
      "user": 42.96420959333333,
      "system": 0.9195667466666667,
      "min": 0.8851684631800001,
      "max": 0.89971898118,
      "times": [
        0.89971898118,
        0.8851684631800001,
        0.8896864531800001
      ],
      "exit_codes": [
        0,
        0,
        0
      ]
    }
  ]
}
