{
  "results": [
    {
      "command": "./bin/NimaAra/aot/1brc ./inputs/measurements.txt",
      "mean": 2.89114216942,
      "stddev": 0.028931571490299502,
      "median": 2.88672784242,
      "user": 42.49900935333333,
      "system": 0.68105574,
      "min": 2.86467144742,
      "max": 2.9220272184200002,
      "times": [
        2.86467144742,
        2.9220272184200002,
        2.88672784242
      ],
      "exit_codes": [
        0,
        0,
        0
      ]
    }
  ]
}
