{
  "results": [
    {
      "command": "./bin/NimaAra/aot/1brc ./inputs/measurements.txt",
      "mean": 1.5658885005199998,
      "stddev": 0.0348808206152651,
      "median": 1.55461521952,
      "user": 42.66435091333333,
      "system": 0.7600768466666666,
      "min": 1.53803847952,
      "max": 1.60501180252,
      "times": [
        1.53803847952,
        1.55461521952,
        1.60501180252
      ],
      "exit_codes": [
        0,
        0,
        0
      ]
    }
  ]
}
