{
  "results": [
    {
      "command": "./bin/noahfalk/aot/1brc ./inputs/measurements.txt",
      "mean": 0.6648206913866668,
      "stddev": 0.002906304809459319,
      "median": 0.66553316872,
      "user": 15.467792666666668,
      "system": 2.6843328733333336,
      "min": 0.66162440172,
      "max": 0.66730450372,
      "times": [
        0.66162440172,
        0.66730450372,
        0.66553316872
      ],
      "exit_codes": [
        0,
        0,
        0
      ]
    }
  ]
}
