{
  "results": [
    {
      "command": "./bin/noahfalk/aot/1brc ./inputs/measurements.txt",
      "mean": 0.81103008036,
      "stddev": 0.0031212046174192193,
      "median": 0.81073911736,
      "user": 20.00986140666667,
      "system": 2.7384036066666666,
      "min": 0.80806454536,
      "max": 0.8142865783600001,
      "times": [
        0.80806454536,
        0.81073911736,
        0.8142865783600001
      ],
      "exit_codes": [
        0,
        0,
        0
      ]
    }
  ]
}
