{
  "results": [
    {
      "command": "./bin/noahfalk/aot/1brc ./inputs/measurements.txt",
      "mean": 2.1087434567266667,
      "stddev": 0.0021504733513536597,
      "median": 2.10936265006,
      "user": 15.252930886666666,
      "system": 1.23317398,
      "min": 2.10635131706,
      "max": 2.11051640306,
      "times": [
        2.10635131706,
        2.10936265006,
        2.11051640306
      ],
      "exit_codes": [
        0,
        0,
        0
      ]
    }
  ]
}
