{
  "results": [
    {
      "command": "./bin/noahfalk/aot/1brc ./inputs/measurements.txt",
      "mean": 1.1248686926999998,
      "stddev": 0.02271519530482311,
      "median": 1.1129608287,
      "user": 15.531085839999998,
      "system": 1.5305453066666665,
      "min": 1.1105832527,
      "max": 1.1510619967,
      "times": [
        1.1510619967,
        1.1129608287,
        1.1105832527
      ],
      "exit_codes": [
        0,
        0,
        0
      ]
    }
  ]
}
