{
  "results": [
    {
      "command": "./bin/noahfalk/aot/1brc ./inputs/measurements.txt",
      "mean": 0.7788194090333334,
      "stddev": 0.0438149671904882,
      "median": 0.8039846647000001,
      "user": 22.895473346666666,
      "system": 24.42584356,
      "min": 0.7282264697,
      "max": 0.8042470927,
      "times": [
        0.7282264697,
        0.8042470927,
        0.8039846647000001
      ],
      "exit_codes": [
        0,
        0,
        0
      ]
    }
  ]
}
