{
  "results": [
    {
      "command": "./bin/noahfalk/aot/1brc ./inputs/measurements.txt",
      "mean": 0.5950664382733334,
      "stddev": 0.02897739381673449,
      "median": 0.59363803394,
      "user": 16.642206766666664,
      "system": 8.492720206666666,
      "min": 0.56682966294,
      "max": 0.6247316179400001,
      "times": [
        0.56682966294,
        0.59363803394,
        0.6247316179400001
      ],
      "exit_codes": [
        0,
        0,
        0
      ]
    }
  ]
}
