{
  "results": [
    {
      "command": "./bin/noahfalk/aot/1brc ./inputs/measurements.txt",
      "mean": 1.4136060412400002,
      "stddev": 0.0027585295175043957,
      "median": 1.41449672324,
      "user": 19.877226113333332,
      "system": 1.70613848,
      "min": 1.41051221024,
      "max": 1.41580919024,
      "times": [
        1.41051221024,
        1.41449672324,
        1.41580919024
      ],
      "exit_codes": [
        0,
        0,
        0
      ]
    }
  ]
}
