{
  "results": [
    {
      "command": "./bin/noahfalk/aot/1brc ./inputs/measurements.txt",
      "mean": 0.6282136344066668,
      "stddev": 0.0067314572677269315,
      "median": 0.6316526517400001,
      "user": 20.421128886666665,
      "system": 6.730830746666666,
      "min": 0.6204573727400001,
      "max": 0.63253087874,
      "times": [
        0.6316526517400001,
        0.63253087874,
        0.6204573727400001
      ],
      "exit_codes": [
        0,
        0,
        0
      ]
    }
  ]
}
