{
  "results": [
    {
      "command": "./bin/pedrosakuma/aot/1brc ./inputs/measurements.txt",
      "mean": 4.824245477846667,
      "stddev": 0.009299028132175249,
      "median": 4.81938169518,
      "user": 35.68354962,
      "system": 0.75146698,
      "min": 4.81838703518,
      "max": 4.83496770318,
      "times": [
        4.83496770318,
        4.81838703518,
        4.81938169518
      ],
      "exit_codes": [
        0,
        0,
        0
      ]
    }
  ]
}
