{
  "results": [
    {
      "command": "./bin/pedrosakuma/aot/1brc ./inputs/measurements.txt",
      "mean": 0.45476752524,
      "stddev": 0.025291657076476032,
      "median": 0.44034047024,
      "user": 0.2745615733333333,
      "system": 0.30186811333333324,
      "min": 0.43999098724,
      "max": 0.48397111824000005,
      "times": [
        0.48397111824000005,
        0.44034047024,
        0.43999098724
      ],
      "exit_codes": [
        0,
        0,
        0
      ]
    }
  ]
}
