{
  "results": [
    {
      "command": "./bin/pedrosakuma/aot/1brc ./inputs/measurements.txt",
      "mean": 2.0270303838733335,
      "stddev": 0.00102526471768496,
      "median": 2.02684218454,
      "user": 47.521619993333324,
      "system": 1.3398247933333334,
      "min": 2.02611225654,
      "max": 2.02813671054,
      "times": [
        2.02684218454,
        2.02611225654,
        2.02813671054
      ],
      "exit_codes": [
        0,
        0,
        0
      ]
    }
  ]
}
