{
  "results": [
    {
      "command": "./bin/pedrosakuma/aot/1brc ./inputs/measurements.txt",
      "mean": 3.41578979728,
      "stddev": 0.03368469520477239,
      "median": 3.40449072128,
      "user": 48.11888087333333,
      "system": 1.0107572333333332,
      "min": 3.38920725728,
      "max": 3.45367141328,
      "times": [
        3.38920725728,
        3.45367141328,
        3.40449072128
      ],
      "exit_codes": [
        0,
        0,
        0
      ]
    }
  ]
}
