{
  "results": [
    {
      "command": "./bin/pedrosakuma/aot/1brc ./inputs/measurements.txt",
      "mean": 2.6766170184733333,
      "stddev": 0.03967252190603067,
      "median": 2.65916696214,
      "user": 36.212664573333335,
      "system": 0.8548672333333333,
      "min": 2.64866057114,
      "max": 2.72202352214,
      "times": [
        2.72202352214,
        2.65916696214,
        2.64866057114
      ],
      "exit_codes": [
        0,
        0,
        0
      ]
    }
  ]
}
