{
  "results": [
    {
      "command": "./bin/pedrosakuma/aot/1brc ./inputs/measurements.txt",
      "mean": 1.6718717322999999,
      "stddev": 0.003088873642917328,
      "median": 1.6734809353,
      "user": 35.640131266666664,
      "system": 1.3007267,
      "min": 1.6683105043,
      "max": 1.6738237573,
      "times": [
        1.6683105043,
        1.6734809353,
        1.6738237573
      ],
      "exit_codes": [
        0,
        0,
        0
      ]
    }
  ]
}
