{
  "results": [
    {
      "command": "./bin/pedrosakuma/aot/1brc ./inputs/measurements.txt",
      "mean": 0.4525474177866667,
      "stddev": 0.0019367562942573273,
      "median": 0.45217169912000005,
      "user": 0.2551417133333333,
      "system": 0.2987357333333333,
      "min": 0.45082604912,
      "max": 0.45464450512000004,
      "times": [
        0.45082604912,
        0.45464450512000004,
        0.45217169912000005
      ],
      "exit_codes": [
        0,
        0,
        0
      ]
    }
  ]
}
