{
  "results": [
    {
      "command": "./bin/pedrosakuma/aot/1brc ./inputs/measurements.txt",
      "mean": 0.8373641153000001,
      "stddev": 0.03081078818405348,
      "median": 0.8214846703,
      "user": 0.53034602,
      "system": 0.4854027333333333,
      "min": 0.8177323473,
      "max": 0.8728753283,
      "times": [
        0.8728753283,
        0.8214846703,
        0.8177323473
      ],
      "exit_codes": [
        0,
        0,
        0
      ]
    }
  ]
}
