{
  "results": [
    {
      "command": "./calculate_average_royvanrijn.sh",
      "mean": 0.8871266965933334,
      "stddev": 0.0037130282500601364,
      "median": 0.8888022372600001,
      "user": 0.0034463533333333337,
      "system": 0.0012056066666666667,
      "min": 0.8828711782600001,
      "max": 0.8897066742600002,
      "times": [
        0.8828711782600001,
        0.8888022372600001,
        0.8897066742600002
      ],
      "exit_codes": [
        0,
        0,
        0
      ]
    }
  ]
}
