{
  "results": [
    {
      "command": "./calculate_average_royvanrijn.sh",
      "mean": 0.6912270704133334,
      "stddev": 0.056731918205723715,
      "median": 0.69895304508,
      "user": 0.0014747133333333333,
      "system": 0.003542573333333333,
      "min": 0.63102810408,
      "max": 0.7437000620800001,
      "times": [
        0.7437000620800001,
        0.63102810408,
        0.69895304508
      ],
      "exit_codes": [
        0,
        0,
        0
      ]
    }
  ]
}
