{
  "results": [
    {
      "command": "./calculate_average_royvanrijn.sh",
      "mean": 0.6043490167800001,
      "stddev": 0.0019467205722124461,
      "median": 0.60445927178,
      "user": 0.0025572200000000002,
      "system": 0.002575773333333333,
      "min": 0.60234951178,
      "max": 0.60623826678,
      "times": [
        0.60234951178,
        0.60445927178,
        0.60623826678
      ],
      "exit_codes": [
        0,
        0,
        0
      ]
    }
  ]
}
