{
  "results": [
    {
      "command": "./calculate_average_royvanrijn.sh",
      "mean": 1.7224891197799999,
      "stddev": 0.012843406615573627,
      "median": 1.72326656878,
      "user": 0.00353122,
      "system": 0.0003609333333333333,
      "min": 1.7092746487800001,
      "max": 1.73492614178,
      "times": [
        1.7092746487800001,
        1.73492614178,
        1.72326656878
      ],
      "exit_codes": [
        0,
        0,
        0
      ]
    }
  ]
}
