{
  "results": [
    {
      "command": "./calculate_average_royvanrijn.sh",
      "mean": 0.6045760987266667,
      "stddev": 0.005260316446741322,
      "median": 0.60498401406,
      "user": 0.003390266666666666,
      "system": 0.0016241466666666665,
      "min": 0.59912370006,
      "max": 0.60962058206,
      "times": [
        0.59912370006,
        0.60498401406,
        0.60962058206
      ],
      "exit_codes": [
        0,
        0,
        0
      ]
    }
  ]
}
