{
  "results": [
    {
      "command": "./calculate_average_royvanrijn.sh",
      "mean": 1.2488388136733333,
      "stddev": 0.008998303789263404,
      "median": 1.24381563534,
      "user": 0.003471846666666667,
      "system": 0.0010963133333333332,
      "min": 1.2434735233399998,
      "max": 1.25922728234,
      "times": [
        1.2434735233399998,
        1.25922728234,
        1.24381563534
      ],
      "exit_codes": [
        0,
        0,
        0
      ]
    }
  ]
}
