{
  "results": [
    {
      "command": "./calculate_average_royvanrijn.sh",
      "mean": 2.56482206338,
      "stddev": 0.01911727194075867,
      "median": 2.5601821033800003,
      "user": 0.00187802,
      "system": 0.0019714666666666666,
      "min": 2.54845185438,
      "max": 2.58583223238,
      "times": [
        2.58583223238,
        2.5601821033800003,
        2.54845185438
      ],
      "exit_codes": [
        0,
        0,
        0
      ]
    }
  ]
}
