{
  "results": [
    {
      "command": "./calculate_average_royvanrijn.sh",
      "mean": 0.6646273393466666,
      "stddev": 0.008438518469174325,
      "median": 0.66064739168,
      "user": 0.0035329466666666662,
      "system": 0.0013824666666666667,
      "min": 0.65891480668,
      "max": 0.67431981968,
      "times": [
        0.67431981968,
        0.66064739168,
        0.65891480668
      ],
      "exit_codes": [
        0,
        0,
        0
      ]
    }
  ]
}
