{
  "results": [
    {
      "command": "./calculate_average_stephenvonworley.sh",
      "mean": 0.5610848432400001,
      "stddev": 0.0012602100486839728,
      "median": 0.56148765124,
      "user": 0.002604413333333333,
      "system": 0.0031377066666666664,
      "min": 0.55967247324,
      "max": 0.5620944052400001,
      "times": [
        0.55967247324,
        0.5620944052400001,
        0.56148765124
      ],
      "exit_codes": [
        0,
        0,
        0
      ]
    }
  ]
}
