{
  "results": [
    {
      "command": "./calculate_average_stephenvonworley.sh",
      "mean": 0.7489143480466668,
      "stddev": 0.0021770766727750596,
      "median": 0.7484279693800001,
      "user": 0.0038583999999999997,
      "system": 0.0016320266666666665,
      "min": 0.7470215973800001,
      "max": 0.7512934773800001,
      "times": [
        0.7470215973800001,
        0.7512934773800001,
        0.7484279693800001
      ],
      "exit_codes": [
        0,
        0,
        0
      ]
    }
  ]
}
