{
  "results": [
    {
      "command": "./calculate_average_stephenvonworley.sh",
      "mean": 0.6029945068066667,
      "stddev": 0.0008779083947829003,
      "median": 0.60268840114,
      "user": 0.004819606666666666,
      "system": 0.00063684,
      "min": 0.60231063214,
      "max": 0.60398448714,
      "times": [
        0.60398448714,
        0.60268840114,
        0.60231063214
      ],
      "exit_codes": [
        0,
        0,
        0
      ]
    }
  ]
}
