{
  "results": [
    {
      "command": "./calculate_average_stephenvonworley.sh",
      "mean": 2.0567394031266666,
      "stddev": 0.005236582778195024,
      "median": 2.05927092646,
      "user": 0.0017651799999999999,
      "system": 0.0024394666666666663,
      "min": 2.05071808246,
      "max": 2.06022920046,
      "times": [
        2.05071808246,
        2.05927092646,
        2.06022920046
      ],
      "exit_codes": [
        0,
        0,
        0
      ]
    }
  ]
}
