{
  "results": [
    {
      "command": "./calculate_average_stephenvonworley.sh",
      "mean": 1.41811659522,
      "stddev": 0.006425316270801548,
      "median": 1.41532532822,
      "user": 0.0026481866666666666,
      "system": 0.0014860666666666666,
      "min": 1.41355896822,
      "max": 1.42546548922,
      "times": [
        1.41532532822,
        1.42546548922,
        1.41355896822
      ],
      "exit_codes": [
        0,
        0,
        0
      ]
    }
  ]
}
