{
  "results": [
    {
      "command": "./calculate_average_stephenvonworley.sh",
      "mean": 0.8158116519466668,
      "stddev": 0.003124760160074576,
      "median": 0.8152812652800001,
      "user": 0.0026900333333333333,
      "system": 0.002399733333333334,
      "min": 0.8129860292800001,
      "max": 0.8191676612800001,
      "times": [
        0.8129860292800001,
        0.8152812652800001,
        0.8191676612800001
      ],
      "exit_codes": [
        0,
        0,
        0
      ]
    }
  ]
}
