{
  "results": [
    {
      "command": "./calculate_average_stephenvonworley.sh",
      "mean": 0.65335305604,
      "stddev": 0.005643401699214711,
      "median": 0.65244469404,
      "user": 0.0032490266666666662,
      "system": 0.00220012,
      "min": 0.64821893304,
      "max": 0.6593955410400001,
      "times": [
        0.64821893304,
        0.65244469404,
        0.6593955410400001
      ],
      "exit_codes": [
        0,
        0,
        0
      ]
    }
  ]
}
