{
  "results": [
    {
      "command": "./calculate_average_stephenvonworley.sh",
      "mean": 1.08970917208,
      "stddev": 0.002847347674473955,
      "median": 1.09099376408,
      "user": 0.002276226666666667,
      "system": 0.0027502933333333336,
      "min": 1.08644585408,
      "max": 1.09168789808,
      "times": [
        1.09168789808,
        1.09099376408,
        1.08644585408
      ],
      "exit_codes": [
        0,
        0,
        0
      ]
    }
  ]
}
