{
  "results": [
    {
      "command": "./calculate_average_thomaswue.sh",
      "mean": 1.1978224110933333,
      "stddev": 0.0075205293555939195,
      "median": 1.1949251707600002,
      "user": 0.0019136733333333334,
      "system": 0.0027834066666666667,
      "min": 1.19218140076,
      "max": 1.20636066176,
      "times": [
        1.20636066176,
        1.1949251707600002,
        1.19218140076
      ],
      "exit_codes": [
        0,
        0,
        0
      ]
    }
  ]
}
