{
  "results": [
    {
      "command": "./calculate_average_thomaswue.sh",
      "mean": 0.8169632608333334,
      "stddev": 0.0009321801970812055,
      "median": 0.8165936885,
      "user": 0.002710233333333333,
      "system": 0.0024309999999999996,
      "min": 0.8162725345,
      "max": 0.8180235595,
      "times": [
        0.8162725345,
        0.8165936885,
        0.8180235595
      ],
      "exit_codes": [
        0,
        0,
        0
      ]
    }
  ]
}
