{
  "results": [
    {
      "command": "./calculate_average_thomaswue.sh",
      "mean": 1.4702306163133336,
      "stddev": 0.0035764715684592006,
      "median": 1.4714184539800002,
      "user": 0.0031286133333333333,
      "system": 0.0016980199999999997,
      "min": 1.46621136098,
      "max": 1.4730620339800002,
      "times": [
        1.4714184539800002,
        1.46621136098,
        1.4730620339800002
      ],
      "exit_codes": [
        0,
        0,
        0
      ]
    }
  ]
}
