{
  "results": [
    {
      "command": "./calculate_average_thomaswue.sh",
      "mean": 0.7327832078600002,
      "stddev": 0.0023848651870636457,
      "median": 0.7330275218600001,
      "user": 0.0022788533333333335,
      "system": 0.0031152,
      "min": 0.73028558986,
      "max": 0.7350365118600001,
      "times": [
        0.7330275218600001,
        0.7350365118600001,
        0.73028558986
      ],
      "exit_codes": [
        0,
        0,
        0
      ]
    }
  ]
}
