{
  "results": [
    {
      "command": "./calculate_average_thomaswue.sh",
      "mean": 2.210097999453333,
      "stddev": 0.01026977617994731,
      "median": 2.20916173512,
      "user": 0.0021092666666666666,
      "system": 0.0018454666666666668,
      "min": 2.20032841412,
      "max": 2.22080384912,
      "times": [
        2.22080384912,
        2.20916173512,
        2.20032841412
      ],
      "exit_codes": [
        0,
        0,
        0
      ]
    }
  ]
}
