{
  "results": [
    {
      "command": "./calculate_average_thomaswue.sh",
      "mean": 0.7532191430533333,
      "stddev": 0.0016401455539327532,
      "median": 0.75319685772,
      "user": 0.002217886666666667,
      "system": 0.002927153333333333,
      "min": 0.75159025372,
      "max": 0.75487031772,
      "times": [
        0.75159025372,
        0.75319685772,
        0.75487031772
      ],
      "exit_codes": [
        0,
        0,
        0
      ]
    }
  ]
}
