{
  "results": [
    {
      "command": "./calculate_average_thomaswue.sh",
      "mean": 0.5872109707066667,
      "stddev": 0.010600193482507295,
      "median": 0.5914377110400001,
      "user": 0.0036444666666666666,
      "system": 0.0016273066666666666,
      "min": 0.5751494800400001,
      "max": 0.5950457210400001,
      "times": [
        0.5914377110400001,
        0.5950457210400001,
        0.5751494800400001
      ],
      "exit_codes": [
        0,
        0,
        0
      ]
    }
  ]
}
