{
  "results": [
    {
      "command": "./calculate_average_thomaswue.sh",
      "mean": 2.8665519558200003,
      "stddev": 0.025600621506215417,
      "median": 2.85945228082,
      "user": 0.0018932266666666668,
      "system": 0.0020392666666666664,
      "min": 2.8452504798200002,
      "max": 2.89495310682,
      "times": [
        2.8452504798200002,
        2.85945228082,
        2.89495310682
      ],
      "exit_codes": [
        0,
        0,
        0
      ]
    }
  ]
}
