{
  "results": [
    {
      "command": "./bin/xoofx/aot/1brc ./inputs/measurements.txt",
      "mean": 1.6785983266200002,
      "stddev": 0.02440989828607017,
      "median": 1.67270848162,
      "user": 24.53866899333333,
      "system": 1.0531374666666664,
      "min": 1.65767223262,
      "max": 1.70541426562,
      "times": [
        1.65767223262,
        1.70541426562,
        1.67270848162
      ],
      "exit_codes": [
        0,
        0,
        0
      ]
    }
  ]
}
