{
  "results": [
    {
      "command": "./bin/xoofx/aot/1brc ./inputs/measurements.txt",
      "mean": 0.62657339114,
      "stddev": 0.05687764132452322,
      "median": 0.64925819714,
      "user": 24.827020293333334,
      "system": 1.3272339333333332,
      "min": 0.56185387914,
      "max": 0.66860809714,
      "times": [
        0.64925819714,
        0.56185387914,
        0.66860809714
      ],
      "exit_codes": [
        0,
        0,
        0
      ]
    }
  ]
}
