{
  "results": [
    {
      "command": "./bin/xoofx/aot/1brc ./inputs/measurements.txt",
      "mean": 0.5964082376733333,
      "stddev": 0.029525033021950534,
      "median": 0.59542932734,
      "user": 29.29585538666667,
      "system": 1.4964403400000001,
      "min": 0.56738483334,
      "max": 0.62641055234,
      "times": [
        0.59542932734,
        0.56738483334,
        0.62641055234
      ],
      "exit_codes": [
        0,
        0,
        0
      ]
    }
  ]
}
