{
  "results": [
    {
      "command": "./bin/xoofx/aot/1brc ./inputs/measurements.txt",
      "mean": 3.322800965306667,
      "stddev": 0.04969323651969917,
      "median": 3.31890145764,
      "user": 24.551287873333337,
      "system": 1.0715973666666665,
      "min": 3.27517236564,
      "max": 3.37432907264,
      "times": [
        3.31890145764,
        3.27517236564,
        3.37432907264
      ],
      "exit_codes": [
        0,
        0,
        0
      ]
    }
  ]
}
