{
  "results": [
    {
      "command": "./bin/xoofx/aot/1brc ./inputs/measurements.txt",
      "mean": 0.70218737744,
      "stddev": 0.014533822918100948,
      "median": 0.6975416344400001,
      "user": 30.95205844,
      "system": 1.3452623733333333,
      "min": 0.69054440444,
      "max": 0.71847609344,
      "times": [
        0.69054440444,
        0.6975416344400001,
        0.71847609344
      ],
      "exit_codes": [
        0,
        0,
        0
      ]
    }
  ]
}
