{
  "results": [
    {
      "command": "./bin/xoofx/aot/1brc ./inputs/measurements.txt",
      "mean": 2.08439494686,
      "stddev": 0.03777538996122469,
      "median": 2.0721665888599996,
      "user": 30.90513677333333,
      "system": 1.24393182,
      "min": 2.0542485338599996,
      "max": 2.12676971786,
      "times": [
        2.12676971786,
        2.0542485338599996,
        2.0721665888599996
      ],
      "exit_codes": [
        0,
        0,
        0
      ]
    }
  ]
}
