{
  "results": [
    {
      "command": "./bin/xoofx/aot/1brc ./inputs/measurements.txt",
      "mean": 0.8957413615266668,
      "stddev": 0.023357940894118513,
      "median": 0.9062363908600001,
      "user": 24.608432386666664,
      "system": 1.0958564733333334,
      "min": 0.8689767798600001,
      "max": 0.9120109138600001,
      "times": [
        0.9120109138600001,
        0.8689767798600001,
        0.9062363908600001
      ],
      "exit_codes": [
        0,
        0,
        0
      ]
    }
  ]
}
