{
  "results": [
    {
      "command": "./bin/xoofx/aot/1brc ./inputs/measurements.txt",
      "mean": 1.09554471362,
      "stddev": 0.008877748711047701,
      "median": 1.09313454162,
      "user": 30.832784539999995,
      "system": 1.3769503533333334,
      "min": 1.0881209106199998,
      "max": 1.1053786886199999,
      "times": [
        1.0881209106199998,
        1.1053786886199999,
        1.09313454162
      ],
      "exit_codes": [
        0,
        0,
        0
      ]
    }
  ]
}
