{
  "results": [
    {
      "command": "./calculate_average_abeobk.sh",
      "mean": 0.31838738372000003,
      "stddev": 0.00554929114310272,
      "median": 0.32164947732,
      "user": 0.0037062600000000003,
      "system": 0.0028759759999999997,
      "min": 0.31080498332,
      "max": 0.32356817432,
      "times": [
        0.32168766932,
        0.32164947732,
        0.31422661432,
        0.31080498332,
        0.32356817432
      ],
      "exit_codes": [
        0,
        0,
        0,
        0,
        0
      ]
    }
  ]
}
