{
  "results": [
    {
      "command": "./calculate_average_abeobk.sh",
      "mean": 0.5177885856600001,
      "stddev": 0.002642749064276297,
      "median": 0.51670076326,
      "user": 0.0019179000000000002,
      "system": 0.00485456,
      "min": 0.51564473426,
      "max": 0.52225611226,
      "times": [
        0.52225611226,
        0.51670076326,
        0.5163237312600001,
        0.51564473426,
        0.51801758726
      ],
      "exit_codes": [
        0,
        0,
        0,
        0,
        0
      ]
    }
  ]
}
