{
  "results": [
    {
      "command": "./calculate_average_abeobk.sh",
      "mean": 0.40901895678000005,
      "stddev": 0.0025145011392722167,
      "median": 0.41001650118,
      "user": 0.0010595039999999997,
      "system": 0.0058346399999999994,
      "min": 0.40625881318,
      "max": 0.41183132418,
      "times": [
        0.41052101118,
        0.41001650118,
        0.41183132418,
        0.40646713418,
        0.40625881318
      ],
      "exit_codes": [
        0,
        0,
        0,
        0,
        0
      ]
    }
  ]
}
