{
  "results": [
    {
      "command": "./calculate_average_abeobk.sh",
      "mean": 0.2920597189,
      "stddev": 0.004327160148998618,
      "median": 0.2893505723,
      "user": 0.00228832,
      "system": 0.0047598599999999994,
      "min": 0.2883901783,
      "max": 0.2979328403,
      "times": [
        0.2954326703,
        0.2979328403,
        0.2893505723,
        0.2891923333,
        0.2883901783
      ],
      "exit_codes": [
        0,
        0,
        0,
        0,
        0
      ]
    }
  ]
}
