{
  "results": [
    {
      "command": "./calculate_average_abeobk.sh",
      "mean": 0.31580511874,
      "stddev": 0.007297387485879157,
      "median": 0.31812447414,
      "user": 0.0039301200000000005,
      "system": 0.0030689199999999997,
      "min": 0.30580260614,
      "max": 0.32393954814,
      "times": [
        0.30580260614,
        0.31812447414,
        0.32393954814,
        0.32012409614,
        0.31103486914
      ],
      "exit_codes": [
        0,
        0,
        0,
        0,
        0
      ]
    }
  ]
}
