{
  "results": [
    {
      "command": "./calculate_average_abeobk.sh",
      "mean": 0.30997784684,
      "stddev": 0.0028631090190832232,
      "median": 0.31011202104,
      "user": 0.00279138,
      "system": 0.0039175799999999995,
      "min": 0.30678782404000005,
      "max": 0.31283896304000003,
      "times": [
        0.31275759804000003,
        0.30678782404000005,
        0.31011202104,
        0.31283896304000003,
        0.30739282804
      ],
      "exit_codes": [
        0,
        0,
        0,
        0,
        0
      ]
    }
  ]
}
