{
  "results": [
    {
      "command": "./calculate_average_abeobk.sh",
      "mean": 0.74344877224,
      "stddev": 0.005291077744487327,
      "median": 0.74496065684,
      "user": 0.00224812,
      "system": 0.00431764,
      "min": 0.7356897198400001,
      "max": 0.7482663108400001,
      "times": [
        0.74771764984,
        0.7482663108400001,
        0.74060952384,
        0.74496065684,
        0.7356897198400001
      ],
      "exit_codes": [
        0,
        0,
        0,
        0,
        0
      ]
    }
  ]
}
