{
  "results": [
    {
      "command": "./calculate_average_abeobk.sh",
      "mean": 1.3612332984399997,
      "stddev": 0.010661637867566208,
      "median": 1.35757546164,
      "user": 0.0043584,
      "system": 0.0016723679999999998,
      "min": 1.35376536964,
      "max": 1.3799851356400001,
      "times": [
        1.35897307864,
        1.35586744664,
        1.3799851356400001,
        1.35376536964,
        1.35757546164
      ],
      "exit_codes": [
        0,
        0,
        0,
        0,
        0
      ]
    }
  ]
}
