{
  "results": [
    {
      "command": "./calculate_average_abeobk.sh",
      "mean": 0.9481628900800001,
      "stddev": 0.011074672370954091,
      "median": 0.9491763350800001,
      "user": 0.0027436599999999998,
      "system": 0.0036830199999999995,
      "min": 0.93631865408,
      "max": 0.9645235510800001,
      "times": [
        0.93631865408,
        0.9396395040800001,
        0.9511564060800001,
        0.9491763350800001,
        0.9645235510800001
      ],
      "exit_codes": [
        0,
        0,
        0,
        0,
        0
      ]
    }
  ]
}
