{
  "results": [
    {
      "command": "./calculate_average_abeobk.sh",
      "mean": 1.7027040325600002,
      "stddev": 0.012470940217761522,
      "median": 1.7033271329600002,
      "user": 0.0021319,
      "system": 0.0036214199999999993,
      "min": 1.69173970996,
      "max": 1.7223060109600001,
      "times": [
        1.70417178596,
        1.7223060109600001,
        1.69173970996,
        1.7033271329600002,
        1.69197552296
      ],
      "exit_codes": [
        0,
        0,
        0,
        0,
        0
      ]
    }
  ]
}
