{
  "results": [
    {
      "command": "./calculate_average_artsiomkorzun.sh",
      "mean": 0.33588691794000003,
      "stddev": 0.0017531192513906995,
      "median": 0.33627513174,
      "user": 0.0021567799999999996,
      "system": 0.004605860000000001,
      "min": 0.33306347274000003,
      "max": 0.33779563674,
      "times": [
        0.33306347274000003,
        0.33659138874000005,
        0.33779563674,
        0.33627513174,
        0.33570895974000003
      ],
      "exit_codes": [
        0,
        0,
        0,
        0,
        0
      ]
    }
  ]
}
