{
  "results": [
    {
      "command": "./calculate_average_artsiomkorzun.sh",
      "mean": 0.24438133234,
      "stddev": 0.002796744385487749,
      "median": 0.24463933314000003,
      "user": 0.001226376,
      "system": 0.005988919999999999,
      "min": 0.23985296514,
      "max": 0.24715124314000003,
      "times": [
        0.23985296514,
        0.24463933314000003,
        0.24611042514000003,
        0.24715124314000003,
        0.24415269514000001
      ],
      "exit_codes": [
        0,
        0,
        0,
        0,
        0
      ]
    }
  ]
}
