{
  "results": [
    {
      "command": "./calculate_average_artsiomkorzun.sh",
      "mean": 0.78776146208,
      "stddev": 0.04488556398646564,
      "median": 0.80170489308,
      "user": 0.00329878,
      "system": 0.0034642000000000006,
      "min": 0.72935806508,
      "max": 0.84343087708,
      "times": [
        0.72935806508,
        0.80756903508,
        0.80170489308,
        0.84343087708,
        0.75674444008
      ],
      "exit_codes": [
        0,
        0,
        0,
        0,
        0
      ]
    }
  ]
}
