{
  "results": [
    {
      "command": "./calculate_average_artsiomkorzun.sh",
      "mean": 1.23480461216,
      "stddev": 0.024201277415176234,
      "median": 1.22114201976,
      "user": 0.00286026,
      "system": 0.00315714,
      "min": 1.21677412076,
      "max": 1.27390898276,
      "times": [
        1.27390898276,
        1.24281278276,
        1.21938515476,
        1.22114201976,
        1.21677412076
      ],
      "exit_codes": [
        0,
        0,
        0,
        0,
        0
      ]
    }
  ]
}
