{
  "results": [
    {
      "command": "./calculate_average_artsiomkorzun.sh",
      "mean": 0.6464124160000001,
      "stddev": 0.018392219448855336,
      "median": 0.6395836878000001,
      "user": 0.0016114799999999996,
      "system": 0.0046331919999999995,
      "min": 0.6354711868,
      "max": 0.6788955318000001,
      "times": [
        0.6356381188000001,
        0.6424735548000001,
        0.6354711868,
        0.6395836878000001,
        0.6788955318000001
      ],
      "exit_codes": [
        0,
        0,
        0,
        0,
        0
      ]
    }
  ]
}
