{
  "results": [
    {
      "command": "./calculate_average_artsiomkorzun.sh",
      "mean": 1.4133049539399998,
      "stddev": 0.004234426528345574,
      "median": 1.41266648974,
      "user": 0.0020572,
      "system": 0.0037727200000000002,
      "min": 1.40806720474,
      "max": 1.41953268174,
      "times": [
        1.41266648974,
        1.41154277874,
        1.41471561474,
        1.40806720474,
        1.41953268174
      ],
      "exit_codes": [
        0,
        0,
        0,
        0,
        0
      ]
    }
  ]
}
