{
  "results": [
    {
      "command": "./calculate_average_artsiomkorzun.sh",
      "mean": 0.87842613332,
      "stddev": 0.007159332701035166,
      "median": 0.87799501412,
      "user": 22.942953120000002,
      "system": 7.58381596,
      "min": 0.8714760611200001,
      "max": 0.88913522312,
      "times": [
        0.8725011541200001,
        0.88913522312,
        0.8810232141200001,
        0.87799501412,
        0.8714760611200001
      ],
      "exit_codes": [
        0,
        0,
        0,
        0,
        0
      ]
    }
  ]
}
