{
  "results": [
    {
      "command": "./calculate_average_artsiomkorzun.sh",
      "mean": 0.26555195764000006,
      "stddev": 0.005026139652637778,
      "median": 0.26735804044000006,
      "user": 0.0032472799999999995,
      "system": 0.003662919999999999,
      "min": 0.25739405444,
      "max": 0.26970176044000005,
      "times": [
        0.25739405444,
        0.26424571744,
        0.26735804044000006,
        0.26970176044000005,
        0.26906021544000003
      ],
      "exit_codes": [
        0,
        0,
        0,
        0,
        0
      ]
    }
  ]
}
