{
  "results": [
    {
      "command": "./calculate_average_artsiomkorzun.sh",
      "mean": 0.27978307952,
      "stddev": 0.005159054724323648,
      "median": 0.27987571152,
      "user": 0.0018949799999999997,
      "system": 0.00519384,
      "min": 0.27427222752,
      "max": 0.28687500152000006,
      "times": [
        0.27427222752,
        0.28243831352000004,
        0.28687500152000006,
        0.27987571152,
        0.27545414352
      ],
      "exit_codes": [
        0,
        0,
        0,
        0,
        0
      ]
    }
  ]
}
