{
  "results": [
    {
      "command": "./calculate_average_artsiomkorzun.sh",
      "mean": 0.37580825806000007,
      "stddev": 0.0015451753547884729,
      "median": 0.37629546126,
      "user": 0.0019390000000000004,
      "system": 0.004759879999999999,
      "min": 0.37387594626000004,
      "max": 0.37759486326,
      "times": [
        0.37759486326,
        0.37455843526000004,
        0.37629546126,
        0.37671658426000004,
        0.37387594626000004
      ],
      "exit_codes": [
        0,
        0,
        0,
        0,
        0
      ]
    }
  ]
}
