{
  "results": [
    {
      "command": "./bin/austindonisan/aot/1brc ./inputs/measurements.txt 48 1",
      "mean": 0.24086975194,
      "stddev": 0.0034550309370104315,
      "median": 0.23971197774,
      "user": 0.00250168,
      "system": 0.0037494599999999996,
      "min": 0.23813958974000002,
      "max": 0.24690987774,
      "times": [
        0.24690987774,
        0.23813958974000002,
        0.23971197774,
        0.24007262774000002,
        0.23951468674
      ],
      "exit_codes": [
        0,
        0,
        0,
        0,
        0
      ]
    }
  ]
}
