{
  "results": [
    {
      "command": "./bin/austindonisan/aot/1brc ./inputs/measurements.txt 6 1",
      "mean": 0.77773426556,
      "stddev": 0.021282350164488255,
      "median": 0.78051991756,
      "user": 0.00314814,
      "system": 0.0017497159999999997,
      "min": 0.74671654756,
      "max": 0.80609738156,
      "times": [
        0.78051991756,
        0.74671654756,
        0.80609738156,
        0.77334322956,
        0.78199425156
      ],
      "exit_codes": [
        0,
        0,
        0,
        0,
        0
      ]
    }
  ]
}
