{
  "results": [
    {
      "command": "./bin/austindonisan/aot/1brc ./inputs/measurements.txt 96 1",
      "mean": 0.30468721724000003,
      "stddev": 0.0008248933099069205,
      "median": 0.30437220604000004,
      "user": 0.0020490599999999997,
      "system": 0.007623379999999999,
      "min": 0.30420530604,
      "max": 0.30614833404,
      "times": [
        0.30614833404,
        0.30422304804000005,
        0.30420530604,
        0.30437220604000004,
        0.30448719204
      ],
      "exit_codes": [
        0,
        0,
        0,
        0,
        0
      ]
    }
  ]
}
