{
  "results": [
    {
      "command": "./bin/austindonisan/aot/1brc ./inputs/measurements.txt 48 1",
      "mean": 0.24130394394000004,
      "stddev": 0.0015153137996973497,
      "median": 0.24142597274000002,
      "user": 0.00296292,
      "system": 0.0034109279999999997,
      "min": 0.23894227474000002,
      "max": 0.24315406874000003,
      "times": [
        0.23894227474000002,
        0.24128247474000003,
        0.24315406874000003,
        0.24142597274000002,
        0.24171492874000003
      ],
      "exit_codes": [
        0,
        0,
        0,
        0,
        0
      ]
    }
  ]
}
