{
  "results": [
    {
      "command": "./bin/austindonisan/aot/1brc ./inputs/measurements.txt 24 1",
      "mean": 0.27526683238,
      "stddev": 0.003371095727104676,
      "median": 0.27420853678,
      "user": 0.002964184,
      "system": 0.0020871960000000004,
      "min": 0.27249440178,
      "max": 0.28095305278000005,
      "times": [
        0.27547843878,
        0.27249440178,
        0.27420853678,
        0.27319973178,
        0.28095305278000005
      ],
      "exit_codes": [
        0,
        0,
        0,
        0,
        0
      ]
    }
  ]
}
