{
  "results": [
    {
      "command": "./bin/austindonisan/aot/1brc ./inputs/measurements.txt 24 1",
      "mean": 0.27353665933999993,
      "stddev": 0.004707480563566299,
      "median": 0.27471744734,
      "user": 0.0015198,
      "system": 0.002991128,
      "min": 0.26636934234,
      "max": 0.27760167733999996,
      "times": [
        0.27471744734,
        0.27745598934,
        0.27760167733999996,
        0.26636934234,
        0.27153884034
      ],
      "exit_codes": [
        0,
        0,
        0,
        0,
        0
      ]
    }
  ]
}
