{
  "results": [
    {
      "command": "./bin/austindonisan/aot/1brc ./inputs/measurements.txt 12 1",
      "mean": 0.40794515591999997,
      "stddev": 0.007774823175984554,
      "median": 0.40706129832,
      "user": 0.001431544,
      "system": 0.002306816,
      "min": 0.39612361032,
      "max": 0.41673730732,
      "times": [
        0.41275683532,
        0.40704672832,
        0.39612361032,
        0.40706129832,
        0.41673730732
      ],
      "exit_codes": [
        0,
        0,
        0,
        0,
        0
      ]
    }
  ]
}
