{
  "results": [
    {
      "command": "./bin/austindonisan/aot/1brc ./inputs/measurements.txt 192 1",
      "mean": 0.32409748736000005,
      "stddev": 0.0018250063795920784,
      "median": 0.32390630276000004,
      "user": 0.0018617999999999998,
      "system": 0.025132919999999996,
      "min": 0.32168028876000004,
      "max": 0.32681320476000003,
      "times": [
        0.32168028876000004,
        0.32386731076,
        0.32681320476000003,
        0.32422032976000004,
        0.32390630276000004
      ],
      "exit_codes": [
        0,
        0,
        0,
        0,
        0
      ]
    }
  ]
}
