{
  "results": [
    {
      "command": "./bin/austindonisan/aot/1brc ./inputs/measurements.txt 12 1",
      "mean": 0.40409097602,
      "stddev": 0.006531983660624353,
      "median": 0.40238714042,
      "user": 0.00181096,
      "system": 0.001621872,
      "min": 0.39831364442,
      "max": 0.41491409842000004,
      "times": [
        0.40483477742,
        0.41491409842000004,
        0.40238714042,
        0.39831364442,
        0.40000521942
      ],
      "exit_codes": [
        0,
        0,
        0,
        0,
        0
      ]
    }
  ]
}
