{
  "results": [
    {
      "command": "./bin/austindonisan/aot/1brc ./inputs/measurements.txt 96 1",
      "mean": 0.30427448814,
      "stddev": 0.0011970884530713643,
      "median": 0.30465553954,
      "user": 0.0010599119999999997,
      "system": 0.010366619999999998,
      "min": 0.30259556454000003,
      "max": 0.30559426154,
      "times": [
        0.30354727754000005,
        0.30259556454000003,
        0.30465553954,
        0.30497979754000004,
        0.30559426154
      ],
      "exit_codes": [
        0,
        0,
        0,
        0,
        0
      ]
    }
  ]
}
