{
  "results": [
    {
      "command": "./bin/buybackoff/aot/1brc ./inputs/measurements.txt",
      "mean": 1.45157341686,
      "stddev": 0.018020083509368442,
      "median": 1.44979138626,
      "user": 0.01235036,
      "system": 0.011818319999999998,
      "min": 1.42454451526,
      "max": 1.4735872972600002,
      "times": [
        1.4496125772600001,
        1.46033130826,
        1.4735872972600002,
        1.42454451526,
        1.44979138626
      ],
      "exit_codes": [
        0,
        0,
        0,
        0,
        0
      ]
    }
  ]
}
