{
  "results": [
    {
      "command": "./bin/buybackoff/aot/1brc ./inputs/measurements.txt",
      "mean": 0.76049934738,
      "stddev": 0.007814483077071712,
      "median": 0.7602927555800001,
      "user": 0.0167124,
      "system": 0.011135919999999999,
      "min": 0.75086458858,
      "max": 0.7722985445800001,
      "times": [
        0.7722985445800001,
        0.7572559495800001,
        0.7617848985800001,
        0.75086458858,
        0.7602927555800001
      ],
      "exit_codes": [
        0,
        0,
        0,
        0,
        0
      ]
    }
  ]
}
