{
  "results": [
    {
      "command": "./bin/buybackoff/aot/1brc ./inputs/measurements.txt",
      "mean": 0.39755022974000004,
      "stddev": 0.0025296868060961193,
      "median": 0.39855664794000006,
      "user": 0.015608420000000001,
      "system": 0.015948659999999996,
      "min": 0.39380438694000003,
      "max": 0.39968662894000007,
      "times": [
        0.39855664794000006,
        0.39380438694000003,
        0.39614777294000003,
        0.39968662894000007,
        0.39955571194000006
      ],
      "exit_codes": [
        0,
        0,
        0,
        0,
        0
      ]
    }
  ]
}
