{
  "results": [
    {
      "command": "./bin/buybackoff/aot/1brc ./inputs/measurements.txt",
      "mean": 0.2987938952400001,
      "stddev": 0.0018879406123196133,
      "median": 0.29950008864000005,
      "user": 0.0206359,
      "system": 0.040327919999999996,
      "min": 0.29580908264000005,
      "max": 0.30066737364,
      "times": [
        0.29580908264000005,
        0.29820353664000004,
        0.30066737364,
        0.29978939464000004,
        0.29950008864000005
      ],
      "exit_codes": [
        0,
        0,
        0,
        0,
        0
      ]
    }
  ]
}
