{
  "results": [
    {
      "command": "./bin/buybackoff/aot/1brc ./inputs/measurements.txt",
      "mean": 1.25259353634,
      "stddev": 0.004880467333619281,
      "median": 1.25163181854,
      "user": 0.01334822,
      "system": 0.01303856,
      "min": 1.24833777854,
      "max": 1.26062062554,
      "times": [
        1.26062062554,
        1.25163181854,
        1.24833777854,
        1.24920651554,
        1.25317094354
      ],
      "exit_codes": [
        0,
        0,
        0,
        0,
        0
      ]
    }
  ]
}
