{
  "results": [
    {
      "command": "./bin/buybackoff/aot/1brc ./inputs/measurements.txt",
      "mean": 0.326909861,
      "stddev": 0.0032192474857924928,
      "median": 0.3282700166,
      "user": 0.01555618,
      "system": 0.05678183999999999,
      "min": 0.3228634156,
      "max": 0.3299405506,
      "times": [
        0.3240932246,
        0.3299405506,
        0.3228634156,
        0.3293820976,
        0.3282700166
      ],
      "exit_codes": [
        0,
        0,
        0,
        0,
        0
      ]
    }
  ]
}
