{
  "results": [
    {
      "command": "./bin/buybackoff/aot/1brc ./inputs/measurements.txt",
      "mean": 0.36511912684,
      "stddev": 0.001113709432084862,
      "median": 0.36496039524,
      "user": 0.017994199999999995,
      "system": 0.02084798,
      "min": 0.36395781024,
      "max": 0.36682969024,
      "times": [
        0.36395781024,
        0.36546482424,
        0.36438291424,
        0.36496039524,
        0.36682969024
      ],
      "exit_codes": [
        0,
        0,
        0,
        0,
        0
      ]
    }
  ]
}
