{
  "results": [
    {
      "command": "./bin/buybackoff/aot/1brc ./inputs/measurements.txt",
      "mean": 0.70811057132,
      "stddev": 0.042323883506625186,
      "median": 0.68830686672,
      "user": 0.00917534,
      "system": 0.02494462,
      "min": 0.68178803872,
      "max": 0.78242525172,
      "times": [
        0.68506603872,
        0.68178803872,
        0.78242525172,
        0.70296666072,
        0.68830686672
      ],
      "exit_codes": [
        0,
        0,
        0,
        0,
        0
      ]
    }
  ]
}
