{
  "results": [
    {
      "command": "./bin/buybackoff/aot/1brc ./inputs/measurements.txt",
      "mean": 0.27238400933999996,
      "stddev": 0.010449914628020548,
      "median": 0.26672714114,
      "user": 0.016775980000000003,
      "system": 0.0228089,
      "min": 0.26370037214,
      "max": 0.28613474014,
      "times": [
        0.26370037214,
        0.28104969813999997,
        0.26430809514,
        0.26672714114,
        0.28613474014
      ],
      "exit_codes": [
        0,
        0,
        0,
        0,
        0
      ]
    }
  ]
}
