{
  "results": [
    {
      "command": "./bin/buybackoff/aot/1brc ./inputs/measurements.txt",
      "mean": 1.15594690564,
      "stddev": 0.031010850760435926,
      "median": 1.16360141824,
      "user": 0.025918559999999997,
      "system": 0.09545872,
      "min": 1.1097562112400001,
      "max": 1.19473387124,
      "times": [
        1.1097562112400001,
        1.1644834852400001,
        1.16360141824,
        1.19473387124,
        1.14715954224
      ],
      "exit_codes": [
        0,
        0,
        0,
        0,
        0
      ]
    }
  ]
}
