{
  "results": [
    {
      "command": "./bin/CameronAavik/aot/1brc ./inputs/measurements.txt",
      "mean": 0.8732774496,
      "stddev": 0.002833282190601503,
      "median": 0.8741308138,
      "user": 10.124925299999997,
      "system": 1.4782847000000001,
      "min": 0.8691137628000001,
      "max": 0.8764508128,
      "times": [
        0.8691137628000001,
        0.8747540878000001,
        0.8764508128,
        0.8741308138,
        0.8719377708
      ],
      "exit_codes": [
        0,
        0,
        0,
        0,
        0
      ]
    }
  ]
}
