{
  "results": [
    {
      "command": "./bin/CameronAavik/aot/1brc ./inputs/measurements.txt",
      "mean": 0.9668127200000001,
      "stddev": 0.017609575785649968,
      "median": 0.9668656748000001,
      "user": 12.28234632,
      "system": 1.31337556,
      "min": 0.9489984618,
      "max": 0.9863974208,
      "times": [
        0.9495026198000001,
        0.9822994228,
        0.9489984618,
        0.9668656748000001,
        0.9863974208
      ],
      "exit_codes": [
        0,
        0,
        0,
        0,
        0
      ]
    }
  ]
}
