{
  "results": [
    {
      "command": "./bin/CameronAavik/aot/1brc ./inputs/measurements.txt",
      "mean": 0.8712161718400001,
      "stddev": 0.003903241220077675,
      "median": 0.87017949484,
      "user": 10.06804184,
      "system": 1.3574333800000002,
      "min": 0.86705511984,
      "max": 0.87751355184,
      "times": [
        0.86705511984,
        0.87751355184,
        0.87173651084,
        0.87017949484,
        0.86959618184
      ],
      "exit_codes": [
        0,
        0,
        0,
        0,
        0
      ]
    }
  ]
}
