{
  "results": [
    {
      "command": "./bin/CameronAavik/aot/1brc ./inputs/measurements.txt",
      "mean": 2.27738732396,
      "stddev": 0.05291277097654976,
      "median": 2.2886607315600003,
      "user": 9.58364516,
      "system": 1.2000098600000002,
      "min": 2.22230373956,
      "max": 2.3524328005600004,
      "times": [
        2.22230373956,
        2.23080107056,
        2.3524328005600004,
        2.2927382775600003,
        2.2886607315600003
      ],
      "exit_codes": [
        0,
        0,
        0,
        0,
        0
      ]
    }
  ]
}
