{
  "results": [
    {
      "command": "./bin/CameronAavik/aot/1brc ./inputs/measurements.txt",
      "mean": 1.29681222936,
      "stddev": 0.021562046268304044,
      "median": 1.29659462056,
      "user": 14.336358159999998,
      "system": 1.4943458399999998,
      "min": 1.2667753105600001,
      "max": 1.32763447056,
      "times": [
        1.32763447056,
        1.29462419156,
        1.29659462056,
        1.2667753105600001,
        1.29843255356
      ],
      "exit_codes": [
        0,
        0,
        0,
        0,
        0
      ]
    }
  ]
}
