{
  "results": [
    {
      "command": "./bin/CameronAavik/aot/1brc ./inputs/measurements.txt",
      "mean": 1.9325230996000002,
      "stddev": 0.008541743507834624,
      "median": 1.9314119714000002,
      "user": 14.678438940000001,
      "system": 1.3567228199999999,
      "min": 1.9219843264000003,
      "max": 1.9449001534,
      "times": [
        1.9357712644000002,
        1.9449001534,
        1.9219843264000003,
        1.9285477824000001,
        1.9314119714000002
      ],
      "exit_codes": [
        0,
        0,
        0,
        0,
        0
      ]
    }
  ]
}
