{
  "results": [
    {
      "command": "./bin/CameronAavik/aot/1brc ./inputs/measurements.txt",
      "mean": 1.4312477345399999,
      "stddev": 0.02857710664045028,
      "median": 1.44866160074,
      "user": 9.98066192,
      "system": 1.22477272,
      "min": 1.39788132374,
      "max": 1.45434695974,
      "times": [
        1.39788132374,
        1.45308041974,
        1.45434695974,
        1.44866160074,
        1.4022683687400002
      ],
      "exit_codes": [
        0,
        0,
        0,
        0,
        0
      ]
    }
  ]
}
