{
  "results": [
    {
      "command": "./bin/CameronAavik/aot/1brc ./inputs/measurements.txt",
      "mean": 0.87057789466,
      "stddev": 0.0019261049452190767,
      "median": 0.86987218606,
      "user": 10.12830926,
      "system": 1.29933028,
      "min": 0.86875952306,
      "max": 0.8736132630600001,
      "times": [
        0.86940278006,
        0.86987218606,
        0.86875952306,
        0.8712417210600001,
        0.8736132630600001
      ],
      "exit_codes": [
        0,
        0,
        0,
        0,
        0
      ]
    }
  ]
}
