{
  "results": [
    {
      "command": "./bin/CameronAavik/aot/1brc ./inputs/measurements.txt",
      "mean": 0.8731648455600001,
      "stddev": 0.0012768738884233995,
      "median": 0.87331847756,
      "user": 10.132607619999998,
      "system": 1.44309706,
      "min": 0.8713582495600001,
      "max": 0.8748941355600001,
      "times": [
        0.8734737265600001,
        0.8727796385600001,
        0.87331847756,
        0.8713582495600001,
        0.8748941355600001
      ],
      "exit_codes": [
        0,
        0,
        0,
        0,
        0
      ]
    }
  ]
}
