{
  "results": [
    {
      "command": "./bin/CameronAavik/aot/1brc ./inputs/measurements.txt",
      "mean": 1.1659457966600002,
      "stddev": 0.006322981365956152,
      "median": 1.16730100366,
      "user": 10.03841132,
      "system": 1.26275378,
      "min": 1.15779979166,
      "max": 1.17468009166,
      "times": [
        1.15779979166,
        1.17468009166,
        1.1623711756600001,
        1.1675769206600002,
        1.16730100366
      ],
      "exit_codes": [
        0,
        0,
        0,
        0,
        0
      ]
    }
  ]
}
