{
  "results": [
    {
      "command": "./bin/dzaima/aot/1brc ./inputs/measurements.txt",
      "mean": 1.2787072849799999,
      "stddev": 0.003021574109698942,
      "median": 1.27751980538,
      "user": 8.152764040000001,
      "system": 1.41402374,
      "min": 1.27568635138,
      "max": 1.2833809013800002,
      "times": [
        1.27568635138,
        1.27751980538,
        1.2770547193800001,
        1.2833809013800002,
        1.2798946473800001
      ],
      "exit_codes": [
        0,
        0,
        0,
        0,
        0
      ]
    }
  ]
}
