{
  "results": [
    {
      "command": "./bin/dzaima/aot/1brc ./inputs/measurements.txt",
      "mean": 1.2779397333200002,
      "stddev": 0.004660979096607751,
      "median": 1.27969753532,
      "user": 8.314787879999999,
      "system": 1.3731356399999997,
      "min": 1.27039967832,
      "max": 1.2822152123200001,
      "times": [
        1.27675125232,
        1.2806349883200001,
        1.27969753532,
        1.27039967832,
        1.2822152123200001
      ],
      "exit_codes": [
        0,
        0,
        0,
        0,
        0
      ]
    }
  ]
}
