{
  "results": [
    {
      "command": "./bin/dzaima/aot/1brc ./inputs/measurements.txt",
      "mean": 1.2680070803399999,
      "stddev": 0.003465051854921797,
      "median": 1.26715321274,
      "user": 8.244649939999999,
      "system": 1.41136584,
      "min": 1.26393403274,
      "max": 1.27338570074,
      "times": [
        1.26393403274,
        1.26869663874,
        1.26715321274,
        1.26686581674,
        1.27338570074
      ],
      "exit_codes": [
        0,
        0,
        0,
        0,
        0
      ]
    }
  ]
}
