{
  "results": [
    {
      "command": "./bin/dzaima/aot/1brc ./inputs/measurements.txt",
      "mean": 1.27970405112,
      "stddev": 0.0036830714738375885,
      "median": 1.28044545612,
      "user": 8.126699,
      "system": 1.4210825,
      "min": 1.27540866512,
      "max": 1.28469007412,
      "times": [
        1.28115300612,
        1.2768230541199999,
        1.28469007412,
        1.28044545612,
        1.27540866512
      ],
      "exit_codes": [
        0,
        0,
        0,
        0,
        0
      ]
    }
  ]
}
