{
  "results": [
    {
      "command": "./bin/dzaima/aot/1brc ./inputs/measurements.txt",
      "mean": 1.28804202524,
      "stddev": 0.0030834920331990496,
      "median": 1.2881275166400001,
      "user": 8.21410048,
      "system": 1.3964421999999999,
      "min": 1.28302941864,
      "max": 1.29082894464,
      "times": [
        1.28792027164,
        1.28302941864,
        1.29082894464,
        1.2881275166400001,
        1.29030397464
      ],
      "exit_codes": [
        0,
        0,
        0,
        0,
        0
      ]
    }
  ]
}
