{
  "results": [
    {
      "command": "./bin/dzaima/aot/1brc ./inputs/measurements.txt",
      "mean": 1.2832293801200003,
      "stddev": 0.0018545383920882345,
      "median": 1.2840960645200001,
      "user": 8.16012226,
      "system": 1.4047081399999999,
      "min": 1.2803763565200001,
      "max": 1.28509031952,
      "times": [
        1.2824567935200002,
        1.28509031952,
        1.2841273665200001,
        1.2840960645200001,
        1.2803763565200001
      ],
      "exit_codes": [
        0,
        0,
        0,
        0,
        0
      ]
    }
  ]
}
