{
  "results": [
    {
      "command": "./bin/dzaima/aot/1brc ./inputs/measurements.txt",
      "mean": 1.2830435282200001,
      "stddev": 0.004872521951808928,
      "median": 1.2832061460200002,
      "user": 8.169023139999998,
      "system": 1.41117032,
      "min": 1.27733405902,
      "max": 1.28843978302,
      "times": [
        1.28719378002,
        1.27904387302,
        1.27733405902,
        1.28843978302,
        1.2832061460200002
      ],
      "exit_codes": [
        0,
        0,
        0,
        0,
        0
      ]
    }
  ]
}
