{
  "results": [
    {
      "command": "./bin/dzaima/aot/1brc ./inputs/measurements.txt",
      "mean": 1.2820522003799997,
      "stddev": 0.0023024895998371895,
      "median": 1.2816433969799998,
      "user": 8.134062839999999,
      "system": 1.43199688,
      "min": 1.2792955259799998,
      "max": 1.28549229298,
      "times": [
        1.28549229298,
        1.2792955259799998,
        1.2816433969799998,
        1.28280019398,
        1.2810295919799999
      ],
      "exit_codes": [
        0,
        0,
        0,
        0,
        0
      ]
    }
  ]
}
