{
  "results": [
    {
      "command": "./bin/dzaima/aot/1brc ./inputs/measurements.txt",
      "mean": 1.8047988147799998,
      "stddev": 0.043306299463733884,
      "median": 1.80105108118,
      "user": 8.08788226,
      "system": 1.35888124,
      "min": 1.75682877318,
      "max": 1.85967855618,
      "times": [
        1.77028011118,
        1.80105108118,
        1.85967855618,
        1.8361555521800002,
        1.75682877318
      ],
      "exit_codes": [
        0,
        0,
        0,
        0,
        0
      ]
    }
  ]
}
