{
  "results": [
    {
      "command": "./bin/dzaima/aot/1brc ./inputs/measurements.txt",
      "mean": 1.6515410204599998,
      "stddev": 0.0017868538844928667,
      "median": 1.65082549886,
      "user": 9.5022761,
      "system": 1.5226209599999998,
      "min": 1.6494914238599998,
      "max": 1.6535064788599998,
      "times": [
        1.6535064788599998,
        1.65333293786,
        1.65082549886,
        1.65054876286,
        1.6494914238599998
      ],
      "exit_codes": [
        0,
        0,
        0,
        0,
        0
      ]
    }
  ]
}
