{
  "results": [
    {
      "command": "./calculate_average_jerrinot.sh",
      "mean": 0.29851973816,
      "stddev": 0.005074965856620369,
      "median": 0.29947478996,
      "user": 0.0025347,
      "system": 0.00572128,
      "min": 0.29271360196,
      "max": 0.30592825896,
      "times": [
        0.29271360196,
        0.29947478996,
        0.29950391096,
        0.29497812896000003,
        0.30592825896
      ],
      "exit_codes": [
        0,
        0,
        0,
        0,
        0
      ]
    }
  ]
}
