{
  "results": [
    {
      "command": "./calculate_average_jerrinot.sh",
      "mean": 1.54006886582,
      "stddev": 0.026990683860903232,
      "median": 1.54314487102,
      "user": 0.00442968,
      "system": 0.00239492,
      "min": 1.49867767002,
      "max": 1.57417656302,
      "times": [
        1.49867767002,
        1.54526362002,
        1.54314487102,
        1.53908160502,
        1.57417656302
      ],
      "exit_codes": [
        0,
        0,
        0,
        0,
        0
      ]
    }
  ]
}
