{
  "results": [
    {
      "command": "./calculate_average_jerrinot.sh",
      "mean": 1.2236854077200001,
      "stddev": 0.010439997114782966,
      "median": 1.22271183052,
      "user": 0.00127892,
      "system": 0.005817319999999999,
      "min": 1.20765167252,
      "max": 1.23449969052,
      "times": [
        1.22271183052,
        1.22220917052,
        1.23449969052,
        1.2313546745200001,
        1.20765167252
      ],
      "exit_codes": [
        0,
        0,
        0,
        0,
        0
      ]
    }
  ]
}
