{
  "results": [
    {
      "command": "./calculate_average_jerrinot.sh",
      "mean": 0.6788096516000002,
      "stddev": 0.00765621035618192,
      "median": 0.67508842,
      "user": 0.0031531,
      "system": 0.004689779999999999,
      "min": 0.673758246,
      "max": 0.692201724,
      "times": [
        0.67508842,
        0.674904821,
        0.692201724,
        0.678095047,
        0.673758246
      ],
      "exit_codes": [
        0,
        0,
        0,
        0,
        0
      ]
    }
  ]
}
