{
  "results": [
    {
      "command": "./calculate_average_jerrinot.sh",
      "mean": 0.32211156992,
      "stddev": 0.005141978713513144,
      "median": 0.32027041532,
      "user": 0.0028875,
      "system": 0.005375639999999999,
      "min": 0.31656946832000005,
      "max": 0.32769703932000005,
      "times": [
        0.32027041532,
        0.32769703932000005,
        0.32741736432,
        0.31656946832000005,
        0.31860356232000003
      ],
      "exit_codes": [
        0,
        0,
        0,
        0,
        0
      ]
    }
  ]
}
