{
  "results": [
    {
      "command": "./calculate_average_jerrinot.sh",
      "mean": 0.39410373856,
      "stddev": 0.004461008586367635,
      "median": 0.39379701376000004,
      "user": 0.0025685,
      "system": 0.00568418,
      "min": 0.38946756176,
      "max": 0.40111380076,
      "times": [
        0.40111380076,
        0.39123486176,
        0.39379701376000004,
        0.38946756176,
        0.39490545476000005
      ],
      "exit_codes": [
        0,
        0,
        0,
        0,
        0
      ]
    }
  ]
}
