{
  "results": [
    {
      "command": "./calculate_average_jerrinot.sh",
      "mean": 0.32241244414,
      "stddev": 0.003114908720979746,
      "median": 0.32321237134,
      "user": 0.00436038,
      "system": 0.0040792599999999995,
      "min": 0.31886033734,
      "max": 0.32552890034000004,
      "times": [
        0.32503874234,
        0.31886033734,
        0.31942186934000005,
        0.32552890034000004,
        0.32321237134
      ],
      "exit_codes": [
        0,
        0,
        0,
        0,
        0
      ]
    }
  ]
}
