{
  "results": [
    {
      "command": "./calculate_average_jerrinot.sh",
      "mean": 0.86223224026,
      "stddev": 0.011281403628426603,
      "median": 0.8664617504600001,
      "user": 0.0021495399999999997,
      "system": 0.00545056,
      "min": 0.8423125534600001,
      "max": 0.8699041124600001,
      "times": [
        0.8699041124600001,
        0.8423125534600001,
        0.86754396046,
        0.8664617504600001,
        0.8649388244600001
      ],
      "exit_codes": [
        0,
        0,
        0,
        0,
        0
      ]
    }
  ]
}
