{
  "results": [
    {
      "command": "./calculate_average_jerrinot.sh",
      "mean": 0.32078972534,
      "stddev": 0.00459937271119946,
      "median": 0.32064813194,
      "user": 0.0038882799999999996,
      "system": 0.0041944999999999994,
      "min": 0.31444315494,
      "max": 0.32709127094,
      "times": [
        0.31444315494,
        0.32064813194,
        0.31936793994,
        0.32709127094,
        0.32239812894000003
      ],
      "exit_codes": [
        0,
        0,
        0,
        0,
        0
      ]
    }
  ]
}
