{
  "results": [
    {
      "command": "./calculate_average_jerrinot.sh",
      "mean": 0.47747698466,
      "stddev": 0.008958297959789197,
      "median": 0.47948528506000004,
      "user": 0.00220044,
      "system": 0.00608624,
      "min": 0.46746016506000004,
      "max": 0.48894342206,
      "times": [
        0.46945609906,
        0.48203995206000005,
        0.48894342206,
        0.47948528506000004,
        0.46746016506000004
      ],
      "exit_codes": [
        0,
        0,
        0,
        0,
        0
      ]
    }
  ]
}
