{
  "results": [
    {
      "command": "./bin/kpocza/aot/1brc ./inputs/measurements.txt",
      "mean": 1.52171510234,
      "stddev": 0.00974950491786166,
      "median": 1.52090765954,
      "user": 20.74557606,
      "system": 3.9711803599999995,
      "min": 1.51329954354,
      "max": 1.53781807454,
      "times": [
        1.52090765954,
        1.53781807454,
        1.51329954354,
        1.51468589154,
        1.52186434254
      ],
      "exit_codes": [
        0,
        0,
        0,
        0,
        0
      ]
    }
  ]
}
