{
  "results": [
    {
      "command": "./bin/kpocza/aot/1brc ./inputs/measurements.txt",
      "mean": 0.9549757770400001,
      "stddev": 0.001117739796057348,
      "median": 0.9545829356400001,
      "user": 19.74103128,
      "system": 1.37412402,
      "min": 0.9537582386400001,
      "max": 0.9566976236400001,
      "times": [
        0.95447863864,
        0.9537582386400001,
        0.9545829356400001,
        0.95536144864,
        0.9566976236400001
      ],
      "exit_codes": [
        0,
        0,
        0,
        0,
        0
      ]
    }
  ]
}
