{
  "results": [
    {
      "command": "./bin/kpocza/aot/1brc ./inputs/measurements.txt",
      "mean": 1.0467614256400002,
      "stddev": 0.3460698603630471,
      "median": 0.8618433278400001,
      "user": 16.659543499999998,
      "system": 2.51391308,
      "min": 0.8491456958400001,
      "max": 1.65190730484,
      "times": [
        0.8618433278400001,
        0.8491456958400001,
        0.8493417668400001,
        1.02156903284,
        1.65190730484
      ],
      "exit_codes": [
        0,
        0,
        0,
        0,
        0
      ]
    }
  ]
}
