{
  "results": [
    {
      "command": "./bin/kpocza/aot/1brc ./inputs/measurements.txt",
      "mean": 1.4792675038799998,
      "stddev": 0.07330527287602567,
      "median": 1.47549431568,
      "user": 19.173406579999998,
      "system": 1.45719482,
      "min": 1.41047437368,
      "max": 1.59496022068,
      "times": [
        1.47549431568,
        1.42282470768,
        1.59496022068,
        1.49258390168,
        1.41047437368
      ],
      "exit_codes": [
        0,
        0,
        0,
        0,
        0
      ]
    }
  ]
}
