{
  "results": [
    {
      "command": "./bin/kpocza/aot/1brc ./inputs/measurements.txt",
      "mean": 0.832627716,
      "stddev": 0.007591589383674849,
      "median": 0.8310291236,
      "user": 13.43388162,
      "system": 1.3090529199999998,
      "min": 0.8253061046,
      "max": 0.8451543256,
      "times": [
        0.8253061046,
        0.8284848126,
        0.8331642136,
        0.8310291236,
        0.8451543256
      ],
      "exit_codes": [
        0,
        0,
        0,
        0,
        0
      ]
    }
  ]
}
