{
  "results": [
    {
      "command": "./bin/kpocza/aot/1brc ./inputs/measurements.txt",
      "mean": 0.8197141702599999,
      "stddev": 0.01504368378274863,
      "median": 0.81339707586,
      "user": 21.947482639999997,
      "system": 1.62210018,
      "min": 0.80909943586,
      "max": 0.84501879886,
      "times": [
        0.84501879886,
        0.80909943586,
        0.81339707586,
        0.82174449386,
        0.80931104686
      ],
      "exit_codes": [
        0,
        0,
        0,
        0,
        0
      ]
    }
  ]
}
