{
  "results": [
    {
      "command": "./bin/kpocza/aot/1brc ./inputs/measurements.txt",
      "mean": 2.1989195903,
      "stddev": 0.06107281384419722,
      "median": 2.2041096343,
      "user": 12.85465078,
      "system": 1.2543310399999998,
      "min": 2.1319575823,
      "max": 2.2680213473,
      "times": [
        2.2041096343,
        2.1423075903,
        2.2680213473,
        2.1319575823,
        2.2482017973
      ],
      "exit_codes": [
        0,
        0,
        0,
        0,
        0
      ]
    }
  ]
}
