{
  "results": [
    {
      "command": "./bin/kpocza/aot/1brc ./inputs/measurements.txt",
      "mean": 1.09624687544,
      "stddev": 0.013783979706115836,
      "median": 1.09410447544,
      "user": 12.97494896,
      "system": 1.1843053600000002,
      "min": 1.0828259154400002,
      "max": 1.11121224144,
      "times": [
        1.0832956014400001,
        1.11121224144,
        1.10979614344,
        1.09410447544,
        1.0828259154400002
      ],
      "exit_codes": [
        0,
        0,
        0,
        0,
        0
      ]
    }
  ]
}
