{
  "results": [
    {
      "command": "./bin/kpocza/aot/1brc ./inputs/measurements.txt",
      "mean": 2.6967254459,
      "stddev": 0.021461873898228023,
      "median": 2.6920208309,
      "user": 12.39198592,
      "system": 1.15010322,
      "min": 2.6710929179,
      "max": 2.7300641049,
      "times": [
        2.6920208309,
        2.6903606619000002,
        2.7300641049,
        2.6710929179,
        2.7000887139
      ],
      "exit_codes": [
        0,
        0,
        0,
        0,
        0
      ]
    }
  ]
}
