{
  "results": [
    {
      "command": "./bin/kpocza/aot/1brc ./inputs/measurements.txt",
      "mean": 2.41800967246,
      "stddev": 0.35826716566300215,
      "median": 2.22385163386,
      "user": 19.36844954,
      "system": 1.27049688,
      "min": 2.16207436286,
      "max": 2.98996788286,
      "times": [
        2.55157596186,
        2.98996788286,
        2.16207436286,
        2.22385163386,
        2.16257852086
      ],
      "exit_codes": [
        0,
        0,
        0,
        0,
        0
      ]
    }
  ]
}
