{
  "results": [
    {
      "command": "./bin/lehuyduc/aot/1brc ./inputs/measurements.txt",
      "mean": 0.31188241494,
      "stddev": 0.005896811547934208,
      "median": 0.31246655734000006,
      "user": 0.0019688320000000002,
      "system": 0.001037568,
      "min": 0.30567448934,
      "max": 0.32046691234,
      "times": [
        0.30707538734000006,
        0.30567448934,
        0.32046691234,
        0.31372872834000004,
        0.31246655734000006
      ],
      "exit_codes": [
        0,
        0,
        0,
        0,
        0
      ]
    }
  ]
}
