{
  "results": [
    {
      "command": "./bin/lehuyduc/aot/1brc ./inputs/measurements.txt",
      "mean": 0.7160873344400001,
      "stddev": 0.04773034472020571,
      "median": 0.7183627772400001,
      "user": 0.0021062999999999998,
      "system": 0.0005049999999999999,
      "min": 0.64130811724,
      "max": 0.7612569112400001,
      "times": [
        0.7612569112400001,
        0.70628355324,
        0.64130811724,
        0.7532253132400001,
        0.7183627772400001
      ],
      "exit_codes": [
        0,
        0,
        0,
        0,
        0
      ]
    }
  ]
}
