{
  "results": [
    {
      "command": "./bin/lehuyduc/aot/1brc ./inputs/measurements.txt",
      "mean": 0.37602757458,
      "stddev": 0.008113168676616028,
      "median": 0.37727953458,
      "user": 0.00146186,
      "system": 0.0011505119999999998,
      "min": 0.36560567458000004,
      "max": 0.38677783258000004,
      "times": [
        0.36560567458000004,
        0.37097749358000004,
        0.38677783258000004,
        0.37727953458,
        0.37949733758000004
      ],
      "exit_codes": [
        0,
        0,
        0,
        0,
        0
      ]
    }
  ]
}
