{
  "results": [
    {
      "command": "./bin/lehuyduc/aot/1brc ./inputs/measurements.txt",
      "mean": 0.36596023434,
      "stddev": 0.003763336750929983,
      "median": 0.36770938814000004,
      "user": 0.0019601399999999995,
      "system": 0.000757248,
      "min": 0.36128705014,
      "max": 0.37001552614,
      "times": [
        0.36128705014,
        0.36810268014,
        0.37001552614,
        0.36268652714,
        0.36770938814000004
      ],
      "exit_codes": [
        0,
        0,
        0,
        0,
        0
      ]
    }
  ]
}
