{
  "results": [
    {
      "command": "./bin/lehuyduc/aot/1brc ./inputs/measurements.txt",
      "mean": 1.21132118788,
      "stddev": 0.008149409210914161,
      "median": 1.21452420848,
      "user": 0.0022432199999999998,
      "system": 0.0,
      "min": 1.2028050944800002,
      "max": 1.2210040904800001,
      "times": [
        1.2210040904800001,
        1.2028050944800002,
        1.20282905548,
        1.21544349048,
        1.21452420848
      ],
      "exit_codes": [
        0,
        0,
        0,
        0,
        0
      ]
    }
  ]
}
