{
  "results": [
    {
      "command": "./bin/lehuyduc/aot/1brc ./inputs/measurements.txt",
      "mean": 1.1142496538799997,
      "stddev": 0.048539372646728994,
      "median": 1.11774265528,
      "user": 0.00163714,
      "system": 0.0008666839999999998,
      "min": 1.04287357728,
      "max": 1.1797646552799999,
      "times": [
        1.04287357728,
        1.11774265528,
        1.11878914328,
        1.1797646552799999,
        1.1120782382799999
      ],
      "exit_codes": [
        0,
        0,
        0,
        0,
        0
      ]
    }
  ]
}
