{
  "results": [
    {
      "command": "./bin/lehuyduc/aot/1brc ./inputs/measurements.txt",
      "mean": 0.28025061704000004,
      "stddev": 0.013608996512093026,
      "median": 0.27527745444,
      "user": 0.0020383,
      "system": 0.000864004,
      "min": 0.26473254644000005,
      "max": 0.29494674944000004,
      "times": [
        0.26473254644000005,
        0.29494674944000004,
        0.29415971544,
        0.27213661944000006,
        0.27527745444
      ],
      "exit_codes": [
        0,
        0,
        0,
        0,
        0
      ]
    }
  ]
}
