{
  "results": [
    {
      "command": "./bin/lehuyduc/aot/1brc ./inputs/measurements.txt",
      "mean": 0.32751903302,
      "stddev": 0.0032427261011101966,
      "median": 0.32619617062,
      "user": 0.0017634199999999995,
      "system": 0.0011031199999999998,
      "min": 0.32535559762,
      "max": 0.33323841562,
      "times": [
        0.32686401062,
        0.32594097062,
        0.32535559762,
        0.33323841562,
        0.32619617062
      ],
      "exit_codes": [
        0,
        0,
        0,
        0,
        0
      ]
    }
  ]
}
