{
  "results": [
    {
      "command": "./bin/lehuyduc/aot/1brc ./inputs/measurements.txt",
      "mean": 1.67205494072,
      "stddev": 0.010685165917187007,
      "median": 1.67208026232,
      "user": 0.0009717279999999998,
      "system": 0.0012905839999999998,
      "min": 1.65548088932,
      "max": 1.68346903332,
      "times": [
        1.67208026232,
        1.67901130832,
        1.67023321032,
        1.65548088932,
        1.68346903332
      ],
      "exit_codes": [
        0,
        0,
        0,
        0,
        0
      ]
    }
  ]
}
