{
  "results": [
    {
      "command": "./bin/lehuyduc/aot/1brc ./inputs/measurements.txt",
      "mean": 0.52332915702,
      "stddev": 0.036023950127977745,
      "median": 0.50856932142,
      "user": 0.00223514,
      "system": 0.00038941199999999995,
      "min": 0.48264888542,
      "max": 0.57499897142,
      "times": [
        0.54312080242,
        0.50730780442,
        0.57499897142,
        0.48264888542,
        0.50856932142
      ],
      "exit_codes": [
        0,
        0,
        0,
        0,
        0
      ]
    }
  ]
}
