{
  "results": [
    {
      "command": "./bin/mtopolnik-rs/aot/1brc ./inputs/measurements.txt",
      "mean": 0.9147744063600001,
      "stddev": 0.04430900088718533,
      "median": 0.9027441501600001,
      "user": 14.846636120000003,
      "system": 1.5666292400000001,
      "min": 0.8751180581600001,
      "max": 0.9853043201600001,
      "times": [
        0.9027441501600001,
        0.9275314951600001,
        0.8831740081600001,
        0.9853043201600001,
        0.8751180581600001
      ],
      "exit_codes": [
        0,
        0,
        0,
        0,
        0
      ]
    }
  ]
}
