{
  "results": [
    {
      "command": "./calculate_average_mtopolnik.sh",
      "mean": 0.53035775028,
      "stddev": 0.009605571536395045,
      "median": 0.53105845768,
      "user": 0.0030320600000000005,
      "system": 0.0067199999999999985,
      "min": 0.51449980268,
      "max": 0.53896923868,
      "times": [
        0.51449980268,
        0.53691097368,
        0.53035027868,
        0.53105845768,
        0.53896923868
      ],
      "exit_codes": [
        0,
        0,
        0,
        0,
        0
      ]
    }
  ]
}
