{
  "results": [
    {
      "command": "./calculate_average_mtopolnik.sh",
      "mean": 0.74467886024,
      "stddev": 0.022153642583940314,
      "median": 0.74918102744,
      "user": 0.004259560000000001,
      "system": 0.00573948,
      "min": 0.7077953384400001,
      "max": 0.76313668544,
      "times": [
        0.7431303904400001,
        0.74918102744,
        0.76313668544,
        0.7077953384400001,
        0.76015085944
      ],
      "exit_codes": [
        0,
        0,
        0,
        0,
        0
      ]
    }
  ]
}
