{
  "results": [
    {
      "command": "./bin/mtopolnik-rs/aot/1brc ./inputs/measurements.txt",
      "mean": 1.89744339776,
      "stddev": 0.2560492721106422,
      "median": 1.73120038136,
      "user": 13.766033299999998,
      "system": 1.23033814,
      "min": 1.70014830436,
      "max": 2.19563018236,
      "times": [
        1.70014830436,
        2.19563018236,
        2.1588460463600003,
        1.73120038136,
        1.70139207436
      ],
      "exit_codes": [
        0,
        0,
        0,
        0,
        0
      ]
    }
  ]
}
