{
  "results": [
    {
      "command": "./calculate_average_mtopolnik.sh",
      "mean": 2.1225934572,
      "stddev": 0.03277023269056413,
      "median": 2.1337615944,
      "user": 0.00224462,
      "system": 0.006332119999999999,
      "min": 2.0681357994000003,
      "max": 2.1546305184000003,
      "times": [
        2.1546305184000003,
        2.1206201274,
        2.1358192464,
        2.0681357994000003,
        2.1337615944
      ],
      "exit_codes": [
        0,
        0,
        0,
        0,
        0
      ]
    }
  ]
}
