{
  "results": [
    {
      "command": "./bin/mtopolnik-rs/aot/1brc ./inputs/measurements.txt",
      "mean": 0.8229225838200002,
      "stddev": 0.009221260076124964,
      "median": 0.8224577898200001,
      "user": 16.192455239999997,
      "system": 2.42829238,
      "min": 0.81277055882,
      "max": 0.83588469882,
      "times": [
        0.81600188082,
        0.8224577898200001,
        0.8274979908200001,
        0.83588469882,
        0.81277055882
      ],
      "exit_codes": [
        0,
        0,
        0,
        0,
        0
      ]
    }
  ]
}
