{
  "results": [
    {
      "command": "./calculate_average_mtopolnik.sh",
      "mean": 1.30922274346,
      "stddev": 0.08314060397951559,
      "median": 1.31592045946,
      "user": 0.0036078599999999996,
      "system": 0.006128139999999999,
      "min": 1.21673095746,
      "max": 1.41269845546,
      "times": [
        1.2364041644600001,
        1.41269845546,
        1.21673095746,
        1.31592045946,
        1.36435968046
      ],
      "exit_codes": [
        0,
        0,
        0,
        0,
        0
      ]
    }
  ]
}
