{
  "results": [
    {
      "command": "./bin/mtopolnik-rs/aot/1brc ./inputs/measurements.txt",
      "mean": 0.8913299954600001,
      "stddev": 0.01781867301177327,
      "median": 0.8998984868600001,
      "user": 25.187635939999996,
      "system": 2.89403366,
      "min": 0.8601418268600001,
      "max": 0.9033687748600001,
      "times": [
        0.8601418268600001,
        0.8932300448600001,
        0.8998984868600001,
        0.9000108438600001,
        0.9033687748600001
      ],
      "exit_codes": [
        0,
        0,
        0,
        0,
        0
      ]
    }
  ]
}
