{
  "results": [
    {
      "command": "./calculate_average_mtopolnik.sh",
      "mean": 0.44000734565999994,
      "stddev": 0.011586979323252672,
      "median": 0.43850007146,
      "user": 0.0021912,
      "system": 0.007958960000000001,
      "min": 0.42667886346,
      "max": 0.45868166646,
      "times": [
        0.42667886346,
        0.43737584846,
        0.45868166646,
        0.43850007146,
        0.43880027846
      ],
      "exit_codes": [
        0,
        0,
        0,
        0,
        0
      ]
    }
  ]
}
