{
  "results": [
    {
      "command": "./calculate_average_mtopolnik.sh",
      "mean": 0.7330707801,
      "stddev": 0.010540109476722211,
      "median": 0.7337690613000001,
      "user": 0.0036536599999999995,
      "system": 0.00691692,
      "min": 0.7173320953000001,
      "max": 0.7445850933000001,
      "times": [
        0.7401903993000001,
        0.7173320953000001,
        0.7337690613000001,
        0.7294772513000001,
        0.7445850933000001
      ],
      "exit_codes": [
        0,
        0,
        0,
        0,
        0
      ]
    }
  ]
}
