{
  "results": [
    {
      "command": "./calculate_average_mtopolnik.sh",
      "mean": 0.44616989226000003,
      "stddev": 0.013628718568485236,
      "median": 0.45179478786000005,
      "user": 0.0034616800000000004,
      "system": 0.00654942,
      "min": 0.42324635586000003,
      "max": 0.45836170386,
      "times": [
        0.44524769286000004,
        0.45836170386,
        0.45219892086,
        0.42324635586000003,
        0.45179478786000005
      ],
      "exit_codes": [
        0,
        0,
        0,
        0,
        0
      ]
    }
  ]
}
