{
  "results": [
    {
      "command": "./bin/mtopolnik-rs/aot/1brc ./inputs/measurements.txt",
      "mean": 1.4958726377,
      "stddev": 0.07638471491424012,
      "median": 1.4619357033,
      "user": 21.87759436,
      "system": 1.4774125599999999,
      "min": 1.4591608482999998,
      "max": 1.6324569023,
      "times": [
        1.4606667223,
        1.4651430123,
        1.6324569023,
        1.4619357033,
        1.4591608482999998
      ],
      "exit_codes": [
        0,
        0,
        0,
        0,
        0
      ]
    }
  ]
}
