{
  "results": [
    {
      "command": "./bin/mtopolnik-rs/aot/1brc ./inputs/measurements.txt",
      "mean": 1.0127029374199998,
      "stddev": 0.0026250155329414506,
      "median": 1.01149845422,
      "user": 22.035886599999998,
      "system": 1.93640596,
      "min": 1.01055034122,
      "max": 1.01709297722,
      "times": [
        1.01055034122,
        1.01127201122,
        1.01310090322,
        1.01149845422,
        1.01709297722
      ],
      "exit_codes": [
        0,
        0,
        0,
        0,
        0
      ]
    }
  ]
}
