{
  "results": [
    {
      "command": "./calculate_average_mtopolnik.sh",
      "mean": 0.9217104043800001,
      "stddev": 0.02890263570591238,
      "median": 0.9157162961800001,
      "user": 0.003894736,
      "system": 0.006304659999999999,
      "min": 0.8932533621800001,
      "max": 0.96825229718,
      "times": [
        0.9157162961800001,
        0.9269892551800001,
        0.96825229718,
        0.9043408111800001,
        0.8932533621800001
      ],
      "exit_codes": [
        0,
        0,
        0,
        0,
        0
      ]
    }
  ]
}
