{
  "results": [
    {
      "command": "./bin/mtopolnik-rs/aot/1brc ./inputs/measurements.txt",
      "mean": 2.81580959718,
      "stddev": 0.0071808213244611285,
      "median": 2.81315838378,
      "user": 13.35600682,
      "system": 1.11543486,
      "min": 2.80849899478,
      "max": 2.82444006078,
      "times": [
        2.82240872878,
        2.81315838378,
        2.81054181778,
        2.80849899478,
        2.82444006078
      ],
      "exit_codes": [
        0,
        0,
        0,
        0,
        0
      ]
    }
  ]
}
