{
  "results": [
    {
      "command": "./bin/mtopolnik-rs/aot/1brc ./inputs/measurements.txt",
      "mean": 1.1252110231199999,
      "stddev": 0.026836214994532495,
      "median": 1.1165213597199999,
      "user": 13.806823660000001,
      "system": 1.2915132,
      "min": 1.10986972872,
      "max": 1.1728488747199999,
      "times": [
        1.11671337072,
        1.10986972872,
        1.11010178172,
        1.1165213597199999,
        1.1728488747199999
      ],
      "exit_codes": [
        0,
        0,
        0,
        0,
        0
      ]
    }
  ]
}
