{
  "results": [
    {
      "command": "./bin/mtopolnik-rs/aot/1brc ./inputs/measurements.txt",
      "mean": 2.32883138162,
      "stddev": 0.0011056022911259933,
      "median": 2.32905180602,
      "user": 21.21521232,
      "system": 1.4051202,
      "min": 2.32699476902,
      "max": 2.32982796002,
      "times": [
        2.32982796002,
        2.32905180602,
        2.32876531002,
        2.32951706302,
        2.32699476902
      ],
      "exit_codes": [
        0,
        0,
        0,
        0,
        0
      ]
    }
  ]
}
