{
  "results": [
    {
      "command": "./calculate_average_mtopolnik.sh",
      "mean": 0.42856020032000003,
      "stddev": 0.010387746219559402,
      "median": 0.42590207352000004,
      "user": 0.00459564,
      "system": 0.00522832,
      "min": 0.41731580552,
      "max": 0.44560034252,
      "times": [
        0.41731580552,
        0.42818098152000006,
        0.42580179852000005,
        0.44560034252,
        0.42590207352000004
      ],
      "exit_codes": [
        0,
        0,
        0,
        0,
        0
      ]
    }
  ]
}
