{
  "results": [
    {
      "command": "./calculate_average_mtopolnik.sh",
      "mean": 1.52753558272,
      "stddev": 0.023451687103877284,
      "median": 1.53089368852,
      "user": 0.0027462199999999993,
      "system": 0.006358319999999999,
      "min": 1.49637380452,
      "max": 1.56003387652,
      "times": [
        1.49637380452,
        1.53089368852,
        1.51651548752,
        1.53386105652,
        1.56003387652
      ],
      "exit_codes": [
        0,
        0,
        0,
        0,
        0
      ]
    }
  ]
}
