{
  "results": [
    {
      "command": "./bin/mtopolnik-rs/aot/1brc ./inputs/measurements.txt",
      "mean": 0.9069310270600001,
      "stddev": 0.007898178190937973,
      "median": 0.90402965446,
      "user": 30.5335052,
      "system": 6.8603734,
      "min": 0.89974700746,
      "max": 0.91695780646,
      "times": [
        0.89974700746,
        0.91362961946,
        0.90402965446,
        0.90029104746,
        0.91695780646
      ],
      "exit_codes": [
        0,
        0,
        0,
        0,
        0
      ]
    }
  ]
}
