{
  "results": [
    {
      "command": "./bin/nietras/aot/1brc ./inputs/measurements.txt",
      "mean": 2.36971040764,
      "stddev": 0.2261251425498666,
      "median": 2.37929144244,
      "user": 13.5971996,
      "system": 1.27546084,
      "min": 2.11976757944,
      "max": 2.63090704244,
      "times": [
        2.16755569344,
        2.55103028044,
        2.37929144244,
        2.63090704244,
        2.11976757944
      ],
      "exit_codes": [
        0,
        0,
        0,
        0,
        0
      ]
    }
  ]
}
