{
  "results": [
    {
      "command": "./bin/nietras/aot/1brc ./inputs/measurements.txt",
      "mean": 0.93550265716,
      "stddev": 0.011599643273966882,
      "median": 0.92939054736,
      "user": 13.598347139999998,
      "system": 1.24066616,
      "min": 0.92429614336,
      "max": 0.94979445736,
      "times": [
        0.92789393436,
        0.94979445736,
        0.92429614336,
        0.94613820336,
        0.92939054736
      ],
      "exit_codes": [
        0,
        0,
        0,
        0,
        0
      ]
    }
  ]
}
