{
  "results": [
    {
      "command": "./bin/nietras/aot/1brc ./inputs/measurements.txt",
      "mean": 0.8927945595800001,
      "stddev": 0.003600796725769048,
      "median": 0.89221743878,
      "user": 16.24516224,
      "system": 3.0336216000000005,
      "min": 0.88842937678,
      "max": 0.89808683878,
      "times": [
        0.89410375478,
        0.89221743878,
        0.89808683878,
        0.88842937678,
        0.89113538878
      ],
      "exit_codes": [
        0,
        0,
        0,
        0,
        0
      ]
    }
  ]
}
