{
  "results": [
    {
      "command": "./bin/nietras/aot/1brc ./inputs/measurements.txt",
      "mean": 2.1963183358799996,
      "stddev": 0.005201768745727617,
      "median": 2.19457277168,
      "user": 16.035058040000003,
      "system": 1.2477855599999998,
      "min": 2.1903023236799997,
      "max": 2.2042927886799997,
      "times": [
        2.2042927886799997,
        2.19457277168,
        2.1903023236799997,
        2.19785196468,
        2.1945718306799997
      ],
      "exit_codes": [
        0,
        0,
        0,
        0,
        0
      ]
    }
  ]
}
