{
  "results": [
    {
      "command": "./bin/nietras/aot/1brc ./inputs/measurements.txt",
      "mean": 1.32020560574,
      "stddev": 0.0030632634840711574,
      "median": 1.32030403834,
      "user": 13.618610399999998,
      "system": 1.2273378799999999,
      "min": 1.31716908034,
      "max": 1.32467968834,
      "times": [
        1.31755252334,
        1.31716908034,
        1.32030403834,
        1.32467968834,
        1.32132269834
      ],
      "exit_codes": [
        0,
        0,
        0,
        0,
        0
      ]
    }
  ]
}
