{
  "results": [
    {
      "command": "./bin/nietras/aot/1brc ./inputs/measurements.txt",
      "mean": 0.8041502122,
      "stddev": 0.010864319203147644,
      "median": 0.8025697978,
      "user": 17.78344296,
      "system": 1.6965739,
      "min": 0.7920513898,
      "max": 0.8211472258,
      "times": [
        0.8211472258,
        0.8025697978,
        0.7920513898,
        0.8062894958,
        0.7986931518
      ],
      "exit_codes": [
        0,
        0,
        0,
        0,
        0
      ]
    }
  ]
}
