{
  "results": [
    {
      "command": "./bin/nietras/aot/1brc ./inputs/measurements.txt",
      "mean": 3.6371194635799995,
      "stddev": 0.01670523835094057,
      "median": 3.6358955747799997,
      "user": 14.44027648,
      "system": 1.12553986,
      "min": 3.61635182278,
      "max": 3.66057863578,
      "times": [
        3.61635182278,
        3.66057863578,
        3.6358955747799997,
        3.6445114467799997,
        3.62825983778
      ],
      "exit_codes": [
        0,
        0,
        0,
        0,
        0
      ]
    }
  ]
}
