{
  "results": [
    {
      "command": "./bin/nietras/aot/1brc ./inputs/measurements.txt",
      "mean": 1.65250080936,
      "stddev": 0.06860753069346832,
      "median": 1.66914074556,
      "user": 16.44010836,
      "system": 1.3865786,
      "min": 1.53993088056,
      "max": 1.71424351856,
      "times": [
        1.71424351856,
        1.53993088056,
        1.66914074556,
        1.6423680905600002,
        1.6968208115600003
      ],
      "exit_codes": [
        0,
        0,
        0,
        0,
        0
      ]
    }
  ]
}
