{
  "results": [
    {
      "command": "./bin/nietras/aot/1brc ./inputs/measurements.txt",
      "mean": 0.8732078807800001,
      "stddev": 0.004600948922064485,
      "median": 0.8726527861800001,
      "user": 16.626016879999998,
      "system": 2.1874683999999998,
      "min": 0.86802110718,
      "max": 0.87995999418,
      "times": [
        0.8750863311800001,
        0.8726527861800001,
        0.8703191851800001,
        0.86802110718,
        0.87995999418
      ],
      "exit_codes": [
        0,
        0,
        0,
        0,
        0
      ]
    }
  ]
}
