{
  "results": [
    {
      "command": "./bin/nietras/aot/1brc ./inputs/measurements.txt",
      "mean": 0.96719495028,
      "stddev": 0.006611931541881966,
      "median": 0.96678753328,
      "user": 16.59928162,
      "system": 1.35504728,
      "min": 0.95963367428,
      "max": 0.97603966028,
      "times": [
        0.97603966028,
        0.96678753328,
        0.9711682382800001,
        0.96234564528,
        0.95963367428
      ],
      "exit_codes": [
        0,
        0,
        0,
        0,
        0
      ]
    }
  ]
}
