{
  "results": [
    {
      "command": "./bin/NimaAra/aot/1brc ./inputs/measurements.txt",
      "mean": 1.06625694902,
      "stddev": 0.009132369924750057,
      "median": 1.06435546562,
      "user": 24.66549856,
      "system": 1.3504356199999998,
      "min": 1.05797837162,
      "max": 1.08176202162,
      "times": [
        1.08176202162,
        1.06544715562,
        1.05797837162,
        1.06435546562,
        1.0617417306199999
      ],
      "exit_codes": [
        0,
        0,
        0,
        0,
        0
      ]
    }
  ]
}
