{
  "results": [
    {
      "command": "./bin/NimaAra/aot/1brc ./inputs/measurements.txt",
      "mean": 0.9056315639000001,
      "stddev": 0.012164783190060858,
      "median": 0.9092079551000001,
      "user": 44.97037512,
      "system": 4.589564059999999,
      "min": 0.8905088351000001,
      "max": 0.9189629871000001,
      "times": [
        0.9139888911,
        0.9092079551000001,
        0.8954891511,
        0.9189629871000001,
        0.8905088351000001
      ],
      "exit_codes": [
        0,
        0,
        0,
        0,
        0
      ]
    }
  ]
}
