{
  "results": [
    {
      "command": "./bin/NimaAra/aot/1brc ./inputs/measurements.txt",
      "mean": 4.36004307006,
      "stddev": 0.05529781918535442,
      "median": 4.3591405634600005,
      "user": 22.70995026,
      "system": 1.1478646399999997,
      "min": 4.30237924746,
      "max": 4.44518524746,
      "times": [
        4.44518524746,
        4.3591405634600005,
        4.32122931546,
        4.37228097646,
        4.30237924746
      ],
      "exit_codes": [
        0,
        0,
        0,
        0,
        0
      ]
    }
  ]
}
