{
  "results": [
    {
      "command": "./bin/NimaAra/aot/1brc ./inputs/measurements.txt",
      "mean": 2.11060357854,
      "stddev": 0.06298119710512032,
      "median": 2.07766484194,
      "user": 36.459452860000006,
      "system": 1.47986898,
      "min": 2.0740411929400002,
      "max": 2.22118622894,
      "times": [
        2.10370810294,
        2.07766484194,
        2.07641752594,
        2.0740411929400002,
        2.22118622894
      ],
      "exit_codes": [
        0,
        0,
        0,
        0,
        0
      ]
    }
  ]
}
