{
  "results": [
    {
      "command": "./bin/NimaAra/aot/1brc ./inputs/measurements.txt",
      "mean": 1.0118126136599999,
      "stddev": 0.003907295162497653,
      "median": 1.0115791488599999,
      "user": 41.44996664,
      "system": 1.9883060000000001,
      "min": 1.00676176086,
      "max": 1.01716469886,
      "times": [
        1.01363009286,
        1.01716469886,
        1.00992736686,
        1.0115791488599999,
        1.00676176086
      ],
      "exit_codes": [
        0,
        0,
        0,
        0,
        0
      ]
    }
  ]
}
