{
  "results": [
    {
      "command": "./bin/NimaAra/aot/1brc ./inputs/measurements.txt",
      "mean": 3.52095079872,
      "stddev": 0.005621353645943212,
      "median": 3.5206427603200003,
      "user": 35.73377617999999,
      "system": 1.3489341999999998,
      "min": 3.51232327032,
      "max": 3.5275796173200002,
      "times": [
        3.52372706432,
        3.51232327032,
        3.5275796173200002,
        3.5206427603200003,
        3.52048128132
      ],
      "exit_codes": [
        0,
        0,
        0,
        0,
        0
      ]
    }
  ]
}
