{
  "results": [
    {
      "command": "./bin/NimaAra/aot/1brc ./inputs/measurements.txt",
      "mean": 2.53502735422,
      "stddev": 0.09572184709955674,
      "median": 2.49655637442,
      "user": 23.409262579999996,
      "system": 1.15265462,
      "min": 2.47847981242,
      "max": 2.70445993442,
      "times": [
        2.51358297042,
        2.48205767942,
        2.47847981242,
        2.70445993442,
        2.49655637442
      ],
      "exit_codes": [
        0,
        0,
        0,
        0,
        0
      ]
    }
  ]
}
