{
  "results": [
    {
      "command": "./bin/NimaAra/aot/1brc ./inputs/measurements.txt",
      "mean": 1.3122552775599998,
      "stddev": 0.004551512899307373,
      "median": 1.31226210196,
      "user": 36.75680944,
      "system": 1.63146704,
      "min": 1.30628557996,
      "max": 1.31901065696,
      "times": [
        1.31901065696,
        1.31226210196,
        1.30628557996,
        1.31265857396,
        1.31105947496
      ],
      "exit_codes": [
        0,
        0,
        0,
        0,
        0
      ]
    }
  ]
}
