{
  "results": [
    {
      "command": "./bin/NimaAra/aot/1brc ./inputs/measurements.txt",
      "mean": 1.5063281737799998,
      "stddev": 0.0035331164453957964,
      "median": 1.50590702738,
      "user": 23.25403086,
      "system": 1.2809933599999999,
      "min": 1.5020734043800001,
      "max": 1.51154345338,
      "times": [
        1.50459107538,
        1.50590702738,
        1.5075259083800001,
        1.51154345338,
        1.5020734043800001
      ],
      "exit_codes": [
        0,
        0,
        0,
        0,
        0
      ]
    }
  ]
}
