{
  "results": [
    {
      "command": "./bin/NimaAra/aot/1brc ./inputs/measurements.txt",
      "mean": 0.8684981680800001,
      "stddev": 0.021363626050314506,
      "median": 0.8756646206800001,
      "user": 26.3132412,
      "system": 2.0203503599999997,
      "min": 0.8449726536800001,
      "max": 0.8959548886800001,
      "times": [
        0.8449726536800001,
        0.8771859056800001,
        0.8959548886800001,
        0.84871277168,
        0.8756646206800001
      ],
      "exit_codes": [
        0,
        0,
        0,
        0,
        0
      ]
    }
  ]
}
