{
  "results": [
    {
      "command": "./bin/noahfalk/aot/1brc ./inputs/measurements.txt",
      "mean": 0.52963266116,
      "stddev": 0.009684569330647626,
      "median": 0.5343839095599999,
      "user": 8.36710996,
      "system": 2.8791416599999997,
      "min": 0.51309995656,
      "max": 0.53671285956,
      "times": [
        0.53671285956,
        0.53498984356,
        0.51309995656,
        0.52897673656,
        0.5343839095599999
      ],
      "exit_codes": [
        0,
        0,
        0,
        0,
        0
      ]
    }
  ]
}
