{
  "results": [
    {
      "command": "./bin/noahfalk/aot/1brc ./inputs/measurements.txt",
      "mean": 0.56387594098,
      "stddev": 0.028320717261060637,
      "median": 0.5646211171800001,
      "user": 4.45598582,
      "system": 1.52832544,
      "min": 0.5209010271800001,
      "max": 0.5947977871800001,
      "times": [
        0.5947977871800001,
        0.55647694018,
        0.5646211171800001,
        0.5209010271800001,
        0.58258283318
      ],
      "exit_codes": [
        0,
        0,
        0,
        0,
        0
      ]
    }
  ]
}
