{
  "results": [
    {
      "command": "./bin/noahfalk/aot/1brc ./inputs/measurements.txt",
      "mean": 0.92870569262,
      "stddev": 0.041385098213397545,
      "median": 0.94450635882,
      "user": 7.94999976,
      "system": 2.94337674,
      "min": 0.85566278782,
      "max": 0.9540698898200001,
      "times": [
        0.94450635882,
        0.93707731082,
        0.85566278782,
        0.9540698898200001,
        0.9522121158200001
      ],
      "exit_codes": [
        0,
        0,
        0,
        0,
        0
      ]
    }
  ]
}
