{
  "results": [
    {
      "command": "./bin/noahfalk/aot/1brc ./inputs/measurements.txt",
      "mean": 0.33774019054000004,
      "stddev": 0.0075923743828397216,
      "median": 0.33986450614,
      "user": 4.518470299999999,
      "system": 2.41658578,
      "min": 0.32581619814,
      "max": 0.34634151814,
      "times": [
        0.33619677014,
        0.34048196014,
        0.33986450614,
        0.32581619814,
        0.34634151814
      ],
      "exit_codes": [
        0,
        0,
        0,
        0,
        0
      ]
    }
  ]
}
