{
  "results": [
    {
      "command": "./bin/noahfalk/aot/1brc ./inputs/measurements.txt",
      "mean": 0.95179663736,
      "stddev": 0.014531739419135116,
      "median": 0.94508480076,
      "user": 4.29006818,
      "system": 1.33464448,
      "min": 0.93934854976,
      "max": 0.9752445107600001,
      "times": [
        0.9752445107600001,
        0.93934854976,
        0.94508480076,
        0.95619812476,
        0.94310720076
      ],
      "exit_codes": [
        0,
        0,
        0,
        0,
        0
      ]
    }
  ]
}
