{
  "results": [
    {
      "command": "./bin/noahfalk/aot/1brc ./inputs/measurements.txt",
      "mean": 0.38190142608000005,
      "stddev": 0.0106777013243037,
      "median": 0.37869881888,
      "user": 7.31716322,
      "system": 4.1375524,
      "min": 0.37179036188000003,
      "max": 0.39928597088000006,
      "times": [
        0.37179036188000003,
        0.37869881888,
        0.37580061688000005,
        0.39928597088000006,
        0.38393136188000004
      ],
      "exit_codes": [
        0,
        0,
        0,
        0,
        0
      ]
    }
  ]
}
