{
  "results": [
    {
      "command": "./bin/noahfalk/aot/1brc ./inputs/measurements.txt",
      "mean": 0.30243696756000005,
      "stddev": 0.006426357909618929,
      "median": 0.30261723216,
      "user": 5.598143019999999,
      "system": 3.9310149,
      "min": 0.29349051016000005,
      "max": 0.31158768416000004,
      "times": [
        0.30143502516000004,
        0.31158768416000004,
        0.30305438616,
        0.30261723216,
        0.29349051016000005
      ],
      "exit_codes": [
        0,
        0,
        0,
        0,
        0
      ]
    }
  ]
}
