{
  "results": [
    {
      "command": "./bin/noahfalk/aot/1brc ./inputs/measurements.txt",
      "mean": 0.34360499302,
      "stddev": 0.004168763616699438,
      "median": 0.34392393702,
      "user": 7.993015539999999,
      "system": 3.6828890199999997,
      "min": 0.33849589202,
      "max": 0.34832537402,
      "times": [
        0.34392393702,
        0.34688220202,
        0.33849589202,
        0.34832537402,
        0.34039756002
      ],
      "exit_codes": [
        0,
        0,
        0,
        0,
        0
      ]
    }
  ]
}
