{
  "results": [
    {
      "command": "./bin/noahfalk/aot/1brc ./inputs/measurements.txt",
      "mean": 0.37976757738,
      "stddev": 0.008249273913745393,
      "median": 0.37860157318000004,
      "user": 7.2365281800000005,
      "system": 4.1311360399999995,
      "min": 0.37212030918,
      "max": 0.39307358118,
      "times": [
        0.37397017318000003,
        0.37212030918,
        0.39307358118,
        0.38107225018,
        0.37860157318000004
      ],
      "exit_codes": [
        0,
        0,
        0,
        0,
        0
      ]
    }
  ]
}
