{
  "results": [
    {
      "command": "./bin/noahfalk/aot/1brc ./inputs/measurements.txt",
      "mean": 0.31944639624,
      "stddev": 0.0056316946199640484,
      "median": 0.32025604624,
      "user": 6.89222326,
      "system": 3.6036481399999998,
      "min": 0.31201901424,
      "max": 0.32616139624,
      "times": [
        0.32299959824,
        0.31201901424,
        0.31579592624,
        0.32025604624,
        0.32616139624
      ],
      "exit_codes": [
        0,
        0,
        0,
        0,
        0
      ]
    }
  ]
}
