{
  "results": [
    {
      "command": "./bin/pedrosakuma/aot/1brc ./inputs/measurements.txt",
      "mean": 3.1461657286999998,
      "stddev": 0.020208196161367098,
      "median": 3.1511785051,
      "user": 29.40530898,
      "system": 5.52554944,
      "min": 3.1131851541,
      "max": 3.1656282411,
      "times": [
        3.1656282411,
        3.1131851541,
        3.1576874570999998,
        3.1511785051,
        3.1431492861
      ],
      "exit_codes": [
        0,
        0,
        0,
        0,
        0
      ]
    }
  ]
}
