{
  "results": [
    {
      "command": "./bin/pedrosakuma/aot/1brc ./inputs/measurements.txt",
      "mean": 3.3354761014200003,
      "stddev": 0.26507764817965257,
      "median": 3.17342842582,
      "user": 27.974315160000003,
      "system": 1.4610162199999999,
      "min": 3.09536783382,
      "max": 3.6889034838200003,
      "times": [
        3.09536783382,
        3.6889034838200003,
        3.54832785882,
        3.17135290482,
        3.17342842582
      ],
      "exit_codes": [
        0,
        0,
        0,
        0,
        0
      ]
    }
  ]
}
