{
  "results": [
    {
      "command": "./bin/pedrosakuma/aot/1brc ./inputs/measurements.txt",
      "mean": 4.1347296754,
      "stddev": 0.01569379316236627,
      "median": 4.1274965878,
      "user": 40.35225515999999,
      "system": 1.63350206,
      "min": 4.1185087468,
      "max": 4.1571626988,
      "times": [
        4.1443501318,
        4.1571626988,
        4.1274965878,
        4.1185087468,
        4.1261302118
      ],
      "exit_codes": [
        0,
        0,
        0,
        0,
        0
      ]
    }
  ]
}
