{
  "results": [
    {
      "command": "./bin/pedrosakuma/aot/1brc ./inputs/measurements.txt",
      "mean": 2.7760035368600002,
      "stddev": 0.0069436947371488015,
      "median": 2.7776200294600004,
      "user": 47.69015315999999,
      "system": 4.801883259999999,
      "min": 2.7639799604600004,
      "max": 2.78181136846,
      "times": [
        2.77913161946,
        2.7776200294600004,
        2.77747470646,
        2.7639799604600004,
        2.78181136846
      ],
      "exit_codes": [
        0,
        0,
        0,
        0,
        0
      ]
    }
  ]
}
