{
  "results": [
    {
      "command": "./bin/pedrosakuma/aot/1brc ./inputs/measurements.txt",
      "mean": 2.2044848525000003,
      "stddev": 0.007473504396238672,
      "median": 2.2070931683,
      "user": 41.16789659999999,
      "system": 2.65918012,
      "min": 2.1945991703,
      "max": 2.2111304233,
      "times": [
        2.1986966593,
        2.2109048413,
        2.2111304233,
        2.1945991703,
        2.2070931683
      ],
      "exit_codes": [
        0,
        0,
        0,
        0,
        0
      ]
    }
  ]
}
