{
  "results": [
    {
      "command": "./bin/pedrosakuma/aot/1brc ./inputs/measurements.txt",
      "mean": 4.25171959174,
      "stddev": 0.008407045768082513,
      "median": 4.25036462114,
      "user": 44.48589308,
      "system": 15.61429896,
      "min": 4.24080637114,
      "max": 4.26129095514,
      "times": [
        4.25883567014,
        4.25036462114,
        4.24080637114,
        4.26129095514,
        4.24730034114
      ],
      "exit_codes": [
        0,
        0,
        0,
        0,
        0
      ]
    }
  ]
}
