{
  "results": [
    {
      "command": "./bin/pedrosakuma/aot/1brc ./inputs/measurements.txt",
      "mean": 5.09426945642,
      "stddev": 0.016361693704680245,
      "median": 5.09391118242,
      "user": 26.339272740000002,
      "system": 1.22505494,
      "min": 5.074528857420001,
      "max": 5.11952350442,
      "times": [
        5.09391118242,
        5.11952350442,
        5.074528857420001,
        5.08782239742,
        5.095561340420001
      ],
      "exit_codes": [
        0,
        0,
        0,
        0,
        0
      ]
    }
  ]
}
