{
  "results": [
    {
      "command": "./bin/pedrosakuma/aot/1brc ./inputs/measurements.txt",
      "mean": 2.04577710128,
      "stddev": 0.0030460944494640333,
      "median": 2.04644226108,
      "user": 29.759576959999993,
      "system": 2.5595552799999997,
      "min": 2.04058110308,
      "max": 2.04863375008,
      "times": [
        2.04863375008,
        2.04637751808,
        2.04685087408,
        2.04644226108,
        2.04058110308
      ],
      "exit_codes": [
        0,
        0,
        0,
        0,
        0
      ]
    }
  ]
}
