{
  "results": [
    {
      "command": "./bin/pedrosakuma/aot/1brc ./inputs/measurements.txt",
      "mean": 2.78418047202,
      "stddev": 0.0661274261406854,
      "median": 2.82133466162,
      "user": 42.337135339999996,
      "system": 2.0257420799999997,
      "min": 2.69945727662,
      "max": 2.8392610136200003,
      "times": [
        2.82133466162,
        2.72624530462,
        2.69945727662,
        2.8392610136200003,
        2.83460410362
      ],
      "exit_codes": [
        0,
        0,
        0,
        0,
        0
      ]
    }
  ]
}
