{
  "results": [
    {
      "command": "./bin/pedrosakuma/aot/1brc ./inputs/measurements.txt",
      "mean": 2.1195891075,
      "stddev": 0.0035028149781123675,
      "median": 2.1184571671,
      "user": 27.8899852,
      "system": 1.7376188600000002,
      "min": 2.1165247091,
      "max": 2.1246548511,
      "times": [
        2.1165247091,
        2.1184571671,
        2.1216411031,
        2.1246548511,
        2.1166677071
      ],
      "exit_codes": [
        0,
        0,
        0,
        0,
        0
      ]
    }
  ]
}
