{
  "results": [
    {
      "command": "./calculate_average_royvanrijn.sh",
      "mean": 0.34842899667999994,
      "stddev": 0.009847355104112561,
      "median": 0.34620403428,
      "user": 0.00125288,
      "system": 0.00550432,
      "min": 0.33730228728,
      "max": 0.36435118728,
      "times": [
        0.34620403428,
        0.36435118728,
        0.33730228728,
        0.34821787728,
        0.34606959728
      ],
      "exit_codes": [
        0,
        0,
        0,
        0,
        0
      ]
    }
  ]
}
