{
  "results": [
    {
      "command": "./calculate_average_royvanrijn.sh",
      "mean": 0.39767242836,
      "stddev": 0.010845564366352199,
      "median": 0.39461179976,
      "user": 0.0037747199999999996,
      "system": 0.00294328,
      "min": 0.38744304976,
      "max": 0.41606778576,
      "times": [
        0.39352664976,
        0.39461179976,
        0.38744304976,
        0.39671285676,
        0.41606778576
      ],
      "exit_codes": [
        0,
        0,
        0,
        0,
        0
      ]
    }
  ]
}
