{
  "results": [
    {
      "command": "./calculate_average_royvanrijn.sh",
      "mean": 0.4384771046200001,
      "stddev": 0.006292204083909012,
      "median": 0.43875032902000005,
      "user": 0.00144764,
      "system": 0.005134919999999999,
      "min": 0.43021219702,
      "max": 0.44770897102,
      "times": [
        0.43644499402000003,
        0.43021219702,
        0.43926903202,
        0.43875032902000005,
        0.44770897102
      ],
      "exit_codes": [
        0,
        0,
        0,
        0,
        0
      ]
    }
  ]
}
