{
  "results": [
    {
      "command": "./calculate_average_royvanrijn.sh",
      "mean": 0.37986358436,
      "stddev": 0.005577602715515131,
      "median": 0.38253316516,
      "user": 0.00217544,
      "system": 0.00439818,
      "min": 0.37164269816,
      "max": 0.38444678116000003,
      "times": [
        0.38410627316,
        0.37164269816,
        0.38253316516,
        0.38444678116000003,
        0.37658900416
      ],
      "exit_codes": [
        0,
        0,
        0,
        0,
        0
      ]
    }
  ]
}
