{
  "results": [
    {
      "command": "./calculate_average_royvanrijn.sh",
      "mean": 0.46669420588,
      "stddev": 0.009034881705988339,
      "median": 0.46950611708,
      "user": 0.0020916399999999996,
      "system": 0.004215767999999999,
      "min": 0.45147435108,
      "max": 0.47450542608,
      "times": [
        0.47176614208,
        0.47450542608,
        0.45147435108,
        0.46621899308000003,
        0.46950611708
      ],
      "exit_codes": [
        0,
        0,
        0,
        0,
        0
      ]
    }
  ]
}
