{
  "results": [
    {
      "command": "./calculate_average_royvanrijn.sh",
      "mean": 0.79234744506,
      "stddev": 0.004726250824242618,
      "median": 0.79001834326,
      "user": 0.0010007199999999999,
      "system": 0.0051857,
      "min": 0.7890767402600001,
      "max": 0.80040441326,
      "times": [
        0.79001834326,
        0.80040441326,
        0.7894919032600001,
        0.7890767402600001,
        0.79274582526
      ],
      "exit_codes": [
        0,
        0,
        0,
        0,
        0
      ]
    }
  ]
}
