{
  "results": [
    {
      "command": "./calculate_average_royvanrijn.sh",
      "mean": 2.100841912200001,
      "stddev": 0.02159934132149514,
      "median": 2.0918547678,
      "user": 0.0024135,
      "system": 0.0032992,
      "min": 2.0772198328,
      "max": 2.1266052778000004,
      "times": [
        2.0772198328,
        2.0918547678,
        2.0878305648000004,
        2.1266052778000004,
        2.1206991178
      ],
      "exit_codes": [
        0,
        0,
        0,
        0,
        0
      ]
    }
  ]
}
