{
  "results": [
    {
      "command": "./calculate_average_royvanrijn.sh",
      "mean": 0.65118529398,
      "stddev": 0.008925440724180538,
      "median": 0.6517587115800001,
      "user": 0.00235332,
      "system": 0.004214247999999999,
      "min": 0.64185976858,
      "max": 0.6621063835800001,
      "times": [
        0.6621063835800001,
        0.6575081405800001,
        0.64185976858,
        0.6517587115800001,
        0.6426934655800001
      ],
      "exit_codes": [
        0,
        0,
        0,
        0,
        0
      ]
    }
  ]
}
