{
  "results": [
    {
      "command": "./calculate_average_royvanrijn.sh",
      "mean": 1.3975333299000001,
      "stddev": 0.008536720489043165,
      "median": 1.3968083741,
      "user": 0.0022595999999999996,
      "system": 0.00361946,
      "min": 1.3877673571,
      "max": 1.4107979501,
      "times": [
        1.3877673571,
        1.3989576911000001,
        1.4107979501,
        1.3933352771,
        1.3968083741
      ],
      "exit_codes": [
        0,
        0,
        0,
        0,
        0
      ]
    }
  ]
}
