{
  "results": [
    {
      "command": "./calculate_average_royvanrijn.sh",
      "mean": 1.1781798877200003,
      "stddev": 0.006766220239864849,
      "median": 1.17780537912,
      "user": 0.0010397759999999999,
      "system": 0.005383839999999999,
      "min": 1.17129236512,
      "max": 1.18822586012,
      "times": [
        1.17286669312,
        1.18822586012,
        1.1807091411200001,
        1.17780537912,
        1.17129236512
      ],
      "exit_codes": [
        0,
        0,
        0,
        0,
        0
      ]
    }
  ]
}
