{
  "results": [
    {
      "command": "./calculate_average_stephenvonworley.sh",
      "mean": 1.3652683676200001,
      "stddev": 0.0011044484010253777,
      "median": 1.36483383562,
      "user": 0.00132984,
      "system": 0.00484402,
      "min": 1.36397184762,
      "max": 1.36666203662,
      "times": [
        1.36614776862,
        1.36666203662,
        1.36472634962,
        1.36397184762,
        1.36483383562
      ],
      "exit_codes": [
        0,
        0,
        0,
        0,
        0
      ]
    }
  ]
}
