{
  "results": [
    {
      "command": "./calculate_average_stephenvonworley.sh",
      "mean": 1.7630905987200003,
      "stddev": 0.0025570353432954615,
      "median": 1.76266783592,
      "user": 0.0028199600000000003,
      "system": 0.0031459039999999993,
      "min": 1.76010310192,
      "max": 1.7663628609200002,
      "times": [
        1.76010310192,
        1.7663628609200002,
        1.76138018292,
        1.76266783592,
        1.7649390119200001
      ],
      "exit_codes": [
        0,
        0,
        0,
        0,
        0
      ]
    }
  ]
}
