{
  "results": [
    {
      "command": "./calculate_average_stephenvonworley.sh",
      "mean": 0.7522227423400001,
      "stddev": 0.02311568032771079,
      "median": 0.7665788013400001,
      "user": 0.00124624,
      "system": 0.00532632,
      "min": 0.7262746373400001,
      "max": 0.7709059733400001,
      "times": [
        0.7665788013400001,
        0.7709059733400001,
        0.7276565343400001,
        0.7262746373400001,
        0.7696977653400001
      ],
      "exit_codes": [
        0,
        0,
        0,
        0,
        0
      ]
    }
  ]
}
