{
  "results": [
    {
      "command": "./calculate_average_stephenvonworley.sh",
      "mean": 0.48347139518000004,
      "stddev": 0.0017120993471222753,
      "median": 0.48364266318000004,
      "user": 0.0020502800000000002,
      "system": 0.00490386,
      "min": 0.48112701218000004,
      "max": 0.48563703318000007,
      "times": [
        0.4826063251800001,
        0.48364266318000004,
        0.48112701218000004,
        0.48563703318000007,
        0.48434394218000004
      ],
      "exit_codes": [
        0,
        0,
        0,
        0,
        0
      ]
    }
  ]
}
