{
  "results": [
    {
      "command": "./calculate_average_stephenvonworley.sh",
      "mean": 0.286361163,
      "stddev": 0.004763851053990544,
      "median": 0.2847486916,
      "user": 0.00276106,
      "system": 0.00422264,
      "min": 0.28062142160000003,
      "max": 0.2925699876,
      "times": [
        0.2841018466,
        0.2897638676,
        0.2925699876,
        0.2847486916,
        0.28062142160000003
      ],
      "exit_codes": [
        0,
        0,
        0,
        0,
        0
      ]
    }
  ]
}
