{
  "results": [
    {
      "command": "./calculate_average_stephenvonworley.sh",
      "mean": 0.38523261882000004,
      "stddev": 0.0008656170742789877,
      "median": 0.38551446642000003,
      "user": 0.0023246399999999998,
      "system": 0.00432942,
      "min": 0.38406764542,
      "max": 0.38628077942,
      "times": [
        0.38467665042,
        0.38562355242,
        0.38551446642000003,
        0.38406764542,
        0.38628077942
      ],
      "exit_codes": [
        0,
        0,
        0,
        0,
        0
      ]
    }
  ]
}
