{
  "results": [
    {
      "command": "./calculate_average_stephenvonworley.sh",
      "mean": 0.29987030314,
      "stddev": 0.0021272449345830623,
      "median": 0.30026224154000003,
      "user": 0.002961079999999999,
      "system": 0.004164920000000001,
      "min": 0.29640255554,
      "max": 0.30203079954,
      "times": [
        0.29640255554,
        0.29968175854,
        0.30026224154000003,
        0.30097416054,
        0.30203079954
      ],
      "exit_codes": [
        0,
        0,
        0,
        0,
        0
      ]
    }
  ]
}
