{
  "results": [
    {
      "command": "./calculate_average_stephenvonworley.sh",
      "mean": 0.3637793853,
      "stddev": 0.006930012233281537,
      "median": 0.3636481565,
      "user": 0.0016620239999999994,
      "system": 0.005156280000000001,
      "min": 0.3559940295,
      "max": 0.3721889805,
      "times": [
        0.3690387165,
        0.3559940295,
        0.3580270435,
        0.3721889805,
        0.3636481565
      ],
      "exit_codes": [
        0,
        0,
        0,
        0,
        0
      ]
    }
  ]
}
