{
  "results": [
    {
      "command": "./calculate_average_stephenvonworley.sh",
      "mean": 0.28405744002,
      "stddev": 0.003046568662327382,
      "median": 0.28443421662,
      "user": 0.0038061600000000003,
      "system": 0.0034653839999999993,
      "min": 0.28032064762000003,
      "max": 0.28743955462,
      "times": [
        0.28032064762000003,
        0.28645281962,
        0.28163996162,
        0.28443421662,
        0.28743955462
      ],
      "exit_codes": [
        0,
        0,
        0,
        0,
        0
      ]
    }
  ]
}
