{
  "results": [
    {
      "command": "./calculate_average_stephenvonworley.sh",
      "mean": 1.01085924794,
      "stddev": 0.05905170905295279,
      "median": 1.00655161314,
      "user": 0.00363068,
      "system": 0.0028536959999999998,
      "min": 0.96214310714,
      "max": 1.10823825414,
      "times": [
        1.10823825414,
        0.96214310714,
        1.01202938614,
        0.96533387914,
        1.00655161314
      ],
      "exit_codes": [
        0,
        0,
        0,
        0,
        0
      ]
    }
  ]
}
