{
  "results": [
    {
      "command": "./calculate_average_thomaswue.sh",
      "mean": 0.3325694455,
      "stddev": 0.0010509945941622489,
      "median": 0.3326690429,
      "user": 0.0035442600000000005,
      "system": 0.0035726800000000004,
      "min": 0.3312803059,
      "max": 0.3341119029,
      "times": [
        0.3312803059,
        0.3327835699,
        0.3320024059,
        0.3341119029,
        0.3326690429
      ],
      "exit_codes": [
        0,
        0,
        0,
        0,
        0
      ]
    }
  ]
}
