{
  "results": [
    {
      "command": "./calculate_average_thomaswue.sh",
      "mean": 0.25721300654,
      "stddev": 0.0031186353847052714,
      "median": 0.25831973314,
      "user": 0.00324428,
      "system": 0.0041519,
      "min": 0.25236574014,
      "max": 0.25984030714,
      "times": [
        0.25236574014,
        0.25594474914000004,
        0.25831973314,
        0.25984030714,
        0.25959450314000004
      ],
      "exit_codes": [
        0,
        0,
        0,
        0,
        0
      ]
    }
  ]
}
