{
  "results": [
    {
      "command": "./calculate_average_thomaswue.sh",
      "mean": 0.26676351236,
      "stddev": 0.004200921346913395,
      "median": 0.26720018716000005,
      "user": 0.0032698,
      "system": 0.0037647039999999994,
      "min": 0.25967288716000003,
      "max": 0.26997971116,
      "times": [
        0.25967288716000003,
        0.26709129016000005,
        0.26987348616,
        0.26997971116,
        0.26720018716000005
      ],
      "exit_codes": [
        0,
        0,
        0,
        0,
        0
      ]
    }
  ]
}
