{
  "results": [
    {
      "command": "./calculate_average_thomaswue.sh",
      "mean": 0.35094025644000004,
      "stddev": 0.0024403525581264862,
      "median": 0.34991048144,
      "user": 0.0025889,
      "system": 0.00469946,
      "min": 0.34922919644,
      "max": 0.35517608444,
      "times": [
        0.34991048144,
        0.35517608444,
        0.35081460344,
        0.34922919644,
        0.34957091644
      ],
      "exit_codes": [
        0,
        0,
        0,
        0,
        0
      ]
    }
  ]
}
