{
  "results": [
    {
      "command": "./calculate_average_thomaswue.sh",
      "mean": 1.33141564666,
      "stddev": 0.0029929548742945898,
      "median": 1.33035519686,
      "user": 0.0020375000000000002,
      "system": 0.0038215600000000003,
      "min": 1.32826775186,
      "max": 1.33599544186,
      "times": [
        1.33599544186,
        1.33035519686,
        1.33259992286,
        1.32826775186,
        1.32985991986
      ],
      "exit_codes": [
        0,
        0,
        0,
        0,
        0
      ]
    }
  ]
}
