{
  "results": [
    {
      "command": "./calculate_average_thomaswue.sh",
      "mean": 0.2403508194,
      "stddev": 0.0021668606148921945,
      "median": 0.2404092764,
      "user": 0.00284936,
      "system": 0.00450238,
      "min": 0.2369843554,
      "max": 0.2423454044,
      "times": [
        0.2369843554,
        0.2423454044,
        0.2398665364,
        0.2404092764,
        0.2421485244
      ],
      "exit_codes": [
        0,
        0,
        0,
        0,
        0
      ]
    }
  ]
}
