{
  "results": [
    {
      "command": "./calculate_average_thomaswue.sh",
      "mean": 0.31547891712,
      "stddev": 0.0010750847603355285,
      "median": 0.31551782692,
      "user": 0.0010252,
      "system": 0.00574382,
      "min": 0.31435001192,
      "max": 0.31682281992,
      "times": [
        0.31448334992,
        0.31435001192,
        0.31622057692,
        0.31682281992,
        0.31551782692
      ],
      "exit_codes": [
        0,
        0,
        0,
        0,
        0
      ]
    }
  ]
}
