{
  "results": [
    {
      "command": "./calculate_average_thomaswue.sh",
      "mean": 1.16115643696,
      "stddev": 0.0006738710242808284,
      "median": 1.16093936956,
      "user": 0.0024839,
      "system": 0.0035149360000000006,
      "min": 1.16045095856,
      "max": 1.16200461956,
      "times": [
        1.16045095856,
        1.16093936956,
        1.16200461956,
        1.16171774256,
        1.16066949456
      ],
      "exit_codes": [
        0,
        0,
        0,
        0,
        0
      ]
    }
  ]
}
