{
  "results": [
    {
      "command": "./calculate_average_thomaswue.sh",
      "mean": 0.61095374842,
      "stddev": 0.008964665057956818,
      "median": 0.60747953302,
      "user": 0.0012575599999999998,
      "system": 0.00563202,
      "min": 0.6058395010200001,
      "max": 0.62692620602,
      "times": [
        0.62692620602,
        0.60791523702,
        0.60660826502,
        0.6058395010200001,
        0.60747953302
      ],
      "exit_codes": [
        0,
        0,
        0,
        0,
        0
      ]
    }
  ]
}
