{
  "results": [
    {
      "command": "./calculate_average_thomaswue.sh",
      "mean": 0.7067395148,
      "stddev": 0.00824375435350114,
      "median": 0.7041145704,
      "user": 0.0032784199999999998,
      "system": 0.00319748,
      "min": 0.6990309474,
      "max": 0.7169436154000001,
      "times": [
        0.6990309474,
        0.7169436154000001,
        0.7139243874000001,
        0.7041145704,
        0.6996840534000001
      ],
      "exit_codes": [
        0,
        0,
        0,
        0,
        0
      ]
    }
  ]
}
