{
  "results": [
    {
      "command": "./bin/xoofx/aot/1brc ./inputs/measurements.txt",
      "mean": 0.5199474530200001,
      "stddev": 0.012028164284460284,
      "median": 0.5202902982200001,
      "user": 20.088304639999997,
      "system": 2.9503798399999996,
      "min": 0.50151045922,
      "max": 0.53182398222,
      "times": [
        0.53182398222,
        0.5293126722200001,
        0.5202902982200001,
        0.50151045922,
        0.5167998532200001
      ],
      "exit_codes": [
        0,
        0,
        0,
        0,
        0
      ]
    }
  ]
}
