{
  "results": [
    {
      "command": "./bin/xoofx/aot/1brc ./inputs/measurements.txt",
      "mean": 0.35623511752000003,
      "stddev": 0.017003997697223095,
      "median": 0.34816088732,
      "user": 13.085907879999999,
      "system": 1.55752384,
      "min": 0.34366417532000004,
      "max": 0.38510026932,
      "times": [
        0.34816088732,
        0.34366417532000004,
        0.38510026932,
        0.34636574632,
        0.35788450932000004
      ],
      "exit_codes": [
        0,
        0,
        0,
        0,
        0
      ]
    }
  ]
}
