{
  "results": [
    {
      "command": "./bin/xoofx/aot/1brc ./inputs/measurements.txt",
      "mean": 0.3433261621,
      "stddev": 0.013598068287230298,
      "median": 0.3399485257,
      "user": 18.03713362,
      "system": 3.9287923200000003,
      "min": 0.3305755907,
      "max": 0.3659695897,
      "times": [
        0.3399485257,
        0.3360876297,
        0.3305755907,
        0.3659695897,
        0.3440494747
      ],
      "exit_codes": [
        0,
        0,
        0,
        0,
        0
      ]
    }
  ]
}
