{
  "results": [
    {
      "command": "./bin/xoofx/aot/1brc ./inputs/measurements.txt",
      "mean": 0.33324788814000006,
      "stddev": 0.003885280271926567,
      "median": 0.33369412474000004,
      "user": 13.028481039999999,
      "system": 2.52183138,
      "min": 0.32757034274,
      "max": 0.33789324974,
      "times": [
        0.33789324974,
        0.33369412474000004,
        0.33178061874000003,
        0.32757034274,
        0.33530110474
      ],
      "exit_codes": [
        0,
        0,
        0,
        0,
        0
      ]
    }
  ]
}
