{
  "results": [
    {
      "command": "./bin/xoofx/aot/1brc ./inputs/measurements.txt",
      "mean": 1.1931539899,
      "stddev": 0.06558972952510882,
      "median": 1.1874639701,
      "user": 18.032860300000003,
      "system": 1.6932703199999999,
      "min": 1.0919549001000002,
      "max": 1.2569968671000002,
      "times": [
        1.0919549001000002,
        1.2569968671000002,
        1.2457577781000002,
        1.1874639701,
        1.1835964341
      ],
      "exit_codes": [
        0,
        0,
        0,
        0,
        0
      ]
    }
  ]
}
