{
  "results": [
    {
      "command": "./bin/xoofx/aot/1brc ./inputs/measurements.txt",
      "mean": 1.80570874452,
      "stddev": 0.016559024513998356,
      "median": 1.8003095653200003,
      "user": 19.50613994,
      "system": 1.84131808,
      "min": 1.7924033523200003,
      "max": 1.8346100923200002,
      "times": [
        1.8346100923200002,
        1.8003095653200003,
        1.80190371332,
        1.7924033523200003,
        1.79931699932
      ],
      "exit_codes": [
        0,
        0,
        0,
        0,
        0
      ]
    }
  ]
}
