{
  "results": [
    {
      "command": "./bin/xoofx/aot/1brc ./inputs/measurements.txt",
      "mean": 1.4567415133600004,
      "stddev": 0.2231684341674903,
      "median": 1.49235235816,
      "user": 12.4442526,
      "system": 1.28981182,
      "min": 1.24548703816,
      "max": 1.7896624381600001,
      "times": [
        1.49235235816,
        1.7896624381600001,
        1.25539264116,
        1.24548703816,
        1.5008130911600002
      ],
      "exit_codes": [
        0,
        0,
        0,
        0,
        0
      ]
    }
  ]
}
