{
  "results": [
    {
      "command": "./bin/xoofx/aot/1brc ./inputs/measurements.txt",
      "mean": 0.6298138987799999,
      "stddev": 0.005319366414419485,
      "median": 0.63008184918,
      "user": 12.47578486,
      "system": 1.34914034,
      "min": 0.62148052218,
      "max": 0.63468418618,
      "times": [
        0.63468418618,
        0.62148052218,
        0.62868736118,
        0.63008184918,
        0.63413557518
      ],
      "exit_codes": [
        0,
        0,
        0,
        0,
        0
      ]
    }
  ]
}
