{
  "results": [
    {
      "command": "./bin/xoofx/aot/1brc ./inputs/measurements.txt",
      "mean": 0.40379872672,
      "stddev": 0.017025327096580462,
      "median": 0.40805694692,
      "user": 17.657559139999996,
      "system": 2.04483764,
      "min": 0.37461021792,
      "max": 0.41857743492,
      "times": [
        0.41857743492,
        0.37461021792,
        0.40575938792,
        0.41198964592000004,
        0.40805694692
      ],
      "exit_codes": [
        0,
        0,
        0,
        0,
        0
      ]
    }
  ]
}
