{
  "results": [
    {
      "command": "./bin/xoofx/aot/1brc ./inputs/measurements.txt",
      "mean": 2.3583459442600003,
      "stddev": 0.07994107664294327,
      "median": 2.3155709688600004,
      "user": 12.092343080000001,
      "system": 1.16840354,
      "min": 2.2936939078600003,
      "max": 2.4763740268600003,
      "times": [
        2.40579907686,
        2.3155709688600004,
        2.2936939078600003,
        2.4763740268600003,
        2.30029174086
      ],
      "exit_codes": [
        0,
        0,
        0,
        0,
        0
      ]
    }
  ]
}
