{
  "results": [
    {
      "command": "./calculate_average_abeobk.sh",
      "mean": 1.3715906244200002,
      "stddev": 0.00988340965471305,
      "median": 1.3667604984200001,
      "user": 0.0036413,
      "system": 0.0029761133333333334,
      "min": 1.36505112442,
      "max": 1.38296025042,
      "times": [
        1.3667604984200001,
        1.38296025042,
        1.36505112442
      ],
      "exit_codes": [
        0,
        0,
        0
      ]
    }
  ]
}
