{
  "results": [
    {
      "command": "./calculate_average_abeobk.sh",
      "mean": 0.9424251966,
      "stddev": 0.00829306864698144,
      "median": 0.9381148356000001,
      "user": 0.0030775066666666666,
      "system": 0.004093159999999999,
      "min": 0.9371749346000001,
      "max": 0.9519858196000001,
      "times": [
        0.9519858196000001,
        0.9381148356000001,
        0.9371749346000001
      ],
      "exit_codes": [
        0,
        0,
        0
      ]
    }
  ]
}
