{
  "results": [
    {
      "command": "./calculate_average_abeobk.sh",
      "mean": 2.0043170186466663,
      "stddev": 0.015531551742200195,
      "median": 2.00073365998,
      "user": 0.0037312666666666668,
      "system": 0.0029717199999999993,
      "min": 1.9908903289800002,
      "max": 2.02132706698,
      "times": [
        2.00073365998,
        2.02132706698,
        1.9908903289800002
      ],
      "exit_codes": [
        0,
        0,
        0
      ]
    }
  ]
}
