{
  "results": [
    {
      "command": "./calculate_average_abeobk.sh",
      "mean": 3.03456441074,
      "stddev": 0.04640389987453682,
      "median": 3.00853553974,
      "user": 0.00344446,
      "system": 0.0027040666666666665,
      "min": 3.00701783874,
      "max": 3.08813985374,
      "times": [
        3.00853553974,
        3.00701783874,
        3.08813985374
      ],
      "exit_codes": [
        0,
        0,
        0
      ]
    }
  ]
}
