{
  "results": [
    {
      "command": "./calculate_average_abeobk.sh",
      "mean": 4.249187189353333,
      "stddev": 0.05650454419549133,
      "median": 4.27799421002,
      "user": 0.0037824866666666666,
      "system": 0.002422573333333333,
      "min": 4.1840847620199995,
      "max": 4.28548259602,
      "times": [
        4.1840847620199995,
        4.28548259602,
        4.27799421002
      ],
      "exit_codes": [
        0,
        0,
        0
      ]
    }
  ]
}
