{
  "results": [
    {
      "command": "./calculate_average_abeobk.sh",
      "mean": 0.6979239060400001,
      "stddev": 0.006789450347813918,
      "median": 0.6957704570400001,
      "user": 0.003580993333333333,
      "system": 0.003326346666666666,
      "min": 0.69247233604,
      "max": 0.70552892504,
      "times": [
        0.6957704570400001,
        0.69247233604,
        0.70552892504
      ],
      "exit_codes": [
        0,
        0,
        0
      ]
    }
  ]
}
