{
  "results": [
    {
      "command": "./calculate_average_abeobk.sh",
      "mean": 0.5331734143533333,
      "stddev": 0.005094204878892186,
      "median": 0.53185684502,
      "user": 0.002990773333333333,
      "system": 0.0036368533333333334,
      "min": 0.52886673102,
      "max": 0.53879666702,
      "times": [
        0.53185684502,
        0.52886673102,
        0.53879666702
      ],
      "exit_codes": [
        0,
        0,
        0
      ]
    }
  ]
}
