{
  "results": [
    {
      "command": "./calculate_average_abeobk.sh",
      "mean": 0.42102553126000003,
      "stddev": 0.0037497215900915873,
      "median": 0.41902082626000003,
      "user": 0.003888186666666667,
      "system": 0.0028931800000000004,
      "min": 0.41870428926000003,
      "max": 0.42535147826,
      "times": [
        0.41902082626000003,
        0.41870428926000003,
        0.42535147826
      ],
      "exit_codes": [
        0,
        0,
        0
      ]
    }
  ]
}
