{
  "results": [
    {
      "command": "./calculate_average_artsiomkorzun.sh",
      "mean": 1.183484736226667,
      "stddev": 0.0454731197123418,
      "median": 1.1604213005600001,
      "user": 0.0032100733333333326,
      "system": 0.00351016,
      "min": 1.15416473356,
      "max": 1.23586817456,
      "times": [
        1.15416473356,
        1.23586817456,
        1.1604213005600001
      ],
      "exit_codes": [
        0,
        0,
        0
      ]
    }
  ]
}
