{
  "results": [
    {
      "command": "./calculate_average_artsiomkorzun.sh",
      "mean": 0.3608093292266667,
      "stddev": 0.0022052059295771627,
      "median": 0.36105081956,
      "user": 0.0029697866666666666,
      "system": 0.004500106666666666,
      "min": 0.35849331756,
      "max": 0.36288385056,
      "times": [
        0.35849331756,
        0.36288385056,
        0.36105081956
      ],
      "exit_codes": [
        0,
        0,
        0
      ]
    }
  ]
}
