{
  "results": [
    {
      "command": "./calculate_average_artsiomkorzun.sh",
      "mean": 0.4921761818933334,
      "stddev": 0.0029605423864187803,
      "median": 0.49052997356000005,
      "user": 0.002400433333333333,
      "system": 0.005067939999999999,
      "min": 0.49040461656000006,
      "max": 0.49559395556,
      "times": [
        0.49559395556,
        0.49040461656000006,
        0.49052997356000005
      ],
      "exit_codes": [
        0,
        0,
        0
      ]
    }
  ]
}
