{
  "results": [
    {
      "command": "./calculate_average_artsiomkorzun.sh",
      "mean": 1.4477459758333335,
      "stddev": 0.03134359510533264,
      "median": 1.4516033535000001,
      "user": 0.001969753333333333,
      "system": 0.004576493333333333,
      "min": 1.4146522195000002,
      "max": 1.4769823545000003,
      "times": [
        1.4769823545000003,
        1.4146522195000002,
        1.4516033535000001
      ],
      "exit_codes": [
        0,
        0,
        0
      ]
    }
  ]
}
