{
  "results": [
    {
      "command": "./calculate_average_artsiomkorzun.sh",
      "mean": 1.1028289333733332,
      "stddev": 0.0023648064843790886,
      "median": 1.10233576604,
      "user": 33.11251603333333,
      "system": 6.448521206666666,
      "min": 1.10074959804,
      "max": 1.10540143604,
      "times": [
        1.10540143604,
        1.10233576604,
        1.10074959804
      ],
      "exit_codes": [
        0,
        0,
        0
      ]
    }
  ]
}
