{
  "results": [
    {
      "command": "./calculate_average_artsiomkorzun.sh",
      "mean": 0.7368518599800001,
      "stddev": 0.008954145331534047,
      "median": 0.73866372298,
      "user": 0.00179756,
      "system": 0.004887313333333333,
      "min": 0.7271303409800001,
      "max": 0.7447615159800001,
      "times": [
        0.7447615159800001,
        0.73866372298,
        0.7271303409800001
      ],
      "exit_codes": [
        0,
        0,
        0
      ]
    }
  ]
}
