{
  "results": [
    {
      "command": "./calculate_average_artsiomkorzun.sh",
      "mean": 0.6181405442133333,
      "stddev": 0.009526793674947359,
      "median": 0.6127657978800001,
      "user": 0.005451853333333333,
      "system": 0.00132348,
      "min": 0.61251564488,
      "max": 0.6291401898800001,
      "times": [
        0.6127657978800001,
        0.6291401898800001,
        0.61251564488
      ],
      "exit_codes": [
        0,
        0,
        0
      ]
    }
  ]
}
