{
  "results": [
    {
      "command": "./calculate_average_artsiomkorzun.sh",
      "mean": 0.5022174758733334,
      "stddev": 0.001705251162126703,
      "median": 0.50252954254,
      "user": 0.001687393333333333,
      "system": 0.005635179999999999,
      "min": 0.50037774354,
      "max": 0.50374514154,
      "times": [
        0.50037774354,
        0.50252954254,
        0.50374514154
      ],
      "exit_codes": [
        0,
        0,
        0
      ]
    }
  ]
}
