{
  "results": [
    {
      "command": "./bin/austindonisan/aot/1brc ./inputs/measurements.txt 12 1",
      "mean": 1.1376558175533333,
      "stddev": 0.04563197557530226,
      "median": 1.11778379522,
      "user": 0.012613526666666666,
      "system": 0.00191862,
      "min": 1.10532950222,
      "max": 1.1898541552200002,
      "times": [
        1.11778379522,
        1.10532950222,
        1.1898541552200002
      ],
      "exit_codes": [
        0,
        0,
        0
      ]
    }
  ]
}
