{
  "results": [
    {
      "command": "./bin/austindonisan/aot/1brc ./inputs/measurements.txt 96 1",
      "mean": 0.33068824456666673,
      "stddev": 0.0013525527988693755,
      "median": 0.3303364279,
      "user": 0.02058046,
      "system": 0.02738135333333333,
      "min": 0.32954636390000003,
      "max": 0.33218194190000006,
      "times": [
        0.33218194190000006,
        0.3303364279,
        0.32954636390000003
      ],
      "exit_codes": [
        0,
        0,
        0
      ]
    }
  ]
}
