{
  "results": [
    {
      "command": "./bin/austindonisan/aot/1brc ./inputs/measurements.txt 48 1",
      "mean": 0.4479515125,
      "stddev": 0.00505574776753437,
      "median": 0.4496918325,
      "user": 0.0135197,
      "system": 0.01133602,
      "min": 0.44225547950000005,
      "max": 0.4519072255,
      "times": [
        0.4519072255,
        0.4496918325,
        0.44225547950000005
      ],
      "exit_codes": [
        0,
        0,
        0
      ]
    }
  ]
}
