{
  "results": [
    {
      "command": "./bin/austindonisan/aot/1brc ./inputs/measurements.txt 24 1",
      "mean": 0.62982796622,
      "stddev": 0.009113962366447084,
      "median": 0.6312861942200001,
      "user": 0.0105084,
      "system": 0.006060353333333333,
      "min": 0.62007280722,
      "max": 0.6381248972200001,
      "times": [
        0.62007280722,
        0.6381248972200001,
        0.6312861942200001
      ],
      "exit_codes": [
        0,
        0,
        0
      ]
    }
  ]
}
