{
  "results": [
    {
      "command": "./bin/austindonisan/aot/1brc ./inputs/measurements.txt 24 1",
      "mean": 0.6379764172933333,
      "stddev": 0.006670104254379858,
      "median": 0.63592008296,
      "user": 0.012164739999999999,
      "system": 0.006418593333333333,
      "min": 0.6325766059600001,
      "max": 0.6454325629600001,
      "times": [
        0.6325766059600001,
        0.63592008296,
        0.6454325629600001
      ],
      "exit_codes": [
        0,
        0,
        0
      ]
    }
  ]
}
