{
  "results": [
    {
      "command": "./bin/austindonisan/aot/1brc ./inputs/measurements.txt 96 1",
      "mean": 0.3354759031666667,
      "stddev": 0.0020285801276482243,
      "median": 0.33662439050000004,
      "user": 0.021205006666666665,
      "system": 0.022418946666666665,
      "min": 0.33313364650000005,
      "max": 0.3366696725,
      "times": [
        0.3366696725,
        0.33313364650000005,
        0.33662439050000004
      ],
      "exit_codes": [
        0,
        0,
        0
      ]
    }
  ]
}
