{
  "results": [
    {
      "command": "./bin/austindonisan/aot/1brc ./inputs/measurements.txt 192 1",
      "mean": 0.4895503351933333,
      "stddev": 0.0032149572030696137,
      "median": 0.49012644786,
      "user": 0.03250837333333333,
      "system": 0.05108310666666666,
      "min": 0.48608627186000003,
      "max": 0.49243828586,
      "times": [
        0.49012644786,
        0.48608627186000003,
        0.49243828586
      ],
      "exit_codes": [
        0,
        0,
        0
      ]
    }
  ]
}
