{
  "results": [
    {
      "command": "./bin/austindonisan/aot/1brc ./inputs/measurements.txt 48 1",
      "mean": 0.43347812636666666,
      "stddev": 0.00006608321755434053,
      "median": 0.43350955170000005,
      "user": 0.011023860000000002,
      "system": 0.011242206666666666,
      "min": 0.4334021947,
      "max": 0.4335226327,
      "times": [
        0.43350955170000005,
        0.4334021947,
        0.4335226327
      ],
      "exit_codes": [
        0,
        0,
        0
      ]
    }
  ]
}
