{
  "results": [
    {
      "command": "./bin/buybackoff/aot/1brc ./inputs/measurements.txt",
      "mean": 0.5502447200733335,
      "stddev": 0.006161681297385792,
      "median": 0.54905780674,
      "user": 0.019807166666666667,
      "system": 0.023182326666666666,
      "min": 0.5447628377400001,
      "max": 0.55691351574,
      "times": [
        0.55691351574,
        0.54905780674,
        0.5447628377400001
      ],
      "exit_codes": [
        0,
        0,
        0
      ]
    }
  ]
}
