{
  "results": [
    {
      "command": "./bin/buybackoff/aot/1brc ./inputs/measurements.txt",
      "mean": 0.5967150015533335,
      "stddev": 0.0019573171009852337,
      "median": 0.5970790622200001,
      "user": 0.015369559999999999,
      "system": 0.061815840000000004,
      "min": 0.5946012142200001,
      "max": 0.5984647282200001,
      "times": [
        0.5946012142200001,
        0.5970790622200001,
        0.5984647282200001
      ],
      "exit_codes": [
        0,
        0,
        0
      ]
    }
  ]
}
