{
  "results": [
    {
      "command": "./bin/buybackoff/aot/1brc ./inputs/measurements.txt",
      "mean": 1.52723408908,
      "stddev": 0.0037040162924577708,
      "median": 1.52530076808,
      "user": 0.01766545333333333,
      "system": 0.013754126666666665,
      "min": 1.52489674608,
      "max": 1.53150475308,
      "times": [
        1.52530076808,
        1.52489674608,
        1.53150475308
      ],
      "exit_codes": [
        0,
        0,
        0
      ]
    }
  ]
}
