{
  "results": [
    {
      "command": "./bin/buybackoff/aot/1brc ./inputs/measurements.txt",
      "mean": 0.45117647296666674,
      "stddev": 0.004302843182848559,
      "median": 0.44977325830000003,
      "user": 0.026674426666666667,
      "system": 0.04074745999999999,
      "min": 0.44775040530000004,
      "max": 0.45600575530000004,
      "times": [
        0.44775040530000004,
        0.44977325830000003,
        0.45600575530000004
      ],
      "exit_codes": [
        0,
        0,
        0
      ]
    }
  ]
}
