{
  "results": [
    {
      "command": "./bin/buybackoff/aot/1brc ./inputs/measurements.txt",
      "mean": 0.8294241603933333,
      "stddev": 0.001268342137803994,
      "median": 0.82947035706,
      "user": 0.01640154,
      "system": 0.024448013333333334,
      "min": 0.8281333510600001,
      "max": 0.83066877306,
      "times": [
        0.82947035706,
        0.8281333510600001,
        0.83066877306
      ],
      "exit_codes": [
        0,
        0,
        0
      ]
    }
  ]
}
