{
  "results": [
    {
      "command": "./bin/buybackoff/aot/1brc ./inputs/measurements.txt",
      "mean": 1.5777291309066666,
      "stddev": 0.019303675094397767,
      "median": 1.58074711924,
      "user": 0.017164139999999998,
      "system": 0.011722926666666666,
      "min": 1.55709422024,
      "max": 1.59534605324,
      "times": [
        1.58074711924,
        1.55709422024,
        1.59534605324
      ],
      "exit_codes": [
        0,
        0,
        0
      ]
    }
  ]
}
