{
  "results": [
    {
      "command": "./bin/buybackoff/aot/1brc ./inputs/measurements.txt",
      "mean": 0.6110102137400001,
      "stddev": 0.0005047251611996521,
      "median": 0.6112042977400001,
      "user": 0.03273684666666666,
      "system": 0.10345743333333333,
      "min": 0.6104372557400001,
      "max": 0.6113890877400001,
      "times": [
        0.6112042977400001,
        0.6104372557400001,
        0.6113890877400001
      ],
      "exit_codes": [
        0,
        0,
        0
      ]
    }
  ]
}
