{
  "results": [
    {
      "command": "./bin/buybackoff/aot/1brc ./inputs/measurements.txt",
      "mean": 0.8256096264333334,
      "stddev": 0.002015519227659811,
      "median": 0.8266046571000001,
      "user": 0.012751406666666666,
      "system": 0.025919206666666667,
      "min": 0.8232900921,
      "max": 0.8269341301,
      "times": [
        0.8266046571000001,
        0.8232900921,
        0.8269341301
      ],
      "exit_codes": [
        0,
        0,
        0
      ]
    }
  ]
}
