{
  "results": [
    {
      "command": "./bin/CameronAavik/aot/1brc ./inputs/measurements.txt",
      "mean": 3.820965704366667,
      "stddev": 0.005931479280059731,
      "median": 3.8202089157,
      "user": 32.92912278666666,
      "system": 1.8372387466666664,
      "min": 3.8154489397,
      "max": 3.8272392577,
      "times": [
        3.8202089157,
        3.8272392577,
        3.8154489397
      ],
      "exit_codes": [
        0,
        0,
        0
      ]
    }
  ]
}
