{
  "results": [
    {
      "command": "./bin/CameronAavik/aot/1brc ./inputs/measurements.txt",
      "mean": 2.8045053700266664,
      "stddev": 0.01149605534931805,
      "median": 2.80278156836,
      "user": 34.42769324666666,
      "system": 1.9631916733333334,
      "min": 2.79396855736,
      "max": 2.81676598436,
      "times": [
        2.80278156836,
        2.81676598436,
        2.79396855736
      ],
      "exit_codes": [
        0,
        0,
        0
      ]
    }
  ]
}
