{
  "results": [
    {
      "command": "./bin/CameronAavik/aot/1brc ./inputs/measurements.txt",
      "mean": 2.229619516933333,
      "stddev": 0.011213076323313113,
      "median": 2.2347210295999997,
      "user": 40.60155032666666,
      "system": 2.094911873333333,
      "min": 2.2167627426,
      "max": 2.2373747786,
      "times": [
        2.2373747786,
        2.2167627426,
        2.2347210295999997
      ],
      "exit_codes": [
        0,
        0,
        0
      ]
    }
  ]
}
