{
  "results": [
    {
      "command": "./bin/CameronAavik/aot/1brc ./inputs/measurements.txt",
      "mean": 3.5878267070133334,
      "stddev": 0.049016895028467046,
      "median": 3.56583285468,
      "user": 51.46108394,
      "system": 2.1816338466666667,
      "min": 3.55365883668,
      "max": 3.64398842968,
      "times": [
        3.64398842968,
        3.56583285468,
        3.55365883668
      ],
      "exit_codes": [
        0,
        0,
        0
      ]
    }
  ]
}
