{
  "results": [
    {
      "command": "./bin/CameronAavik/aot/1brc ./inputs/measurements.txt",
      "mean": 1.8549308644333333,
      "stddev": 0.007712515549840993,
      "median": 1.8580966541,
      "user": 34.011678339999996,
      "system": 2.129823953333333,
      "min": 1.8461392091000002,
      "max": 1.8605567301000001,
      "times": [
        1.8605567301000001,
        1.8580966541,
        1.8461392091000002
      ],
      "exit_codes": [
        0,
        0,
        0
      ]
    }
  ]
}
