{
  "results": [
    {
      "command": "./bin/CameronAavik/aot/1brc ./inputs/measurements.txt",
      "mean": 1.8671035630533332,
      "stddev": 0.0040539573272978585,
      "median": 1.86823835672,
      "user": 34.68449123999999,
      "system": 2.05870412,
      "min": 1.86260313272,
      "max": 1.87046919972,
      "times": [
        1.87046919972,
        1.86823835672,
        1.86260313272
      ],
      "exit_codes": [
        0,
        0,
        0
      ]
    }
  ]
}
