{
  "results": [
    {
      "command": "./bin/CameronAavik/aot/1brc ./inputs/measurements.txt",
      "mean": 1.8575863887133337,
      "stddev": 0.013440759240538355,
      "median": 1.8594660463800001,
      "user": 33.59073880666667,
      "system": 2.24270082,
      "min": 1.84330473938,
      "max": 1.8699883803800001,
      "times": [
        1.8699883803800001,
        1.84330473938,
        1.8594660463800001
      ],
      "exit_codes": [
        0,
        0,
        0
      ]
    }
  ]
}
