{
  "results": [
    {
      "command": "./bin/CameronAavik/aot/1brc ./inputs/measurements.txt",
      "mean": 1.8558812059733334,
      "stddev": 0.0081588983831695,
      "median": 1.85541164464,
      "user": 34.48714711333333,
      "system": 2.008729753333333,
      "min": 1.84796722864,
      "max": 1.86426474464,
      "times": [
        1.85541164464,
        1.84796722864,
        1.86426474464
      ],
      "exit_codes": [
        0,
        0,
        0
      ]
    }
  ]
}
