{
  "results": [
    {
      "command": "./bin/dzaima/aot/1brc ./inputs/measurements.txt",
      "mean": 2.6323215346133333,
      "stddev": 0.016694024519893116,
      "median": 2.62977543228,
      "user": 18.803109473333333,
      "system": 1.7857283,
      "min": 2.61704682228,
      "max": 2.6501423492800003,
      "times": [
        2.62977543228,
        2.6501423492800003,
        2.61704682228
      ],
      "exit_codes": [
        0,
        0,
        0
      ]
    }
  ]
}
