{
  "results": [
    {
      "command": "./bin/dzaima/aot/1brc ./inputs/measurements.txt",
      "mean": 2.6716029224866666,
      "stddev": 0.046967569624261095,
      "median": 2.64900223182,
      "user": 18.950272313333333,
      "system": 1.8333389199999999,
      "min": 2.64020831282,
      "max": 2.7255982228200004,
      "times": [
        2.64900223182,
        2.7255982228200004,
        2.64020831282
      ],
      "exit_codes": [
        0,
        0,
        0
      ]
    }
  ]
}
