{
  "results": [
    {
      "command": "./bin/dzaima/aot/1brc ./inputs/measurements.txt",
      "mean": 2.6119481770733333,
      "stddev": 0.0035138531856042975,
      "median": 2.61111549174,
      "user": 18.41371827333333,
      "system": 1.7758084533333331,
      "min": 2.60892545874,
      "max": 2.6158035807399997,
      "times": [
        2.6158035807399997,
        2.61111549174,
        2.60892545874
      ],
      "exit_codes": [
        0,
        0,
        0
      ]
    }
  ]
}
