{
  "results": [
    {
      "command": "./bin/dzaima/aot/1brc ./inputs/measurements.txt",
      "mean": 2.7104817819266667,
      "stddev": 0.06642490119612117,
      "median": 2.6749368252599997,
      "user": 19.082716526666665,
      "system": 1.8110207733333332,
      "min": 2.66939268926,
      "max": 2.78711583126,
      "times": [
        2.66939268926,
        2.6749368252599997,
        2.78711583126
      ],
      "exit_codes": [
        0,
        0,
        0
      ]
    }
  ]
}
