{
  "results": [
    {
      "command": "./bin/dzaima/aot/1brc ./inputs/measurements.txt",
      "mean": 2.608935577753334,
      "stddev": 0.00825583591310096,
      "median": 2.60654957342,
      "user": 18.334730786666665,
      "system": 1.7845045399999997,
      "min": 2.60213551642,
      "max": 2.6181216434200003,
      "times": [
        2.6181216434200003,
        2.60213551642,
        2.60654957342
      ],
      "exit_codes": [
        0,
        0,
        0
      ]
    }
  ]
}
