{
  "results": [
    {
      "command": "./bin/dzaima/aot/1brc ./inputs/measurements.txt",
      "mean": 2.66970784732,
      "stddev": 0.02847877503444565,
      "median": 2.6578368893200004,
      "user": 18.9213516,
      "system": 1.8080990666666665,
      "min": 2.6490848833200005,
      "max": 2.7022017693200002,
      "times": [
        2.6578368893200004,
        2.6490848833200005,
        2.7022017693200002
      ],
      "exit_codes": [
        0,
        0,
        0
      ]
    }
  ]
}
