{
  "results": [
    {
      "command": "./bin/dzaima/aot/1brc ./inputs/measurements.txt",
      "mean": 2.6084307652,
      "stddev": 0.004467386472635683,
      "median": 2.6063849082,
      "user": 18.606308146666667,
      "system": 1.79600732,
      "min": 2.6053526702000003,
      "max": 2.6135547172,
      "times": [
        2.6053526702000003,
        2.6135547172,
        2.6063849082
      ],
      "exit_codes": [
        0,
        0,
        0
      ]
    }
  ]
}
