{
  "results": [
    {
      "command": "./bin/dzaima/aot/1brc ./inputs/measurements.txt",
      "mean": 2.658353347753333,
      "stddev": 0.021112631258469072,
      "median": 2.66698175842,
      "user": 18.800673713333335,
      "system": 1.799528753333333,
      "min": 2.63429310242,
      "max": 2.67378518242,
      "times": [
        2.67378518242,
        2.66698175842,
        2.63429310242
      ],
      "exit_codes": [
        0,
        0,
        0
      ]
    }
  ]
}
