{
  "results": [
    {
      "command": "./calculate_average_jerrinot.sh",
      "mean": 1.4326658574933333,
      "stddev": 0.010685609196837939,
      "median": 1.4385735021600001,
      "user": 0.003617313333333333,
      "system": 0.005133700000000001,
      "min": 1.42033082816,
      "max": 1.4390932421600002,
      "times": [
        1.42033082816,
        1.4390932421600002,
        1.4385735021600001
      ],
      "exit_codes": [
        0,
        0,
        0
      ]
    }
  ]
}
