{
  "results": [
    {
      "command": "./calculate_average_jerrinot.sh",
      "mean": 3.1134851640666668,
      "stddev": 0.15930379833206737,
      "median": 3.0971445573999996,
      "user": 0.00328048,
      "system": 0.004359046666666666,
      "min": 2.9629814664,
      "max": 3.2803294683999997,
      "times": [
        2.9629814664,
        3.0971445573999996,
        3.2803294683999997
      ],
      "exit_codes": [
        0,
        0,
        0
      ]
    }
  ]
}
