{
  "results": [
    {
      "command": "./calculate_average_jerrinot.sh",
      "mean": 1.4702193568800002,
      "stddev": 0.02065342519096958,
      "median": 1.45918084688,
      "user": 0.0022644133333333334,
      "system": 0.006038373333333333,
      "min": 1.45743075988,
      "max": 1.49404646388,
      "times": [
        1.49404646388,
        1.45918084688,
        1.45743075988
      ],
      "exit_codes": [
        0,
        0,
        0
      ]
    }
  ]
}
