{
  "results": [
    {
      "command": "./calculate_average_jerrinot.sh",
      "mean": 1.481971332166667,
      "stddev": 0.013646828941299583,
      "median": 1.4897663895000002,
      "user": 0.0034913933333333333,
      "system": 0.005202646666666667,
      "min": 1.4662136285,
      "max": 1.4899339785,
      "times": [
        1.4899339785,
        1.4897663895000002,
        1.4662136285
      ],
      "exit_codes": [
        0,
        0,
        0
      ]
    }
  ]
}
