{
  "results": [
    {
      "command": "./calculate_average_jerrinot.sh",
      "mean": 2.5472217358066667,
      "stddev": 0.022532436855858384,
      "median": 2.53559275314,
      "user": 0.003968739999999999,
      "system": 0.003716513333333333,
      "min": 2.53287969514,
      "max": 2.57319275914,
      "times": [
        2.53559275314,
        2.57319275914,
        2.53287969514
      ],
      "exit_codes": [
        0,
        0,
        0
      ]
    }
  ]
}
