{
  "results": [
    {
      "command": "./calculate_average_jerrinot.sh",
      "mean": 2.08852334726,
      "stddev": 0.011205026678564748,
      "median": 2.0889546612600003,
      "user": 0.003975073333333333,
      "system": 0.00412842,
      "min": 2.07710889126,
      "max": 2.09950648926,
      "times": [
        2.0889546612600003,
        2.09950648926,
        2.07710889126
      ],
      "exit_codes": [
        0,
        0,
        0
      ]
    }
  ]
}
