{
  "results": [
    {
      "command": "./calculate_average_jerrinot.sh",
      "mean": 1.5671981371066668,
      "stddev": 0.006367603846050881,
      "median": 1.5659876564400002,
      "user": 0.0020343533333333336,
      "system": 0.007649479999999999,
      "min": 1.5615226584400002,
      "max": 1.5740840964400002,
      "times": [
        1.5615226584400002,
        1.5659876564400002,
        1.5740840964400002
      ],
      "exit_codes": [
        0,
        0,
        0
      ]
    }
  ]
}
