{
  "results": [
    {
      "command": "./calculate_average_jerrinot.sh",
      "mean": 1.7559913240866667,
      "stddev": 0.014378980300991225,
      "median": 1.7576690744199999,
      "user": 0.0039005933333333327,
      "system": 0.004821586666666666,
      "min": 1.7408470674199998,
      "max": 1.76945783042,
      "times": [
        1.7576690744199999,
        1.7408470674199998,
        1.76945783042
      ],
      "exit_codes": [
        0,
        0,
        0
      ]
    }
  ]
}
