{
  "results": [
    {
      "command": "./bin/kpocza/aot/1brc ./inputs/measurements.txt",
      "mean": 1.6002735814666667,
      "stddev": 0.006346193847372094,
      "median": 1.5968545078,
      "user": 20.785746626666665,
      "system": 1.7522069466666668,
      "min": 1.5963700418,
      "max": 1.6075961948000002,
      "times": [
        1.5963700418,
        1.5968545078,
        1.6075961948000002
      ],
      "exit_codes": [
        0,
        0,
        0
      ]
    }
  ]
}
