{
  "results": [
    {
      "command": "./bin/kpocza/aot/1brc ./inputs/measurements.txt",
      "mean": 1.5039476444400002,
      "stddev": 0.051519692114506986,
      "median": 1.47970637344,
      "user": 35.62871256,
      "system": 2.049182233333333,
      "min": 1.4690199084400002,
      "max": 1.5631166514400001,
      "times": [
        1.5631166514400001,
        1.4690199084400002,
        1.47970637344
      ],
      "exit_codes": [
        0,
        0,
        0
      ]
    }
  ]
}
