{
  "results": [
    {
      "command": "./bin/kpocza/aot/1brc ./inputs/measurements.txt",
      "mean": 1.2155256704333335,
      "stddev": 0.02115632919051405,
      "median": 1.2239037861,
      "user": 39.59198356666667,
      "system": 2.3135336800000004,
      "min": 1.1914633731,
      "max": 1.2312098521000001,
      "times": [
        1.2312098521000001,
        1.2239037861,
        1.1914633731
      ],
      "exit_codes": [
        0,
        0,
        0
      ]
    }
  ]
}
