{
  "results": [
    {
      "command": "./bin/kpocza/aot/1brc ./inputs/measurements.txt",
      "mean": 1.2615451350399998,
      "stddev": 0.20223446573588658,
      "median": 1.36332283604,
      "user": 22.712279506666665,
      "system": 2.375068726666666,
      "min": 1.02864047804,
      "max": 1.39267209104,
      "times": [
        1.02864047804,
        1.36332283604,
        1.39267209104
      ],
      "exit_codes": [
        0,
        0,
        0
      ]
    }
  ]
}
