{
  "results": [
    {
      "command": "./bin/kpocza/aot/1brc ./inputs/measurements.txt",
      "mean": 1.1962538172,
      "stddev": 0.011770240212855417,
      "median": 1.2009068722,
      "user": 21.923410253333333,
      "system": 1.80766692,
      "min": 1.1828683402,
      "max": 1.2049862392,
      "times": [
        1.2049862392,
        1.1828683402,
        1.2009068722
      ],
      "exit_codes": [
        0,
        0,
        0
      ]
    }
  ]
}
