{
  "results": [
    {
      "command": "./bin/kpocza/aot/1brc ./inputs/measurements.txt",
      "mean": 2.6185478669799997,
      "stddev": 0.06086329185548737,
      "median": 2.62948749498,
      "user": 30.941650866666663,
      "system": 2.0207262133333335,
      "min": 2.55295664498,
      "max": 2.67319946098,
      "times": [
        2.67319946098,
        2.62948749498,
        2.55295664498
      ],
      "exit_codes": [
        0,
        0,
        0
      ]
    }
  ]
}
