{
  "results": [
    {
      "command": "./bin/kpocza/aot/1brc ./inputs/measurements.txt",
      "mean": 1.8576324645133333,
      "stddev": 0.005730297774286823,
      "median": 1.85743942018,
      "user": 35.04586652666667,
      "system": 4.173610226666666,
      "min": 1.85200112818,
      "max": 1.86345684518,
      "times": [
        1.86345684518,
        1.85200112818,
        1.85743942018
      ],
      "exit_codes": [
        0,
        0,
        0
      ]
    }
  ]
}
