{
  "results": [
    {
      "command": "./bin/kpocza/aot/1brc ./inputs/measurements.txt",
      "mean": 3.295986065753333,
      "stddev": 0.03674893119748658,
      "median": 3.29254000742,
      "user": 20.488976186666665,
      "system": 1.7362214533333333,
      "min": 3.26108154442,
      "max": 3.33433664542,
      "times": [
        3.26108154442,
        3.29254000742,
        3.33433664542
      ],
      "exit_codes": [
        0,
        0,
        0
      ]
    }
  ]
}
