{
  "results": [
    {
      "command": "./bin/lehuyduc/aot/1brc ./inputs/measurements.txt",
      "mean": 1.4006126557133332,
      "stddev": 0.07728261990650692,
      "median": 1.43620212438,
      "user": 0.0017826666666666668,
      "system": 0.0009815266666666667,
      "min": 1.31194729538,
      "max": 1.45368854738,
      "times": [
        1.43620212438,
        1.31194729538,
        1.45368854738
      ],
      "exit_codes": [
        0,
        0,
        0
      ]
    }
  ]
}
