{
  "results": [
    {
      "command": "./bin/lehuyduc/aot/1brc ./inputs/measurements.txt",
      "mean": 0.5115641150666668,
      "stddev": 0.009013619089619656,
      "median": 0.5092669074,
      "user": 0.00243108,
      "system": 0.00043064,
      "min": 0.5039213904000001,
      "max": 0.5215040474,
      "times": [
        0.5092669074,
        0.5039213904000001,
        0.5215040474
      ],
      "exit_codes": [
        0,
        0,
        0
      ]
    }
  ]
}
