{
  "results": [
    {
      "command": "./bin/lehuyduc/aot/1brc ./inputs/measurements.txt",
      "mean": 0.80881327564,
      "stddev": 0.02223634324890249,
      "median": 0.7980819266400001,
      "user": 0.001581733333333333,
      "system": 0.0011131733333333332,
      "min": 0.7939778716400001,
      "max": 0.83438002864,
      "times": [
        0.7939778716400001,
        0.83438002864,
        0.7980819266400001
      ],
      "exit_codes": [
        0,
        0,
        0
      ]
    }
  ]
}
