{
  "results": [
    {
      "command": "./bin/lehuyduc/aot/1brc ./inputs/measurements.txt",
      "mean": 0.41526697703333343,
      "stddev": 0.006271592418157164,
      "median": 0.4174249427,
      "user": 0.0007325866666666666,
      "system": 0.0019071000000000001,
      "min": 0.40820132070000004,
      "max": 0.42017466770000006,
      "times": [
        0.40820132070000004,
        0.42017466770000006,
        0.4174249427
      ],
      "exit_codes": [
        0,
        0,
        0
      ]
    }
  ]
}
