{
  "results": [
    {
      "command": "./bin/lehuyduc/aot/1brc ./inputs/measurements.txt",
      "mean": 0.54022490942,
      "stddev": 0.0033787122200792936,
      "median": 0.5404073124200001,
      "user": 0.0022521466666666668,
      "system": 0.0007561866666666667,
      "min": 0.53675869042,
      "max": 0.5435087254200001,
      "times": [
        0.53675869042,
        0.5435087254200001,
        0.5404073124200001
      ],
      "exit_codes": [
        0,
        0,
        0
      ]
    }
  ]
}
