{
  "results": [
    {
      "command": "./bin/lehuyduc/aot/1brc ./inputs/measurements.txt",
      "mean": 0.6556685367133334,
      "stddev": 0.06108208029775012,
      "median": 0.62434870338,
      "user": 0.0015910933333333332,
      "system": 0.0011919066666666667,
      "min": 0.61659892238,
      "max": 0.72605798438,
      "times": [
        0.61659892238,
        0.72605798438,
        0.62434870338
      ],
      "exit_codes": [
        0,
        0,
        0
      ]
    }
  ]
}
