{
  "results": [
    {
      "command": "./bin/lehuyduc/aot/1brc ./inputs/measurements.txt",
      "mean": 0.47102313014,
      "stddev": 0.016621687871409063,
      "median": 0.47738224814,
      "user": 0.0016856466666666664,
      "system": 0.00126424,
      "min": 0.45216072314,
      "max": 0.48352641914,
      "times": [
        0.47738224814,
        0.48352641914,
        0.45216072314
      ],
      "exit_codes": [
        0,
        0,
        0
      ]
    }
  ]
}
