{
  "results": [
    {
      "command": "./bin/lehuyduc/aot/1brc ./inputs/measurements.txt",
      "mean": 1.0339170347533333,
      "stddev": 0.024897129476157413,
      "median": 1.0449709194199999,
      "user": 0.0015533933333333333,
      "system": 0.0010057733333333333,
      "min": 1.0054069294199999,
      "max": 1.05137325542,
      "times": [
        1.0054069294199999,
        1.0449709194199999,
        1.05137325542
      ],
      "exit_codes": [
        0,
        0,
        0
      ]
    }
  ]
}
