{
  "results": [
    {
      "command": "./bin/mtopolnik-rs/aot/1brc ./inputs/measurements.txt",
      "mean": 2.5900563883600003,
      "stddev": 0.008897478153986284,
      "median": 2.58640319136,
      "user": 21.773053359999995,
      "system": 1.6935482866666665,
      "min": 2.58356699436,
      "max": 2.60019897936,
      "times": [
        2.58640319136,
        2.58356699436,
        2.60019897936
      ],
      "exit_codes": [
        0,
        0,
        0
      ]
    }
  ]
}
