{
  "results": [
    {
      "command": "./calculate_average_mtopolnik.sh",
      "mean": 1.9745259018466665,
      "stddev": 0.09264386118011016,
      "median": 1.99596157418,
      "user": 0.015882533333333334,
      "system": 0.043337686666666674,
      "min": 1.87304315518,
      "max": 2.05457297618,
      "times": [
        1.99596157418,
        2.05457297618,
        1.87304315518
      ],
      "exit_codes": [
        0,
        0,
        0
      ]
    }
  ]
}
