{
  "results": [
    {
      "command": "./calculate_average_mtopolnik.sh",
      "mean": 1.0567761753333331,
      "stddev": 0.04695888345327089,
      "median": 1.0493234169999999,
      "user": 0.012348199999999998,
      "system": 0.044198879999999996,
      "min": 1.013989341,
      "max": 1.107015768,
      "times": [
        1.0493234169999999,
        1.013989341,
        1.107015768
      ],
      "exit_codes": [
        0,
        0,
        0
      ]
    }
  ]
}
