{
  "results": [
    {
      "command": "./bin/mtopolnik-rs/aot/1brc ./inputs/measurements.txt",
      "mean": 1.2672336868866665,
      "stddev": 0.029126097873849476,
      "median": 1.27427456222,
      "user": 40.08024588666667,
      "system": 3.380767713333333,
      "min": 1.23523256922,
      "max": 1.29219392922,
      "times": [
        1.23523256922,
        1.29219392922,
        1.27427456222
      ],
      "exit_codes": [
        0,
        0,
        0
      ]
    }
  ]
}
