{
  "results": [
    {
      "command": "./calculate_average_mtopolnik.sh",
      "mean": 0.9591072647266667,
      "stddev": 0.038277502267807406,
      "median": 0.9761910660600001,
      "user": 0.020162866666666668,
      "system": 0.03701917333333333,
      "min": 0.9152627440600001,
      "max": 0.9858679840600001,
      "times": [
        0.9761910660600001,
        0.9152627440600001,
        0.9858679840600001
      ],
      "exit_codes": [
        0,
        0,
        0
      ]
    }
  ]
}
