{
  "results": [
    {
      "command": "./bin/mtopolnik-rs/aot/1brc ./inputs/measurements.txt",
      "mean": 2.24337868234,
      "stddev": 0.0036696408676474917,
      "median": 2.24323312034,
      "user": 34.84728281333333,
      "system": 2.161538273333333,
      "min": 2.23978398834,
      "max": 2.2471189383400003,
      "times": [
        2.23978398834,
        2.24323312034,
        2.2471189383400003
      ],
      "exit_codes": [
        0,
        0,
        0
      ]
    }
  ]
}
