{
  "results": [
    {
      "command": "./bin/mtopolnik-rs/aot/1brc ./inputs/measurements.txt",
      "mean": 1.6369743762066669,
      "stddev": 0.005770558524632796,
      "median": 1.6391088045400002,
      "user": 21.91860498666667,
      "system": 1.7510962266666665,
      "min": 1.63044067254,
      "max": 1.64137365154,
      "times": [
        1.6391088045400002,
        1.64137365154,
        1.63044067254
      ],
      "exit_codes": [
        0,
        0,
        0
      ]
    }
  ]
}
