{
  "results": [
    {
      "command": "./calculate_average_mtopolnik.sh",
      "mean": 1.2007753618600001,
      "stddev": 0.025819581793328095,
      "median": 1.21415255986,
      "user": 0.02080812,
      "system": 0.03603849333333333,
      "min": 1.17101212886,
      "max": 1.21716139686,
      "times": [
        1.17101212886,
        1.21716139686,
        1.21415255986
      ],
      "exit_codes": [
        0,
        0,
        0
      ]
    }
  ]
}
