{
  "results": [
    {
      "command": "./calculate_average_mtopolnik.sh",
      "mean": 2.309099208586667,
      "stddev": 0.05842366081255944,
      "median": 2.2896314019200004,
      "user": 0.014309046666666667,
      "system": 0.04312986666666666,
      "min": 2.26289495392,
      "max": 2.37477126992,
      "times": [
        2.37477126992,
        2.2896314019200004,
        2.26289495392
      ],
      "exit_codes": [
        0,
        0,
        0
      ]
    }
  ]
}
