{
  "results": [
    {
      "command": "./bin/mtopolnik-rs/aot/1brc ./inputs/measurements.txt",
      "mean": 1.23258623382,
      "stddev": 0.007668254150673311,
      "median": 1.22993794282,
      "user": 23.12420453333333,
      "system": 2.1142097,
      "min": 1.2265931368199998,
      "max": 1.24122762182,
      "times": [
        1.2265931368199998,
        1.22993794282,
        1.24122762182
      ],
      "exit_codes": [
        0,
        0,
        0
      ]
    }
  ]
}
