{
  "results": [
    {
      "command": "./bin/mtopolnik-rs/aot/1brc ./inputs/measurements.txt",
      "mean": 1.1931987130333335,
      "stddev": 0.015644204238629725,
      "median": 1.1921194657,
      "user": 23.151772593333334,
      "system": 3.221471433333333,
      "min": 1.1781220777,
      "max": 1.2093545957,
      "times": [
        1.2093545957,
        1.1781220777,
        1.1921194657
      ],
      "exit_codes": [
        0,
        0,
        0
      ]
    }
  ]
}
