{
  "results": [
    {
      "command": "./calculate_average_mtopolnik.sh",
      "mean": 1.3857860333399998,
      "stddev": 0.010665326366476631,
      "median": 1.3916791043399999,
      "user": 0.01677026,
      "system": 0.039922266666666664,
      "min": 1.37347451134,
      "max": 1.3922044843399999,
      "times": [
        1.3916791043399999,
        1.3922044843399999,
        1.37347451134
      ],
      "exit_codes": [
        0,
        0,
        0
      ]
    }
  ]
}
