{
  "results": [
    {
      "command": "./bin/mtopolnik-rs/aot/1brc ./inputs/measurements.txt",
      "mean": 1.4939995070133332,
      "stddev": 0.0031187471368485254,
      "median": 1.4922088576800001,
      "user": 36.17741936666666,
      "system": 2.5440445400000002,
      "min": 1.49218895568,
      "max": 1.49760070768,
      "times": [
        1.49760070768,
        1.49218895568,
        1.4922088576800001
      ],
      "exit_codes": [
        0,
        0,
        0
      ]
    }
  ]
}
