{
  "results": [
    {
      "command": "./bin/mtopolnik-rs/aot/1brc ./inputs/measurements.txt",
      "mean": 1.4509433282466666,
      "stddev": 0.018113073900895543,
      "median": 1.4462753285799999,
      "user": 36.865574493333334,
      "system": 10.34538258,
      "min": 1.43562114558,
      "max": 1.4709335105799999,
      "times": [
        1.4709335105799999,
        1.43562114558,
        1.4462753285799999
      ],
      "exit_codes": [
        0,
        0,
        0
      ]
    }
  ]
}
