{
  "results": [
    {
      "command": "./calculate_average_mtopolnik.sh",
      "mean": 2.18556398724,
      "stddev": 0.02195486554080467,
      "median": 2.19816554824,
      "user": 0.008667119999999999,
      "system": 0.048654673333333336,
      "min": 2.16021283624,
      "max": 2.19831357724,
      "times": [
        2.19831357724,
        2.16021283624,
        2.19816554824
      ],
      "exit_codes": [
        0,
        0,
        0
      ]
    }
  ]
}
