{
  "results": [
    {
      "command": "./calculate_average_mtopolnik.sh",
      "mean": 7.467917384806667,
      "stddev": 0.1930899345254346,
      "median": 7.4302492541400005,
      "user": 0.03302528,
      "system": 0.028425859999999997,
      "min": 7.29643708714,
      "max": 7.6770658131400005,
      "times": [
        7.29643708714,
        7.6770658131400005,
        7.4302492541400005
      ],
      "exit_codes": [
        0,
        0,
        0
      ]
    }
  ]
}
