{
  "results": [
    {
      "command": "./bin/nietras/aot/1brc ./inputs/measurements.txt",
      "mean": 1.3809588119866667,
      "stddev": 0.01058512104538282,
      "median": 1.38661215032,
      "user": 31.83922965333333,
      "system": 1.9810777999999998,
      "min": 1.3687473353200001,
      "max": 1.38751695032,
      "times": [
        1.3687473353200001,
        1.38661215032,
        1.38751695032
      ],
      "exit_codes": [
        0,
        0,
        0
      ]
    }
  ]
}
