{
  "results": [
    {
      "command": "./bin/nietras/aot/1brc ./inputs/measurements.txt",
      "mean": 1.2035596353533335,
      "stddev": 0.009106189525939444,
      "median": 1.20274258802,
      "user": 23.73628046,
      "system": 1.8041921666666667,
      "min": 1.19488950202,
      "max": 1.21304681602,
      "times": [
        1.20274258802,
        1.19488950202,
        1.21304681602
      ],
      "exit_codes": [
        0,
        0,
        0
      ]
    }
  ]
}
