{
  "results": [
    {
      "command": "./bin/nietras/aot/1brc ./inputs/measurements.txt",
      "mean": 3.6391957711200003,
      "stddev": 0.04503574278716541,
      "median": 3.64724384512,
      "user": 23.558674533333335,
      "system": 1.6536501733333333,
      "min": 3.59067859412,
      "max": 3.67966487412,
      "times": [
        3.59067859412,
        3.67966487412,
        3.64724384512
      ],
      "exit_codes": [
        0,
        0,
        0
      ]
    }
  ]
}
