{
  "results": [
    {
      "command": "./bin/nietras/aot/1brc ./inputs/measurements.txt",
      "mean": 1.10287535418,
      "stddev": 0.007666941856502894,
      "median": 1.0990333641799999,
      "user": 34.99820184666667,
      "system": 2.281883433333333,
      "min": 1.09788901018,
      "max": 1.11170368818,
      "times": [
        1.11170368818,
        1.0990333641799999,
        1.09788901018
      ],
      "exit_codes": [
        0,
        0,
        0
      ]
    }
  ]
}
