{
  "results": [
    {
      "command": "./bin/nietras/aot/1brc ./inputs/measurements.txt",
      "mean": 1.70195136506,
      "stddev": 0.0027165611481096883,
      "median": 1.70222834006,
      "user": 23.71443555333333,
      "system": 1.6709505266666669,
      "min": 1.6991069270599999,
      "max": 1.7045188280599999,
      "times": [
        1.70222834006,
        1.6991069270599999,
        1.7045188280599999
      ],
      "exit_codes": [
        0,
        0,
        0
      ]
    }
  ]
}
