{
  "results": [
    {
      "command": "./bin/nietras/aot/1brc ./inputs/measurements.txt",
      "mean": 2.44239209044,
      "stddev": 0.06033219956497455,
      "median": 2.46112089344,
      "user": 30.343237346666665,
      "system": 2.0835200666666664,
      "min": 2.37491660344,
      "max": 2.49113877444,
      "times": [
        2.49113877444,
        2.46112089344,
        2.37491660344
      ],
      "exit_codes": [
        0,
        0,
        0
      ]
    }
  ]
}
