{
  "results": [
    {
      "command": "./bin/nietras/aot/1brc ./inputs/measurements.txt",
      "mean": 1.0039195847933333,
      "stddev": 0.01724453486815638,
      "median": 1.00080206446,
      "user": 23.982243246666666,
      "system": 2.0654197733333333,
      "min": 0.98844646946,
      "max": 1.02251022046,
      "times": [
        0.98844646946,
        1.00080206446,
        1.02251022046
      ],
      "exit_codes": [
        0,
        0,
        0
      ]
    }
  ]
}
