{
  "results": [
    {
      "command": "./bin/nietras/aot/1brc ./inputs/measurements.txt",
      "mean": 1.1533230428066668,
      "stddev": 0.008807894341103335,
      "median": 1.15140262314,
      "user": 28.734176426666664,
      "system": 3.6401419533333335,
      "min": 1.14563380214,
      "max": 1.16293270314,
      "times": [
        1.16293270314,
        1.14563380214,
        1.15140262314
      ],
      "exit_codes": [
        0,
        0,
        0
      ]
    }
  ]
}
