{
  "results": [
    {
      "command": "./bin/NimaAra/aot/1brc ./inputs/measurements.txt",
      "mean": 3.6713540932599997,
      "stddev": 0.3795846730218617,
      "median": 3.45504543826,
      "user": 33.28508433333334,
      "system": 1.5674447399999998,
      "min": 3.4493683772600003,
      "max": 4.10964846426,
      "times": [
        3.45504543826,
        3.4493683772600003,
        4.10964846426
      ],
      "exit_codes": [
        0,
        0,
        0
      ]
    }
  ]
}
