{
  "results": [
    {
      "command": "./bin/NimaAra/aot/1brc ./inputs/measurements.txt",
      "mean": 2.0914137311666665,
      "stddev": 0.021270685474898833,
      "median": 2.0837747405,
      "user": 33.123739226666665,
      "system": 1.67118432,
      "min": 2.0750174795,
      "max": 2.1154489735,
      "times": [
        2.1154489735,
        2.0750174795,
        2.0837747405
      ],
      "exit_codes": [
        0,
        0,
        0
      ]
    }
  ]
}
