{
  "results": [
    {
      "command": "./bin/NimaAra/aot/1brc ./inputs/measurements.txt",
      "mean": 1.1941653343666667,
      "stddev": 0.005310231999123684,
      "median": 1.1918754267,
      "user": 36.911375920000005,
      "system": 2.561216013333333,
      "min": 1.1903842546999999,
      "max": 1.2002363217,
      "times": [
        1.1918754267,
        1.1903842546999999,
        1.2002363217
      ],
      "exit_codes": [
        0,
        0,
        0
      ]
    }
  ]
}
