{
  "results": [
    {
      "command": "./bin/NimaAra/aot/1brc ./inputs/measurements.txt",
      "mean": 1.8145297238466667,
      "stddev": 0.00403101703575005,
      "median": 1.81358604218,
      "user": 51.936132179999994,
      "system": 2.135239873333333,
      "min": 1.81105426218,
      "max": 1.8189488671799998,
      "times": [
        1.81358604218,
        1.81105426218,
        1.8189488671799998
      ],
      "exit_codes": [
        0,
        0,
        0
      ]
    }
  ]
}
