{
  "results": [
    {
      "command": "./bin/NimaAra/aot/1brc ./inputs/measurements.txt",
      "mean": 1.4680144642800002,
      "stddev": 0.010236912841696571,
      "median": 1.4652988982800002,
      "user": 35.108147640000006,
      "system": 1.86647458,
      "min": 1.45940913228,
      "max": 1.47933536228,
      "times": [
        1.45940913228,
        1.47933536228,
        1.4652988982800002
      ],
      "exit_codes": [
        0,
        0,
        0
      ]
    }
  ]
}
