{
  "results": [
    {
      "command": "./bin/NimaAra/aot/1brc ./inputs/measurements.txt",
      "mean": 2.8662097548,
      "stddev": 0.03280135979901312,
      "median": 2.8485954368,
      "user": 51.33164222,
      "system": 1.9686961600000001,
      "min": 2.8459784727999997,
      "max": 2.9040553547999997,
      "times": [
        2.8459784727999997,
        2.9040553547999997,
        2.8485954368
      ],
      "exit_codes": [
        0,
        0,
        0
      ]
    }
  ]
}
