{
  "results": [
    {
      "command": "./bin/NimaAra/aot/1brc ./inputs/measurements.txt",
      "mean": 1.41389166384,
      "stddev": 0.00923270276024191,
      "median": 1.41805821584,
      "user": 58.88506567333332,
      "system": 2.8629086999999998,
      "min": 1.4033099948399999,
      "max": 1.42030678084,
      "times": [
        1.42030678084,
        1.4033099948399999,
        1.41805821584
      ],
      "exit_codes": [
        0,
        0,
        0
      ]
    }
  ]
}
