{
  "results": [
    {
      "command": "./bin/NimaAra/aot/1brc ./inputs/measurements.txt",
      "mean": 1.3204866187066664,
      "stddev": 0.022124420078044146,
      "median": 1.31628421104,
      "user": 67.18586286,
      "system": 5.383406393333332,
      "min": 1.30076478904,
      "max": 1.3444108560399999,
      "times": [
        1.30076478904,
        1.31628421104,
        1.3444108560399999
      ],
      "exit_codes": [
        0,
        0,
        0
      ]
    }
  ]
}
