{
  "results": [
    {
      "command": "./bin/noahfalk/aot/1brc ./inputs/measurements.txt",
      "mean": 1.66018214062,
      "stddev": 0.025186917642209185,
      "median": 1.6506182746199998,
      "user": 16.34959629333333,
      "system": 2.6942949533333334,
      "min": 1.64117793962,
      "max": 1.68875020762,
      "times": [
        1.64117793962,
        1.6506182746199998,
        1.68875020762
      ],
      "exit_codes": [
        0,
        0,
        0
      ]
    }
  ]
}
