{
  "results": [
    {
      "command": "./bin/noahfalk/aot/1brc ./inputs/measurements.txt",
      "mean": 0.9585591401733334,
      "stddev": 0.00856725844319785,
      "median": 0.9630941918400001,
      "user": 16.55284048,
      "system": 3.6124967599999995,
      "min": 0.9486776208400001,
      "max": 0.9639056078400001,
      "times": [
        0.9486776208400001,
        0.9639056078400001,
        0.9630941918400001
      ],
      "exit_codes": [
        0,
        0,
        0
      ]
    }
  ]
}
