{
  "results": [
    {
      "command": "./bin/noahfalk/aot/1brc ./inputs/measurements.txt",
      "mean": 1.3060231106733333,
      "stddev": 0.010719874505401664,
      "median": 1.31150027534,
      "user": 24.323495273333332,
      "system": 3.7475772999999997,
      "min": 1.29367119334,
      "max": 1.31289786334,
      "times": [
        1.31289786334,
        1.31150027534,
        1.29367119334
      ],
      "exit_codes": [
        0,
        0,
        0
      ]
    }
  ]
}
