{
  "results": [
    {
      "command": "./bin/noahfalk/aot/1brc ./inputs/measurements.txt",
      "mean": 1.1347435419933334,
      "stddev": 0.01791403517397431,
      "median": 1.12974820766,
      "user": 40.180706859999994,
      "system": 20.21519902,
      "min": 1.11985737666,
      "max": 1.15462504166,
      "times": [
        1.15462504166,
        1.11985737666,
        1.12974820766
      ],
      "exit_codes": [
        0,
        0,
        0
      ]
    }
  ]
}
