{
  "results": [
    {
      "command": "./bin/noahfalk/aot/1brc ./inputs/measurements.txt",
      "mean": 0.7890779416866667,
      "stddev": 0.01585117692458656,
      "median": 0.79386337402,
      "user": 19.337082199999998,
      "system": 7.775127759999999,
      "min": 0.77138540402,
      "max": 0.80198504702,
      "times": [
        0.80198504702,
        0.77138540402,
        0.79386337402
      ],
      "exit_codes": [
        0,
        0,
        0
      ]
    }
  ]
}
