{
  "results": [
    {
      "command": "./bin/noahfalk/aot/1brc ./inputs/measurements.txt",
      "mean": 2.215825257386667,
      "stddev": 0.027122868799631026,
      "median": 2.22922366972,
      "user": 122.23128954666667,
      "system": 48.43390052,
      "min": 2.18461050672,
      "max": 2.23364159572,
      "times": [
        2.18461050672,
        2.23364159572,
        2.22922366972
      ],
      "exit_codes": [
        0,
        0,
        0
      ]
    }
  ]
}
