{
  "results": [
    {
      "command": "./bin/noahfalk/aot/1brc ./inputs/measurements.txt",
      "mean": 1.1675434073000002,
      "stddev": 0.07933582351203901,
      "median": 1.1440708543000002,
      "user": 30.444742599999998,
      "system": 20.49055369333333,
      "min": 1.1025923163000002,
      "max": 1.2559670513,
      "times": [
        1.1025923163000002,
        1.1440708543000002,
        1.2559670513
      ],
      "exit_codes": [
        0,
        0,
        0
      ]
    }
  ]
}
