{
  "results": [
    {
      "command": "./bin/noahfalk/aot/1brc ./inputs/measurements.txt",
      "mean": 0.91844213354,
      "stddev": 0.012917336728448844,
      "median": 0.91474797754,
      "user": 25.90787527333333,
      "system": 7.144367266666666,
      "min": 0.90777432054,
      "max": 0.93280410254,
      "times": [
        0.93280410254,
        0.91474797754,
        0.90777432054
      ],
      "exit_codes": [
        0,
        0,
        0
      ]
    }
  ]
}
