{
  "results": [
    {
      "command": "./bin/pedrosakuma/aot/1brc ./inputs/measurements.txt",
      "mean": 1.39346083244,
      "stddev": 0.0407426814140988,
      "median": 1.37021337644,
      "user": 0.41336011333333333,
      "system": 1.1073259866666667,
      "min": 1.3696637624399999,
      "max": 1.4405053584399998,
      "times": [
        1.3696637624399999,
        1.37021337644,
        1.4405053584399998
      ],
      "exit_codes": [
        0,
        0,
        0
      ]
    }
  ]
}
