{
  "results": [
    {
      "command": "./bin/pedrosakuma/aot/1brc ./inputs/measurements.txt",
      "mean": 4.44733427012,
      "stddev": 0.08800674577613553,
      "median": 4.409724439120001,
      "user": 40.835640919999996,
      "system": 2.0802379799999997,
      "min": 4.3843815391200005,
      "max": 4.54789683212,
      "times": [
        4.3843815391200005,
        4.54789683212,
        4.409724439120001
      ],
      "exit_codes": [
        0,
        0,
        0
      ]
    }
  ]
}
