{
  "results": [
    {
      "command": "./bin/pedrosakuma/aot/1brc ./inputs/measurements.txt",
      "mean": 2.6927002408800003,
      "stddev": 0.01059240872136857,
      "median": 2.69873995088,
      "user": 42.45935868666667,
      "system": 3.443094393333333,
      "min": 2.68046949288,
      "max": 2.69889127888,
      "times": [
        2.68046949288,
        2.69873995088,
        2.69889127888
      ],
      "exit_codes": [
        0,
        0,
        0
      ]
    }
  ]
}
