{
  "results": [
    {
      "command": "./bin/pedrosakuma/aot/1brc ./inputs/measurements.txt",
      "mean": 1.4062861669533333,
      "stddev": 0.0280997826459261,
      "median": 1.4105696786200002,
      "user": 0.4693133066666666,
      "system": 1.0881645466666667,
      "min": 1.3762905706200002,
      "max": 1.43199825162,
      "times": [
        1.3762905706200002,
        1.4105696786200002,
        1.43199825162
      ],
      "exit_codes": [
        0,
        0,
        0
      ]
    }
  ]
}
