{
  "results": [
    {
      "command": "./bin/pedrosakuma/aot/1brc ./inputs/measurements.txt",
      "mean": 2.9154013838199995,
      "stddev": 0.0072094963114985484,
      "median": 2.91148468882,
      "user": 40.10517118666667,
      "system": 2.4719763733333333,
      "min": 2.91099801282,
      "max": 2.92372144982,
      "times": [
        2.92372144982,
        2.91099801282,
        2.91148468882
      ],
      "exit_codes": [
        0,
        0,
        0
      ]
    }
  ]
}
