{
  "results": [
    {
      "command": "./bin/pedrosakuma/aot/1brc ./inputs/measurements.txt",
      "mean": 2.1174699314533334,
      "stddev": 0.017611487095367664,
      "median": 2.12265058012,
      "user": 0.8800107333333332,
      "system": 1.5106812466666666,
      "min": 2.09784918912,
      "max": 2.1319100251200003,
      "times": [
        2.12265058012,
        2.1319100251200003,
        2.09784918912
      ],
      "exit_codes": [
        0,
        0,
        0
      ]
    }
  ]
}
