{
  "results": [
    {
      "command": "./bin/pedrosakuma/aot/1brc ./inputs/measurements.txt",
      "mean": 2.9510198409999995,
      "stddev": 0.0059217795390950675,
      "median": 2.953522403,
      "user": 61.52017210666667,
      "system": 3.5944853266666663,
      "min": 2.944257629,
      "max": 2.955279491,
      "times": [
        2.953522403,
        2.955279491,
        2.944257629
      ],
      "exit_codes": [
        0,
        0,
        0
      ]
    }
  ]
}
