{
  "results": [
    {
      "command": "./bin/pedrosakuma/aot/1brc ./inputs/measurements.txt",
      "mean": 4.005987471113333,
      "stddev": 0.3177370013444833,
      "median": 3.90879138378,
      "user": 58.85695736666667,
      "system": 2.94341362,
      "min": 3.74820096478,
      "max": 4.36097006478,
      "times": [
        4.36097006478,
        3.90879138378,
        3.74820096478
      ],
      "exit_codes": [
        0,
        0,
        0
      ]
    }
  ]
}
