{
  "results": [
    {
      "command": "./calculate_average_royvanrijn.sh",
      "mean": 1.6211529582666666,
      "stddev": 1.058297104118143,
      "median": 1.0745502326,
      "user": 26.86575575333333,
      "system": 2.5344656933333334,
      "min": 0.9479281166000001,
      "max": 2.8409805256,
      "times": [
        1.0745502326,
        0.9479281166000001,
        2.8409805256
      ],
      "exit_codes": [
        0,
        0,
        0
      ]
    }
  ]
}
