{
  "results": [
    {
      "command": "./calculate_average_royvanrijn.sh",
      "mean": 1.7052307679866667,
      "stddev": 0.30186687150757247,
      "median": 1.76301531232,
      "user": 15.23208156,
      "system": 1.5463509666666664,
      "min": 1.37864852632,
      "max": 1.9740284653200002,
      "times": [
        1.9740284653200002,
        1.37864852632,
        1.76301531232
      ],
      "exit_codes": [
        0,
        0,
        0
      ]
    }
  ]
}
