{
  "results": [
    {
      "command": "./calculate_average_stephenvonworley.sh",
      "mean": 0.6873840856266668,
      "stddev": 0.002140297790395619,
      "median": 0.68754054396,
      "user": 0.005101779999999999,
      "system": 0.001835613333333333,
      "min": 0.68516985196,
      "max": 0.68944186096,
      "times": [
        0.68754054396,
        0.68944186096,
        0.68516985196
      ],
      "exit_codes": [
        0,
        0,
        0
      ]
    }
  ]
}
