{
  "results": [
    {
      "command": "./calculate_average_stephenvonworley.sh",
      "mean": 0.8429756141933332,
      "stddev": 0.0019471830947564532,
      "median": 0.8422928428600001,
      "user": 0.004624286666666666,
      "system": 0.00242144,
      "min": 0.84146176686,
      "max": 0.84517223286,
      "times": [
        0.8422928428600001,
        0.84146176686,
        0.84517223286
      ],
      "exit_codes": [
        0,
        0,
        0
      ]
    }
  ]
}
