{
  "results": [
    {
      "command": "./calculate_average_stephenvonworley.sh",
      "mean": 1.3042724199933333,
      "stddev": 0.03316143475731165,
      "median": 1.28602648766,
      "user": 0.0025666466666666664,
      "system": 0.004210806666666666,
      "min": 1.2842407086599998,
      "max": 1.3425500636599998,
      "times": [
        1.3425500636599998,
        1.28602648766,
        1.2842407086599998
      ],
      "exit_codes": [
        0,
        0,
        0
      ]
    }
  ]
}
