{
  "results": [
    {
      "command": "./calculate_average_stephenvonworley.sh",
      "mean": 0.8716187192266668,
      "stddev": 0.0036390743453098492,
      "median": 0.8711950055600001,
      "user": 0.0020682666666666668,
      "system": 0.005592926666666665,
      "min": 0.86821004956,
      "max": 0.87545110256,
      "times": [
        0.86821004956,
        0.87545110256,
        0.8711950055600001
      ],
      "exit_codes": [
        0,
        0,
        0
      ]
    }
  ]
}
