{
  "results": [
    {
      "command": "./calculate_average_stephenvonworley.sh",
      "mean": 1.2533166218933334,
      "stddev": 0.009769894304067097,
      "median": 1.25222261156,
      "user": 0.0019972933333333334,
      "system": 0.0051328933333333335,
      "min": 1.2441397805599999,
      "max": 1.26358747356,
      "times": [
        1.25222261156,
        1.2441397805599999,
        1.26358747356
      ],
      "exit_codes": [
        0,
        0,
        0
      ]
    }
  ]
}
