{
  "results": [
    {
      "command": "./calculate_average_stephenvonworley.sh",
      "mean": 1.59271619736,
      "stddev": 0.12738624132060458,
      "median": 1.54893439936,
      "user": 0.0009062266666666666,
      "system": 0.005771866666666667,
      "min": 1.49299451436,
      "max": 1.73621967836,
      "times": [
        1.54893439936,
        1.73621967836,
        1.49299451436
      ],
      "exit_codes": [
        0,
        0,
        0
      ]
    }
  ]
}
