{
  "results": [
    {
      "command": "./calculate_average_stephenvonworley.sh",
      "mean": 0.77412042318,
      "stddev": 0.008199204836688307,
      "median": 0.77313078418,
      "user": 0.0027980600000000002,
      "system": 0.004595213333333333,
      "min": 0.76646095418,
      "max": 0.78276953118,
      "times": [
        0.78276953118,
        0.77313078418,
        0.76646095418
      ],
      "exit_codes": [
        0,
        0,
        0
      ]
    }
  ]
}
