{
  "results": [
    {
      "command": "./calculate_average_stephenvonworley.sh",
      "mean": 0.8234254885933333,
      "stddev": 0.002151524778705661,
      "median": 0.8221891502600001,
      "user": 0.0037854133333333332,
      "system": 0.0034657333333333335,
      "min": 0.82217746926,
      "max": 0.8259098462600001,
      "times": [
        0.8221891502600001,
        0.82217746926,
        0.8259098462600001
      ],
      "exit_codes": [
        0,
        0,
        0
      ]
    }
  ]
}
