{
  "results": [
    {
      "command": "./calculate_average_thomaswue.sh",
      "mean": 0.9102637913066668,
      "stddev": 0.007783534379560506,
      "median": 0.9081106416400001,
      "user": 0.0036194199999999995,
      "system": 0.003809726666666667,
      "min": 0.9037834906400001,
      "max": 0.9188972416400001,
      "times": [
        0.9037834906400001,
        0.9081106416400001,
        0.9188972416400001
      ],
      "exit_codes": [
        0,
        0,
        0
      ]
    }
  ]
}
