{
  "results": [
    {
      "command": "./calculate_average_thomaswue.sh",
      "mean": 1.2332812913266666,
      "stddev": 0.007202458495417874,
      "median": 1.23042834266,
      "user": 0.0032695666666666665,
      "system": 0.003703,
      "min": 1.22794234466,
      "max": 1.24147318666,
      "times": [
        1.23042834266,
        1.24147318666,
        1.22794234466
      ],
      "exit_codes": [
        0,
        0,
        0
      ]
    }
  ]
}
