{
  "results": [
    {
      "command": "./calculate_average_thomaswue.sh",
      "mean": 2.3372279710800004,
      "stddev": 0.05401818559349431,
      "median": 2.3614106510800004,
      "user": 0.0026165000000000003,
      "system": 0.004690913333333334,
      "min": 2.2753434300800004,
      "max": 2.3749298320800003,
      "times": [
        2.3749298320800003,
        2.2753434300800004,
        2.3614106510800004
      ],
      "exit_codes": [
        0,
        0,
        0
      ]
    }
  ]
}
