{
  "results": [
    {
      "command": "./calculate_average_thomaswue.sh",
      "mean": 1.0707893829866666,
      "stddev": 0.02033935175092876,
      "median": 1.08018788332,
      "user": 0.004000686666666666,
      "system": 0.0033719333333333333,
      "min": 1.04745038032,
      "max": 1.08472988532,
      "times": [
        1.04745038032,
        1.08018788332,
        1.08472988532
      ],
      "exit_codes": [
        0,
        0,
        0
      ]
    }
  ]
}
