{
  "results": [
    {
      "command": "./calculate_average_thomaswue.sh",
      "mean": 0.6981029541133333,
      "stddev": 0.003556200242161069,
      "median": 0.69708827178,
      "user": 0.0020230533333333335,
      "system": 0.005577046666666666,
      "min": 0.6951643737800001,
      "max": 0.7020562167800001,
      "times": [
        0.69708827178,
        0.7020562167800001,
        0.6951643737800001
      ],
      "exit_codes": [
        0,
        0,
        0
      ]
    }
  ]
}
