{
  "results": [
    {
      "command": "./calculate_average_thomaswue.sh",
      "mean": 0.7682886010933333,
      "stddev": 0.008273753385546543,
      "median": 0.76495212776,
      "user": 0.00269106,
      "system": 0.0045827533333333325,
      "min": 0.76220403476,
      "max": 0.77770964076,
      "times": [
        0.76220403476,
        0.76495212776,
        0.77770964076
      ],
      "exit_codes": [
        0,
        0,
        0
      ]
    }
  ]
}
