{
  "results": [
    {
      "command": "./calculate_average_thomaswue.sh",
      "mean": 1.1882181625533335,
      "stddev": 0.0035214793664351414,
      "median": 1.1867689252200002,
      "user": 0.0018466399999999999,
      "system": 0.004990686666666667,
      "min": 1.1856525532200002,
      "max": 1.19223300922,
      "times": [
        1.1867689252200002,
        1.1856525532200002,
        1.19223300922
      ],
      "exit_codes": [
        0,
        0,
        0
      ]
    }
  ]
}
