{
  "results": [
    {
      "command": "./calculate_average_thomaswue.sh",
      "mean": 2.021838548393333,
      "stddev": 0.012359108825247066,
      "median": 2.01611657006,
      "user": 0.004166873333333334,
      "system": 0.0025164799999999998,
      "min": 2.01337735606,
      "max": 2.0360217190600003,
      "times": [
        2.0360217190600003,
        2.01611657006,
        2.01337735606
      ],
      "exit_codes": [
        0,
        0,
        0
      ]
    }
  ]
}
