{
  "results": [
    {
      "command": "./bin/xoofx/aot/1brc ./inputs/measurements.txt",
      "mean": 0.9716303383266668,
      "stddev": 0.0016647625454077177,
      "median": 0.9712953896600001,
      "user": 37.98306978666667,
      "system": 2.9739555133333333,
      "min": 0.9701585166600001,
      "max": 0.9734371086600001,
      "times": [
        0.9701585166600001,
        0.9712953896600001,
        0.9734371086600001
      ],
      "exit_codes": [
        0,
        0,
        0
      ]
    }
  ]
}
