{
  "results": [
    {
      "command": "./bin/xoofx/aot/1brc ./inputs/measurements.txt",
      "mean": 2.3555326050333334,
      "stddev": 0.05139050539839476,
      "median": 2.3764414727000003,
      "user": 25.173350753333334,
      "system": 2.2081692,
      "min": 2.2969834887,
      "max": 2.3931728537,
      "times": [
        2.2969834887,
        2.3931728537,
        2.3764414727000003
      ],
      "exit_codes": [
        0,
        0,
        0
      ]
    }
  ]
}
