{
  "results": [
    {
      "command": "./bin/xoofx/aot/1brc ./inputs/measurements.txt",
      "mean": 0.7143434862533334,
      "stddev": 0.007447671348546078,
      "median": 0.71040678792,
      "user": 25.861039506666668,
      "system": 2.54349526,
      "min": 0.7096903089200001,
      "max": 0.72293336192,
      "times": [
        0.71040678792,
        0.7096903089200001,
        0.72293336192
      ],
      "exit_codes": [
        0,
        0,
        0
      ]
    }
  ]
}
