{
  "results": [
    {
      "command": "./bin/xoofx/aot/1brc ./inputs/measurements.txt",
      "mean": 0.7288023736200001,
      "stddev": 0.01865550100322472,
      "median": 0.7379505636200001,
      "user": 40.41163644666667,
      "system": 3.186524966666667,
      "min": 0.7073386166200001,
      "max": 0.74111794062,
      "times": [
        0.7073386166200001,
        0.74111794062,
        0.7379505636200001
      ],
      "exit_codes": [
        0,
        0,
        0
      ]
    }
  ]
}
