{
  "results": [
    {
      "command": "./bin/xoofx/aot/1brc ./inputs/measurements.txt",
      "mean": 1.20721518972,
      "stddev": 0.0009375559046355703,
      "median": 1.2076307217200002,
      "user": 25.011263406666668,
      "system": 2.28100214,
      "min": 1.20614168072,
      "max": 1.20787316672,
      "times": [
        1.20787316672,
        1.2076307217200002,
        1.20614168072
      ],
      "exit_codes": [
        0,
        0,
        0
      ]
    }
  ]
}
