{
  "results": [
    {
      "command": "./bin/xoofx/aot/1brc ./inputs/measurements.txt",
      "mean": 1.783605222,
      "stddev": 0.03523859210029228,
      "median": 1.763359812,
      "user": 38.52792339333333,
      "system": 2.535543626666666,
      "min": 1.763160773,
      "max": 1.8242950809999998,
      "times": [
        1.8242950809999998,
        1.763359812,
        1.763160773
      ],
      "exit_codes": [
        0,
        0,
        0
      ]
    }
  ]
}
