{
  "results": [
    {
      "command": "./bin/xoofx/aot/1brc ./inputs/measurements.txt",
      "mean": 0.7032517657666668,
      "stddev": 0.01873473009216955,
      "median": 0.7030999911000001,
      "user": 35.923122326666665,
      "system": 3.3958234199999997,
      "min": 0.6845933841,
      "max": 0.7220619221000001,
      "times": [
        0.6845933841,
        0.7220619221000001,
        0.7030999911000001
      ],
      "exit_codes": [
        0,
        0,
        0
      ]
    }
  ]
}
