{
  "results": [
    {
      "command": "./bin/xoofx/aot/1brc ./inputs/measurements.txt",
      "mean": 0.6429127972466667,
      "stddev": 0.056759733901726304,
      "median": 0.65286156558,
      "user": 26.750915013333337,
      "system": 2.685491433333333,
      "min": 0.5818364175799999,
      "max": 0.69404040858,
      "times": [
        0.69404040858,
        0.5818364175799999,
        0.65286156558
      ],
      "exit_codes": [
        0,
        0,
        0
      ]
    }
  ]
}
