{
  "results": [
    {
      "command": "./calculate_average_abeobk.sh",
      "mean": 1.20733026168,
      "stddev": 0.006270344482879947,
      "median": 1.2103030236799999,
      "user": 0.0007695200000000001,
      "system": 0.003732526666666666,
      "min": 1.20012643068,
      "max": 1.21156133068,
      "times": [
        1.2103030236799999,
        1.20012643068,
        1.21156133068
      ],
      "exit_codes": [
        0,
        0,
        0
      ]
    }
  ]
}
