{
  "results": [
    {
      "command": "./calculate_average_abeobk.sh",
      "mean": 1.20914586734,
      "stddev": 0.006956424327508431,
      "median": 1.2119065333399999,
      "user": 0.0014047799999999996,
      "system": 0.00314844,
      "min": 1.2012328563399999,
      "max": 1.21429821234,
      "times": [
        1.2119065333399999,
        1.2012328563399999,
        1.21429821234
      ],
      "exit_codes": [
        0,
        0,
        0
      ]
    }
  ]
}
