{
  "results": [
    {
      "command": "./calculate_average_abeobk.sh",
      "mean": 2.448768574846667,
      "stddev": 0.009000064548158581,
      "median": 2.44473719618,
      "user": 0.0014127133333333333,
      "system": 0.0030986399999999997,
      "min": 2.44248895518,
      "max": 2.45907957318,
      "times": [
        2.45907957318,
        2.44473719618,
        2.44248895518
      ],
      "exit_codes": [
        0,
        0,
        0
      ]
    }
  ]
}
