{
  "results": [
    {
      "command": "./calculate_average_artsiomkorzun.sh",
      "mean": 1.4271056709600003,
      "stddev": 0.0030685398739888113,
      "median": 1.42646576896,
      "user": 0.002074593333333333,
      "system": 0.0024749466666666663,
      "min": 1.42440753796,
      "max": 1.4304437059600001,
      "times": [
        1.42440753796,
        1.4304437059600001,
        1.42646576896
      ],
      "exit_codes": [
        0,
        0,
        0
      ]
    }
  ]
}
