{
  "results": [
    {
      "command": "./calculate_average_artsiomkorzun.sh",
      "mean": 0.89762347588,
      "stddev": 0.004502125125180269,
      "median": 0.89610142888,
      "user": 0.0016209733333333333,
      "system": 0.002968786666666667,
      "min": 0.89407965788,
      "max": 0.9026893408800001,
      "times": [
        0.9026893408800001,
        0.89407965788,
        0.89610142888
      ],
      "exit_codes": [
        0,
        0,
        0
      ]
    }
  ]
}
