{
  "results": [
    {
      "command": "./calculate_average_artsiomkorzun.sh",
      "mean": 0.9031572680933334,
      "stddev": 0.005059072350830961,
      "median": 0.90439417976,
      "user": 0.00139712,
      "system": 0.0031292866666666665,
      "min": 0.89759444676,
      "max": 0.90748317776,
      "times": [
        0.89759444676,
        0.90439417976,
        0.90748317776
      ],
      "exit_codes": [
        0,
        0,
        0
      ]
    }
  ]
}
