{
  "results": [
    {
      "command": "./bin/buybackoff/aot/1brc ./inputs/measurements.txt",
      "mean": 1.1263544936733334,
      "stddev": 0.005233936188981724,
      "median": 1.12403083534,
      "user": 0.00895762,
      "system": 0.015055133333333331,
      "min": 1.12268470334,
      "max": 1.13234794234,
      "times": [
        1.13234794234,
        1.12268470334,
        1.12403083534
      ],
      "exit_codes": [
        0,
        0,
        0
      ]
    }
  ]
}
