{
  "results": [
    {
      "command": "./bin/buybackoff/aot/1brc ./inputs/measurements.txt",
      "mean": 2.1810925827,
      "stddev": 0.00995254494722581,
      "median": 2.1860639397,
      "user": 0.013723379999999999,
      "system": 0.006804746666666666,
      "min": 2.1696337576999998,
      "max": 2.1875800507,
      "times": [
        2.1696337576999998,
        2.1875800507,
        2.1860639397
      ],
      "exit_codes": [
        0,
        0,
        0
      ]
    }
  ]
}
