{
  "results": [
    {
      "command": "./bin/buybackoff/aot/1brc ./inputs/measurements.txt",
      "mean": 1.12758795602,
      "stddev": 0.0057368475671483645,
      "median": 1.1295584530199998,
      "user": 0.018287386666666666,
      "system": 0.00567724,
      "min": 1.12112554802,
      "max": 1.1320798670199999,
      "times": [
        1.1295584530199998,
        1.1320798670199999,
        1.12112554802
      ],
      "exit_codes": [
        0,
        0,
        0
      ]
    }
  ]
}
