{
  "results": [
    {
      "command": "./bin/CameronAavik/aot/1brc ./inputs/measurements.txt",
      "mean": 1.79708072322,
      "stddev": 0.0026894262601002816,
      "median": 1.79556513222,
      "user": 45.753210293333325,
      "system": 1.3505196,
      "min": 1.7954911262200002,
      "max": 1.80018591122,
      "times": [
        1.79556513222,
        1.80018591122,
        1.7954911262200002
      ],
      "exit_codes": [
        0,
        0,
        0
      ]
    }
  ]
}
