{
  "results": [
    {
      "command": "./bin/CameronAavik/aot/1brc ./inputs/measurements.txt",
      "mean": 1.7924525606,
      "stddev": 0.004940140283409056,
      "median": 1.7897640566,
      "user": 45.736804353333326,
      "system": 1.3418478399999998,
      "min": 1.7894397556,
      "max": 1.7981538696,
      "times": [
        1.7894397556,
        1.7981538696,
        1.7897640566
      ],
      "exit_codes": [
        0,
        0,
        0
      ]
    }
  ]
}
