{
  "results": [
    {
      "command": "./bin/CameronAavik/aot/1brc ./inputs/measurements.txt",
      "mean": 2.893907152366667,
      "stddev": 0.0078034634345483375,
      "median": 2.8962701477,
      "user": 40.63272240666666,
      "system": 1.2523848733333331,
      "min": 2.8851953007,
      "max": 2.9002560087,
      "times": [
        2.8851953007,
        2.8962701477,
        2.9002560087
      ],
      "exit_codes": [
        0,
        0,
        0
      ]
    }
  ]
}
