{
  "results": [
    {
      "command": "./calculate_average_jerrinot.sh",
      "mean": 1.1258219784266668,
      "stddev": 0.00537894269559649,
      "median": 1.12410762376,
      "user": 0.0025132866666666663,
      "system": 0.0027570000000000003,
      "min": 1.12150916876,
      "max": 1.1318491427600001,
      "times": [
        1.1318491427600001,
        1.12410762376,
        1.12150916876
      ],
      "exit_codes": [
        0,
        0,
        0
      ]
    }
  ]
}
