{
  "results": [
    {
      "command": "./calculate_average_jerrinot.sh",
      "mean": 1.11954325312,
      "stddev": 0.0031435526614410425,
      "median": 1.1179972841199999,
      "user": 0.0036059466666666664,
      "system": 0.0017168133333333331,
      "min": 1.1174720491199999,
      "max": 1.1231604261199999,
      "times": [
        1.1231604261199999,
        1.1174720491199999,
        1.1179972841199999
      ],
      "exit_codes": [
        0,
        0,
        0
      ]
    }
  ]
}
