{
  "results": [
    {
      "command": "./calculate_average_jerrinot.sh",
      "mean": 1.8592980462000002,
      "stddev": 0.0035437087774454106,
      "median": 1.8581625942000002,
      "user": 0.002907866666666667,
      "system": 0.00221986,
      "min": 1.8564612262000002,
      "max": 1.8632703182,
      "times": [
        1.8632703182,
        1.8564612262000002,
        1.8581625942000002
      ],
      "exit_codes": [
        0,
        0,
        0
      ]
    }
  ]
}
