{
  "results": [
    {
      "command": "./bin/kpocza/aot/1brc ./inputs/measurements.txt",
      "mean": 2.5489263714333332,
      "stddev": 0.03856409741212603,
      "median": 2.5399568471,
      "user": 34.63575826666666,
      "system": 0.9550353466666666,
      "min": 2.5156374611,
      "max": 2.5911848061,
      "times": [
        2.5156374611,
        2.5911848061,
        2.5399568471
      ],
      "exit_codes": [
        0,
        0,
        0
      ]
    }
  ]
}
