{
  "results": [
    {
      "command": "./bin/kpocza/aot/1brc ./inputs/measurements.txt",
      "mean": 1.4597269403133335,
      "stddev": 0.005084331741002218,
      "median": 1.46246561898,
      "user": 34.59095781333333,
      "system": 1.03756844,
      "min": 1.45386036198,
      "max": 1.4628548399799999,
      "times": [
        1.46246561898,
        1.45386036198,
        1.4628548399799999
      ],
      "exit_codes": [
        0,
        0,
        0
      ]
    }
  ]
}
