{
  "results": [
    {
      "command": "./bin/kpocza/aot/1brc ./inputs/measurements.txt",
      "mean": 1.4356348384000002,
      "stddev": 0.01540247654039982,
      "median": 1.4405422454,
      "user": 34.566387299999995,
      "system": 1.01703722,
      "min": 1.4183765984,
      "max": 1.4479856714,
      "times": [
        1.4405422454,
        1.4479856714,
        1.4183765984
      ],
      "exit_codes": [
        0,
        0,
        0
      ]
    }
  ]
}
