{
  "results": [
    {
      "command": "./bin/mtopolnik-rs/aot/1brc ./inputs/measurements.txt",
      "mean": 1.3621341926666666,
      "stddev": 0.0032336511323846433,
      "median": 1.361283313,
      "user": 33.06398002666666,
      "system": 1.1818475599999998,
      "min": 1.3594110609999999,
      "max": 1.365708204,
      "times": [
        1.3594110609999999,
        1.361283313,
        1.365708204
      ],
      "exit_codes": [
        0,
        0,
        0
      ]
    }
  ]
}
