{
  "results": [
    {
      "command": "./calculate_average_mtopolnik.sh",
      "mean": 1.4932875159599999,
      "stddev": 0.06345097008898617,
      "median": 1.46531415596,
      "user": 0.018031513333333332,
      "system": 0.042780900000000004,
      "min": 1.44862998096,
      "max": 1.56591841096,
      "times": [
        1.56591841096,
        1.44862998096,
        1.46531415596
      ],
      "exit_codes": [
        0,
        0,
        0
      ]
    }
  ]
}
