{
  "results": [
    {
      "command": "./calculate_average_mtopolnik.sh",
      "mean": 1.1797942691666667,
      "stddev": 0.03660658769612255,
      "median": 1.1592262355,
      "user": 0.02473191333333333,
      "system": 0.03592736666666666,
      "min": 1.1580976785,
      "max": 1.2220588935,
      "times": [
        1.1580976785,
        1.2220588935,
        1.1592262355
      ],
      "exit_codes": [
        0,
        0,
        0
      ]
    }
  ]
}
