{
  "results": [
    {
      "command": "./calculate_average_mtopolnik.sh",
      "mean": 1.1861970553799999,
      "stddev": 0.023163162997951677,
      "median": 1.17792274938,
      "user": 0.02242893333333333,
      "system": 0.03930416666666667,
      "min": 1.1683073153799999,
      "max": 1.21236110138,
      "times": [
        1.21236110138,
        1.17792274938,
        1.1683073153799999
      ],
      "exit_codes": [
        0,
        0,
        0
      ]
    }
  ]
}
