{
  "results": [
    {
      "command": "./bin/mtopolnik-rs/aot/1brc ./inputs/measurements.txt",
      "mean": 2.17939588386,
      "stddev": 0.004613834025980972,
      "median": 2.17982981286,
      "user": 29.12003566,
      "system": 0.9286397466666667,
      "min": 2.1745804148600003,
      "max": 2.18377742386,
      "times": [
        2.1745804148600003,
        2.18377742386,
        2.17982981286
      ],
      "exit_codes": [
        0,
        0,
        0
      ]
    }
  ]
}
