{
  "results": [
    {
      "command": "./bin/mtopolnik-rs/aot/1brc ./inputs/measurements.txt",
      "mean": 1.3624004063266666,
      "stddev": 0.0036426115244341116,
      "median": 1.3623357026599998,
      "user": 33.17133204,
      "system": 1.14984204,
      "min": 1.35879057766,
      "max": 1.36607493866,
      "times": [
        1.35879057766,
        1.3623357026599998,
        1.36607493866
      ],
      "exit_codes": [
        0,
        0,
        0
      ]
    }
  ]
}
