{
  "results": [
    {
      "command": "./bin/nietras/aot/1brc ./inputs/measurements.txt",
      "mean": 2.386106642193333,
      "stddev": 0.019691888523624322,
      "median": 2.3928818118599997,
      "user": 32.46973161333333,
      "system": 0.9172247933333333,
      "min": 2.3639216298599997,
      "max": 2.4015164848599997,
      "times": [
        2.4015164848599997,
        2.3928818118599997,
        2.3639216298599997
      ],
      "exit_codes": [
        0,
        0,
        0
      ]
    }
  ]
}
