{
  "results": [
    {
      "command": "./bin/nietras/aot/1brc ./inputs/measurements.txt",
      "mean": 1.3493442171466665,
      "stddev": 0.017979250750147103,
      "median": 1.33984078748,
      "user": 32.68406994666666,
      "system": 0.8522283133333334,
      "min": 1.33811103048,
      "max": 1.37008083348,
      "times": [
        1.37008083348,
        1.33984078748,
        1.33811103048
      ],
      "exit_codes": [
        0,
        0,
        0
      ]
    }
  ]
}
