{
  "results": [
    {
      "command": "./bin/nietras/aot/1brc ./inputs/measurements.txt",
      "mean": 1.3604019407666668,
      "stddev": 0.014955125574040513,
      "median": 1.3628403531,
      "user": 32.73907486000001,
      "system": 0.8869740066666667,
      "min": 1.3443774521,
      "max": 1.3739880171,
      "times": [
        1.3443774521,
        1.3628403531,
        1.3739880171
      ],
      "exit_codes": [
        0,
        0,
        0
      ]
    }
  ]
}
