{
  "results": [
    {
      "command": "./bin/NimaAra/aot/1brc ./inputs/measurements.txt",
      "mean": 1.6560617435199998,
      "stddev": 0.0053345508062754045,
      "median": 1.65563825952,
      "user": 44.51589938666666,
      "system": 0.9230793933333331,
      "min": 1.65095155652,
      "max": 1.66159541452,
      "times": [
        1.66159541452,
        1.65095155652,
        1.65563825952
      ],
      "exit_codes": [
        0,
        0,
        0
      ]
    }
  ]
}
