{
  "results": [
    {
      "command": "./bin/NimaAra/aot/1brc ./inputs/measurements.txt",
      "mean": 3.027458976706667,
      "stddev": 0.003795857785319598,
      "median": 3.0277221070399998,
      "user": 43.97694388666667,
      "system": 0.9454853133333333,
      "min": 3.02353840004,
      "max": 3.03111642304,
      "times": [
        3.0277221070399998,
        3.02353840004,
        3.03111642304
      ],
      "exit_codes": [
        0,
        0,
        0
      ]
    }
  ]
}
