{
  "results": [
    {
      "command": "./bin/NimaAra/aot/1brc ./inputs/measurements.txt",
      "mean": 1.6606686201266667,
      "stddev": 0.004088583561724085,
      "median": 1.65897887146,
      "user": 44.456278059999995,
      "system": 0.9611617666666666,
      "min": 1.65769576246,
      "max": 1.66533122646,
      "times": [
        1.65769576246,
        1.65897887146,
        1.66533122646
      ],
      "exit_codes": [
        0,
        0,
        0
      ]
    }
  ]
}
