{
  "results": [
    {
      "command": "./bin/pedrosakuma/aot/1brc ./inputs/measurements.txt",
      "mean": 2.1343162302866663,
      "stddev": 0.00604686477399152,
      "median": 2.1343266816199997,
      "user": 47.272143113333335,
      "system": 1.4458792333333335,
      "min": 2.12826414662,
      "max": 2.1403578626199997,
      "times": [
        2.1403578626199997,
        2.1343266816199997,
        2.12826414662
      ],
      "exit_codes": [
        0,
        0,
        0
      ]
    }
  ]
}
