{
  "results": [
    {
      "command": "./bin/pedrosakuma/aot/1brc ./inputs/measurements.txt",
      "mean": 3.409517654726667,
      "stddev": 0.009053154649638736,
      "median": 3.41196744906,
      "user": 46.602314113333335,
      "system": 1.2528732,
      "min": 3.3994917070599997,
      "max": 3.4170938080599997,
      "times": [
        3.41196744906,
        3.3994917070599997,
        3.4170938080599997
      ],
      "exit_codes": [
        0,
        0,
        0
      ]
    }
  ]
}
