{
  "results": [
    {
      "command": "./bin/pedrosakuma/aot/1brc ./inputs/measurements.txt",
      "mean": 2.14032833458,
      "stddev": 0.0039039123220262983,
      "median": 2.13843417958,
      "user": 47.244786940000004,
      "system": 1.4967394399999998,
      "min": 2.13773286158,
      "max": 2.14481796258,
      "times": [
        2.13773286158,
        2.14481796258,
        2.13843417958
      ],
      "exit_codes": [
        0,
        0,
        0
      ]
    }
  ]
}
