{
  "results": [
    {
      "command": "./calculate_average_royvanrijn.sh",
      "mean": 1.0082811413533332,
      "stddev": 0.0165209276175364,
      "median": 1.01016085402,
      "user": 0.0007777733333333334,
      "system": 0.0035784533333333337,
      "min": 0.9909007540200001,
      "max": 1.0237818160199998,
      "times": [
        0.9909007540200001,
        1.0237818160199998,
        1.01016085402
      ],
      "exit_codes": [
        0,
        0,
        0
      ]
    }
  ]
}
