{
  "results": [
    {
      "command": "./calculate_average_royvanrijn.sh",
      "mean": 1.90708836416,
      "stddev": 0.008047326618258351,
      "median": 1.90988319816,
      "user": 0.004243126666666666,
      "system": 0.00017448,
      "min": 1.8980162391600002,
      "max": 1.91336565516,
      "times": [
        1.90988319816,
        1.91336565516,
        1.8980162391600002
      ],
      "exit_codes": [
        0,
        0,
        0
      ]
    }
  ]
}
