{
  "results": [
    {
      "command": "./calculate_average_royvanrijn.sh",
      "mean": 0.9987153874333333,
      "stddev": 0.01658827308250961,
      "median": 1.0048102921,
      "user": 0.0007783800000000001,
      "system": 0.0036173999999999998,
      "min": 0.9799418451000002,
      "max": 1.0113940251,
      "times": [
        0.9799418451000002,
        1.0113940251,
        1.0048102921
      ],
      "exit_codes": [
        0,
        0,
        0
      ]
    }
  ]
}
