{
  "results": [
    {
      "command": "./calculate_average_stephenvonworley.sh",
      "mean": 1.0241027081866667,
      "stddev": 0.005217136221691821,
      "median": 1.02426711552,
      "user": 0.001875126666666667,
      "system": 0.0027018466666666667,
      "min": 1.0188053115200002,
      "max": 1.02923569752,
      "times": [
        1.02923569752,
        1.02426711552,
        1.0188053115200002
      ],
      "exit_codes": [
        0,
        0,
        0
      ]
    }
  ]
}
