{
  "results": [
    {
      "command": "./calculate_average_stephenvonworley.sh",
      "mean": 1.4440231200266667,
      "stddev": 0.0068762131060351225,
      "median": 1.44076799836,
      "user": 0.0013354999999999999,
      "system": 0.00316688,
      "min": 1.4393788833599999,
      "max": 1.45192247836,
      "times": [
        1.4393788833599999,
        1.44076799836,
        1.45192247836
      ],
      "exit_codes": [
        0,
        0,
        0
      ]
    }
  ]
}
