{
  "results": [
    {
      "command": "./calculate_average_stephenvonworley.sh",
      "mean": 1.02808371652,
      "stddev": 0.00873976808141031,
      "median": 1.0244717395199998,
      "user": 0.0033166,
      "system": 0.0012424933333333333,
      "min": 1.02172889852,
      "max": 1.0380505115199998,
      "times": [
        1.0380505115199998,
        1.0244717395199998,
        1.02172889852
      ],
      "exit_codes": [
        0,
        0,
        0
      ]
    }
  ]
}
