{
  "results": [
    {
      "command": "./calculate_average_thomaswue.sh",
      "mean": 2.1773443927000002,
      "stddev": 0.004523247370077947,
      "median": 2.1747785197000002,
      "user": 0.0018838733333333333,
      "system": 0.0027333400000000003,
      "min": 2.1746875337000002,
      "max": 2.1825671247000002,
      "times": [
        2.1747785197000002,
        2.1825671247000002,
        2.1746875337000002
      ],
      "exit_codes": [
        0,
        0,
        0
      ]
    }
  ]
}
