{
  "results": [
    {
      "command": "./calculate_average_thomaswue.sh",
      "mean": 1.18946497612,
      "stddev": 0.005807159706325859,
      "median": 1.18958672112,
      "user": 0.0029862066666666662,
      "system": 0.0017483866666666667,
      "min": 1.18359790112,
      "max": 1.19521030612,
      "times": [
        1.18958672112,
        1.19521030612,
        1.18359790112
      ],
      "exit_codes": [
        0,
        0,
        0
      ]
    }
  ]
}
