{
  "results": [
    {
      "command": "./calculate_average_thomaswue.sh",
      "mean": 1.1869561396533335,
      "stddev": 0.0027118845676026007,
      "median": 1.1877866003200002,
      "user": 0.00338408,
      "system": 0.0011818,
      "min": 1.1839261303200002,
      "max": 1.18915568832,
      "times": [
        1.1839261303200002,
        1.1877866003200002,
        1.18915568832
      ],
      "exit_codes": [
        0,
        0,
        0
      ]
    }
  ]
}
