{
  "results": [
    {
      "command": "./bin/xoofx/aot/1brc ./inputs/measurements.txt",
      "mean": 1.37364143556,
      "stddev": 0.005200407935530204,
      "median": 1.37090608056,
      "user": 39.29584238666666,
      "system": 1.78667234,
      "min": 1.37037957556,
      "max": 1.37963865056,
      "times": [
        1.37037957556,
        1.37963865056,
        1.37090608056
      ],
      "exit_codes": [
        0,
        0,
        0
      ]
    }
  ]
}
