{
  "results": [
    {
      "command": "./bin/xoofx/aot/1brc ./inputs/measurements.txt",
      "mean": 1.379173245326667,
      "stddev": 0.009247129660523611,
      "median": 1.3789448236600002,
      "user": 39.21054318666666,
      "system": 1.8670391066666665,
      "min": 1.37004244266,
      "max": 1.38853246966,
      "times": [
        1.38853246966,
        1.37004244266,
        1.3789448236600002
      ],
      "exit_codes": [
        0,
        0,
        0
      ]
    }
  ]
}
