{
  "results": [
    {
      "command": "./bin/xoofx/aot/1brc ./inputs/measurements.txt",
      "mean": 2.6187937355666664,
      "stddev": 0.0032058689202086764,
      "median": 2.6203912159,
      "user": 38.87215367333333,
      "system": 1.7877160266666665,
      "min": 2.6151029999,
      "max": 2.6208869909,
      "times": [
        2.6151029999,
        2.6203912159,
        2.6208869909
      ],
      "exit_codes": [
        0,
        0,
        0
      ]
    }
  ]
}
