{
  "results": [
    {
      "command": "./calculate_average_abeobk.sh",
      "mean": 0.8696721591,
      "stddev": 0.0009666902102081726,
      "median": 0.8696647977,
      "user": 0.0022114399999999994,
      "system": 0.0020168,
      "min": 0.8685979567,
      "max": 0.8707809287,
      "times": [
        0.8704814337,
        0.8696647977,
        0.8707809287,
        0.8685979567,
        0.8688356787
      ],
      "exit_codes": [
        0,
        0,
        0,
        0,
        0
      ]
    }
  ]
}
