{
  "results": [
    {
      "command": "./calculate_average_abeobk.sh",
      "mean": 0.30191455706000003,
      "stddev": 0.0021607771852686034,
      "median": 0.30296239266,
      "user": 0.0029545799999999996,
      "system": 0.0016319919999999999,
      "min": 0.29882348966000005,
      "max": 0.30406226366000005,
      "times": [
        0.30055750666000003,
        0.30316713266000006,
        0.29882348966000005,
        0.30296239266,
        0.30406226366000005
      ],
      "exit_codes": [
        0,
        0,
        0,
        0,
        0
      ]
    }
  ]
}
