{
  "results": [
    {
      "command": "./calculate_average_abeobk.sh",
      "mean": 1.02853594158,
      "stddev": 0.004444433005862749,
      "median": 1.02797524198,
      "user": 0.00318226,
      "system": 0.00100546,
      "min": 1.02514385598,
      "max": 1.03608971498,
      "times": [
        1.02797524198,
        1.02808605098,
        1.02514385598,
        1.03608971498,
        1.02538484398
      ],
      "exit_codes": [
        0,
        0,
        0,
        0,
        0
      ]
    }
  ]
}
