{
  "results": [
    {
      "command": "./calculate_average_abeobk.sh",
      "mean": 2.0221931393799997,
      "stddev": 0.007143853830269279,
      "median": 2.0223399671799998,
      "user": 0.00281572,
      "system": 0.001397944,
      "min": 2.0151543901799998,
      "max": 2.03313139318,
      "times": [
        2.0151543901799998,
        2.01651338718,
        2.0223399671799998,
        2.0238265591799998,
        2.03313139318
      ],
      "exit_codes": [
        0,
        0,
        0,
        0,
        0
      ]
    }
  ]
}
