{
  "results": [
    {
      "command": "./calculate_average_abeobk.sh",
      "mean": 0.25129072252,
      "stddev": 0.0002920608992756517,
      "median": 0.25129404772,
      "user": 0.00075188,
      "system": 0.003952220000000001,
      "min": 0.25089969472,
      "max": 0.25169236972000003,
      "times": [
        0.25139965272000003,
        0.25129404772,
        0.25169236972000003,
        0.25116784772000006,
        0.25089969472
      ],
      "exit_codes": [
        0,
        0,
        0,
        0,
        0
      ]
    }
  ]
}
