{
  "results": [
    {
      "command": "./calculate_average_abeobk.sh",
      "mean": 0.54579278216,
      "stddev": 0.0007866842130383117,
      "median": 0.54593446096,
      "user": 0.00243386,
      "system": 0.0018048719999999997,
      "min": 0.54452113296,
      "max": 0.54661439996,
      "times": [
        0.54661439996,
        0.54452113296,
        0.54570640996,
        0.54593446096,
        0.5461875069600001
      ],
      "exit_codes": [
        0,
        0,
        0,
        0,
        0
      ]
    }
  ]
}
