{
  "results": [
    {
      "command": "./calculate_average_abeobk.sh",
      "mean": 0.4583357801,
      "stddev": 0.0016217068782696908,
      "median": 0.4581609923,
      "user": 0.0016053399999999998,
      "system": 0.0026066600000000002,
      "min": 0.4565086123,
      "max": 0.4600544643,
      "times": [
        0.4565086123,
        0.4581609923,
        0.4599190543,
        0.4570357773,
        0.4600544643
      ],
      "exit_codes": [
        0,
        0,
        0,
        0,
        0
      ]
    }
  ]
}
