{
  "results": [
    {
      "command": "./calculate_average_abeobk.sh",
      "mean": 1.7120037916800002,
      "stddev": 0.0025786388626878203,
      "median": 1.7119364866800002,
      "user": 0.0034546399999999997,
      "system": 0.0007713919999999999,
      "min": 1.70827066568,
      "max": 1.7153697896800002,
      "times": [
        1.71143600968,
        1.7119364866800002,
        1.7153697896800002,
        1.7130060066800001,
        1.70827066568
      ],
      "exit_codes": [
        0,
        0,
        0,
        0,
        0
      ]
    }
  ]
}
