{
  "results": [
    {
      "command": "./calculate_average_artsiomkorzun.sh",
      "mean": 0.40066515591999996,
      "stddev": 0.004021398430605898,
      "median": 0.39850810872000003,
      "user": 0.00260012,
      "system": 0.0018449439999999998,
      "min": 0.39714884372000003,
      "max": 0.40706073772,
      "times": [
        0.39714884372000003,
        0.39850057472000006,
        0.39850810872000003,
        0.40210751472,
        0.40706073772
      ],
      "exit_codes": [
        0,
        0,
        0,
        0,
        0
      ]
    }
  ]
}
