{
  "results": [
    {
      "command": "./calculate_average_artsiomkorzun.sh",
      "mean": 0.79599768068,
      "stddev": 0.004103703095082828,
      "median": 0.79515032328,
      "user": 0.0030091399999999996,
      "system": 0.001230484,
      "min": 0.7901112762800001,
      "max": 0.8004632102800001,
      "times": [
        0.7993089912800001,
        0.8004632102800001,
        0.79515032328,
        0.79495460228,
        0.7901112762800001
      ],
      "exit_codes": [
        0,
        0,
        0,
        0,
        0
      ]
    }
  ]
}
