{
  "results": [
    {
      "command": "./calculate_average_artsiomkorzun.sh",
      "mean": 0.41424242796,
      "stddev": 0.00223020663103237,
      "median": 0.41337327736,
      "user": 0.00177182,
      "system": 0.00254748,
      "min": 0.41202606136000003,
      "max": 0.41751875536,
      "times": [
        0.41751875536,
        0.41546517636,
        0.41337327736,
        0.41282886936,
        0.41202606136000003
      ],
      "exit_codes": [
        0,
        0,
        0,
        0,
        0
      ]
    }
  ]
}
