{
  "results": [
    {
      "command": "./calculate_average_artsiomkorzun.sh",
      "mean": 0.27353830222000003,
      "stddev": 0.006520086446649447,
      "median": 0.27513967662,
      "user": 0.0026060199999999997,
      "system": 0.002406768,
      "min": 0.26232921362,
      "max": 0.27857110562,
      "times": [
        0.26232921362,
        0.27513967662,
        0.27857110562,
        0.27408736362,
        0.27756415162000003
      ],
      "exit_codes": [
        0,
        0,
        0,
        0,
        0
      ]
    }
  ]
}
