{
  "results": [
    {
      "command": "./calculate_average_artsiomkorzun.sh",
      "mean": 0.25103124400000004,
      "stddev": 0.0028508235269310276,
      "median": 0.250259236,
      "user": 0.0015519800000000001,
      "system": 0.002971008,
      "min": 0.24838321800000002,
      "max": 0.255912388,
      "times": [
        0.250259236,
        0.255912388,
        0.24838321800000002,
        0.250238427,
        0.250362951
      ],
      "exit_codes": [
        0,
        0,
        0,
        0,
        0
      ]
    }
  ]
}
