{
  "results": [
    {
      "command": "./calculate_average_artsiomkorzun.sh",
      "mean": 1.4755421645199998,
      "stddev": 0.004541717647183986,
      "median": 1.47535488872,
      "user": 0.0035419199999999996,
      "system": 0.0010978599999999998,
      "min": 1.47093642572,
      "max": 1.48106391072,
      "times": [
        1.47127230972,
        1.47535488872,
        1.48106391072,
        1.4790832877200002,
        1.47093642572
      ],
      "exit_codes": [
        0,
        0,
        0,
        0,
        0
      ]
    }
  ]
}
