{
  "results": [
    {
      "command": "./calculate_average_artsiomkorzun.sh",
      "mean": 1.5831111432,
      "stddev": 0.012406698807759357,
      "median": 1.5853346746,
      "user": 0.001601,
      "system": 0.0029625759999999998,
      "min": 1.5703552986000002,
      "max": 1.5975495576,
      "times": [
        1.5853346746,
        1.5919273176,
        1.5703552986000002,
        1.5703888676,
        1.5975495576
      ],
      "exit_codes": [
        0,
        0,
        0,
        0,
        0
      ]
    }
  ]
}
