{
  "results": [
    {
      "command": "./calculate_average_artsiomkorzun.sh",
      "mean": 0.7459551216600001,
      "stddev": 0.000822630172916853,
      "median": 0.74573417186,
      "user": 0.0031986199999999992,
      "system": 0.001058064,
      "min": 0.7452580578600001,
      "max": 0.7473495118600001,
      "times": [
        0.74573417186,
        0.7473495118600001,
        0.7452580578600001,
        0.74595607086,
        0.7454777958600001
      ],
      "exit_codes": [
        0,
        0,
        0,
        0,
        0
      ]
    }
  ]
}
