{
  "results": [
    {
      "command": "./bin/austindonisan/aot/1brc ./inputs/measurements.txt 96 1",
      "mean": 0.19522168718000002,
      "stddev": 0.005554002652114711,
      "median": 0.19375674498000003,
      "user": 0.00088364,
      "system": 0.0061939,
      "min": 0.18821046698000002,
      "max": 0.20329109898000003,
      "times": [
        0.18821046698000002,
        0.19728064698000003,
        0.20329109898000003,
        0.19375674498000003,
        0.19356947798000002
      ],
      "exit_codes": [
        0,
        0,
        0,
        0,
        0
      ]
    }
  ]
}
