{
  "results": [
    {
      "command": "./bin/austindonisan/aot/1brc ./inputs/measurements.txt 48 1",
      "mean": 0.16394203186,
      "stddev": 0.0021788039911998097,
      "median": 0.16322993206,
      "user": 0.00205524,
      "system": 0.0024423,
      "min": 0.16256046406,
      "max": 0.16778191406,
      "times": [
        0.16345854206000002,
        0.16778191406,
        0.16267930706,
        0.16322993206,
        0.16256046406
      ],
      "exit_codes": [
        0,
        0,
        0,
        0,
        0
      ]
    }
  ]
}
