{
  "results": [
    {
      "command": "./bin/austindonisan/aot/1brc ./inputs/measurements.txt 6 1",
      "mean": 0.76072321314,
      "stddev": 0.0021471453274445845,
      "median": 0.75947649534,
      "user": 0.00233364,
      "system": 0.0011004959999999999,
      "min": 0.75900596134,
      "max": 0.76407405534,
      "times": [
        0.76167753434,
        0.75947649534,
        0.75900596134,
        0.75938201934,
        0.76407405534
      ],
      "exit_codes": [
        0,
        0,
        0,
        0,
        0
      ]
    }
  ]
}
