{
  "results": [
    {
      "command": "./bin/austindonisan/aot/1brc ./inputs/measurements.txt 24 1",
      "mean": 0.21094064802,
      "stddev": 0.0006602125220920928,
      "median": 0.21087345422,
      "user": 0.0023845999999999997,
      "system": 0.000902112,
      "min": 0.21019612122,
      "max": 0.21199626022,
      "times": [
        0.21067617422,
        0.21199626022,
        0.21096123022000002,
        0.21087345422,
        0.21019612122
      ],
      "exit_codes": [
        0,
        0,
        0,
        0,
        0
      ]
    }
  ]
}
