{
  "results": [
    {
      "command": "./bin/austindonisan/aot/1brc ./inputs/measurements.txt 12 1",
      "mean": 0.38755162098,
      "stddev": 0.0015698654977923372,
      "median": 0.38687826858,
      "user": 0.0016382999999999999,
      "system": 0.0008982319999999999,
      "min": 0.38585633658,
      "max": 0.38937198658,
      "times": [
        0.38658751458,
        0.38585633658,
        0.38687826858,
        0.38937198658,
        0.38906399858
      ],
      "exit_codes": [
        0,
        0,
        0,
        0,
        0
      ]
    }
  ]
}
