{
  "results": [
    {
      "command": "./bin/austindonisan/aot/1brc ./inputs/measurements.txt 24 1",
      "mean": 0.21451588157999998,
      "stddev": 0.0045244129574537615,
      "median": 0.21635150858,
      "user": 0.0021975000000000002,
      "system": 0.0009214159999999999,
      "min": 0.20948131758,
      "max": 0.21981610458,
      "times": [
        0.21008405358,
        0.20948131758,
        0.21635150858,
        0.21981610458,
        0.21684642358
      ],
      "exit_codes": [
        0,
        0,
        0,
        0,
        0
      ]
    }
  ]
}
