{
  "results": [
    {
      "command": "./bin/austindonisan/aot/1brc ./inputs/measurements.txt 48 1",
      "mean": 0.16401337632000001,
      "stddev": 0.0007285571532410465,
      "median": 0.16430871412,
      "user": 0.0017239920000000001,
      "system": 0.0035310000000000003,
      "min": 0.16318917712,
      "max": 0.16490806112,
      "times": [
        0.16490806112,
        0.16432507512,
        0.16333585412,
        0.16318917712,
        0.16430871412
      ],
      "exit_codes": [
        0,
        0,
        0,
        0,
        0
      ]
    }
  ]
}
