{
  "results": [
    {
      "command": "./bin/austindonisan/aot/1brc ./inputs/measurements.txt 12 1",
      "mean": 0.38903353932000007,
      "stddev": 0.001819090513837136,
      "median": 0.38946655192000007,
      "user": 0.0024069199999999995,
      "system": 0.0007341199999999999,
      "min": 0.3861023249200001,
      "max": 0.39084013992000005,
      "times": [
        0.39084013992000005,
        0.39006994892,
        0.38946655192000007,
        0.3861023249200001,
        0.38868873092000006
      ],
      "exit_codes": [
        0,
        0,
        0,
        0,
        0
      ]
    }
  ]
}
