{
  "results": [
    {
      "command": "./bin/buybackoff/aot/1brc ./inputs/measurements.txt",
      "mean": 0.2805874959,
      "stddev": 0.0022096709182089385,
      "median": 0.2800566905,
      "user": 0.026130419999999998,
      "system": 0.02760516,
      "min": 0.2782519355,
      "max": 0.2829728875,
      "times": [
        0.2782519355,
        0.2800566905,
        0.2829728875,
        0.2788294555,
        0.2828265105
      ],
      "exit_codes": [
        0,
        0,
        0,
        0,
        0
      ]
    }
  ]
}
