{
  "results": [
    {
      "command": "./bin/buybackoff/aot/1brc ./inputs/measurements.txt",
      "mean": 0.8205858344199999,
      "stddev": 0.003393399457686609,
      "median": 0.82039091722,
      "user": 0.01408158,
      "system": 0.007242019999999999,
      "min": 0.81597160122,
      "max": 0.82535047522,
      "times": [
        0.81597160122,
        0.81960093822,
        0.82039091722,
        0.82161524022,
        0.82535047522
      ],
      "exit_codes": [
        0,
        0,
        0,
        0,
        0
      ]
    }
  ]
}
