{
  "results": [
    {
      "command": "./bin/buybackoff/aot/1brc ./inputs/measurements.txt",
      "mean": 0.4692912560800001,
      "stddev": 0.0011663914877005487,
      "median": 0.46903283248000005,
      "user": 0.01122686,
      "system": 0.011063819999999999,
      "min": 0.46815987548000004,
      "max": 0.47115608348000004,
      "times": [
        0.46903283248000005,
        0.46855141648000004,
        0.46815987548000004,
        0.46955607248000003,
        0.47115608348000004
      ],
      "exit_codes": [
        0,
        0,
        0,
        0,
        0
      ]
    }
  ]
}
