{
  "results": [
    {
      "command": "./bin/buybackoff/aot/1brc ./inputs/measurements.txt",
      "mean": 0.4461524646600001,
      "stddev": 0.0029744905570779127,
      "median": 0.44740229386,
      "user": 0.018100520000000002,
      "system": 0.01014646,
      "min": 0.44304051586000004,
      "max": 0.44969016486,
      "times": [
        0.44304051586000004,
        0.44305359386000004,
        0.44757575486000006,
        0.44740229386,
        0.44969016486
      ],
      "exit_codes": [
        0,
        0,
        0,
        0,
        0
      ]
    }
  ]
}
