{
  "results": [
    {
      "command": "./bin/buybackoff/aot/1brc ./inputs/measurements.txt",
      "mean": 0.27349981674,
      "stddev": 0.003272005063628806,
      "median": 0.27269353574,
      "user": 0.0215251,
      "system": 0.010818379999999999,
      "min": 0.27063447674,
      "max": 0.27906613274000003,
      "times": [
        0.27063447674,
        0.27178272974,
        0.27906613274000003,
        0.27269353574,
        0.27332220874
      ],
      "exit_codes": [
        0,
        0,
        0,
        0,
        0
      ]
    }
  ]
}
