{
  "results": [
    {
      "command": "./bin/buybackoff/aot/1brc ./inputs/measurements.txt",
      "mean": 1.7622299219200002,
      "stddev": 0.03660611585129324,
      "median": 1.7475382899200003,
      "user": 0.013382460000000002,
      "system": 0.00506148,
      "min": 1.7394151589200002,
      "max": 1.82694018092,
      "times": [
        1.82694018092,
        1.7543825829200002,
        1.7475382899200003,
        1.7394151589200002,
        1.74287339692
      ],
      "exit_codes": [
        0,
        0,
        0,
        0,
        0
      ]
    }
  ]
}
