{
  "results": [
    {
      "command": "./bin/buybackoff/aot/1brc ./inputs/measurements.txt",
      "mean": 0.8853405351799999,
      "stddev": 0.0031833135649902366,
      "median": 0.8862721167800001,
      "user": 0.01343656,
      "system": 0.005892239999999999,
      "min": 0.88047678078,
      "max": 0.88819813278,
      "times": [
        0.88819813278,
        0.88047678078,
        0.8862721167800001,
        0.88397167878,
        0.88778396678
      ],
      "exit_codes": [
        0,
        0,
        0,
        0,
        0
      ]
    }
  ]
}
