{
  "results": [
    {
      "command": "./bin/buybackoff/aot/1brc ./inputs/measurements.txt",
      "mean": 1.61101924558,
      "stddev": 0.008300179202283866,
      "median": 1.6078570609800003,
      "user": 0.01250462,
      "system": 0.006917619999999999,
      "min": 1.6009254449800001,
      "max": 1.62076522098,
      "times": [
        1.6183663679800002,
        1.62076522098,
        1.6071821329800002,
        1.6078570609800003,
        1.6009254449800001
      ],
      "exit_codes": [
        0,
        0,
        0,
        0,
        0
      ]
    }
  ]
}
