{
  "results": [
    {
      "command": "./bin/CameronAavik/aot/1brc ./inputs/measurements.txt",
      "mean": 2.18361861878,
      "stddev": 0.006639319513632933,
      "median": 2.1856309575800004,
      "user": 19.982986479999997,
      "system": 0.9108839,
      "min": 2.17214385858,
      "max": 2.18856173058,
      "times": [
        2.18856173058,
        2.18415255758,
        2.1876039895800004,
        2.1856309575800004,
        2.17214385858
      ],
      "exit_codes": [
        0,
        0,
        0,
        0,
        0
      ]
    }
  ]
}
