{
  "results": [
    {
      "command": "./bin/CameronAavik/aot/1brc ./inputs/measurements.txt",
      "mean": 2.5379947657399997,
      "stddev": 0.014603907720192589,
      "median": 2.53730159934,
      "user": 12.57285952,
      "system": 0.6695180199999999,
      "min": 2.5205350923400003,
      "max": 2.55889929434,
      "times": [
        2.5205350923400003,
        2.54393296934,
        2.52930487334,
        2.53730159934,
        2.55889929434
      ],
      "exit_codes": [
        0,
        0,
        0,
        0,
        0
      ]
    }
  ]
}
