{
  "results": [
    {
      "command": "./bin/CameronAavik/aot/1brc ./inputs/measurements.txt",
      "mean": 1.34743312638,
      "stddev": 0.03983076328147634,
      "median": 1.34587990498,
      "user": 19.132966,
      "system": 0.9394696799999999,
      "min": 1.29015536598,
      "max": 1.40155828198,
      "times": [
        1.34587990498,
        1.29015536598,
        1.34196940298,
        1.3576026759800002,
        1.40155828198
      ],
      "exit_codes": [
        0,
        0,
        0,
        0,
        0
      ]
    }
  ]
}
