{
  "results": [
    {
      "command": "./bin/CameronAavik/aot/1brc ./inputs/measurements.txt",
      "mean": 0.6895372706400001,
      "stddev": 0.10343884016027168,
      "median": 0.64356271204,
      "user": 13.103216080000001,
      "system": 0.78469932,
      "min": 0.6414499560400001,
      "max": 0.8745604240400001,
      "times": [
        0.64356271204,
        0.6414499560400001,
        0.64311317704,
        0.8745604240400001,
        0.6450000840400001
      ],
      "exit_codes": [
        0,
        0,
        0,
        0,
        0
      ]
    }
  ]
}
