{
  "results": [
    {
      "command": "./bin/CameronAavik/aot/1brc ./inputs/measurements.txt",
      "mean": 0.88473031296,
      "stddev": 0.0082656293458638,
      "median": 0.88562527576,
      "user": 17.190264539999998,
      "system": 0.8401704000000001,
      "min": 0.87461397076,
      "max": 0.89548917076,
      "times": [
        0.8788037527600001,
        0.87461397076,
        0.89548917076,
        0.88562527576,
        0.88911939476
      ],
      "exit_codes": [
        0,
        0,
        0,
        0,
        0
      ]
    }
  ]
}
