{
  "results": [
    {
      "command": "./bin/CameronAavik/aot/1brc ./inputs/measurements.txt",
      "mean": 0.6425433586,
      "stddev": 0.002890924276942417,
      "median": 0.6420162156,
      "user": 12.9552592,
      "system": 0.8227026000000001,
      "min": 0.6386760696,
      "max": 0.6467013066,
      "times": [
        0.6467013066,
        0.6420162156,
        0.6433247276,
        0.6386760696,
        0.6419984736000001
      ],
      "exit_codes": [
        0,
        0,
        0,
        0,
        0
      ]
    }
  ]
}
