{
  "results": [
    {
      "command": "./bin/CameronAavik/aot/1brc ./inputs/measurements.txt",
      "mean": 1.4133727467,
      "stddev": 0.0072264118017103,
      "median": 1.4128273213000002,
      "user": 12.637799539999998,
      "system": 0.6940101399999998,
      "min": 1.4043394673,
      "max": 1.4235009243,
      "times": [
        1.4235009243,
        1.4043394673,
        1.4165805053,
        1.4096155153,
        1.4128273213000002
      ],
      "exit_codes": [
        0,
        0,
        0,
        0,
        0
      ]
    }
  ]
}
