{
  "results": [
    {
      "command": "./bin/CameronAavik/aot/1brc ./inputs/measurements.txt",
      "mean": 1.0180545347199998,
      "stddev": 0.00255381615476386,
      "median": 1.0172357395199998,
      "user": 12.740509300000003,
      "system": 0.70976832,
      "min": 1.01546627852,
      "max": 1.02224665752,
      "times": [
        1.0172357395199998,
        1.01546627852,
        1.02224665752,
        1.01701533452,
        1.0183086635199998
      ],
      "exit_codes": [
        0,
        0,
        0,
        0,
        0
      ]
    }
  ]
}
