{
  "results": [
    {
      "command": "./bin/dzaima/aot/1brc ./inputs/measurements.txt",
      "mean": 2.77171422702,
      "stddev": 0.05574100727240684,
      "median": 2.74419023542,
      "user": 13.420750399999998,
      "system": 0.6507872000000001,
      "min": 2.71768361142,
      "max": 2.85581179942,
      "times": [
        2.74419023542,
        2.74149687242,
        2.79938861642,
        2.85581179942,
        2.71768361142
      ],
      "exit_codes": [
        0,
        0,
        0,
        0,
        0
      ]
    }
  ]
}
