{
  "results": [
    {
      "command": "./bin/dzaima/aot/1brc ./inputs/measurements.txt",
      "mean": 1.85900196724,
      "stddev": 0.008628921666096879,
      "median": 1.85831252964,
      "user": 13.49637424,
      "system": 0.66427298,
      "min": 1.85091946664,
      "max": 1.87313295264,
      "times": [
        1.85831252964,
        1.85332356264,
        1.85091946664,
        1.87313295264,
        1.85932132464
      ],
      "exit_codes": [
        0,
        0,
        0,
        0,
        0
      ]
    }
  ]
}
