{
  "results": [
    {
      "command": "./bin/dzaima/aot/1brc ./inputs/measurements.txt",
      "mean": 1.9345587520199998,
      "stddev": 0.018993314849766137,
      "median": 1.9450039358200002,
      "user": 13.92125,
      "system": 0.71616274,
      "min": 1.91384523182,
      "max": 1.95074993882,
      "times": [
        1.94927694282,
        1.9450039358200002,
        1.91391771082,
        1.95074993882,
        1.91384523182
      ],
      "exit_codes": [
        0,
        0,
        0,
        0,
        0
      ]
    }
  ]
}
