{
  "results": [
    {
      "command": "./bin/dzaima/aot/1brc ./inputs/measurements.txt",
      "mean": 1.85052057352,
      "stddev": 0.016851387815074847,
      "median": 1.85031338332,
      "user": 13.5167408,
      "system": 0.6449459,
      "min": 1.8256661973200001,
      "max": 1.87304418432,
      "times": [
        1.87304418432,
        1.84984526632,
        1.85031338332,
        1.8256661973200001,
        1.85373383632
      ],
      "exit_codes": [
        0,
        0,
        0,
        0,
        0
      ]
    }
  ]
}
