{
  "results": [
    {
      "command": "./bin/dzaima/aot/1brc ./inputs/measurements.txt",
      "mean": 1.84669111542,
      "stddev": 0.013349691790115473,
      "median": 1.85048109922,
      "user": 13.432308459999998,
      "system": 0.6676685800000001,
      "min": 1.82985837822,
      "max": 1.86195649722,
      "times": [
        1.82985837822,
        1.86195649722,
        1.8550574102200001,
        1.85048109922,
        1.83610219222
      ],
      "exit_codes": [
        0,
        0,
        0,
        0,
        0
      ]
    }
  ]
}
