{
  "results": [
    {
      "command": "./bin/dzaima/aot/1brc ./inputs/measurements.txt",
      "mean": 2.5192710188200005,
      "stddev": 0.07350682594310651,
      "median": 2.52141951982,
      "user": 15.915499619999997,
      "system": 0.8398147199999999,
      "min": 2.44635158682,
      "max": 2.62500364982,
      "times": [
        2.4543528168199997,
        2.62500364982,
        2.44635158682,
        2.54922752082,
        2.52141951982
      ],
      "exit_codes": [
        0,
        0,
        0,
        0,
        0
      ]
    }
  ]
}
