{
  "results": [
    {
      "command": "./bin/dzaima/aot/1brc ./inputs/measurements.txt",
      "mean": 1.8513487126799997,
      "stddev": 0.0078046337701094355,
      "median": 1.84731127968,
      "user": 13.452342179999999,
      "system": 0.6685585799999999,
      "min": 1.84610253668,
      "max": 1.86480165768,
      "times": [
        1.86480165768,
        1.84701098068,
        1.85151710868,
        1.84610253668,
        1.84731127968
      ],
      "exit_codes": [
        0,
        0,
        0,
        0,
        0
      ]
    }
  ]
}
