{
  "results": [
    {
      "command": "./bin/dzaima/aot/1brc ./inputs/measurements.txt",
      "mean": 1.8579845812600002,
      "stddev": 0.01369324760130065,
      "median": 1.85105799546,
      "user": 13.458880220000001,
      "system": 0.6695597999999999,
      "min": 1.84730940746,
      "max": 1.87989541146,
      "times": [
        1.8488045684599999,
        1.87989541146,
        1.86285552346,
        1.84730940746,
        1.85105799546
      ],
      "exit_codes": [
        0,
        0,
        0,
        0,
        0
      ]
    }
  ]
}
