{
  "results": [
    {
      "command": "./calculate_average_jerrinot.sh",
      "mean": 0.47454189082000003,
      "stddev": 0.002930321194825702,
      "median": 0.47365808402000004,
      "user": 0.00371682,
      "system": 0.001685648,
      "min": 0.47159562802000005,
      "max": 0.47816119302000004,
      "times": [
        0.47222199202000004,
        0.47816119302000004,
        0.47159562802000005,
        0.47707255702000007,
        0.47365808402000004
      ],
      "exit_codes": [
        0,
        0,
        0,
        0,
        0
      ]
    }
  ]
}
