{
  "results": [
    {
      "command": "./calculate_average_jerrinot.sh",
      "mean": 0.40547956102000005,
      "stddev": 0.003174935152187015,
      "median": 0.40663122042,
      "user": 0.0023386399999999995,
      "system": 0.003198144,
      "min": 0.40186332842,
      "max": 0.40872475342000003,
      "times": [
        0.40234321442000004,
        0.40872475342000003,
        0.40186332842,
        0.40663122042,
        0.40783528842
      ],
      "exit_codes": [
        0,
        0,
        0,
        0,
        0
      ]
    }
  ]
}
