{
  "results": [
    {
      "command": "./calculate_average_jerrinot.sh",
      "mean": 0.24997926906000006,
      "stddev": 0.005770166264996574,
      "median": 0.24795760066,
      "user": 0.00214844,
      "system": 0.0038062,
      "min": 0.24257215666,
      "max": 0.25628006166000006,
      "times": [
        0.24769393366,
        0.25628006166000006,
        0.25539259266000003,
        0.24795760066,
        0.24257215666
      ],
      "exit_codes": [
        0,
        0,
        0,
        0,
        0
      ]
    }
  ]
}
