{
  "results": [
    {
      "command": "./calculate_average_jerrinot.sh",
      "mean": 0.27111826864000005,
      "stddev": 0.003199536423044167,
      "median": 0.27072378804,
      "user": 0.0022578599999999996,
      "system": 0.00367962,
      "min": 0.26715258004000003,
      "max": 0.27543868904,
      "times": [
        0.26715258004000003,
        0.27072378804,
        0.26934942704000003,
        0.27292685904,
        0.27543868904
      ],
      "exit_codes": [
        0,
        0,
        0,
        0,
        0
      ]
    }
  ]
}
