{
  "results": [
    {
      "command": "./calculate_average_jerrinot.sh",
      "mean": 1.7544863771199999,
      "stddev": 0.006866723086647828,
      "median": 1.7539634383200002,
      "user": 0.0035425199999999995,
      "system": 0.001768904,
      "min": 1.74726659432,
      "max": 1.76477042732,
      "times": [
        1.7539634383200002,
        1.7569047473200001,
        1.74952667832,
        1.74726659432,
        1.76477042732
      ],
      "exit_codes": [
        0,
        0,
        0,
        0,
        0
      ]
    }
  ]
}
