{
  "results": [
    {
      "command": "./calculate_average_jerrinot.sh",
      "mean": 1.5113230130000002,
      "stddev": 0.0024204317920385977,
      "median": 1.5113249054,
      "user": 0.0024329,
      "system": 0.00303122,
      "min": 1.5083885674000002,
      "max": 1.5148649704000001,
      "times": [
        1.5148649704000001,
        1.5113249054,
        1.5099956094000002,
        1.5120410124,
        1.5083885674000002
      ],
      "exit_codes": [
        0,
        0,
        0,
        0,
        0
      ]
    }
  ]
}
