{
  "results": [
    {
      "command": "./calculate_average_jerrinot.sh",
      "mean": 0.7763437911600001,
      "stddev": 0.0033732476845602724,
      "median": 0.77432828696,
      "user": 0.00331804,
      "system": 0.001996276,
      "min": 0.7735392869600001,
      "max": 0.7808709299600001,
      "times": [
        0.7735392869600001,
        0.7739358349600001,
        0.77432828696,
        0.77904461696,
        0.7808709299600001
      ],
      "exit_codes": [
        0,
        0,
        0,
        0,
        0
      ]
    }
  ]
}
