{
  "results": [
    {
      "command": "./calculate_average_jerrinot.sh",
      "mean": 0.9015688793600001,
      "stddev": 0.0041027666220893955,
      "median": 0.90174214196,
      "user": 0.003359279999999999,
      "system": 0.0019655799999999998,
      "min": 0.89568793096,
      "max": 0.90666191996,
      "times": [
        0.89568793096,
        0.90369103596,
        0.90174214196,
        0.90006136796,
        0.90666191996
      ],
      "exit_codes": [
        0,
        0,
        0,
        0,
        0
      ]
    }
  ]
}
