{
  "results": [
    {
      "command": "./bin/kpocza/aot/1brc ./inputs/measurements.txt",
      "mean": 1.58645059098,
      "stddev": 0.002452141275155758,
      "median": 1.58674524318,
      "user": 16.189997899999998,
      "system": 0.5742438799999999,
      "min": 1.5823948541800001,
      "max": 1.58888978218,
      "times": [
        1.5823948541800001,
        1.58674524318,
        1.58770010018,
        1.58888978218,
        1.58652297518
      ],
      "exit_codes": [
        0,
        0,
        0,
        0,
        0
      ]
    }
  ]
}
