{
  "results": [
    {
      "command": "./bin/kpocza/aot/1brc ./inputs/measurements.txt",
      "mean": 2.4202203213199995,
      "stddev": 0.02064361271902055,
      "median": 2.41760726792,
      "user": 25.794469119999995,
      "system": 0.7497793,
      "min": 2.39200815892,
      "max": 2.4423485879199998,
      "times": [
        2.4423485879199998,
        2.39200815892,
        2.4108866509199998,
        2.4382509409199997,
        2.41760726792
      ],
      "exit_codes": [
        0,
        0,
        0,
        0,
        0
      ]
    }
  ]
}
