{
  "results": [
    {
      "command": "./bin/kpocza/aot/1brc ./inputs/measurements.txt",
      "mean": 0.7642189051800001,
      "stddev": 0.004336084743164123,
      "median": 0.7654678087800001,
      "user": 25.826539060000005,
      "system": 0.7705433199999999,
      "min": 0.7566020217800001,
      "max": 0.7670617457800001,
      "times": [
        0.7651645277800001,
        0.7667984217800001,
        0.7654678087800001,
        0.7566020217800001,
        0.7670617457800001
      ],
      "exit_codes": [
        0,
        0,
        0,
        0,
        0
      ]
    }
  ]
}
