{
  "results": [
    {
      "command": "./bin/kpocza/aot/1brc ./inputs/measurements.txt",
      "mean": 0.91686607822,
      "stddev": 0.031072510743667264,
      "median": 0.8984252244200001,
      "user": 16.19463048,
      "system": 0.5946407600000001,
      "min": 0.8961887504200001,
      "max": 0.9689098574200001,
      "times": [
        0.8961887504200001,
        0.8984252244200001,
        0.8981090484200001,
        0.9226975104200001,
        0.9689098574200001
      ],
      "exit_codes": [
        0,
        0,
        0,
        0,
        0
      ]
    }
  ]
}
