{
  "results": [
    {
      "command": "./bin/kpocza/aot/1brc ./inputs/measurements.txt",
      "mean": 0.5226776634,
      "stddev": 0.008415001109852693,
      "median": 0.5236351916,
      "user": 25.530192879999998,
      "system": 0.9657315399999999,
      "min": 0.5135677496000001,
      "max": 0.5342328326000001,
      "times": [
        0.5264548746000001,
        0.5236351916,
        0.5135677496000001,
        0.5342328326000001,
        0.5154976686
      ],
      "exit_codes": [
        0,
        0,
        0,
        0,
        0
      ]
    }
  ]
}
