{
  "results": [
    {
      "command": "./bin/kpocza/aot/1brc ./inputs/measurements.txt",
      "mean": 1.3103199968800001,
      "stddev": 0.006359666118505889,
      "median": 1.30822739288,
      "user": 25.668624379999994,
      "system": 0.79032466,
      "min": 1.30216859488,
      "max": 1.31872752588,
      "times": [
        1.31872752588,
        1.30822739288,
        1.30818994088,
        1.30216859488,
        1.31428652988
      ],
      "exit_codes": [
        0,
        0,
        0,
        0,
        0
      ]
    }
  ]
}
