{
  "results": [
    {
      "command": "./bin/kpocza/aot/1brc ./inputs/measurements.txt",
      "mean": 0.5738547636400001,
      "stddev": 0.008320922441828854,
      "median": 0.5704687176400001,
      "user": 16.39966494,
      "system": 0.6929511199999999,
      "min": 0.5679192536400001,
      "max": 0.58798649364,
      "times": [
        0.5745303206400001,
        0.56836903264,
        0.58798649364,
        0.5704687176400001,
        0.5679192536400001
      ],
      "exit_codes": [
        0,
        0,
        0,
        0,
        0
      ]
    }
  ]
}
