{
  "results": [
    {
      "command": "./bin/kpocza/aot/1brc ./inputs/measurements.txt",
      "mean": 2.9544490205399994,
      "stddev": 0.008197442329433438,
      "median": 2.95375347894,
      "user": 16.129860639999997,
      "system": 0.5944156599999999,
      "min": 2.94816563794,
      "max": 2.96825464794,
      "times": [
        2.94816563794,
        2.96825464794,
        2.94830342794,
        2.95375347894,
        2.95376790994
      ],
      "exit_codes": [
        0,
        0,
        0,
        0,
        0
      ]
    }
  ]
}
