{
  "results": [
    {
      "command": "./bin/lehuyduc/aot/1brc ./inputs/measurements.txt",
      "mean": 1.9465749996600004,
      "stddev": 0.006718826729318395,
      "median": 1.9442513080600001,
      "user": 0.00101116,
      "system": 0.000506024,
      "min": 1.94184763506,
      "max": 1.9584531020600002,
      "times": [
        1.9584531020600002,
        1.9439571390600001,
        1.94184763506,
        1.94436581406,
        1.9442513080600001
      ],
      "exit_codes": [
        0,
        0,
        0,
        0,
        0
      ]
    }
  ]
}
