{
  "results": [
    {
      "command": "./bin/lehuyduc/aot/1brc ./inputs/measurements.txt",
      "mean": 0.5841573603400001,
      "stddev": 0.01805915580778059,
      "median": 0.58788323694,
      "user": 0.0009465400000000001,
      "system": 0.000493776,
      "min": 0.56392002394,
      "max": 0.60997984694,
      "times": [
        0.60997984694,
        0.58874717194,
        0.58788323694,
        0.56392002394,
        0.57025652194
      ],
      "exit_codes": [
        0,
        0,
        0,
        0,
        0
      ]
    }
  ]
}
