{
  "results": [
    {
      "command": "./bin/lehuyduc/aot/1brc ./inputs/measurements.txt",
      "mean": 1.0248365756800002,
      "stddev": 0.0327144949152412,
      "median": 1.0041325302800002,
      "user": 0.00144304,
      "system": 0.000035924000000000004,
      "min": 1.00116155428,
      "max": 1.07380908328,
      "times": [
        1.04355095028,
        1.00116155428,
        1.00152876028,
        1.0041325302800002,
        1.07380908328
      ],
      "exit_codes": [
        0,
        0,
        0,
        0,
        0
      ]
    }
  ]
}
