{
  "results": [
    {
      "command": "./bin/lehuyduc/aot/1brc ./inputs/measurements.txt",
      "mean": 0.35217143008,
      "stddev": 0.016981051662936317,
      "median": 0.35291005188,
      "user": 0.00098814,
      "system": 0.00049844,
      "min": 0.32520441588000004,
      "max": 0.37102292688000005,
      "times": [
        0.37102292688000005,
        0.36050050388000004,
        0.35291005188,
        0.32520441588000004,
        0.35121925188
      ],
      "exit_codes": [
        0,
        0,
        0,
        0,
        0
      ]
    }
  ]
}
