{
  "results": [
    {
      "command": "./bin/lehuyduc/aot/1brc ./inputs/measurements.txt",
      "mean": 0.7741659593400001,
      "stddev": 0.015229245842520335,
      "median": 0.7706880855400001,
      "user": 0.00106036,
      "system": 0.000358432,
      "min": 0.75452457654,
      "max": 0.7925061545400001,
      "times": [
        0.7925061545400001,
        0.7706880855400001,
        0.75452457654,
        0.7670145855400001,
        0.7860963945400001
      ],
      "exit_codes": [
        0,
        0,
        0,
        0,
        0
      ]
    }
  ]
}
