{
  "results": [
    {
      "command": "./bin/lehuyduc/aot/1brc ./inputs/measurements.txt",
      "mean": 1.4216928440799999,
      "stddev": 0.011811177881394838,
      "median": 1.42364961448,
      "user": 0.0014039399999999998,
      "system": 0.000137976,
      "min": 1.40369341448,
      "max": 1.4340001064799999,
      "times": [
        1.42955061648,
        1.40369341448,
        1.41757046848,
        1.42364961448,
        1.4340001064799999
      ],
      "exit_codes": [
        0,
        0,
        0,
        0,
        0
      ]
    }
  ]
}
