{
  "results": [
    {
      "command": "./bin/lehuyduc/aot/1brc ./inputs/measurements.txt",
      "mean": 0.45946361238,
      "stddev": 0.006183742411587408,
      "median": 0.45719890698000004,
      "user": 0.00099384,
      "system": 0.00050364,
      "min": 0.45338903898000005,
      "max": 0.46918624498000006,
      "times": [
        0.45338903898000005,
        0.45599354298000006,
        0.46155032798000006,
        0.46918624498000006,
        0.45719890698000004
      ],
      "exit_codes": [
        0,
        0,
        0,
        0,
        0
      ]
    }
  ]
}
