{
  "results": [
    {
      "command": "./bin/lehuyduc/aot/1brc ./inputs/measurements.txt",
      "mean": 0.30032276520000006,
      "stddev": 0.01786978337463066,
      "median": 0.30379599240000005,
      "user": 0.0012225800000000002,
      "system": 0.000454784,
      "min": 0.27943408140000003,
      "max": 0.32181676540000004,
      "times": [
        0.27943408140000003,
        0.30379599240000005,
        0.31167391740000006,
        0.28489306940000003,
        0.32181676540000004
      ],
      "exit_codes": [
        0,
        0,
        0,
        0,
        0
      ]
    }
  ]
}
