{
  "results": [
    {
      "command": "./calculate_average_mtopolnik.sh",
      "mean": 1.9096229913800002,
      "stddev": 0.014026568108929919,
      "median": 1.9047816125800001,
      "user": 0.0030681,
      "system": 0.0037834319999999998,
      "min": 1.8975937315800002,
      "max": 1.93323036358,
      "times": [
        1.9047816125800001,
        1.8975937315800002,
        1.93323036358,
        1.91066124458,
        1.9018480045800001
      ],
      "exit_codes": [
        0,
        0,
        0,
        0,
        0
      ]
    }
  ]
}
