{
  "results": [
    {
      "command": "./bin/mtopolnik-rs/aot/1brc ./inputs/measurements.txt",
      "mean": 0.5910985474,
      "stddev": 0.020112049165509693,
      "median": 0.5864710274000001,
      "user": 15.834272780000001,
      "system": 1.1017902,
      "min": 0.5740330684000001,
      "max": 0.6226566784,
      "times": [
        0.5975843334000001,
        0.5864710274000001,
        0.6226566784,
        0.5747476294000001,
        0.5740330684000001
      ],
      "exit_codes": [
        0,
        0,
        0,
        0,
        0
      ]
    }
  ]
}
