{
  "results": [
    {
      "command": "./calculate_average_mtopolnik.sh",
      "mean": 2.4596562764599996,
      "stddev": 0.021478838324552812,
      "median": 2.45276952606,
      "user": 0.004391819999999999,
      "system": 0.002131104,
      "min": 2.44530573206,
      "max": 2.49756449406,
      "times": [
        2.49756449406,
        2.45414957206,
        2.45276952606,
        2.44849205806,
        2.44530573206
      ],
      "exit_codes": [
        0,
        0,
        0,
        0,
        0
      ]
    }
  ]
}
