{
  "results": [
    {
      "command": "./calculate_average_mtopolnik.sh",
      "mean": 0.47489337074,
      "stddev": 0.028468849539061793,
      "median": 0.47498416114,
      "user": 0.0038768000000000006,
      "system": 0.003636699999999999,
      "min": 0.44278206914,
      "max": 0.50934465114,
      "times": [
        0.45108470614,
        0.44278206914,
        0.49627126614,
        0.50934465114,
        0.47498416114
      ],
      "exit_codes": [
        0,
        0,
        0,
        0,
        0
      ]
    }
  ]
}
