{
  "results": [
    {
      "command": "./calculate_average_mtopolnik.sh",
      "mean": 0.6215869093,
      "stddev": 0.01675404893072927,
      "median": 0.6192133193,
      "user": 0.00417656,
      "system": 0.002987584,
      "min": 0.5987148913000001,
      "max": 0.6427087723,
      "times": [
        0.6192133193,
        0.6153003163,
        0.5987148913000001,
        0.6427087723,
        0.6319972473000001
      ],
      "exit_codes": [
        0,
        0,
        0,
        0,
        0
      ]
    }
  ]
}
