{
  "results": [
    {
      "command": "./bin/mtopolnik-rs/aot/1brc ./inputs/measurements.txt",
      "mean": 0.87660628824,
      "stddev": 0.0020947917291318677,
      "median": 0.87644615104,
      "user": 15.59228258,
      "system": 0.71272012,
      "min": 0.87464271104,
      "max": 0.87972460504,
      "times": [
        0.87644615104,
        0.87479505904,
        0.87972460504,
        0.87464271104,
        0.87742291504
      ],
      "exit_codes": [
        0,
        0,
        0,
        0,
        0
      ]
    }
  ]
}
