{
  "results": [
    {
      "command": "./calculate_average_mtopolnik.sh",
      "mean": 0.7181061821000001,
      "stddev": 0.023560379078654284,
      "median": 0.7085165839,
      "user": 0.0042964200000000004,
      "system": 0.0028163759999999998,
      "min": 0.7051995209,
      "max": 0.7601628079000001,
      "times": [
        0.7601628079000001,
        0.7085165839,
        0.7073879659000001,
        0.7092640319000001,
        0.7051995209
      ],
      "exit_codes": [
        0,
        0,
        0,
        0,
        0
      ]
    }
  ]
}
