{
  "results": [
    {
      "command": "./bin/mtopolnik-rs/aot/1brc ./inputs/measurements.txt",
      "mean": 0.6022755719599999,
      "stddev": 0.007169152775530851,
      "median": 0.60093835116,
      "user": 29.840505359999998,
      "system": 2.8637584599999997,
      "min": 0.59391725516,
      "max": 0.61050152816,
      "times": [
        0.60093835116,
        0.59391725516,
        0.61050152816,
        0.6087196181600001,
        0.5973011071600001
      ],
      "exit_codes": [
        0,
        0,
        0,
        0,
        0
      ]
    }
  ]
}
