{
  "results": [
    {
      "command": "./bin/mtopolnik-rs/aot/1brc ./inputs/measurements.txt",
      "mean": 0.8606694475800001,
      "stddev": 0.00034305363339906346,
      "median": 0.8608241001800001,
      "user": 29.76229872,
      "system": 1.3237945,
      "min": 0.8602396591800001,
      "max": 0.8610036511800001,
      "times": [
        0.8608241001800001,
        0.8602396591800001,
        0.8603672681800001,
        0.8609125591800001,
        0.8610036511800001
      ],
      "exit_codes": [
        0,
        0,
        0,
        0,
        0
      ]
    }
  ]
}
