{
  "results": [
    {
      "command": "./bin/mtopolnik-rs/aot/1brc ./inputs/measurements.txt",
      "mean": 1.5363655707000001,
      "stddev": 0.0007483553656580059,
      "median": 1.5366275627000001,
      "user": 15.618740820000003,
      "system": 0.59559694,
      "min": 1.5351094237,
      "max": 1.5370076177000003,
      "times": [
        1.5367859437000002,
        1.5362973057,
        1.5366275627000001,
        1.5351094237,
        1.5370076177000003
      ],
      "exit_codes": [
        0,
        0,
        0,
        0,
        0
      ]
    }
  ]
}
