{
  "results": [
    {
      "command": "./bin/mtopolnik-rs/aot/1brc ./inputs/measurements.txt",
      "mean": 2.8681663344,
      "stddev": 0.001165276338716751,
      "median": 2.8682866188,
      "user": 15.576304539999999,
      "system": 0.61429096,
      "min": 2.8664079398,
      "max": 2.8694768418,
      "times": [
        2.8688564268,
        2.8678038448,
        2.8664079398,
        2.8694768418,
        2.8682866188
      ],
      "exit_codes": [
        0,
        0,
        0,
        0,
        0
      ]
    }
  ]
}
