{
  "results": [
    {
      "command": "./bin/mtopolnik-rs/aot/1brc ./inputs/measurements.txt",
      "mean": 2.70335915508,
      "stddev": 0.0033700401657522313,
      "median": 2.7043678870799996,
      "user": 29.307078519999997,
      "system": 0.93270248,
      "min": 2.6998875290799997,
      "max": 2.7075689280799997,
      "times": [
        2.6998875290799997,
        2.6999253470799998,
        2.7050460840799997,
        2.7043678870799996,
        2.7075689280799997
      ],
      "exit_codes": [
        0,
        0,
        0,
        0,
        0
      ]
    }
  ]
}
