{
  "results": [
    {
      "command": "./calculate_average_mtopolnik.sh",
      "mean": 0.46936488471999993,
      "stddev": 0.007461121256919529,
      "median": 0.46619810172000004,
      "user": 0.00266324,
      "system": 0.00466904,
      "min": 0.46288676672,
      "max": 0.48161115972,
      "times": [
        0.47100732272,
        0.46288676672,
        0.46512107272000003,
        0.48161115972,
        0.46619810172000004
      ],
      "exit_codes": [
        0,
        0,
        0,
        0,
        0
      ]
    }
  ]
}
