{
  "results": [
    {
      "command": "./bin/mtopolnik-rs/aot/1brc ./inputs/measurements.txt",
      "mean": 1.46190851598,
      "stddev": 0.0005133818090659667,
      "median": 1.46173329058,
      "user": 29.42039148,
      "system": 0.9560821799999999,
      "min": 1.46147937458,
      "max": 1.4627961445800002,
      "times": [
        1.4627961445800002,
        1.46169147258,
        1.46173329058,
        1.46184229758,
        1.46147937458
      ],
      "exit_codes": [
        0,
        0,
        0,
        0,
        0
      ]
    }
  ]
}
