{
  "results": [
    {
      "command": "./calculate_average_mtopolnik.sh",
      "mean": 1.2998776409000001,
      "stddev": 0.041009221060019294,
      "median": 1.2818018157,
      "user": 0.0026715600000000003,
      "system": 0.0042062,
      "min": 1.2796659867,
      "max": 1.3731875767000001,
      "times": [
        1.3731875767000001,
        1.2838061197000001,
        1.2809267057,
        1.2796659867,
        1.2818018157
      ],
      "exit_codes": [
        0,
        0,
        0,
        0,
        0
      ]
    }
  ]
}
