{
  "results": [
    {
      "command": "./calculate_average_mtopolnik.sh",
      "mean": 1.02613753086,
      "stddev": 0.01699441083050095,
      "median": 1.02513212466,
      "user": 0.0038445600000000003,
      "system": 0.003103552,
      "min": 1.0086754476600002,
      "max": 1.0495760946600001,
      "times": [
        1.03564329766,
        1.0495760946600001,
        1.02513212466,
        1.0086754476600002,
        1.01166068966
      ],
      "exit_codes": [
        0,
        0,
        0,
        0,
        0
      ]
    }
  ]
}
