{
  "results": [
    {
      "command": "./bin/nietras/aot/1brc ./inputs/measurements.txt",
      "mean": 2.7046135574999997,
      "stddev": 0.03863644805451793,
      "median": 2.7011213123,
      "user": 14.321980419999997,
      "system": 0.55214486,
      "min": 2.6519806233,
      "max": 2.7471626063,
      "times": [
        2.6860431753,
        2.6519806233,
        2.7011213123,
        2.7367600703,
        2.7471626063
      ],
      "exit_codes": [
        0,
        0,
        0,
        0,
        0
      ]
    }
  ]
}
