{
  "results": [
    {
      "command": "./bin/nietras/aot/1brc ./inputs/measurements.txt",
      "mean": 1.9438701734600001,
      "stddev": 0.009556711367256707,
      "median": 1.94338600046,
      "user": 20.139248199999997,
      "system": 0.7821498999999998,
      "min": 1.92920933646,
      "max": 1.95370432046,
      "times": [
        1.94209078346,
        1.92920933646,
        1.95096042646,
        1.94338600046,
        1.95370432046
      ],
      "exit_codes": [
        0,
        0,
        0,
        0,
        0
      ]
    }
  ]
}
