{
  "results": [
    {
      "command": "./bin/nietras/aot/1brc ./inputs/measurements.txt",
      "mean": 0.8286831472200001,
      "stddev": 0.006795524923810415,
      "median": 0.8268920298200001,
      "user": 14.265596879999999,
      "system": 0.61041886,
      "min": 0.8211084418200001,
      "max": 0.8393462868200001,
      "times": [
        0.82584493282,
        0.8302240448200001,
        0.8211084418200001,
        0.8393462868200001,
        0.8268920298200001
      ],
      "exit_codes": [
        0,
        0,
        0,
        0,
        0
      ]
    }
  ]
}
