{
  "results": [
    {
      "command": "./bin/nietras/aot/1brc ./inputs/measurements.txt",
      "mean": 0.64293133142,
      "stddev": 0.0030761982199586477,
      "median": 0.6423630206200001,
      "user": 20.17632714,
      "system": 0.7866063799999999,
      "min": 0.63978985062,
      "max": 0.6480805336200001,
      "times": [
        0.64197724562,
        0.63978985062,
        0.6423630206200001,
        0.6480805336200001,
        0.6424460066200001
      ],
      "exit_codes": [
        0,
        0,
        0,
        0,
        0
      ]
    }
  ]
}
