{
  "results": [
    {
      "command": "./bin/nietras/aot/1brc ./inputs/measurements.txt",
      "mean": 1.46255890218,
      "stddev": 0.017660056607885933,
      "median": 1.4602237259800002,
      "user": 14.2894185,
      "system": 0.5759247,
      "min": 1.4472623769800002,
      "max": 1.49115835798,
      "times": [
        1.4472623769800002,
        1.49115835798,
        1.4602237259800002,
        1.4490127989800001,
        1.46513725098
      ],
      "exit_codes": [
        0,
        0,
        0,
        0,
        0
      ]
    }
  ]
}
