{
  "results": [
    {
      "command": "./bin/nietras/aot/1brc ./inputs/measurements.txt",
      "mean": 0.4691811088400001,
      "stddev": 0.01166687752882235,
      "median": 0.46825337184,
      "user": 20.397890079999996,
      "system": 1.16143362,
      "min": 0.45642841884,
      "max": 0.48675698784,
      "times": [
        0.47291112584,
        0.48675698784,
        0.46155563984,
        0.45642841884,
        0.46825337184
      ],
      "exit_codes": [
        0,
        0,
        0,
        0,
        0
      ]
    }
  ]
}
