{
  "results": [
    {
      "command": "./bin/nietras/aot/1brc ./inputs/measurements.txt",
      "mean": 0.55019307016,
      "stddev": 0.03461731259153389,
      "median": 0.53788237156,
      "user": 14.48032514,
      "system": 0.70182194,
      "min": 0.52916820056,
      "max": 0.61164171356,
      "times": [
        0.53788237156,
        0.61164171356,
        0.52916820056,
        0.53234663756,
        0.53992642756
      ],
      "exit_codes": [
        0,
        0,
        0,
        0,
        0
      ]
    }
  ]
}
