{
  "results": [
    {
      "command": "./bin/nietras/aot/1brc ./inputs/measurements.txt",
      "mean": 1.07517644744,
      "stddev": 0.01143067735233643,
      "median": 1.07213998024,
      "user": 20.184874599999997,
      "system": 0.7572170999999999,
      "min": 1.06224960224,
      "max": 1.08736326124,
      "times": [
        1.06730076624,
        1.06224960224,
        1.07213998024,
        1.08736326124,
        1.08682862724
      ],
      "exit_codes": [
        0,
        0,
        0,
        0,
        0
      ]
    }
  ]
}
