{
  "results": [
    {
      "command": "./bin/NimaAra/aot/1brc ./inputs/measurements.txt",
      "mean": 1.55822340258,
      "stddev": 0.008061670684272052,
      "median": 1.55387855798,
      "user": 63.005425020000004,
      "system": 1.0935994199999999,
      "min": 1.5520954659800001,
      "max": 1.57060570998,
      "times": [
        1.5520954659800001,
        1.55387855798,
        1.5621873879800001,
        1.57060570998,
        1.5523498909800002
      ],
      "exit_codes": [
        0,
        0,
        0,
        0,
        0
      ]
    }
  ]
}
