{
  "results": [
    {
      "command": "./bin/NimaAra/aot/1brc ./inputs/measurements.txt",
      "mean": 0.9433422792600001,
      "stddev": 0.0028258601615376864,
      "median": 0.9430325686600001,
      "user": 63.30748719999999,
      "system": 1.3801762999999998,
      "min": 0.94000403066,
      "max": 0.94782698866,
      "times": [
        0.94257790966,
        0.94000403066,
        0.94326989866,
        0.94782698866,
        0.9430325686600001
      ],
      "exit_codes": [
        0,
        0,
        0,
        0,
        0
      ]
    }
  ]
}
