{
  "results": [
    {
      "command": "./bin/NimaAra/aot/1brc ./inputs/measurements.txt",
      "mean": 3.1910317719999997,
      "stddev": 0.011322983191463364,
      "median": 3.1924111738,
      "user": 35.46676676,
      "system": 0.6237555,
      "min": 3.1778258378,
      "max": 3.2065035568,
      "times": [
        3.1778258378,
        3.2065035568,
        3.1824815798,
        3.1959367118,
        3.1924111738
      ],
      "exit_codes": [
        0,
        0,
        0,
        0,
        0
      ]
    }
  ]
}
