{
  "results": [
    {
      "command": "./bin/NimaAra/aot/1brc ./inputs/measurements.txt",
      "mean": 6.1565242482,
      "stddev": 0.005406856209267293,
      "median": 6.1533044604,
      "user": 35.33108272,
      "system": 0.6744558599999999,
      "min": 6.1522254654,
      "max": 6.164679636400001,
      "times": [
        6.1533044604,
        6.1522254654,
        6.159475142400001,
        6.1529365364,
        6.164679636400001
      ],
      "exit_codes": [
        0,
        0,
        0,
        0,
        0
      ]
    }
  ]
}
