{
  "results": [
    {
      "command": "./bin/NimaAra/aot/1brc ./inputs/measurements.txt",
      "mean": 1.07207862318,
      "stddev": 0.005067839465174932,
      "median": 1.07145099438,
      "user": 40.038526260000005,
      "system": 0.8407002199999999,
      "min": 1.06720448738,
      "max": 1.08030736338,
      "times": [
        1.0726059693799999,
        1.08030736338,
        1.0688243013799998,
        1.07145099438,
        1.06720448738
      ],
      "exit_codes": [
        0,
        0,
        0,
        0,
        0
      ]
    }
  ]
}
