{
  "results": [
    {
      "command": "./bin/NimaAra/aot/1brc ./inputs/measurements.txt",
      "mean": 4.94975955828,
      "stddev": 0.017035353183318204,
      "median": 4.94521757468,
      "user": 56.31937959999999,
      "system": 0.8945765800000001,
      "min": 4.92954598768,
      "max": 4.96862454668,
      "times": [
        4.92954598768,
        4.93931906868,
        4.96609061368,
        4.94521757468,
        4.96862454668
      ],
      "exit_codes": [
        0,
        0,
        0,
        0,
        0
      ]
    }
  ]
}
