{
  "results": [
    {
      "command": "./bin/NimaAra/aot/1brc ./inputs/measurements.txt",
      "mean": 2.58219673722,
      "stddev": 0.004563853295558545,
      "median": 2.57986297162,
      "user": 56.30897997999999,
      "system": 0.907494,
      "min": 2.57766660362,
      "max": 2.58826503462,
      "times": [
        2.57986297162,
        2.58577303862,
        2.57941603762,
        2.58826503462,
        2.57766660362
      ],
      "exit_codes": [
        0,
        0,
        0,
        0,
        0
      ]
    }
  ]
}
