{
  "results": [
    {
      "command": "./bin/NimaAra/aot/1brc ./inputs/measurements.txt",
      "mean": 1.8795354674999998,
      "stddev": 0.0008208966003196175,
      "median": 1.8794788889,
      "user": 39.62261846,
      "system": 0.72122848,
      "min": 1.8785988529000002,
      "max": 1.8805176819000002,
      "times": [
        1.8785988529000002,
        1.8788889479000002,
        1.8805176819000002,
        1.8794788889,
        1.8801929659
      ],
      "exit_codes": [
        0,
        0,
        0,
        0,
        0
      ]
    }
  ]
}
