{
  "results": [
    {
      "command": "./bin/noahfalk/aot/1brc ./inputs/measurements.txt",
      "mean": 1.22456868518,
      "stddev": 0.009952410188102176,
      "median": 1.22260094238,
      "user": 11.9237709,
      "system": 2.52464418,
      "min": 1.2154357703799998,
      "max": 1.23952265338,
      "times": [
        1.21640205538,
        1.23952265338,
        1.22260094238,
        1.2154357703799998,
        1.22888200438
      ],
      "exit_codes": [
        0,
        0,
        0,
        0,
        0
      ]
    }
  ]
}
