{
  "results": [
    {
      "command": "./bin/noahfalk/aot/1brc ./inputs/measurements.txt",
      "mean": 0.6999801974200002,
      "stddev": 0.0013058839308477967,
      "median": 0.7007257074200001,
      "user": 6.429024519999999,
      "system": 1.6967253199999999,
      "min": 0.6978375804200001,
      "max": 0.7008884944200001,
      "times": [
        0.6978375804200001,
        0.7008288654200001,
        0.6996203394200001,
        0.7007257074200001,
        0.7008884944200001
      ],
      "exit_codes": [
        0,
        0,
        0,
        0,
        0
      ]
    }
  ]
}
