{
  "results": [
    {
      "command": "./bin/noahfalk/aot/1brc ./inputs/measurements.txt",
      "mean": 0.31454183116,
      "stddev": 0.007572571302406707,
      "median": 0.31301697616,
      "user": 7.4593655,
      "system": 3.3681683,
      "min": 0.30746095316,
      "max": 0.32629482716,
      "times": [
        0.32629482716,
        0.31708072816,
        0.30885567116,
        0.31301697616,
        0.30746095316
      ],
      "exit_codes": [
        0,
        0,
        0,
        0,
        0
      ]
    }
  ]
}
