{
  "results": [
    {
      "command": "./bin/noahfalk/aot/1brc ./inputs/measurements.txt",
      "mean": 1.35863544734,
      "stddev": 0.003567449792841952,
      "median": 1.3595286557400001,
      "user": 6.34734892,
      "system": 1.717082,
      "min": 1.35296159574,
      "max": 1.36159217174,
      "times": [
        1.36148529474,
        1.35296159574,
        1.36159217174,
        1.35760951874,
        1.3595286557400001
      ],
      "exit_codes": [
        0,
        0,
        0,
        0,
        0
      ]
    }
  ]
}
