{
  "results": [
    {
      "command": "./bin/noahfalk/aot/1brc ./inputs/measurements.txt",
      "mean": 0.3866558889400001,
      "stddev": 0.025812195555927637,
      "median": 0.37941846974000004,
      "user": 12.84603942,
      "system": 4.00991214,
      "min": 0.35601584474000003,
      "max": 0.42052168074,
      "times": [
        0.40476989974000005,
        0.37941846974000004,
        0.37255354974000005,
        0.35601584474000003,
        0.42052168074
      ],
      "exit_codes": [
        0,
        0,
        0,
        0,
        0
      ]
    }
  ]
}
