{
  "results": [
    {
      "command": "./bin/noahfalk/aot/1brc ./inputs/measurements.txt",
      "mean": 0.39442413202,
      "stddev": 0.0020799599581813244,
      "median": 0.39531356482,
      "user": 13.317725379999999,
      "system": 2.7832472200000002,
      "min": 0.39075549682000005,
      "max": 0.39565288982,
      "times": [
        0.39565288982,
        0.39561358482000003,
        0.39075549682000005,
        0.39478512382000003,
        0.39531356482
      ],
      "exit_codes": [
        0,
        0,
        0,
        0,
        0
      ]
    }
  ]
}
