{
  "results": [
    {
      "command": "./bin/noahfalk/aot/1brc ./inputs/measurements.txt",
      "mean": 0.41015137018000003,
      "stddev": 0.0009973177245425398,
      "median": 0.40994207298,
      "user": 7.25609862,
      "system": 1.8525324399999998,
      "min": 0.40884986598,
      "max": 0.41160010998,
      "times": [
        0.41044705098,
        0.40991775098,
        0.40994207298,
        0.40884986598,
        0.41160010998
      ],
      "exit_codes": [
        0,
        0,
        0,
        0,
        0
      ]
    }
  ]
}
