{
  "results": [
    {
      "command": "./bin/noahfalk/aot/1brc ./inputs/measurements.txt",
      "mean": 0.64352602796,
      "stddev": 0.0019939427379343103,
      "median": 0.64312552796,
      "user": 12.023207359999997,
      "system": 2.5243518400000005,
      "min": 0.64166411096,
      "max": 0.64603934296,
      "times": [
        0.64603934296,
        0.64166411096,
        0.64312552796,
        0.64167897096,
        0.64512218696
      ],
      "exit_codes": [
        0,
        0,
        0,
        0,
        0
      ]
    }
  ]
}
