{
  "results": [
    {
      "command": "./bin/pedrosakuma/aot/1brc ./inputs/measurements.txt",
      "mean": 2.95757827702,
      "stddev": 0.012050955369993508,
      "median": 2.95612019122,
      "user": 30.994507139999996,
      "system": 0.80884822,
      "min": 2.9435397242200003,
      "max": 2.97601867222,
      "times": [
        2.97601867222,
        2.95178701822,
        2.95612019122,
        2.96042577922,
        2.9435397242200003
      ],
      "exit_codes": [
        0,
        0,
        0,
        0,
        0
      ]
    }
  ]
}
