{
  "results": [
    {
      "command": "./bin/pedrosakuma/aot/1brc ./inputs/measurements.txt",
      "mean": 2.68560319508,
      "stddev": 0.0043694089716886375,
      "median": 2.68656458528,
      "user": 52.558764599999996,
      "system": 1.2573405199999999,
      "min": 2.67951085328,
      "max": 2.69135440328,
      "times": [
        2.68688323728,
        2.69135440328,
        2.67951085328,
        2.68656458528,
        2.6837028962800002
      ],
      "exit_codes": [
        0,
        0,
        0,
        0,
        0
      ]
    }
  ]
}
