{
  "results": [
    {
      "command": "./bin/pedrosakuma/aot/1brc ./inputs/measurements.txt",
      "mean": 1.94212056366,
      "stddev": 0.005649317362207868,
      "median": 1.94047788646,
      "user": 34.93843478,
      "system": 1.0186479,
      "min": 1.93694117546,
      "max": 1.9516907064600002,
      "times": [
        1.94047788646,
        1.93956943146,
        1.93694117546,
        1.9516907064600002,
        1.94192361846
      ],
      "exit_codes": [
        0,
        0,
        0,
        0,
        0
      ]
    }
  ]
}
