{
  "results": [
    {
      "command": "./bin/pedrosakuma/aot/1brc ./inputs/measurements.txt",
      "mean": 1.4635053028799998,
      "stddev": 0.00370662993448108,
      "median": 1.4644401282800001,
      "user": 34.93505964,
      "system": 1.53394798,
      "min": 1.45752927328,
      "max": 1.46684979128,
      "times": [
        1.45752927328,
        1.46604844228,
        1.4626588792800002,
        1.46684979128,
        1.4644401282800001
      ],
      "exit_codes": [
        0,
        0,
        0,
        0,
        0
      ]
    }
  ]
}
