{
  "results": [
    {
      "command": "./bin/pedrosakuma/aot/1brc ./inputs/measurements.txt",
      "mean": 1.94722388828,
      "stddev": 0.004594521874920602,
      "median": 1.94780830328,
      "user": 59.22724906,
      "system": 1.7855512,
      "min": 1.94242551928,
      "max": 1.95376133428,
      "times": [
        1.95376133428,
        1.94242551928,
        1.94780830328,
        1.94885813328,
        1.94326615128
      ],
      "exit_codes": [
        0,
        0,
        0,
        0,
        0
      ]
    }
  ]
}
