{
  "results": [
    {
      "command": "./bin/pedrosakuma/aot/1brc ./inputs/measurements.txt",
      "mean": 5.44186630534,
      "stddev": 0.012638239328059055,
      "median": 5.43989568614,
      "user": 30.577246860000002,
      "system": 0.6896157599999999,
      "min": 5.42493048414,
      "max": 5.45994069014,
      "times": [
        5.45994069014,
        5.42493048414,
        5.43989568614,
        5.44553544314,
        5.4390292231399995
      ],
      "exit_codes": [
        0,
        0,
        0,
        0,
        0
      ]
    }
  ]
}
