{
  "results": [
    {
      "command": "./bin/pedrosakuma/aot/1brc ./inputs/measurements.txt",
      "mean": 4.787899250440001,
      "stddev": 0.014030017269718562,
      "median": 4.78501638084,
      "user": 52.663322359999995,
      "system": 1.08008922,
      "min": 4.769308340839999,
      "max": 4.80333312084,
      "times": [
        4.78501638084,
        4.769308340839999,
        4.80032633184,
        4.7815120778399995,
        4.80333312084
      ],
      "exit_codes": [
        0,
        0,
        0,
        0,
        0
      ]
    }
  ]
}
