{
  "results": [
    {
      "command": "./bin/pedrosakuma/aot/1brc ./inputs/measurements.txt",
      "mean": 1.7973137482,
      "stddev": 0.004065884886164835,
      "median": 1.7993038808000001,
      "user": 59.04324668,
      "system": 2.9482554399999996,
      "min": 1.7913376738000002,
      "max": 1.8009374068000001,
      "times": [
        1.7949204908,
        1.7913376738000002,
        1.8000692888,
        1.7993038808000001,
        1.8009374068000001
      ],
      "exit_codes": [
        0,
        0,
        0,
        0,
        0
      ]
    }
  ]
}
