{
  "results": [
    {
      "command": "./calculate_average_royvanrijn.sh",
      "mean": 1.2982133197999999,
      "stddev": 0.006125952553109429,
      "median": 1.3016104095999999,
      "user": 0.00249426,
      "system": 0.0019460719999999996,
      "min": 1.2894970626,
      "max": 1.3030790916,
      "times": [
        1.2894970626,
        1.3030790916,
        1.3016104095999999,
        1.3028455426,
        1.2940344925999998
      ],
      "exit_codes": [
        0,
        0,
        0,
        0,
        0
      ]
    }
  ]
}
