{
  "results": [
    {
      "command": "./calculate_average_royvanrijn.sh",
      "mean": 0.93816440472,
      "stddev": 0.003622721073850813,
      "median": 0.93803162892,
      "user": 0.0021256999999999995,
      "system": 0.002320912,
      "min": 0.93406553792,
      "max": 0.9439333119200001,
      "times": [
        0.9439333119200001,
        0.9366159609200001,
        0.93803162892,
        0.93406553792,
        0.93817558392
      ],
      "exit_codes": [
        0,
        0,
        0,
        0,
        0
      ]
    }
  ]
}
