{
  "results": [
    {
      "command": "./calculate_average_royvanrijn.sh",
      "mean": 1.82538246416,
      "stddev": 0.002392502255552666,
      "median": 1.8249325875600002,
      "user": 0.00283312,
      "system": 0.0016667359999999998,
      "min": 1.82263509656,
      "max": 1.82922741356,
      "times": [
        1.82922741356,
        1.8247825195600003,
        1.82533470356,
        1.8249325875600002,
        1.82263509656
      ],
      "exit_codes": [
        0,
        0,
        0,
        0,
        0
      ]
    }
  ]
}
