{
  "results": [
    {
      "command": "./calculate_average_royvanrijn.sh",
      "mean": 0.35429798024000003,
      "stddev": 0.009206707591416327,
      "median": 0.35574246564,
      "user": 0.00220886,
      "system": 0.0024925359999999996,
      "min": 0.34428552464,
      "max": 0.36561825764000006,
      "times": [
        0.36015998164,
        0.35574246564,
        0.36561825764000006,
        0.34568367164,
        0.34428552464
      ],
      "exit_codes": [
        0,
        0,
        0,
        0,
        0
      ]
    }
  ]
}
