{
  "results": [
    {
      "command": "./calculate_average_royvanrijn.sh",
      "mean": 0.40559156816,
      "stddev": 0.007522828858859626,
      "median": 0.40329744456,
      "user": 0.0018498200000000003,
      "system": 0.00300178,
      "min": 0.39796522156,
      "max": 0.41709614856,
      "times": [
        0.39796522156,
        0.40329744456,
        0.40862949856,
        0.40096952756,
        0.41709614856
      ],
      "exit_codes": [
        0,
        0,
        0,
        0,
        0
      ]
    }
  ]
}
