{
  "results": [
    {
      "command": "./calculate_average_royvanrijn.sh",
      "mean": 2.52364577858,
      "stddev": 0.005448232152569222,
      "median": 2.52338874838,
      "user": 0.004057379999999999,
      "system": 0.0004478879999999999,
      "min": 2.5159979723799997,
      "max": 2.53107485938,
      "times": [
        2.52232264438,
        2.5159979723799997,
        2.53107485938,
        2.52338874838,
        2.52544466838
      ],
      "exit_codes": [
        0,
        0,
        0,
        0,
        0
      ]
    }
  ]
}
