{
  "results": [
    {
      "command": "./calculate_average_royvanrijn.sh",
      "mean": 0.6838331718600001,
      "stddev": 0.0033777162185722525,
      "median": 0.6816231878600001,
      "user": 0.0024539,
      "system": 0.002012176,
      "min": 0.6810964378600001,
      "max": 0.68753922186,
      "times": [
        0.6813910158600001,
        0.68753922186,
        0.6816231878600001,
        0.6810964378600001,
        0.6875159958600001
      ],
      "exit_codes": [
        0,
        0,
        0,
        0,
        0
      ]
    }
  ]
}
