{
  "results": [
    {
      "command": "./calculate_average_royvanrijn.sh",
      "mean": 0.5108499225800001,
      "stddev": 0.009375187040474285,
      "median": 0.50787719878,
      "user": 0.0024641399999999996,
      "system": 0.002080936,
      "min": 0.5014344137800001,
      "max": 0.5233574227800001,
      "times": [
        0.50787719878,
        0.5177775257800001,
        0.5014344137800001,
        0.5038030517800001,
        0.5233574227800001
      ],
      "exit_codes": [
        0,
        0,
        0,
        0,
        0
      ]
    }
  ]
}
