{
  "results": [
    {
      "command": "./calculate_average_stephenvonworley.sh",
      "mean": 2.06289844528,
      "stddev": 0.0149189898029961,
      "median": 2.06894123088,
      "user": 0.0017802200000000003,
      "system": 0.00268754,
      "min": 2.0448442138800003,
      "max": 2.07820892688,
      "times": [
        2.07324854888,
        2.0448442138800003,
        2.07820892688,
        2.04924930588,
        2.06894123088
      ],
      "exit_codes": [
        0,
        0,
        0,
        0,
        0
      ]
    }
  ]
}
