{
  "results": [
    {
      "command": "./calculate_average_stephenvonworley.sh",
      "mean": 1.79176777676,
      "stddev": 0.007076182769665261,
      "median": 1.79099602316,
      "user": 0.0029215199999999995,
      "system": 0.00151884,
      "min": 1.7829517511600002,
      "max": 1.80276322916,
      "times": [
        1.7829517511600002,
        1.79086295016,
        1.79126493016,
        1.80276322916,
        1.79099602316
      ],
      "exit_codes": [
        0,
        0,
        0,
        0,
        0
      ]
    }
  ]
}
