{
  "results": [
    {
      "command": "./calculate_average_stephenvonworley.sh",
      "mean": 1.0426261720600003,
      "stddev": 0.0033807365610457546,
      "median": 1.0415440042600002,
      "user": 0.00305316,
      "system": 0.00133728,
      "min": 1.0395587262600001,
      "max": 1.04841906526,
      "times": [
        1.04214321526,
        1.04841906526,
        1.0415440042600002,
        1.0395587262600001,
        1.0414658492600002
      ],
      "exit_codes": [
        0,
        0,
        0,
        0,
        0
      ]
    }
  ]
}
