{
  "results": [
    {
      "command": "./calculate_average_stephenvonworley.sh",
      "mean": 0.31919301860000004,
      "stddev": 0.0043178896667442485,
      "median": 0.3177872952,
      "user": 0.00163538,
      "system": 0.0031140559999999996,
      "min": 0.3151239752,
      "max": 0.3257949092,
      "times": [
        0.3151239752,
        0.3257949092,
        0.3210608502,
        0.3161980632,
        0.3177872952
      ],
      "exit_codes": [
        0,
        0,
        0,
        0,
        0
      ]
    }
  ]
}
