{
  "results": [
    {
      "command": "./calculate_average_stephenvonworley.sh",
      "mean": 0.33378935384,
      "stddev": 0.004545357298030186,
      "median": 0.33380870924000006,
      "user": 0.0027851599999999996,
      "system": 0.00222936,
      "min": 0.32758325724000004,
      "max": 0.33821858824,
      "times": [
        0.33821858824,
        0.33805651024000005,
        0.33380870924000006,
        0.32758325724000004,
        0.33127970424000003
      ],
      "exit_codes": [
        0,
        0,
        0,
        0,
        0
      ]
    }
  ]
}
