{
  "results": [
    {
      "command": "./calculate_average_stephenvonworley.sh",
      "mean": 0.5206091005000001,
      "stddev": 0.0041126348569383376,
      "median": 0.5210594861000001,
      "user": 0.004003040000000001,
      "system": 0.000493968,
      "min": 0.5145204511000001,
      "max": 0.5259957041000001,
      "times": [
        0.5215514471000001,
        0.5145204511000001,
        0.5210594861000001,
        0.5259957041000001,
        0.5199184141000001
      ],
      "exit_codes": [
        0,
        0,
        0,
        0,
        0
      ]
    }
  ]
}
