{
  "results": [
    {
      "command": "./calculate_average_stephenvonworley.sh",
      "mean": 0.9143087871000001,
      "stddev": 0.003793049504202203,
      "median": 0.9148011161000001,
      "user": 0.0021940200000000005,
      "system": 0.002241176,
      "min": 0.9094951811,
      "max": 0.9197763991000001,
      "times": [
        0.9123969851000001,
        0.9094951811,
        0.9150742541000001,
        0.9197763991000001,
        0.9148011161000001
      ],
      "exit_codes": [
        0,
        0,
        0,
        0,
        0
      ]
    }
  ]
}
