{
  "results": [
    {
      "command": "./calculate_average_stephenvonworley.sh",
      "mean": 0.55133559322,
      "stddev": 0.006424968581756745,
      "median": 0.54843668842,
      "user": 0.0018372999999999996,
      "system": 0.002698328,
      "min": 0.54446068242,
      "max": 0.55983344042,
      "times": [
        0.54770594442,
        0.55624121042,
        0.55983344042,
        0.54843668842,
        0.54446068242
      ],
      "exit_codes": [
        0,
        0,
        0,
        0,
        0
      ]
    }
  ]
}
