{
  "results": [
    {
      "command": "./calculate_average_thomaswue.sh",
      "mean": 0.7823959428999999,
      "stddev": 0.0005040190211397766,
      "median": 0.7823082037,
      "user": 0.0021892999999999995,
      "system": 0.00194664,
      "min": 0.7818322837,
      "max": 0.7829325937,
      "times": [
        0.7823082037,
        0.7828983747,
        0.7818322837,
        0.7820082587,
        0.7829325937
      ],
      "exit_codes": [
        0,
        0,
        0,
        0,
        0
      ]
    }
  ]
}
