{
  "results": [
    {
      "command": "./calculate_average_thomaswue.sh",
      "mean": 1.54526329918,
      "stddev": 0.0006884282704381102,
      "median": 1.5454885735800001,
      "user": 0.0020931999999999995,
      "system": 0.002123384,
      "min": 1.54411029058,
      "max": 1.54578771958,
      "times": [
        1.5451828135799999,
        1.5457470985800001,
        1.54578771958,
        1.5454885735800001,
        1.54411029058
      ],
      "exit_codes": [
        0,
        0,
        0,
        0,
        0
      ]
    }
  ]
}
