{
  "results": [
    {
      "command": "./calculate_average_thomaswue.sh",
      "mean": 0.4355140874400001,
      "stddev": 0.0004318648656388809,
      "median": 0.43563055684000007,
      "user": 0.00304386,
      "system": 0.001068056,
      "min": 0.43506618184000007,
      "max": 0.43605713884,
      "times": [
        0.43563055684000007,
        0.43508075184000006,
        0.43506618184000007,
        0.43605713884,
        0.43573580784000004
      ],
      "exit_codes": [
        0,
        0,
        0,
        0,
        0
      ]
    }
  ]
}
