{
  "results": [
    {
      "command": "./calculate_average_thomaswue.sh",
      "mean": 0.25794109798,
      "stddev": 0.0004552257228960263,
      "median": 0.25782863218,
      "user": 0.0031310199999999996,
      "system": 0.001799624,
      "min": 0.25742323318,
      "max": 0.25862243218000003,
      "times": [
        0.25771240618,
        0.25862243218000003,
        0.25782863218,
        0.25811878618,
        0.25742323318
      ],
      "exit_codes": [
        0,
        0,
        0,
        0,
        0
      ]
    }
  ]
}
