{
  "results": [
    {
      "command": "./calculate_average_thomaswue.sh",
      "mean": 1.70966082986,
      "stddev": 0.011892618478987139,
      "median": 1.71144513986,
      "user": 0.0028065,
      "system": 0.0013787679999999998,
      "min": 1.69755977586,
      "max": 1.72498601486,
      "times": [
        1.72498601486,
        1.71144513986,
        1.71634123486,
        1.6979719838599998,
        1.69755977586
      ],
      "exit_codes": [
        0,
        0,
        0,
        0,
        0
      ]
    }
  ]
}
