{
  "results": [
    {
      "command": "./calculate_average_thomaswue.sh",
      "mean": 0.47366423191999996,
      "stddev": 0.001716639739220878,
      "median": 0.47346354252,
      "user": 0.00165026,
      "system": 0.00266832,
      "min": 0.47198488952,
      "max": 0.47595809852000004,
      "times": [
        0.47198488952,
        0.47479512752,
        0.47211950152000004,
        0.47346354252,
        0.47595809852000004
      ],
      "exit_codes": [
        0,
        0,
        0,
        0,
        0
      ]
    }
  ]
}
