{
  "results": [
    {
      "command": "./calculate_average_thomaswue.sh",
      "mean": 0.2643884195,
      "stddev": 0.0007733540515354445,
      "median": 0.2642638459,
      "user": 0.0020383800000000002,
      "system": 0.00251542,
      "min": 0.26343275790000004,
      "max": 0.2655902639,
      "times": [
        0.26425121490000003,
        0.2642638459,
        0.26343275790000004,
        0.2655902639,
        0.26440401490000004
      ],
      "exit_codes": [
        0,
        0,
        0,
        0,
        0
      ]
    }
  ]
}
