{
  "results": [
    {
      "command": "./calculate_average_thomaswue.sh",
      "mean": 0.8564951828400001,
      "stddev": 0.0036012193324553043,
      "median": 0.85484798224,
      "user": 0.0019440599999999998,
      "system": 0.00224084,
      "min": 0.8533833862400001,
      "max": 0.8619242382400001,
      "times": [
        0.8619242382400001,
        0.8583714252400001,
        0.85484798224,
        0.8533833862400001,
        0.8539488822400001
      ],
      "exit_codes": [
        0,
        0,
        0,
        0,
        0
      ]
    }
  ]
}
