{
  "results": [
    {
      "command": "./bin/xoofx/aot/1brc ./inputs/measurements.txt",
      "mean": 4.53423241408,
      "stddev": 0.023141627138355974,
      "median": 4.53604774768,
      "user": 25.313722879999993,
      "system": 1.5782673999999999,
      "min": 4.50868426068,
      "max": 4.56680349168,
      "times": [
        4.53604774768,
        4.56680349168,
        4.50868426068,
        4.51591717868,
        4.54370939168
      ],
      "exit_codes": [
        0,
        0,
        0,
        0,
        0
      ]
    }
  ]
}
