{
  "results": [
    {
      "command": "./bin/xoofx/aot/1brc ./inputs/measurements.txt",
      "mean": 3.43240255678,
      "stddev": 0.010511570492951214,
      "median": 3.4388527155800004,
      "user": 38.985599439999994,
      "system": 1.9167278799999998,
      "min": 3.42032180758,
      "max": 3.4419205665800003,
      "times": [
        3.4388527155800004,
        3.4216193085800004,
        3.42032180758,
        3.4419205665800003,
        3.4392983855800003
      ],
      "exit_codes": [
        0,
        0,
        0,
        0,
        0
      ]
    }
  ]
}
