{
  "results": [
    {
      "command": "./bin/xoofx/aot/1brc ./inputs/measurements.txt",
      "mean": 1.7258666859600003,
      "stddev": 0.012055428270577082,
      "median": 1.72015739656,
      "user": 38.835232739999995,
      "system": 2.03568252,
      "min": 1.71762934556,
      "max": 1.74688377556,
      "times": [
        1.7196697005600001,
        1.74688377556,
        1.71762934556,
        1.72499321156,
        1.72015739656
      ],
      "exit_codes": [
        0,
        0,
        0,
        0,
        0
      ]
    }
  ]
}
