{
  "results": [
    {
      "command": "./bin/xoofx/aot/1brc ./inputs/measurements.txt",
      "mean": 0.97795016024,
      "stddev": 0.007649851656185284,
      "median": 0.9743951456400001,
      "user": 43.66177252,
      "system": 2.16944018,
      "min": 0.97227233564,
      "max": 0.99118632764,
      "times": [
        0.97227233564,
        0.9743951456400001,
        0.97421707264,
        0.97767991964,
        0.99118632764
      ],
      "exit_codes": [
        0,
        0,
        0,
        0,
        0
      ]
    }
  ]
}
