{
  "results": [
    {
      "command": "./bin/xoofx/aot/1brc ./inputs/measurements.txt",
      "mean": 2.2711692821200002,
      "stddev": 0.00901590473598297,
      "median": 2.2724121409199998,
      "user": 25.236185039999995,
      "system": 1.6370522600000001,
      "min": 2.25682240592,
      "max": 2.28186570092,
      "times": [
        2.25682240592,
        2.2724121409199998,
        2.27285107592,
        2.28186570092,
        2.27189508692
      ],
      "exit_codes": [
        0,
        0,
        0,
        0,
        0
      ]
    }
  ]
}
