{
  "results": [
    {
      "command": "./bin/xoofx/aot/1brc ./inputs/measurements.txt",
      "mean": 0.5777663939000001,
      "stddev": 0.021970866558751436,
      "median": 0.5816294045000001,
      "user": 41.134561839999996,
      "system": 2.84148116,
      "min": 0.5485710765,
      "max": 0.6075662665,
      "times": [
        0.5846313615000001,
        0.5485710765,
        0.5816294045000001,
        0.6075662665,
        0.5664338605000001
      ],
      "exit_codes": [
        0,
        0,
        0,
        0,
        0
      ]
    }
  ]
}
