{
  "results": [
    {
      "command": "./bin/xoofx/aot/1brc ./inputs/measurements.txt",
      "mean": 1.2944397235000002,
      "stddev": 0.009811151593829224,
      "median": 1.2958228547000001,
      "user": 28.481768,
      "system": 1.8096995,
      "min": 1.2805105147,
      "max": 1.3070228477,
      "times": [
        1.2983431367,
        1.3070228477,
        1.2958228547000001,
        1.2805105147,
        1.2904992637
      ],
      "exit_codes": [
        0,
        0,
        0,
        0,
        0
      ]
    }
  ]
}
