{
  "results": [
    {
      "command": "./bin/xoofx/aot/1brc ./inputs/measurements.txt",
      "mean": 0.6721559158200001,
      "stddev": 0.002335351804643323,
      "median": 0.6714915262200001,
      "user": 28.547252559999997,
      "system": 2.3160371399999997,
      "min": 0.6697220302200001,
      "max": 0.6755047362200001,
      "times": [
        0.6734805182200001,
        0.6697220302200001,
        0.6714915262200001,
        0.6755047362200001,
        0.67058076822
      ],
      "exit_codes": [
        0,
        0,
        0,
        0,
        0
      ]
    }
  ]
}
