{
  "results": [
    {
      "command": "./calculate_average_abeobk.sh",
      "mean": 1.77315360612,
      "stddev": 0.0010891714276653286,
      "median": 1.77312099312,
      "user": 0.0030116199999999996,
      "system": 0.0009714879999999998,
      "min": 1.77159313412,
      "max": 1.77436929212,
      "times": [
        1.77312099312,
        1.7727258911200001,
        1.77436929212,
        1.77159313412,
        1.77395872012
      ],
      "exit_codes": [
        0,
        0,
        0,
        0,
        0
      ]
    }
  ]
}
