{
  "results": [
    {
      "command": "./calculate_average_abeobk.sh",
      "mean": 2.21575741414,
      "stddev": 0.0014985383573586767,
      "median": 2.21586713154,
      "user": 0.00149344,
      "system": 0.00244552,
      "min": 2.21379020554,
      "max": 2.21746424054,
      "times": [
        2.21746424054,
        2.21379020554,
        2.21687579854,
        2.21478969454,
        2.21586713154
      ],
      "exit_codes": [
        0,
        0,
        0,
        0,
        0
      ]
    }
  ]
}
