{
  "results": [
    {
      "command": "./calculate_average_artsiomkorzun.sh",
      "mean": 1.47174550482,
      "stddev": 0.0037776359251477,
      "median": 1.47054866742,
      "user": 0.00233898,
      "system": 0.0018847839999999998,
      "min": 1.46897390142,
      "max": 1.47815614342,
      "times": [
        1.46897390142,
        1.47815614342,
        1.47054866742,
        1.46912986742,
        1.47191894442
      ],
      "exit_codes": [
        0,
        0,
        0,
        0,
        0
      ]
    }
  ]
}
