{
  "results": [
    {
      "command": "./calculate_average_artsiomkorzun.sh",
      "mean": 1.5220429863000002,
      "stddev": 0.002727192330471564,
      "median": 1.5214396459,
      "user": 0.00246708,
      "system": 0.001501024,
      "min": 1.5194071039000001,
      "max": 1.5260149599000001,
      "times": [
        1.5194071039000001,
        1.5260149599000001,
        1.5198886819000001,
        1.5214396459,
        1.5234645399000002
      ],
      "exit_codes": [
        0,
        0,
        0,
        0,
        0
      ]
    }
  ]
}
