{
  "results": [
    {
      "command": "./bin/austindonisan/aot/1brc ./inputs/measurements.txt 6 1",
      "mean": 1.39778947178,
      "stddev": 0.003157596044165916,
      "median": 1.3982628155799999,
      "user": 0.0023533399999999998,
      "system": 0.001075568,
      "min": 1.39308762058,
      "max": 1.40182236958,
      "times": [
        1.40182236958,
        1.39308762058,
        1.3982628155799999,
        1.3970914135799999,
        1.39868313958
      ],
      "exit_codes": [
        0,
        0,
        0,
        0,
        0
      ]
    }
  ]
}
