{
  "results": [
    {
      "command": "./bin/austindonisan/aot/1brc ./inputs/measurements.txt 12 1",
      "mean": 0.7374418167400001,
      "stddev": 0.013212986355714796,
      "median": 0.7427374845400001,
      "user": 0.00117032,
      "system": 0.0016731200000000002,
      "min": 0.7141683605400001,
      "max": 0.7461799965400001,
      "times": [
        0.7141683605400001,
        0.7398715065400001,
        0.7427374845400001,
        0.7442517355400001,
        0.7461799965400001
      ],
      "exit_codes": [
        0,
        0,
        0,
        0,
        0
      ]
    }
  ]
}
