{
  "results": [
    {
      "command": "./bin/buybackoff/aot/1brc ./inputs/measurements.txt",
      "mean": 1.49171253488,
      "stddev": 0.0037972569948101407,
      "median": 1.48959234128,
      "user": 0.010075359999999998,
      "system": 0.0077269,
      "min": 1.48811266328,
      "max": 1.49717812228,
      "times": [
        1.49717812228,
        1.4941110422800001,
        1.48959234128,
        1.48811266328,
        1.48956850528
      ],
      "exit_codes": [
        0,
        0,
        0,
        0,
        0
      ]
    }
  ]
}
