{
  "results": [
    {
      "command": "./bin/buybackoff/aot/1brc ./inputs/measurements.txt",
      "mean": 1.5563526679800002,
      "stddev": 0.016234690011784427,
      "median": 1.5556168405800002,
      "user": 0.014385239999999999,
      "system": 0.00247948,
      "min": 1.53792929458,
      "max": 1.57777463958,
      "times": [
        1.5556168405800002,
        1.57777463958,
        1.5664648935799999,
        1.53792929458,
        1.54397767158
      ],
      "exit_codes": [
        0,
        0,
        0,
        0,
        0
      ]
    }
  ]
}
