{
  "results": [
    {
      "command": "./bin/CameronAavik/aot/1brc ./inputs/measurements.txt",
      "mean": 2.23339784044,
      "stddev": 0.015903278265276075,
      "median": 2.22752463224,
      "user": 21.38378178,
      "system": 0.8194785999999998,
      "min": 2.22205042624,
      "max": 2.26142652024,
      "times": [
        2.26142652024,
        2.22205042624,
        2.22752463224,
        2.22651315124,
        2.22947447224
      ],
      "exit_codes": [
        0,
        0,
        0,
        0,
        0
      ]
    }
  ]
}
