{
  "results": [
    {
      "command": "./bin/CameronAavik/aot/1brc ./inputs/measurements.txt",
      "mean": 2.8087434828199997,
      "stddev": 0.021462058827404616,
      "median": 2.8065288928200003,
      "user": 13.98938738,
      "system": 0.64336496,
      "min": 2.78270619782,
      "max": 2.84227939982,
      "times": [
        2.80285978182,
        2.8093431418200003,
        2.8065288928200003,
        2.78270619782,
        2.84227939982
      ],
      "exit_codes": [
        0,
        0,
        0,
        0,
        0
      ]
    }
  ]
}
