{
  "results": [
    {
      "command": "./bin/dzaima/aot/1brc ./inputs/measurements.txt",
      "mean": 2.14956425428,
      "stddev": 0.05828708062192731,
      "median": 2.13746968228,
      "user": 11.127815440000001,
      "system": 0.5538601999999999,
      "min": 2.07619945128,
      "max": 2.21631177928,
      "times": [
        2.07619945128,
        2.21631177928,
        2.11750422028,
        2.20033613828,
        2.13746968228
      ],
      "exit_codes": [
        0,
        0,
        0,
        0,
        0
      ]
    }
  ]
}
