{
  "results": [
    {
      "command": "./bin/dzaima/aot/1brc ./inputs/measurements.txt",
      "mean": 2.01832219014,
      "stddev": 0.005700870107533399,
      "median": 2.01844000294,
      "user": 13.13553254,
      "system": 0.67752518,
      "min": 2.01267522994,
      "max": 2.02555118794,
      "times": [
        2.02555118794,
        2.01267522994,
        2.01844000294,
        2.02218365994,
        2.01276086994
      ],
      "exit_codes": [
        0,
        0,
        0,
        0,
        0
      ]
    }
  ]
}
