{
  "results": [
    {
      "command": "./calculate_average_jerrinot.sh",
      "mean": 1.4540552089599998,
      "stddev": 0.0010023183598242816,
      "median": 1.45414978856,
      "user": 0.0026732600000000002,
      "system": 0.0018667160000000003,
      "min": 1.45245667956,
      "max": 1.45521492356,
      "times": [
        1.4543856615600002,
        1.45245667956,
        1.45406899156,
        1.45521492356,
        1.45414978856
      ],
      "exit_codes": [
        0,
        0,
        0,
        0,
        0
      ]
    }
  ]
}
