{
  "results": [
    {
      "command": "./calculate_average_jerrinot.sh",
      "mean": 2.04847330852,
      "stddev": 0.0029662319936893415,
      "median": 2.04930959232,
      "user": 0.002519679999999999,
      "system": 0.0019602400000000002,
      "min": 2.04471364632,
      "max": 2.05133019632,
      "times": [
        2.0460371733200002,
        2.05133019632,
        2.04930959232,
        2.0509759343200002,
        2.04471364632
      ],
      "exit_codes": [
        0,
        0,
        0,
        0,
        0
      ]
    }
  ]
}
