{
  "results": [
    {
      "command": "./bin/kpocza/aot/1brc ./inputs/measurements.txt",
      "mean": 2.1463441227799995,
      "stddev": 0.008287750068011376,
      "median": 2.14435463318,
      "user": 22.930544239999996,
      "system": 0.75730784,
      "min": 2.1370766681799997,
      "max": 2.1584971551799996,
      "times": [
        2.1416062221799996,
        2.1584971551799996,
        2.1370766681799997,
        2.1501859351799997,
        2.14435463318
      ],
      "exit_codes": [
        0,
        0,
        0,
        0,
        0
      ]
    }
  ]
}
