{
  "results": [
    {
      "command": "./bin/kpocza/aot/1brc ./inputs/measurements.txt",
      "mean": 3.5449559157399997,
      "stddev": 0.012940515165227236,
      "median": 3.54042545714,
      "user": 19.808892880000002,
      "system": 0.56115624,
      "min": 3.5305203351400003,
      "max": 3.56511447314,
      "times": [
        3.5305203351400003,
        3.56511447314,
        3.54847294014,
        3.54042545714,
        3.54024637314
      ],
      "exit_codes": [
        0,
        0,
        0,
        0,
        0
      ]
    }
  ]
}
