{
  "results": [
    {
      "command": "./bin/lehuyduc/aot/1brc ./inputs/measurements.txt",
      "mean": 1.57034512566,
      "stddev": 0.011656862732841333,
      "median": 1.56471654466,
      "user": 0.0014263799999999999,
      "system": 0.000130844,
      "min": 1.56262050566,
      "max": 1.5907299246600002,
      "times": [
        1.5907299246600002,
        1.56438828166,
        1.56471654466,
        1.56262050566,
        1.56927037166
      ],
      "exit_codes": [
        0,
        0,
        0,
        0,
        0
      ]
    }
  ]
}
