{
  "results": [
    {
      "command": "./bin/lehuyduc/aot/1brc ./inputs/measurements.txt",
      "mean": 2.20648259642,
      "stddev": 0.017552033639242078,
      "median": 2.20324392222,
      "user": 0.0012289999999999998,
      "system": 0.000273712,
      "min": 2.18324656822,
      "max": 2.23111935922,
      "times": [
        2.20324392222,
        2.2134527822199996,
        2.23111935922,
        2.18324656822,
        2.20135035022
      ],
      "exit_codes": [
        0,
        0,
        0,
        0,
        0
      ]
    }
  ]
}
