{
  "results": [
    {
      "command": "./bin/mtopolnik-rs/aot/1brc ./inputs/measurements.txt",
      "mean": 2.56797894612,
      "stddev": 0.004027424300833178,
      "median": 2.56750387492,
      "user": 28.040653799999994,
      "system": 0.8105340999999999,
      "min": 2.56359331092,
      "max": 2.57417698292,
      "times": [
        2.56750387492,
        2.5655622519200003,
        2.56905830992,
        2.56359331092,
        2.57417698292
      ],
      "exit_codes": [
        0,
        0,
        0,
        0,
        0
      ]
    }
  ]
}
