{
  "results": [
    {
      "command": "./calculate_average_mtopolnik.sh",
      "mean": 2.05928381146,
      "stddev": 0.005558545564672846,
      "median": 2.0612369790600003,
      "user": 0.0047775199999999995,
      "system": 0.0019628399999999996,
      "min": 2.0529653580600002,
      "max": 2.0649692610600003,
      "times": [
        2.0649692610600003,
        2.0612369790600003,
        2.06345364906,
        2.05379381006,
        2.0529653580600002
      ],
      "exit_codes": [
        0,
        0,
        0,
        0,
        0
      ]
    }
  ]
}
