{
  "results": [
    {
      "command": "./bin/mtopolnik-rs/aot/1brc ./inputs/measurements.txt",
      "mean": 3.38856898328,
      "stddev": 0.0037386824561694,
      "median": 3.38949352288,
      "user": 18.822641620000002,
      "system": 0.5911655,
      "min": 3.38210237988,
      "max": 3.39155423388,
      "times": [
        3.38911976188,
        3.38210237988,
        3.3905750178800003,
        3.39155423388,
        3.38949352288
      ],
      "exit_codes": [
        0,
        0,
        0,
        0,
        0
      ]
    }
  ]
}
