{
  "results": [
    {
      "command": "./calculate_average_mtopolnik.sh",
      "mean": 3.2308432203199997,
      "stddev": 0.013437202774891018,
      "median": 3.22781672992,
      "user": 0.0029587599999999995,
      "system": 0.0032128399999999994,
      "min": 3.2148439339199997,
      "max": 3.2465248329199996,
      "times": [
        3.2426541429199998,
        3.2148439339199997,
        3.2465248329199996,
        3.22781672992,
        3.2223764619199997
      ],
      "exit_codes": [
        0,
        0,
        0,
        0,
        0
      ]
    }
  ]
}
