{
  "results": [
    {
      "command": "./bin/nietras/aot/1brc ./inputs/measurements.txt",
      "mean": 2.0701452115000003,
      "stddev": 0.03379033463567341,
      "median": 2.0751637141000003,
      "user": 21.641545940000004,
      "system": 0.7362544599999999,
      "min": 2.0247341601,
      "max": 2.1117585191000003,
      "times": [
        2.0247341601,
        2.0751637141000003,
        2.0888659651,
        2.0502036991000003,
        2.1117585191000003
      ],
      "exit_codes": [
        0,
        0,
        0,
        0,
        0
      ]
    }
  ]
}
