{
  "results": [
    {
      "command": "./bin/nietras/aot/1brc ./inputs/measurements.txt",
      "mean": 3.3948489201200003,
      "stddev": 0.034125566812435885,
      "median": 3.3849801801200003,
      "user": 18.44291894,
      "system": 0.57403442,
      "min": 3.3504078991200004,
      "max": 3.42968827912,
      "times": [
        3.3802685741200005,
        3.42889966812,
        3.3504078991200004,
        3.42968827912,
        3.3849801801200003
      ],
      "exit_codes": [
        0,
        0,
        0,
        0,
        0
      ]
    }
  ]
}
