{
  "results": [
    {
      "command": "./bin/NimaAra/aot/1brc ./inputs/measurements.txt",
      "mean": 6.4921240222,
      "stddev": 0.01088395210494994,
      "median": 6.4971783654,
      "user": 37.4627582,
      "system": 0.67439944,
      "min": 6.4784902994,
      "max": 6.5030719133999995,
      "times": [
        6.4971783654,
        6.4825804713999995,
        6.4992990613999995,
        6.4784902994,
        6.5030719133999995
      ],
      "exit_codes": [
        0,
        0,
        0,
        0,
        0
      ]
    }
  ]
}
