{
  "results": [
    {
      "command": "./bin/NimaAra/aot/1brc ./inputs/measurements.txt",
      "mean": 4.90071831936,
      "stddev": 0.006836307898247182,
      "median": 4.89642433776,
      "user": 55.98088524,
      "system": 0.8556198400000001,
      "min": 4.89540477476,
      "max": 4.90888797876,
      "times": [
        4.89642433776,
        4.89541681576,
        4.90888797876,
        4.90745768976,
        4.89540477476
      ],
      "exit_codes": [
        0,
        0,
        0,
        0,
        0
      ]
    }
  ]
}
