{
  "results": [
    {
      "command": "./bin/noahfalk/aot/1brc ./inputs/measurements.txt",
      "mean": 1.28952229326,
      "stddev": 0.004546331430308193,
      "median": 1.28727605946,
      "user": 6.2362302,
      "system": 1.4167694999999998,
      "min": 1.2861757974599999,
      "max": 1.29733550446,
      "times": [
        1.2861757974599999,
        1.28962043546,
        1.28727605946,
        1.28720366946,
        1.29733550446
      ],
      "exit_codes": [
        0,
        0,
        0,
        0,
        0
      ]
    }
  ]
}
