{
  "results": [
    {
      "command": "./bin/noahfalk/aot/1brc ./inputs/measurements.txt",
      "mean": 1.13705376756,
      "stddev": 0.017169722399491806,
      "median": 1.1303490839600001,
      "user": 11.44759404,
      "system": 1.9681751199999997,
      "min": 1.12310594496,
      "max": 1.16670057396,
      "times": [
        1.13574417796,
        1.12936905696,
        1.12310594496,
        1.1303490839600001,
        1.16670057396
      ],
      "exit_codes": [
        0,
        0,
        0,
        0,
        0
      ]
    }
  ]
}
