{
  "results": [
    {
      "command": "./bin/pedrosakuma/aot/1brc ./inputs/measurements.txt",
      "mean": 4.77880493528,
      "stddev": 0.0647176043593909,
      "median": 4.75457115688,
      "user": 53.024253699999996,
      "system": 0.96090378,
      "min": 4.7400414368799995,
      "max": 4.8938678078799995,
      "times": [
        4.75863347888,
        4.8938678078799995,
        4.74691079588,
        4.7400414368799995,
        4.75457115688
      ],
      "exit_codes": [
        0,
        0,
        0,
        0,
        0
      ]
    }
  ]
}
