{
  "results": [
    {
      "command": "./bin/pedrosakuma/aot/1brc ./inputs/measurements.txt",
      "mean": 6.229462079380001,
      "stddev": 0.008802296439365417,
      "median": 6.23024374478,
      "user": 35.48862314,
      "system": 0.6762581799999999,
      "min": 6.21616152378,
      "max": 6.24018783278,
      "times": [
        6.23316546578,
        6.21616152378,
        6.24018783278,
        6.22755182978,
        6.23024374478
      ],
      "exit_codes": [
        0,
        0,
        0,
        0,
        0
      ]
    }
  ]
}
