{
  "results": [
    {
      "command": "./calculate_average_royvanrijn.sh",
      "mean": 1.9868477092599999,
      "stddev": 0.009823023645718632,
      "median": 1.98677740566,
      "user": 0.00290314,
      "system": 0.00107118,
      "min": 1.97467307766,
      "max": 2.00109282266,
      "times": [
        1.97467307766,
        2.00109282266,
        1.9898983586599999,
        1.98677740566,
        1.98179688166
      ],
      "exit_codes": [
        0,
        0,
        0,
        0,
        0
      ]
    }
  ]
}
