{
  "results": [
    {
      "command": "./calculate_average_royvanrijn.sh",
      "mean": 3.1800303654199995,
      "stddev": 0.01875041535230448,
      "median": 3.18772292862,
      "user": 0.0028381199999999995,
      "system": 0.001148996,
      "min": 3.15618983062,
      "max": 3.20124266662,
      "times": [
        3.18772292862,
        3.20124266662,
        3.1649287886199997,
        3.15618983062,
        3.19006761262
      ],
      "exit_codes": [
        0,
        0,
        0,
        0,
        0
      ]
    }
  ]
}
