{
  "results": [
    {
      "command": "./calculate_average_stephenvonworley.sh",
      "mean": 2.37138649136,
      "stddev": 0.0019713695646792983,
      "median": 2.3706064107600002,
      "user": 0.0023591199999999997,
      "system": 0.0017508559999999999,
      "min": 2.36956942276,
      "max": 2.37448525776,
      "times": [
        2.36956942276,
        2.37211209576,
        2.3701592697600002,
        2.37448525776,
        2.3706064107600002
      ],
      "exit_codes": [
        0,
        0,
        0,
        0,
        0
      ]
    }
  ]
}
