{
  "results": [
    {
      "command": "./calculate_average_stephenvonworley.sh",
      "mean": 1.83090329658,
      "stddev": 0.0017266921099879605,
      "median": 1.83115898118,
      "user": 0.00306808,
      "system": 0.0011154799999999999,
      "min": 1.8282325831800001,
      "max": 1.83301353518,
      "times": [
        1.83301353518,
        1.83139349518,
        1.8307178881800001,
        1.8282325831800001,
        1.83115898118
      ],
      "exit_codes": [
        0,
        0,
        0,
        0,
        0
      ]
    }
  ]
}
