{
  "results": [
    {
      "command": "./calculate_average_thomaswue.sh",
      "mean": 1.56422917476,
      "stddev": 0.005324112335894942,
      "median": 1.56534258416,
      "user": 0.0026849400000000002,
      "system": 0.001190624,
      "min": 1.55555511516,
      "max": 1.56975381816,
      "times": [
        1.55555511516,
        1.56377895616,
        1.56975381816,
        1.56534258416,
        1.56671540016
      ],
      "exit_codes": [
        0,
        0,
        0,
        0,
        0
      ]
    }
  ]
}
