{
  "results": [
    {
      "command": "./calculate_average_thomaswue.sh",
      "mean": 1.5317421107200002,
      "stddev": 0.002012122799256004,
      "median": 1.5307360621200001,
      "user": 0.00267032,
      "system": 0.0013834119999999999,
      "min": 1.53040386812,
      "max": 1.53515313012,
      "times": [
        1.5307360621200001,
        1.53197930412,
        1.53515313012,
        1.53043818912,
        1.53040386812
      ],
      "exit_codes": [
        0,
        0,
        0,
        0,
        0
      ]
    }
  ]
}
