{
  "results": [
    {
      "command": "./bin/xoofx/aot/1brc ./inputs/measurements.txt",
      "mean": 2.83174623234,
      "stddev": 0.05526958362643171,
      "median": 2.83663131694,
      "user": 31.48301502,
      "system": 1.63070734,
      "min": 2.7493995669399998,
      "max": 2.88614622494,
      "times": [
        2.8763586869399997,
        2.81019536594,
        2.7493995669399998,
        2.83663131694,
        2.88614622494
      ],
      "exit_codes": [
        0,
        0,
        0,
        0,
        0
      ]
    }
  ]
}
