{
  "results": [
    {
      "command": "./bin/xoofx/aot/1brc ./inputs/measurements.txt",
      "mean": 3.39898537854,
      "stddev": 0.0051630609145029574,
      "median": 3.4009620535400003,
      "user": 18.69814786,
      "system": 1.3107535000000001,
      "min": 3.39020237854,
      "max": 3.40312285654,
      "times": [
        3.39875449654,
        3.39020237854,
        3.4009620535400003,
        3.40188510754,
        3.40312285654
      ],
      "exit_codes": [
        0,
        0,
        0,
        0,
        0
      ]
    }
  ]
}
