{
  "results": [
    {
      "command": "./calculate_average_abeobk.sh",
      "mean": 0.70721851998,
      "stddev": 0.010127137338606923,
      "median": 0.70691278298,
      "user": 0.0023513600000000003,
      "system": 0.00474184,
      "min": 0.6970718259800001,
      "max": 0.7221311799800001,
      "times": [
        0.6970718259800001,
        0.7111061059800001,
        0.7221311799800001,
        0.6988707049800001,
        0.70691278298
      ],
      "exit_codes": [
        0,
        0,
        0,
        0,
        0
      ]
    }
  ]
}
