{
  "results": [
    {
      "command": "./calculate_average_abeobk.sh",
      "mean": 0.5393831583200001,
      "stddev": 0.008842343671722494,
      "median": 0.5373874871200001,
      "user": 0.0017242199999999998,
      "system": 0.00485854,
      "min": 0.5297310121200001,
      "max": 0.5530714091200001,
      "times": [
        0.5347468911200001,
        0.5530714091200001,
        0.5419789921200001,
        0.5373874871200001,
        0.5297310121200001
      ],
      "exit_codes": [
        0,
        0,
        0,
        0,
        0
      ]
    }
  ]
}
