{
  "results": [
    {
      "command": "./calculate_average_abeobk.sh",
      "mean": 1.96723082924,
      "stddev": 0.004358255643145463,
      "median": 1.96940556304,
      "user": 0.0026847999999999998,
      "system": 0.003988856,
      "min": 1.96098282404,
      "max": 1.9710584240400002,
      "times": [
        1.9710584240400002,
        1.96940556304,
        1.96439310404,
        1.9703142310400001,
        1.96098282404
      ],
      "exit_codes": [
        0,
        0,
        0,
        0,
        0
      ]
    }
  ]
}
