{
  "results": [
    {
      "command": "./calculate_average_abeobk.sh",
      "mean": 1.3581853759400002,
      "stddev": 0.008058757563812802,
      "median": 1.3568042853400002,
      "user": 0.0023590599999999996,
      "system": 0.00420398,
      "min": 1.3479674053400001,
      "max": 1.3686174313400001,
      "times": [
        1.35408106334,
        1.3568042853400002,
        1.3634566943400002,
        1.3479674053400001,
        1.3686174313400001
      ],
      "exit_codes": [
        0,
        0,
        0,
        0,
        0
      ]
    }
  ]
}
