{
  "results": [
    {
      "command": "./calculate_average_abeobk.sh",
      "mean": 4.14984002938,
      "stddev": 0.061643553980650204,
      "median": 4.11782772138,
      "user": 0.004073479999999999,
      "system": 0.002192388,
      "min": 4.1019124293800004,
      "max": 4.24424253938,
      "times": [
        4.18043366038,
        4.1047837963800005,
        4.11782772138,
        4.24424253938,
        4.1019124293800004
      ],
      "exit_codes": [
        0,
        0,
        0,
        0,
        0
      ]
    }
  ]
}
