{
  "results": [
    {
      "command": "./calculate_average_abeobk.sh",
      "mean": 0.42032815813999996,
      "stddev": 0.003061645949712302,
      "median": 0.41931962794,
      "user": 0.0021842599999999995,
      "system": 0.004631192,
      "min": 0.41683954094,
      "max": 0.42463823394,
      "times": [
        0.42211179294,
        0.41873159494,
        0.42463823394,
        0.41931962794,
        0.41683954094
      ],
      "exit_codes": [
        0,
        0,
        0,
        0,
        0
      ]
    }
  ]
}
