{
  "results": [
    {
      "command": "./calculate_average_abeobk.sh",
      "mean": 2.9122263187999997,
      "stddev": 0.02329010882870824,
      "median": 2.9087569546,
      "user": 0.00388798,
      "system": 0.0023461759999999997,
      "min": 2.8925884656000003,
      "max": 2.9501629286,
      "times": [
        2.8925884656000003,
        2.8942547976,
        2.9087569546,
        2.9153684476,
        2.9501629286
      ],
      "exit_codes": [
        0,
        0,
        0,
        0,
        0
      ]
    }
  ]
}
