{
  "results": [
    {
      "command": "./calculate_average_abeobk.sh",
      "mean": 0.94004778268,
      "stddev": 0.009139647716824502,
      "median": 0.93786615688,
      "user": 0.00220382,
      "system": 0.004741,
      "min": 0.92849370888,
      "max": 0.95243259688,
      "times": [
        0.95243259688,
        0.93786615688,
        0.94528285588,
        0.93616359488,
        0.92849370888
      ],
      "exit_codes": [
        0,
        0,
        0,
        0,
        0
      ]
    }
  ]
}
