{
  "results": [
    {
      "command": "./calculate_average_artsiomkorzun.sh",
      "mean": 1.47947882304,
      "stddev": 0.08407996036104659,
      "median": 1.47255135724,
      "user": 0.0018674199999999998,
      "system": 0.00498592,
      "min": 1.41229643924,
      "max": 1.62048520724,
      "times": [
        1.47427876724,
        1.62048520724,
        1.41229643924,
        1.47255135724,
        1.41778234424
      ],
      "exit_codes": [
        0,
        0,
        0,
        0,
        0
      ]
    }
  ]
}
