{
  "results": [
    {
      "command": "./calculate_average_artsiomkorzun.sh",
      "mean": 1.14534419226,
      "stddev": 0.010794218211685915,
      "median": 1.1430739966599999,
      "user": 0.00525306,
      "system": 0.0014847999999999999,
      "min": 1.1321334776599998,
      "max": 1.16057850866,
      "times": [
        1.1321334776599998,
        1.16057850866,
        1.1430739966599999,
        1.15067656866,
        1.14025840966
      ],
      "exit_codes": [
        0,
        0,
        0,
        0,
        0
      ]
    }
  ]
}
