{
  "results": [
    {
      "command": "./calculate_average_artsiomkorzun.sh",
      "mean": 0.36060274655999996,
      "stddev": 0.006779096382918064,
      "median": 0.36077116316,
      "user": 0.00212392,
      "system": 0.00552598,
      "min": 0.35302636116,
      "max": 0.37048613116,
      "times": [
        0.35578387416,
        0.37048613116,
        0.35302636116,
        0.36294620316000004,
        0.36077116316
      ],
      "exit_codes": [
        0,
        0,
        0,
        0,
        0
      ]
    }
  ]
}
