{
  "results": [
    {
      "command": "./calculate_average_artsiomkorzun.sh",
      "mean": 0.73014954136,
      "stddev": 0.0008787449446994331,
      "median": 0.72991860196,
      "user": 0.00224508,
      "system": 0.004996296,
      "min": 0.72923420896,
      "max": 0.73116642796,
      "times": [
        0.72991860196,
        0.73116642796,
        0.72923420896,
        0.72945424196,
        0.7309742259600001
      ],
      "exit_codes": [
        0,
        0,
        0,
        0,
        0
      ]
    }
  ]
}
