{
  "results": [
    {
      "command": "./calculate_average_artsiomkorzun.sh",
      "mean": 0.6182577112400001,
      "stddev": 0.003957093872783506,
      "median": 0.61978274264,
      "user": 0.0020752599999999998,
      "system": 0.004736280000000001,
      "min": 0.61145947964,
      "max": 0.62127837464,
      "times": [
        0.61828140864,
        0.62048655064,
        0.61145947964,
        0.61978274264,
        0.62127837464
      ],
      "exit_codes": [
        0,
        0,
        0,
        0,
        0
      ]
    }
  ]
}
