{
  "results": [
    {
      "command": "./calculate_average_artsiomkorzun.sh",
      "mean": 0.50166232272,
      "stddev": 0.0024678025793309103,
      "median": 0.50100982252,
      "user": 0.00235276,
      "system": 0.00510386,
      "min": 0.49913391852000005,
      "max": 0.5057864875200001,
      "times": [
        0.49913391852000005,
        0.5057864875200001,
        0.5009809205200001,
        0.5014004645200001,
        0.50100982252
      ],
      "exit_codes": [
        0,
        0,
        0,
        0,
        0
      ]
    }
  ]
}
