{
  "results": [
    {
      "command": "./calculate_average_artsiomkorzun.sh",
      "mean": 0.4915160042,
      "stddev": 0.0005627491437190374,
      "median": 0.4913311342,
      "user": 0.0013854599999999996,
      "system": 0.00583942,
      "min": 0.4909637432,
      "max": 0.49245869620000005,
      "times": [
        0.49131893320000003,
        0.4913311342,
        0.49245869620000005,
        0.4909637432,
        0.49150751420000005
      ],
      "exit_codes": [
        0,
        0,
        0,
        0,
        0
      ]
    }
  ]
}
