{
  "results": [
    {
      "command": "./calculate_average_artsiomkorzun.sh",
      "mean": 1.09303903594,
      "stddev": 0.005671898354450906,
      "median": 1.09168548074,
      "user": 32.98095862000001,
      "system": 6.5107257,
      "min": 1.0870832047399999,
      "max": 1.10226177874,
      "times": [
        1.09058431974,
        1.0870832047399999,
        1.09168548074,
        1.10226177874,
        1.0935803957399999
      ],
      "exit_codes": [
        0,
        0,
        0,
        0,
        0
      ]
    }
  ]
}
