{
  "results": [
    {
      "command": "./bin/austindonisan/aot/1brc ./inputs/measurements.txt 24 1",
      "mean": 0.63886844452,
      "stddev": 0.0016229767638178635,
      "median": 0.6390966891200001,
      "user": 0.012164360000000003,
      "system": 0.0047973519999999995,
      "min": 0.63635518712,
      "max": 0.64047067612,
      "times": [
        0.6390966891200001,
        0.63838296912,
        0.64047067612,
        0.63635518712,
        0.64003670112
      ],
      "exit_codes": [
        0,
        0,
        0,
        0,
        0
      ]
    }
  ]
}
