{
  "results": [
    {
      "command": "./bin/austindonisan/aot/1brc ./inputs/measurements.txt 48 1",
      "mean": 0.43788080164,
      "stddev": 0.0034769215285859354,
      "median": 0.43830321124,
      "user": 0.014254220000000001,
      "system": 0.009474100000000001,
      "min": 0.43298994524,
      "max": 0.44230156324000003,
      "times": [
        0.43298994524,
        0.43830321124,
        0.44230156324000003,
        0.43636959424,
        0.43943969424
      ],
      "exit_codes": [
        0,
        0,
        0,
        0,
        0
      ]
    }
  ]
}
