{
  "results": [
    {
      "command": "./bin/austindonisan/aot/1brc ./inputs/measurements.txt 192 1",
      "mean": 0.4908968595,
      "stddev": 0.0056805088007997155,
      "median": 0.48954905030000007,
      "user": 0.030461119999999998,
      "system": 0.052383219999999994,
      "min": 0.48413936930000007,
      "max": 0.4987003293,
      "times": [
        0.48413936930000007,
        0.49426124330000004,
        0.48954905030000007,
        0.48783430530000005,
        0.4987003293
      ],
      "exit_codes": [
        0,
        0,
        0,
        0,
        0
      ]
    }
  ]
}
