{
  "results": [
    {
      "command": "./bin/austindonisan/aot/1brc ./inputs/measurements.txt 24 1",
      "mean": 0.63591772416,
      "stddev": 0.008356255290941271,
      "median": 0.6321314931600001,
      "user": 0.009380499999999996,
      "system": 0.00957392,
      "min": 0.6274411031600001,
      "max": 0.64543291416,
      "times": [
        0.6274411031600001,
        0.6443202711600001,
        0.6321314931600001,
        0.63026283916,
        0.64543291416
      ],
      "exit_codes": [
        0,
        0,
        0,
        0,
        0
      ]
    }
  ]
}
