{
  "results": [
    {
      "command": "./bin/austindonisan/aot/1brc ./inputs/measurements.txt 48 1",
      "mean": 0.43232898564000005,
      "stddev": 0.006905626267855133,
      "median": 0.43425832044,
      "user": 0.013508919999999999,
      "system": 0.00956942,
      "min": 0.42057386044,
      "max": 0.43859037144,
      "times": [
        0.43282901144,
        0.43859037144,
        0.43539336444000004,
        0.42057386044,
        0.43425832044
      ],
      "exit_codes": [
        0,
        0,
        0,
        0,
        0
      ]
    }
  ]
}
