{
  "results": [
    {
      "command": "./bin/austindonisan/aot/1brc ./inputs/measurements.txt 12 1",
      "mean": 1.1229864493800001,
      "stddev": 0.010047117830819487,
      "median": 1.1271744539800002,
      "user": 0.0067385,
      "system": 0.007541299999999999,
      "min": 1.10574828298,
      "max": 1.13004681298,
      "times": [
        1.10574828298,
        1.1292445499800001,
        1.13004681298,
        1.12271814698,
        1.1271744539800002
      ],
      "exit_codes": [
        0,
        0,
        0,
        0,
        0
      ]
    }
  ]
}
