{
  "results": [
    {
      "command": "./bin/austindonisan/aot/1brc ./inputs/measurements.txt 96 1",
      "mean": 0.33246853562,
      "stddev": 0.0035509853628306214,
      "median": 0.33100097022,
      "user": 0.021726919999999997,
      "system": 0.02179172,
      "min": 0.33038283622000003,
      "max": 0.33879684322000003,
      "times": [
        0.33879684322000003,
        0.33094649722,
        0.33121553122,
        0.33038283622000003,
        0.33100097022
      ],
      "exit_codes": [
        0,
        0,
        0,
        0,
        0
      ]
    }
  ]
}
