{
  "results": [
    {
      "command": "./bin/austindonisan/aot/1brc ./inputs/measurements.txt 96 1",
      "mean": 0.33163698502,
      "stddev": 0.0019791053384139996,
      "median": 0.33148994462000003,
      "user": 0.02277268,
      "system": 0.026266240000000003,
      "min": 0.32882184662,
      "max": 0.33357325062000004,
      "times": [
        0.33083741862000005,
        0.33357325062000004,
        0.32882184662,
        0.33346246462,
        0.33148994462000003
      ],
      "exit_codes": [
        0,
        0,
        0,
        0,
        0
      ]
    }
  ]
}
