{
  "results": [
    {
      "command": "./bin/buybackoff/aot/1brc ./inputs/measurements.txt",
      "mean": 0.82320408712,
      "stddev": 0.008164133175419749,
      "median": 0.82555070992,
      "user": 0.012221179999999998,
      "system": 0.022345679999999996,
      "min": 0.80966814492,
      "max": 0.83128003892,
      "times": [
        0.82673768592,
        0.80966814492,
        0.82555070992,
        0.82278385592,
        0.83128003892
      ],
      "exit_codes": [
        0,
        0,
        0,
        0,
        0
      ]
    }
  ]
}
