{
  "results": [
    {
      "command": "./bin/buybackoff/aot/1brc ./inputs/measurements.txt",
      "mean": 1.5287544251000003,
      "stddev": 0.008217289267569896,
      "median": 1.5310418075000003,
      "user": 0.016618980000000002,
      "system": 0.01593692,
      "min": 1.5154415445000002,
      "max": 1.5375366885000001,
      "times": [
        1.5318743245000002,
        1.5154415445000002,
        1.5278777605,
        1.5375366885000001,
        1.5310418075000003
      ],
      "exit_codes": [
        0,
        0,
        0,
        0,
        0
      ]
    }
  ]
}
