{
  "results": [
    {
      "command": "./bin/buybackoff/aot/1brc ./inputs/measurements.txt",
      "mean": 0.54864974968,
      "stddev": 0.0017808207716061752,
      "median": 0.54870951068,
      "user": 0.02020342,
      "system": 0.02259132,
      "min": 0.5461111466799999,
      "max": 0.55113887668,
      "times": [
        0.54878849568,
        0.5485007186799999,
        0.55113887668,
        0.5461111466799999,
        0.54870951068
      ],
      "exit_codes": [
        0,
        0,
        0,
        0,
        0
      ]
    }
  ]
}
