{
  "results": [
    {
      "command": "./bin/buybackoff/aot/1brc ./inputs/measurements.txt",
      "mean": 0.6153557056400001,
      "stddev": 0.009099348145564633,
      "median": 0.61254635064,
      "user": 0.029477700000000003,
      "system": 0.1125268,
      "min": 0.60495741864,
      "max": 0.62927160264,
      "times": [
        0.61826291964,
        0.60495741864,
        0.61254635064,
        0.62927160264,
        0.61174023664
      ],
      "exit_codes": [
        0,
        0,
        0,
        0,
        0
      ]
    }
  ]
}
