{
  "results": [
    {
      "command": "./bin/buybackoff/aot/1brc ./inputs/measurements.txt",
      "mean": 0.4602772835400001,
      "stddev": 0.005172226214559223,
      "median": 0.46002707954000005,
      "user": 0.02916844,
      "system": 0.0390904,
      "min": 0.45497156754,
      "max": 0.46629275854,
      "times": [
        0.45543757454,
        0.46629275854,
        0.45497156754,
        0.46002707954000005,
        0.46465743754000005
      ],
      "exit_codes": [
        0,
        0,
        0,
        0,
        0
      ]
    }
  ]
}
