{
  "results": [
    {
      "command": "./bin/buybackoff/aot/1brc ./inputs/measurements.txt",
      "mean": 0.8316691673400001,
      "stddev": 0.002988692982161586,
      "median": 0.8328816745400001,
      "user": 0.01602304,
      "system": 0.02522368,
      "min": 0.82749161454,
      "max": 0.8345808905400001,
      "times": [
        0.8328816745400001,
        0.83373635154,
        0.82965530554,
        0.8345808905400001,
        0.82749161454
      ],
      "exit_codes": [
        0,
        0,
        0,
        0,
        0
      ]
    }
  ]
}
