{
  "results": [
    {
      "command": "./bin/buybackoff/aot/1brc ./inputs/measurements.txt",
      "mean": 0.59815845718,
      "stddev": 0.0026452465475160893,
      "median": 0.59847123298,
      "user": 0.023278180000000002,
      "system": 0.04853771999999999,
      "min": 0.59477998698,
      "max": 0.60072977798,
      "times": [
        0.60072977798,
        0.59477998698,
        0.59847123298,
        0.59619843598,
        0.60061285198
      ],
      "exit_codes": [
        0,
        0,
        0,
        0,
        0
      ]
    }
  ]
}
