{
  "results": [
    {
      "command": "./bin/buybackoff/aot/1brc ./inputs/measurements.txt",
      "mean": 1.6544025865199998,
      "stddev": 0.0712955581577112,
      "median": 1.65619286792,
      "user": 0.01409146,
      "system": 0.01510938,
      "min": 1.5649327789199998,
      "max": 1.76287831492,
      "times": [
        1.65619286792,
        1.6309478739199998,
        1.76287831492,
        1.65706109692,
        1.5649327789199998
      ],
      "exit_codes": [
        0,
        0,
        0,
        0,
        0
      ]
    }
  ]
}
