{
  "results": [
    {
      "command": "./bin/CameronAavik/aot/1brc ./inputs/measurements.txt",
      "mean": 1.8564264306600002,
      "stddev": 0.010339943713188244,
      "median": 1.8556055446600002,
      "user": 34.3981115,
      "system": 2.234222,
      "min": 1.84217209766,
      "max": 1.8687323156600002,
      "times": [
        1.86366466366,
        1.8556055446600002,
        1.85195753166,
        1.84217209766,
        1.8687323156600002
      ],
      "exit_codes": [
        0,
        0,
        0,
        0,
        0
      ]
    }
  ]
}
