{
  "results": [
    {
      "command": "./bin/CameronAavik/aot/1brc ./inputs/measurements.txt",
      "mean": 3.82782957,
      "stddev": 0.016558835157833164,
      "median": 3.8327215102000003,
      "user": 33.08166432,
      "system": 1.82223206,
      "min": 3.8020104802000003,
      "max": 3.8467371712,
      "times": [
        3.8020104802000003,
        3.8327215102000003,
        3.8467371712,
        3.8336708522,
        3.8240078362000003
      ],
      "exit_codes": [
        0,
        0,
        0,
        0,
        0
      ]
    }
  ]
}
