{
  "results": [
    {
      "command": "./bin/CameronAavik/aot/1brc ./inputs/measurements.txt",
      "mean": 1.8560243670199998,
      "stddev": 0.009494326092863747,
      "median": 1.85900508882,
      "user": 34.06857725999999,
      "system": 2.21118574,
      "min": 1.84595568782,
      "max": 1.86869101482,
      "times": [
        1.85900508882,
        1.84713989882,
        1.84595568782,
        1.86869101482,
        1.85933014482
      ],
      "exit_codes": [
        0,
        0,
        0,
        0,
        0
      ]
    }
  ]
}
