{
  "results": [
    {
      "command": "./bin/CameronAavik/aot/1brc ./inputs/measurements.txt",
      "mean": 3.5338433361799995,
      "stddev": 0.014698618069708534,
      "median": 3.5277748935799997,
      "user": 50.774877520000004,
      "system": 2.14656474,
      "min": 3.5189752885799996,
      "max": 3.55247552058,
      "times": [
        3.55247552058,
        3.54632022858,
        3.5277748935799997,
        3.52367074958,
        3.5189752885799996
      ],
      "exit_codes": [
        0,
        0,
        0,
        0,
        0
      ]
    }
  ]
}
