{
  "results": [
    {
      "command": "./bin/CameronAavik/aot/1brc ./inputs/measurements.txt",
      "mean": 2.8106059161599997,
      "stddev": 0.006976863142968582,
      "median": 2.8142504807599997,
      "user": 34.78957798,
      "system": 1.9518412600000001,
      "min": 2.80052998976,
      "max": 2.8174530507599997,
      "times": [
        2.81445571676,
        2.8142504807599997,
        2.8174530507599997,
        2.80052998976,
        2.80634034276
      ],
      "exit_codes": [
        0,
        0,
        0,
        0,
        0
      ]
    }
  ]
}
