{
  "results": [
    {
      "command": "./bin/CameronAavik/aot/1brc ./inputs/measurements.txt",
      "mean": 1.8590443343,
      "stddev": 0.006528431613384513,
      "median": 1.8588989325,
      "user": 34.28884691999999,
      "system": 2.1264529199999997,
      "min": 1.8499564855000001,
      "max": 1.8664138395,
      "times": [
        1.8639652645,
        1.8664138395,
        1.8499564855000001,
        1.8559871495,
        1.8588989325
      ],
      "exit_codes": [
        0,
        0,
        0,
        0,
        0
      ]
    }
  ]
}
