{
  "results": [
    {
      "command": "./bin/CameronAavik/aot/1brc ./inputs/measurements.txt",
      "mean": 2.25077535866,
      "stddev": 0.015466202875940166,
      "median": 2.24454716806,
      "user": 40.72837212,
      "system": 2.1000887400000003,
      "min": 2.23811005006,
      "max": 2.27680283306,
      "times": [
        2.23811005006,
        2.25243986706,
        2.24454716806,
        2.27680283306,
        2.24197687506
      ],
      "exit_codes": [
        0,
        0,
        0,
        0,
        0
      ]
    }
  ]
}
