{
  "results": [
    {
      "command": "./bin/CameronAavik/aot/1brc ./inputs/measurements.txt",
      "mean": 1.8628432273800002,
      "stddev": 0.023249003068652047,
      "median": 1.85623580678,
      "user": 34.508164380000004,
      "system": 2.0745764799999997,
      "min": 1.8473812557800002,
      "max": 1.9038034667800001,
      "times": [
        1.85680079778,
        1.84999480978,
        1.85623580678,
        1.9038034667800001,
        1.8473812557800002
      ],
      "exit_codes": [
        0,
        0,
        0,
        0,
        0
      ]
    }
  ]
}
