{
  "results": [
    {
      "command": "./bin/dzaima/aot/1brc ./inputs/measurements.txt",
      "mean": 2.6425484173799996,
      "stddev": 0.0171236214907218,
      "median": 2.63964139358,
      "user": 18.8518364,
      "system": 1.8034556800000001,
      "min": 2.6180659235799997,
      "max": 2.66338893358,
      "times": [
        2.6532140795799997,
        2.6180659235799997,
        2.66338893358,
        2.63964139358,
        2.6384317565799997
      ],
      "exit_codes": [
        0,
        0,
        0,
        0,
        0
      ]
    }
  ]
}
