{
  "results": [
    {
      "command": "./bin/dzaima/aot/1brc ./inputs/measurements.txt",
      "mean": 2.6164200274400002,
      "stddev": 0.007205522620571695,
      "median": 2.6198069162400004,
      "user": 18.403078060000002,
      "system": 1.7882018799999997,
      "min": 2.6086570672400002,
      "max": 2.62421952124,
      "times": [
        2.6205926872400003,
        2.6198069162400004,
        2.6086570672400002,
        2.60882394524,
        2.62421952124
      ],
      "exit_codes": [
        0,
        0,
        0,
        0,
        0
      ]
    }
  ]
}
