{
  "results": [
    {
      "command": "./bin/dzaima/aot/1brc ./inputs/measurements.txt",
      "mean": 2.64020609424,
      "stddev": 0.029086351684316045,
      "median": 2.63773412384,
      "user": 18.76299872,
      "system": 1.8317946200000002,
      "min": 2.60927857184,
      "max": 2.66986954984,
      "times": [
        2.61437445984,
        2.60927857184,
        2.66986954984,
        2.66977376584,
        2.63773412384
      ],
      "exit_codes": [
        0,
        0,
        0,
        0,
        0
      ]
    }
  ]
}
