{
  "results": [
    {
      "command": "./bin/dzaima/aot/1brc ./inputs/measurements.txt",
      "mean": 2.6319139227600004,
      "stddev": 0.009594427903571024,
      "median": 2.62811765136,
      "user": 18.73635216,
      "system": 1.82757482,
      "min": 2.62356248836,
      "max": 2.6473521813600005,
      "times": [
        2.6473521813600005,
        2.63475754136,
        2.62577975136,
        2.62356248836,
        2.62811765136
      ],
      "exit_codes": [
        0,
        0,
        0,
        0,
        0
      ]
    }
  ]
}
