{
  "results": [
    {
      "command": "./bin/dzaima/aot/1brc ./inputs/measurements.txt",
      "mean": 2.6628264981000003,
      "stddev": 0.02119561015126138,
      "median": 2.6559812811,
      "user": 19.005549239999997,
      "system": 1.85114138,
      "min": 2.6454718761000002,
      "max": 2.6971826321,
      "times": [
        2.6681660411,
        2.6454718761000002,
        2.6971826321,
        2.6473306601,
        2.6559812811
      ],
      "exit_codes": [
        0,
        0,
        0,
        0,
        0
      ]
    }
  ]
}
