{
  "results": [
    {
      "command": "./bin/dzaima/aot/1brc ./inputs/measurements.txt",
      "mean": 2.65607407978,
      "stddev": 0.019844903260690095,
      "median": 2.66664340618,
      "user": 18.9879405,
      "system": 1.79892092,
      "min": 2.62846035518,
      "max": 2.67568078018,
      "times": [
        2.66664340618,
        2.6673098551799996,
        2.67568078018,
        2.64227600218,
        2.62846035518
      ],
      "exit_codes": [
        0,
        0,
        0,
        0,
        0
      ]
    }
  ]
}
