{
  "results": [
    {
      "command": "./bin/dzaima/aot/1brc ./inputs/measurements.txt",
      "mean": 2.60938598016,
      "stddev": 0.029399114824092434,
      "median": 2.5964135811599998,
      "user": 18.399473859999993,
      "system": 1.8091215999999999,
      "min": 2.58266696716,
      "max": 2.64966136016,
      "times": [
        2.64966136016,
        2.5964135811599998,
        2.58266696716,
        2.6309201991599998,
        2.58726779316
      ],
      "exit_codes": [
        0,
        0,
        0,
        0,
        0
      ]
    }
  ]
}
