{
  "results": [
    {
      "command": "./bin/dzaima/aot/1brc ./inputs/measurements.txt",
      "mean": 2.64795031568,
      "stddev": 0.029960276938030883,
      "median": 2.63164528588,
      "user": 18.859949920000002,
      "system": 1.77984066,
      "min": 2.6233702058799997,
      "max": 2.6954479928799997,
      "times": [
        2.6297688188799997,
        2.63164528588,
        2.6233702058799997,
        2.65951927488,
        2.6954479928799997
      ],
      "exit_codes": [
        0,
        0,
        0,
        0,
        0
      ]
    }
  ]
}
