{
  "results": [
    {
      "command": "./calculate_average_jerrinot.sh",
      "mean": 1.4776363575200002,
      "stddev": 0.022190136224206083,
      "median": 1.47440175772,
      "user": 0.003933951999999999,
      "system": 0.0049126479999999995,
      "min": 1.45648057972,
      "max": 1.50962807872,
      "times": [
        1.45648057972,
        1.48898854972,
        1.4586828217199999,
        1.47440175772,
        1.50962807872
      ],
      "exit_codes": [
        0,
        0,
        0,
        0,
        0
      ]
    }
  ]
}
