{
  "results": [
    {
      "command": "./calculate_average_jerrinot.sh",
      "mean": 1.7502099952199999,
      "stddev": 0.01941123049365963,
      "median": 1.74826616442,
      "user": 0.0028490399999999997,
      "system": 0.00534652,
      "min": 1.72987184242,
      "max": 1.77814410842,
      "times": [
        1.7594974884199999,
        1.74826616442,
        1.72987184242,
        1.7352703724199998,
        1.77814410842
      ],
      "exit_codes": [
        0,
        0,
        0,
        0,
        0
      ]
    }
  ]
}
