{
  "results": [
    {
      "command": "./calculate_average_jerrinot.sh",
      "mean": 1.4323040650000003,
      "stddev": 0.016227278846665676,
      "median": 1.4289582012000002,
      "user": 0.00389814,
      "system": 0.0045044,
      "min": 1.4101223022,
      "max": 1.4542945812,
      "times": [
        1.4285847002,
        1.4542945812,
        1.4101223022,
        1.4395605402,
        1.4289582012000002
      ],
      "exit_codes": [
        0,
        0,
        0,
        0,
        0
      ]
    }
  ]
}
