{
  "results": [
    {
      "command": "./calculate_average_jerrinot.sh",
      "mean": 2.6054895449999997,
      "stddev": 0.036252262331242874,
      "median": 2.6096037202,
      "user": 0.00307846,
      "system": 0.00442406,
      "min": 2.5564278702,
      "max": 2.6564130252,
      "times": [
        2.6096037202,
        2.5564278702,
        2.6564130252,
        2.6130342351999998,
        2.5919688742
      ],
      "exit_codes": [
        0,
        0,
        0,
        0,
        0
      ]
    }
  ]
}
