{
  "results": [
    {
      "command": "./calculate_average_jerrinot.sh",
      "mean": 1.5633414195,
      "stddev": 0.011678562481033524,
      "median": 1.5645262269,
      "user": 0.00212796,
      "system": 0.006964680000000001,
      "min": 1.5482025199000002,
      "max": 1.5755830319,
      "times": [
        1.5645262269,
        1.5551521669000001,
        1.5755830319,
        1.5482025199000002,
        1.5732431519
      ],
      "exit_codes": [
        0,
        0,
        0,
        0,
        0
      ]
    }
  ]
}
