{
  "results": [
    {
      "command": "./calculate_average_jerrinot.sh",
      "mean": 1.4766335354800002,
      "stddev": 0.00670274698236565,
      "median": 1.47701623988,
      "user": 0.0026963399999999998,
      "system": 0.006137739999999999,
      "min": 1.46920100288,
      "max": 1.48657523988,
      "times": [
        1.47701623988,
        1.47192421688,
        1.4784509778800001,
        1.46920100288,
        1.48657523988
      ],
      "exit_codes": [
        0,
        0,
        0,
        0,
        0
      ]
    }
  ]
}
