{
  "results": [
    {
      "command": "./calculate_average_jerrinot.sh",
      "mean": 3.14232292834,
      "stddev": 0.06420352745917994,
      "median": 3.14257351594,
      "user": 0.0037587800000000006,
      "system": 0.0039029,
      "min": 3.08236384494,
      "max": 3.2377882449400004,
      "times": [
        3.14257351594,
        3.2377882449400004,
        3.08481930194,
        3.08236384494,
        3.1640697339400004
      ],
      "exit_codes": [
        0,
        0,
        0,
        0,
        0
      ]
    }
  ]
}
