{
  "results": [
    {
      "command": "./calculate_average_jerrinot.sh",
      "mean": 2.090414728,
      "stddev": 0.020868542140667513,
      "median": 2.097158032,
      "user": 0.0040476,
      "system": 0.00401348,
      "min": 2.05889971,
      "max": 2.111391301,
      "times": [
        2.111391301,
        2.05889971,
        2.1036281619999997,
        2.097158032,
        2.080996435
      ],
      "exit_codes": [
        0,
        0,
        0,
        0,
        0
      ]
    }
  ]
}
