{
  "results": [
    {
      "command": "./bin/kpocza/aot/1brc ./inputs/measurements.txt",
      "mean": 1.59904638206,
      "stddev": 0.005955063309418892,
      "median": 1.59680068866,
      "user": 20.83807774,
      "system": 1.7100364199999998,
      "min": 1.5935467666599998,
      "max": 1.60756011366,
      "times": [
        1.59455222266,
        1.60756011366,
        1.59680068866,
        1.5935467666599998,
        1.60277211866
      ],
      "exit_codes": [
        0,
        0,
        0,
        0,
        0
      ]
    }
  ]
}
