{
  "results": [
    {
      "command": "./bin/kpocza/aot/1brc ./inputs/measurements.txt",
      "mean": 1.34179727274,
      "stddev": 0.03800789788352417,
      "median": 1.36162833794,
      "user": 23.085024459999996,
      "system": 2.29853946,
      "min": 1.29280966294,
      "max": 1.38065206294,
      "times": [
        1.38065206294,
        1.31022155794,
        1.36162833794,
        1.36367474194,
        1.29280966294
      ],
      "exit_codes": [
        0,
        0,
        0,
        0,
        0
      ]
    }
  ]
}
