{
  "results": [
    {
      "command": "./bin/kpocza/aot/1brc ./inputs/measurements.txt",
      "mean": 1.8541190234600002,
      "stddev": 0.0076264325662917755,
      "median": 1.85375238306,
      "user": 34.789276040000004,
      "system": 4.41478912,
      "min": 1.84571747706,
      "max": 1.86617559306,
      "times": [
        1.85011243006,
        1.85375238306,
        1.8548372340600001,
        1.84571747706,
        1.86617559306
      ],
      "exit_codes": [
        0,
        0,
        0,
        0,
        0
      ]
    }
  ]
}
