{
  "results": [
    {
      "command": "./bin/kpocza/aot/1brc ./inputs/measurements.txt",
      "mean": 3.0826501438599996,
      "stddev": 0.37637646207661635,
      "median": 3.31568137726,
      "user": 20.556157680000002,
      "system": 1.74850942,
      "min": 2.52091116326,
      "max": 3.36910339026,
      "times": [
        3.34235080326,
        3.36910339026,
        3.31568137726,
        2.86520398526,
        2.52091116326
      ],
      "exit_codes": [
        0,
        0,
        0,
        0,
        0
      ]
    }
  ]
}
