{
  "results": [
    {
      "command": "./bin/kpocza/aot/1brc ./inputs/measurements.txt",
      "mean": 1.48080254216,
      "stddev": 0.017215363779347095,
      "median": 1.47239341516,
      "user": 35.4883735,
      "system": 2.04533046,
      "min": 1.47015828116,
      "max": 1.5110911051600002,
      "times": [
        1.5110911051600002,
        1.47239341516,
        1.47015828116,
        1.47194847016,
        1.4784214391600001
      ],
      "exit_codes": [
        0,
        0,
        0,
        0,
        0
      ]
    }
  ]
}
