{
  "results": [
    {
      "command": "./bin/kpocza/aot/1brc ./inputs/measurements.txt",
      "mean": 1.22095955634,
      "stddev": 0.06361705712391466,
      "median": 1.19301881814,
      "user": 21.92663282,
      "system": 1.7863992,
      "min": 1.1864448921400002,
      "max": 1.33417845114,
      "times": [
        1.19301881814,
        1.2029801311400001,
        1.1864448921400002,
        1.18817548914,
        1.33417845114
      ],
      "exit_codes": [
        0,
        0,
        0,
        0,
        0
      ]
    }
  ]
}
