{
  "results": [
    {
      "command": "./bin/kpocza/aot/1brc ./inputs/measurements.txt",
      "mean": 1.1951471448600002,
      "stddev": 0.01240518256413876,
      "median": 1.19374234326,
      "user": 39.544779719999994,
      "system": 2.34880622,
      "min": 1.18441313626,
      "max": 1.21554890126,
      "times": [
        1.19591424326,
        1.18611710026,
        1.18441313626,
        1.19374234326,
        1.21554890126
      ],
      "exit_codes": [
        0,
        0,
        0,
        0,
        0
      ]
    }
  ]
}
