{
  "results": [
    {
      "command": "./bin/kpocza/aot/1brc ./inputs/measurements.txt",
      "mean": 2.44490002148,
      "stddev": 0.093632914875425,
      "median": 2.4586187762800003,
      "user": 33.64230674,
      "system": 1.99398892,
      "min": 2.28876244428,
      "max": 2.5271694382800005,
      "times": [
        2.5059917462800003,
        2.4586187762800003,
        2.44395770228,
        2.28876244428,
        2.5271694382800005
      ],
      "exit_codes": [
        0,
        0,
        0,
        0,
        0
      ]
    }
  ]
}
