{
  "results": [
    {
      "command": "./bin/lehuyduc/aot/1brc ./inputs/measurements.txt",
      "mean": 0.67945920084,
      "stddev": 0.0550410025145284,
      "median": 0.68618453424,
      "user": 0.00173812,
      "system": 0.0008656279999999999,
      "min": 0.62856618724,
      "max": 0.76375836824,
      "times": [
        0.62856618724,
        0.68742113224,
        0.76375836824,
        0.6313657822400001,
        0.68618453424
      ],
      "exit_codes": [
        0,
        0,
        0,
        0,
        0
      ]
    }
  ]
}
