{
  "results": [
    {
      "command": "./bin/lehuyduc/aot/1brc ./inputs/measurements.txt",
      "mean": 0.51579062958,
      "stddev": 0.023575066269734556,
      "median": 0.52087570458,
      "user": 0.0022993599999999994,
      "system": 0.00041395599999999994,
      "min": 0.48751747058000006,
      "max": 0.53911360758,
      "times": [
        0.52087570458,
        0.48751747058000006,
        0.53911360758,
        0.49505998958,
        0.53638637558
      ],
      "exit_codes": [
        0,
        0,
        0,
        0,
        0
      ]
    }
  ]
}
