{
  "results": [
    {
      "command": "./bin/lehuyduc/aot/1brc ./inputs/measurements.txt",
      "mean": 0.5372246375199999,
      "stddev": 0.008195125638563238,
      "median": 0.53665029712,
      "user": 0.00224898,
      "system": 0.0004413919999999999,
      "min": 0.52489162412,
      "max": 0.54564227712,
      "times": [
        0.54564227712,
        0.53665029712,
        0.5436690081200001,
        0.52489162412,
        0.53526998112
      ],
      "exit_codes": [
        0,
        0,
        0,
        0,
        0
      ]
    }
  ]
}
