{
  "results": [
    {
      "command": "./bin/lehuyduc/aot/1brc ./inputs/measurements.txt",
      "mean": 0.7785516852600001,
      "stddev": 0.02605451805238731,
      "median": 0.7807021744600001,
      "user": 0.0018888,
      "system": 0.0006805199999999999,
      "min": 0.74976232746,
      "max": 0.8046355434600001,
      "times": [
        0.74976232746,
        0.7807021744600001,
        0.8033381504600001,
        0.7543202304600001,
        0.8046355434600001
      ],
      "exit_codes": [
        0,
        0,
        0,
        0,
        0
      ]
    }
  ]
}
