{
  "results": [
    {
      "command": "./bin/lehuyduc/aot/1brc ./inputs/measurements.txt",
      "mean": 1.4237010532799999,
      "stddev": 0.07457964637862435,
      "median": 1.39877335508,
      "user": 0.0016491199999999998,
      "system": 0.0008385719999999999,
      "min": 1.37545093608,
      "max": 1.55498736108,
      "times": [
        1.40833325308,
        1.39877335508,
        1.38096036108,
        1.55498736108,
        1.37545093608
      ],
      "exit_codes": [
        0,
        0,
        0,
        0,
        0
      ]
    }
  ]
}
