{
  "results": [
    {
      "command": "./bin/lehuyduc/aot/1brc ./inputs/measurements.txt",
      "mean": 0.45482939270000006,
      "stddev": 0.010868092943174035,
      "median": 0.45807928630000005,
      "user": 0.0017935800000000001,
      "system": 0.001122728,
      "min": 0.44181234430000005,
      "max": 0.4664250603,
      "times": [
        0.44181234430000005,
        0.4664250603,
        0.45807928630000005,
        0.44507417530000004,
        0.46275609730000006
      ],
      "exit_codes": [
        0,
        0,
        0,
        0,
        0
      ]
    }
  ]
}
