{
  "results": [
    {
      "command": "./bin/lehuyduc/aot/1brc ./inputs/measurements.txt",
      "mean": 1.05070123858,
      "stddev": 0.01724548106091877,
      "median": 1.05284941478,
      "user": 0.0013620999999999998,
      "system": 0.001216128,
      "min": 1.03417180278,
      "max": 1.07580254478,
      "times": [
        1.07580254478,
        1.03475220478,
        1.05284941478,
        1.03417180278,
        1.05593022578
      ],
      "exit_codes": [
        0,
        0,
        0,
        0,
        0
      ]
    }
  ]
}
