{
  "results": [
    {
      "command": "./bin/lehuyduc/aot/1brc ./inputs/measurements.txt",
      "mean": 0.4193238778,
      "stddev": 0.00497945264265506,
      "median": 0.41993243380000006,
      "user": 0.0016717519999999999,
      "system": 0.001051184,
      "min": 0.41432937180000007,
      "max": 0.42651084880000006,
      "times": [
        0.42651084880000006,
        0.41432937180000007,
        0.4148993838000001,
        0.41993243380000006,
        0.42094735080000006
      ],
      "exit_codes": [
        0,
        0,
        0,
        0,
        0
      ]
    }
  ]
}
