{
  "results": [
    {
      "command": "./bin/mtopolnik-rs/aot/1brc ./inputs/measurements.txt",
      "mean": 1.50272469568,
      "stddev": 0.010451313249665178,
      "median": 1.50119093548,
      "user": 36.2049988,
      "system": 2.5072491799999996,
      "min": 1.49264188848,
      "max": 1.51678632148,
      "times": [
        1.50963192348,
        1.51678632148,
        1.49264188848,
        1.50119093548,
        1.4933724094799998
      ],
      "exit_codes": [
        0,
        0,
        0,
        0,
        0
      ]
    }
  ]
}
