{
  "results": [
    {
      "command": "./calculate_average_mtopolnik.sh",
      "mean": 1.72609230056,
      "stddev": 0.06836330223908042,
      "median": 1.7143744515600001,
      "user": 0.014834819999999999,
      "system": 0.04466544,
      "min": 1.6532964355600002,
      "max": 1.83646469456,
      "times": [
        1.6532964355600002,
        1.83646469456,
        1.73241416056,
        1.6939117605600003,
        1.7143744515600001
      ],
      "exit_codes": [
        0,
        0,
        0,
        0,
        0
      ]
    }
  ]
}
