{
  "results": [
    {
      "command": "./calculate_average_mtopolnik.sh",
      "mean": 1.18597415316,
      "stddev": 0.026980448031372947,
      "median": 1.17085921976,
      "user": 0.01390768,
      "system": 0.04929194,
      "min": 1.16813593976,
      "max": 1.23211439876,
      "times": [
        1.18801898276,
        1.17085921976,
        1.17074222476,
        1.16813593976,
        1.23211439876
      ],
      "exit_codes": [
        0,
        0,
        0,
        0,
        0
      ]
    }
  ]
}
