{
  "results": [
    {
      "command": "./calculate_average_mtopolnik.sh",
      "mean": 7.439963447799999,
      "stddev": 0.10658804867957986,
      "median": 7.4056884196,
      "user": 0.03037056,
      "system": 0.03025256,
      "min": 7.349413439599999,
      "max": 7.6231253956,
      "times": [
        7.4310443155999995,
        7.349413439599999,
        7.3905456686,
        7.4056884196,
        7.6231253956
      ],
      "exit_codes": [
        0,
        0,
        0,
        0,
        0
      ]
    }
  ]
}
