{
  "results": [
    {
      "command": "./bin/mtopolnik-rs/aot/1brc ./inputs/measurements.txt",
      "mean": 1.2808860547,
      "stddev": 0.026815425569151022,
      "median": 1.2833897655,
      "user": 39.84244905999999,
      "system": 3.5777470199999994,
      "min": 1.2388694595,
      "max": 1.3040359554999998,
      "times": [
        1.2388694595,
        1.3038122715,
        1.2833897655,
        1.2743228215,
        1.3040359554999998
      ],
      "exit_codes": [
        0,
        0,
        0,
        0,
        0
      ]
    }
  ]
}
