{
  "results": [
    {
      "command": "./calculate_average_mtopolnik.sh",
      "mean": 1.42104031336,
      "stddev": 0.055954971170073475,
      "median": 1.3984831777600002,
      "user": 0.01386002,
      "system": 0.042699619999999994,
      "min": 1.36866195076,
      "max": 1.50816754276,
      "times": [
        1.36866195076,
        1.50816754276,
        1.3984831777600002,
        1.3866067987600001,
        1.44328209676
      ],
      "exit_codes": [
        0,
        0,
        0,
        0,
        0
      ]
    }
  ]
}
