{
  "results": [
    {
      "command": "./bin/mtopolnik-rs/aot/1brc ./inputs/measurements.txt",
      "mean": 1.48152035318,
      "stddev": 0.026013813880434052,
      "median": 1.48378823938,
      "user": 38.966821319999994,
      "system": 9.67415176,
      "min": 1.4428766153800001,
      "max": 1.50733611838,
      "times": [
        1.47120903938,
        1.50239175338,
        1.50733611838,
        1.48378823938,
        1.4428766153800001
      ],
      "exit_codes": [
        0,
        0,
        0,
        0,
        0
      ]
    }
  ]
}
