{
  "results": [
    {
      "command": "./bin/mtopolnik-rs/aot/1brc ./inputs/measurements.txt",
      "mean": 2.3155315880800003,
      "stddev": 0.09460765944467925,
      "median": 2.26345329928,
      "user": 33.906199900000004,
      "system": 2.03483446,
      "min": 2.2386852542800004,
      "max": 2.42994856028,
      "times": [
        2.40641689728,
        2.42994856028,
        2.26345329928,
        2.2386852542800004,
        2.23915392928
      ],
      "exit_codes": [
        0,
        0,
        0,
        0,
        0
      ]
    }
  ]
}
