{
  "results": [
    {
      "command": "./bin/mtopolnik-rs/aot/1brc ./inputs/measurements.txt",
      "mean": 1.27691140536,
      "stddev": 0.05537438143154894,
      "median": 1.27611268716,
      "user": 22.97916922,
      "system": 2.21920194,
      "min": 1.22992229716,
      "max": 1.36711461916,
      "times": [
        1.36711461916,
        1.27829266816,
        1.23311475516,
        1.27611268716,
        1.22992229716
      ],
      "exit_codes": [
        0,
        0,
        0,
        0,
        0
      ]
    }
  ]
}
