{
  "results": [
    {
      "command": "./bin/mtopolnik-rs/aot/1brc ./inputs/measurements.txt",
      "mean": 2.59025468464,
      "stddev": 0.006220606707030821,
      "median": 2.58944316784,
      "user": 21.758442879999997,
      "system": 1.72078146,
      "min": 2.58322468284,
      "max": 2.59736488784,
      "times": [
        2.59581080984,
        2.59736488784,
        2.58322468284,
        2.58542987484,
        2.58944316784
      ],
      "exit_codes": [
        0,
        0,
        0,
        0,
        0
      ]
    }
  ]
}
