{
  "results": [
    {
      "command": "./calculate_average_mtopolnik.sh",
      "mean": 2.2217474190400006,
      "stddev": 0.03580776379371496,
      "median": 2.21531918844,
      "user": 0.010814420000000002,
      "system": 0.04768954,
      "min": 2.18607379444,
      "max": 2.27806068944,
      "times": [
        2.27806068944,
        2.1981691954400002,
        2.18607379444,
        2.21531918844,
        2.23111422744
      ],
      "exit_codes": [
        0,
        0,
        0,
        0,
        0
      ]
    }
  ]
}
