{
  "results": [
    {
      "command": "./bin/mtopolnik-rs/aot/1brc ./inputs/measurements.txt",
      "mean": 1.6562860947800004,
      "stddev": 0.03549120359522123,
      "median": 1.65006634018,
      "user": 21.94123252,
      "system": 1.74578458,
      "min": 1.6305260551800003,
      "max": 1.71734901418,
      "times": [
        1.65135293818,
        1.71734901418,
        1.6321361261800003,
        1.65006634018,
        1.6305260551800003
      ],
      "exit_codes": [
        0,
        0,
        0,
        0,
        0
      ]
    }
  ]
}
