{
  "results": [
    {
      "command": "./calculate_average_mtopolnik.sh",
      "mean": 2.24939131604,
      "stddev": 0.04661165263714319,
      "median": 2.2521171038400003,
      "user": 0.00979256,
      "system": 0.047715839999999995,
      "min": 2.1854131478400003,
      "max": 2.3133434038400003,
      "times": [
        2.26379638184,
        2.3133434038400003,
        2.1854131478400003,
        2.2322865428400003,
        2.2521171038400003
      ],
      "exit_codes": [
        0,
        0,
        0,
        0,
        0
      ]
    }
  ]
}
