{
  "results": [
    {
      "command": "./calculate_average_mtopolnik.sh",
      "mean": 1.09454551252,
      "stddev": 0.05223664329355737,
      "median": 1.11506219892,
      "user": 0.0187411,
      "system": 0.03751658,
      "min": 1.00791280992,
      "max": 1.14039929992,
      "times": [
        1.12312465192,
        1.08622860192,
        1.00791280992,
        1.11506219892,
        1.14039929992
      ],
      "exit_codes": [
        0,
        0,
        0,
        0,
        0
      ]
    }
  ]
}
