{
  "results": [
    {
      "command": "./calculate_average_mtopolnik.sh",
      "mean": 0.9650470727400002,
      "stddev": 0.032272508574360245,
      "median": 0.9759290157400001,
      "user": 0.015404679999999999,
      "system": 0.04134412,
      "min": 0.9231532087400001,
      "max": 1.0032194407400001,
      "times": [
        0.9231532087400001,
        1.0032194407400001,
        0.9815887407400001,
        0.9759290157400001,
        0.9413449577400002
      ],
      "exit_codes": [
        0,
        0,
        0,
        0,
        0
      ]
    }
  ]
}
