{
  "results": [
    {
      "command": "./bin/mtopolnik-rs/aot/1brc ./inputs/measurements.txt",
      "mean": 1.18090555326,
      "stddev": 0.00561267754216429,
      "median": 1.17931408486,
      "user": 23.19720112,
      "system": 3.4223554999999997,
      "min": 1.17580668986,
      "max": 1.19054841986,
      "times": [
        1.19054841986,
        1.1791706258599999,
        1.17931408486,
        1.17968794586,
        1.17580668986
      ],
      "exit_codes": [
        0,
        0,
        0,
        0,
        0
      ]
    }
  ]
}
