{
  "results": [
    {
      "command": "./bin/nietras/aot/1brc ./inputs/measurements.txt",
      "mean": 1.1040464383600004,
      "stddev": 0.0024506000201888005,
      "median": 1.10378039576,
      "user": 34.99195278,
      "system": 2.2402076199999996,
      "min": 1.1007908287600001,
      "max": 1.10728537076,
      "times": [
        1.10300008176,
        1.1007908287600001,
        1.10378039576,
        1.1053755147600002,
        1.10728537076
      ],
      "exit_codes": [
        0,
        0,
        0,
        0,
        0
      ]
    }
  ]
}
