{
  "results": [
    {
      "command": "./bin/nietras/aot/1brc ./inputs/measurements.txt",
      "mean": 1.14444811284,
      "stddev": 0.007040858774031049,
      "median": 1.1413768304399998,
      "user": 28.4199932,
      "system": 3.6003610400000006,
      "min": 1.13964364444,
      "max": 1.1567741564399998,
      "times": [
        1.13964364444,
        1.1413768304399998,
        1.1567741564399998,
        1.14362745444,
        1.14081847844
      ],
      "exit_codes": [
        0,
        0,
        0,
        0,
        0
      ]
    }
  ]
}
