{
  "results": [
    {
      "command": "./bin/nietras/aot/1brc ./inputs/measurements.txt",
      "mean": 1.20721938838,
      "stddev": 0.004141109263933576,
      "median": 1.20680898958,
      "user": 23.826214020000002,
      "system": 1.68973482,
      "min": 1.20246655758,
      "max": 1.21339810658,
      "times": [
        1.21339810658,
        1.20246655758,
        1.20680898958,
        1.20860176958,
        1.20482151858
      ],
      "exit_codes": [
        0,
        0,
        0,
        0,
        0
      ]
    }
  ]
}
