{
  "results": [
    {
      "command": "./bin/nietras/aot/1brc ./inputs/measurements.txt",
      "mean": 1.0207249940999998,
      "stddev": 0.0217998981674992,
      "median": 1.0187851705,
      "user": 24.03019758,
      "system": 2.06900346,
      "min": 0.9959732255,
      "max": 1.0542396445,
      "times": [
        1.0542396445,
        1.0256207035,
        0.9959732255,
        1.0090062265,
        1.0187851705
      ],
      "exit_codes": [
        0,
        0,
        0,
        0,
        0
      ]
    }
  ]
}
