{
  "results": [
    {
      "command": "./bin/nietras/aot/1brc ./inputs/measurements.txt",
      "mean": 1.69887040616,
      "stddev": 0.0027019104952277387,
      "median": 1.69756884056,
      "user": 23.686140459999997,
      "system": 1.67943838,
      "min": 1.69663920856,
      "max": 1.7030846235600001,
      "times": [
        1.7030846235600001,
        1.6970235005599998,
        1.70003585756,
        1.69663920856,
        1.69756884056
      ],
      "exit_codes": [
        0,
        0,
        0,
        0,
        0
      ]
    }
  ]
}
