{
  "results": [
    {
      "command": "./bin/nietras/aot/1brc ./inputs/measurements.txt",
      "mean": 3.49641365914,
      "stddev": 0.4012968016903434,
      "median": 3.6853355463399997,
      "user": 23.58930178,
      "system": 1.62340734,
      "min": 2.78684423234,
      "max": 3.73438578134,
      "times": [
        3.5729716853399998,
        3.73438578134,
        3.6853355463399997,
        2.78684423234,
        3.7025310503399997
      ],
      "exit_codes": [
        0,
        0,
        0,
        0,
        0
      ]
    }
  ]
}
