{
  "results": [
    {
      "command": "./bin/nietras/aot/1brc ./inputs/measurements.txt",
      "mean": 2.4141556777,
      "stddev": 0.20253921114777942,
      "median": 2.4696030835,
      "user": 30.03455932,
      "system": 1.9812062799999999,
      "min": 2.0594216525,
      "max": 2.5528273815,
      "times": [
        2.5528273815,
        2.0594216525,
        2.4696030835,
        2.5335109765,
        2.4554152945000003
      ],
      "exit_codes": [
        0,
        0,
        0,
        0,
        0
      ]
    }
  ]
}
