{
  "results": [
    {
      "command": "./bin/nietras/aot/1brc ./inputs/measurements.txt",
      "mean": 1.37401916998,
      "stddev": 0.004625240887657344,
      "median": 1.37416526678,
      "user": 31.843453400000005,
      "system": 2.01587804,
      "min": 1.36890416278,
      "max": 1.37931488278,
      "times": [
        1.36890416278,
        1.37781106878,
        1.3699004687799998,
        1.37931488278,
        1.37416526678
      ],
      "exit_codes": [
        0,
        0,
        0,
        0,
        0
      ]
    }
  ]
}
