{
  "results": [
    {
      "command": "./bin/NimaAra/aot/1brc ./inputs/measurements.txt",
      "mean": 0.00788874208,
      "stddev": 0.0005079354292087727,
      "median": 0.007641690080000001,
      "user": 0.00914214,
      "system": 0.008648139999999999,
      "min": 0.007599788080000001,
      "max": 0.00878465408,
      "times": [
        0.007641690080000001,
        0.00760868908,
        0.00878465408,
        0.007599788080000001,
        0.007808889080000001
      ],
      "exit_codes": [
        0,
        0,
        0,
        0,
        0
      ]
    }
  ]
}
