{
  "results": [
    {
      "command": "./bin/NimaAra/aot/1brc ./inputs/measurements.txt",
      "mean": 0.010048054600000002,
      "stddev": 0.000986280012012664,
      "median": 0.009782231800000001,
      "user": 0.01886078,
      "system": 0.01222752,
      "min": 0.0091744878,
      "max": 0.011632884800000002,
      "times": [
        0.009782231800000001,
        0.011632884800000002,
        0.0091744878,
        0.010297730800000002,
        0.0093529378
      ],
      "exit_codes": [
        0,
        0,
        0,
        0,
        0
      ]
    }
  ]
}
