{
  "results": [
    {
      "command": "./bin/NimaAra/aot/1brc ./inputs/measurements.txt",
      "mean": 0.01009955082,
      "stddev": 0.0008283043079887366,
      "median": 0.00979108062,
      "user": 0.0129961,
      "system": 0.016222,
      "min": 0.00926030962,
      "max": 0.01133639562,
      "times": [
        0.01133639562,
        0.00979108062,
        0.00926030962,
        0.01050836862,
        0.00960159962
      ],
      "exit_codes": [
        0,
        0,
        0,
        0,
        0
      ]
    }
  ]
}
