{
  "results": [
    {
      "command": "./bin/NimaAra/aot/1brc ./inputs/measurements.txt",
      "mean": 0.0077907482,
      "stddev": 0.0006678214854073647,
      "median": 0.0076639674,
      "user": 0.006770219999999999,
      "system": 0.009767019999999998,
      "min": 0.007163319400000001,
      "max": 0.0088831544,
      "times": [
        0.007372991400000002,
        0.007163319400000001,
        0.0076639674,
        0.0078703084,
        0.0088831544
      ],
      "exit_codes": [
        0,
        0,
        0,
        0,
        0
      ]
    }
  ]
}
