{
  "results": [
    {
      "command": "./bin/NimaAra/aot/1brc ./inputs/measurements.txt",
      "mean": 0.01354192438,
      "stddev": 0.0008275502891389741,
      "median": 0.01340875138,
      "user": 0.041584960000000004,
      "system": 0.02417732,
      "min": 0.012554003380000001,
      "max": 0.01475027538,
      "times": [
        0.01475027538,
        0.01387360638,
        0.012554003380000001,
        0.01340875138,
        0.01312298538
      ],
      "exit_codes": [
        0,
        0,
        0,
        0,
        0
      ]
    }
  ]
}
