{
  "results": [
    {
      "command": "./bin/NimaAra/aot/1brc ./inputs/measurements.txt",
      "mean": 0.028263095539999998,
      "stddev": 0.0040565825522176305,
      "median": 0.02739624154,
      "user": 0.11813376,
      "system": 0.13115059999999998,
      "min": 0.02417450254,
      "max": 0.03506059754,
      "times": [
        0.03506059754,
        0.02686625154,
        0.02781788454,
        0.02739624154,
        0.02417450254
      ],
      "exit_codes": [
        0,
        0,
        0,
        0,
        0
      ]
    }
  ]
}
