{
  "results": [
    {
      "command": "./bin/NimaAra/aot/1brc ./inputs/measurements.txt",
      "mean": 0.0163617391,
      "stddev": 0.0030070292989820536,
      "median": 0.0151956521,
      "user": 0.05350400000000001,
      "system": 0.04484046,
      "min": 0.0141761851,
      "max": 0.0216332701,
      "times": [
        0.0149543191,
        0.0151956521,
        0.0216332701,
        0.0141761851,
        0.0158492691
      ],
      "exit_codes": [
        0,
        0,
        0,
        0,
        0
      ]
    }
  ]
}
