{
  "results": [
    {
      "command": "./bin/NimaAra/aot/1brc ./inputs/measurements.txt",
      "mean": 0.00684372236,
      "stddev": 0.00041441526519699995,
      "median": 0.0068001929600000005,
      "user": 0.004991879999999999,
      "system": 0.00803032,
      "min": 0.006313804960000001,
      "max": 0.00741812596,
      "times": [
        0.00741812596,
        0.00703600396,
        0.0068001929600000005,
        0.00665048396,
        0.006313804960000001
      ],
      "exit_codes": [
        0,
        0,
        0,
        0,
        0
      ]
    }
  ]
}
