{
  "results": [
    {
      "command": "./bin/noahfalk/aot/1brc ./inputs/measurements.txt",
      "mean": 0.80893562076,
      "stddev": 0.030685813920663104,
      "median": 0.79838073976,
      "user": 19.31854524,
      "system": 8.043106380000001,
      "min": 0.78905286076,
      "max": 0.86300722376,
      "times": [
        0.80244436576,
        0.86300722376,
        0.79179291376,
        0.79838073976,
        0.78905286076
      ],
      "exit_codes": [
        0,
        0,
        0,
        0,
        0
      ]
    }
  ]
}
