{
  "results": [
    {
      "command": "./bin/noahfalk/aot/1brc ./inputs/measurements.txt",
      "mean": 1.30861761548,
      "stddev": 0.00674009865219293,
      "median": 1.30996847168,
      "user": 24.38497782,
      "system": 3.7298184,
      "min": 1.29988088168,
      "max": 1.31593686468,
      "times": [
        1.30365159168,
        1.29988088168,
        1.30996847168,
        1.31593686468,
        1.31365026768
      ],
      "exit_codes": [
        0,
        0,
        0,
        0,
        0
      ]
    }
  ]
}
