{
  "results": [
    {
      "command": "./bin/noahfalk/aot/1brc ./inputs/measurements.txt",
      "mean": 0.9441705514200001,
      "stddev": 0.005020388324323707,
      "median": 0.9464848462200001,
      "user": 16.50287724,
      "system": 3.4466093799999995,
      "min": 0.93702169922,
      "max": 0.94891486122,
      "times": [
        0.93702169922,
        0.9464848462200001,
        0.94752041422,
        0.94891486122,
        0.94091093622
      ],
      "exit_codes": [
        0,
        0,
        0,
        0,
        0
      ]
    }
  ]
}
