{
  "results": [
    {
      "command": "./bin/noahfalk/aot/1brc ./inputs/measurements.txt",
      "mean": 1.11864460914,
      "stddev": 0.049785403782244046,
      "median": 1.10653689294,
      "user": 28.80543356,
      "system": 20.58494318,
      "min": 1.0710812619399999,
      "max": 1.17336371494,
      "times": [
        1.16854966894,
        1.10653689294,
        1.0710812619399999,
        1.07369150694,
        1.17336371494
      ],
      "exit_codes": [
        0,
        0,
        0,
        0,
        0
      ]
    }
  ]
}
