{
  "results": [
    {
      "command": "./bin/noahfalk/aot/1brc ./inputs/measurements.txt",
      "mean": 2.2024814960399994,
      "stddev": 0.06918365345863228,
      "median": 2.24847553524,
      "user": 121.20744479999999,
      "system": 49.90454523999999,
      "min": 2.1223898272399997,
      "max": 2.2602433872399996,
      "times": [
        2.24980572524,
        2.1223898272399997,
        2.13149300524,
        2.2602433872399996,
        2.24847553524
      ],
      "exit_codes": [
        0,
        0,
        0,
        0,
        0
      ]
    }
  ]
}
