{
  "results": [
    {
      "command": "./bin/noahfalk/aot/1brc ./inputs/measurements.txt",
      "mean": 0.9022794887,
      "stddev": 0.010065564348743335,
      "median": 0.8991317719,
      "user": 25.68089124,
      "system": 7.06870412,
      "min": 0.8911263359,
      "max": 0.9142175299,
      "times": [
        0.9142175299,
        0.8955345829000001,
        0.9113872229000001,
        0.8991317719,
        0.8911263359
      ],
      "exit_codes": [
        0,
        0,
        0,
        0,
        0
      ]
    }
  ]
}
