{
  "results": [
    {
      "command": "./bin/noahfalk/aot/1brc ./inputs/measurements.txt",
      "mean": 1.6595456576000003,
      "stddev": 0.036955283137863844,
      "median": 1.6409797882000001,
      "user": 16.315289559999997,
      "system": 2.71336402,
      "min": 1.6358796842,
      "max": 1.7236674262,
      "times": [
        1.6384317132000001,
        1.6587696762000002,
        1.6409797882000001,
        1.7236674262,
        1.6358796842
      ],
      "exit_codes": [
        0,
        0,
        0,
        0,
        0
      ]
    }
  ]
}
