{
  "results": [
    {
      "command": "./bin/noahfalk/aot/1brc ./inputs/measurements.txt",
      "mean": 1.13392267842,
      "stddev": 0.011590165324921096,
      "median": 1.13273569242,
      "user": 39.92673716,
      "system": 20.5973815,
      "min": 1.1229469174200002,
      "max": 1.15183793442,
      "times": [
        1.1229469174200002,
        1.1248034524200001,
        1.15183793442,
        1.13728939542,
        1.13273569242
      ],
      "exit_codes": [
        0,
        0,
        0,
        0,
        0
      ]
    }
  ]
}
