{
  "results": [
    {
      "command": "./bin/pedrosakuma/aot/1brc ./inputs/measurements.txt",
      "mean": 2.1230987482400003,
      "stddev": 0.01416684506757396,
      "median": 2.1228550964400004,
      "user": 0.8675350399999999,
      "system": 1.53831814,
      "min": 2.10106630444,
      "max": 2.13917654444,
      "times": [
        2.10106630444,
        2.13064790144,
        2.1228550964400004,
        2.13917654444,
        2.1217478944400003
      ],
      "exit_codes": [
        0,
        0,
        0,
        0,
        0
      ]
    }
  ]
}
