{
  "results": [
    {
      "command": "./bin/pedrosakuma/aot/1brc ./inputs/measurements.txt",
      "mean": 2.6885070869000005,
      "stddev": 0.00811928544402854,
      "median": 2.6901637437000003,
      "user": 42.73777328,
      "system": 3.361437,
      "min": 2.6750207317,
      "max": 2.6966856867,
      "times": [
        2.6886727957,
        2.6901637437000003,
        2.6750207317,
        2.6966856867,
        2.6919924767000003
      ],
      "exit_codes": [
        0,
        0,
        0,
        0,
        0
      ]
    }
  ]
}
