{
  "results": [
    {
      "command": "./bin/pedrosakuma/aot/1brc ./inputs/measurements.txt",
      "mean": 4.45924608038,
      "stddev": 0.1288087407556534,
      "median": 4.40456046498,
      "user": 40.56908506,
      "system": 2.07117016,
      "min": 4.37121557298,
      "max": 4.68583247298,
      "times": [
        4.68583247298,
        4.39771023598,
        4.40456046498,
        4.37121557298,
        4.43691165498
      ],
      "exit_codes": [
        0,
        0,
        0,
        0,
        0
      ]
    }
  ]
}
