{
  "results": [
    {
      "command": "./bin/pedrosakuma/aot/1brc ./inputs/measurements.txt",
      "mean": 3.7866474946000004,
      "stddev": 0.10725535567585427,
      "median": 3.7242647256,
      "user": 58.793984699999996,
      "system": 2.7926550199999993,
      "min": 3.7050854876000003,
      "max": 3.9423974406,
      "times": [
        3.7061019336,
        3.7050854876000003,
        3.8553878856000003,
        3.9423974406,
        3.7242647256
      ],
      "exit_codes": [
        0,
        0,
        0,
        0,
        0
      ]
    }
  ]
}
