{
  "results": [
    {
      "command": "./bin/pedrosakuma/aot/1brc ./inputs/measurements.txt",
      "mean": 1.40580812904,
      "stddev": 0.009959533539759216,
      "median": 1.41107700664,
      "user": 0.48448704,
      "system": 1.07650636,
      "min": 1.38985016564,
      "max": 1.41425837264,
      "times": [
        1.38985016564,
        1.41107700664,
        1.41142414564,
        1.41425837264,
        1.40243095464
      ],
      "exit_codes": [
        0,
        0,
        0,
        0,
        0
      ]
    }
  ]
}
