{
  "results": [
    {
      "command": "./bin/pedrosakuma/aot/1brc ./inputs/measurements.txt",
      "mean": 2.9419967057200003,
      "stddev": 0.012030718597710025,
      "median": 2.94809856692,
      "user": 59.54459124,
      "system": 3.61866318,
      "min": 2.9290947209200002,
      "max": 2.95518988192,
      "times": [
        2.9290947209200002,
        2.94809856692,
        2.9292932509200003,
        2.95518988192,
        2.9483071079200003
      ],
      "exit_codes": [
        0,
        0,
        0,
        0,
        0
      ]
    }
  ]
}
