{
  "results": [
    {
      "command": "./bin/pedrosakuma/aot/1brc ./inputs/measurements.txt",
      "mean": 2.9245416633000003,
      "stddev": 0.012049429682857958,
      "median": 2.9233173791000002,
      "user": 40.87844074,
      "system": 2.4818736599999998,
      "min": 2.9109305091,
      "max": 2.9381128811,
      "times": [
        2.9149508691,
        2.9353966781,
        2.9233173791000002,
        2.9381128811,
        2.9109305091
      ],
      "exit_codes": [
        0,
        0,
        0,
        0,
        0
      ]
    }
  ]
}
