{
  "results": [
    {
      "command": "./bin/pedrosakuma/aot/1brc ./inputs/measurements.txt",
      "mean": 1.3813250976,
      "stddev": 0.010339613809419727,
      "median": 1.3759395194000001,
      "user": 0.4285684999999999,
      "system": 1.07878442,
      "min": 1.3722283424000001,
      "max": 1.3928288594,
      "times": [
        1.3722283424000001,
        1.3733512294,
        1.3922775374,
        1.3928288594,
        1.3759395194000001
      ],
      "exit_codes": [
        0,
        0,
        0,
        0,
        0
      ]
    }
  ]
}
