{
  "results": [
    {
      "command": "./calculate_average_royvanrijn.sh",
      "mean": 2.2795698139400002,
      "stddev": 1.11298906238689,
      "median": 1.5378944109400001,
      "user": 20.5179559,
      "system": 2.08380252,
      "min": 1.35445322194,
      "max": 3.5072741289400002,
      "times": [
        1.51285845894,
        3.5072741289400002,
        1.35445322194,
        1.5378944109400001,
        3.4853688489400003
      ],
      "exit_codes": [
        0,
        0,
        0,
        0,
        0
      ]
    }
  ]
}
