{
  "results": [
    {
      "command": "./calculate_average_stephenvonworley.sh",
      "mean": 0.8249013377600001,
      "stddev": 0.002881574560200166,
      "median": 0.8234820719600001,
      "user": 0.0024442799999999996,
      "system": 0.00474068,
      "min": 0.8227347489600001,
      "max": 0.8296038509600001,
      "times": [
        0.82297035196,
        0.8296038509600001,
        0.8234820719600001,
        0.82571566496,
        0.8227347489600001
      ],
      "exit_codes": [
        0,
        0,
        0,
        0,
        0
      ]
    }
  ]
}
