{
  "results": [
    {
      "command": "./calculate_average_stephenvonworley.sh",
      "mean": 1.2983169168,
      "stddev": 0.01457204570223776,
      "median": 1.29180806,
      "user": 0.0035688599999999992,
      "system": 0.0034766839999999994,
      "min": 1.289552535,
      "max": 1.3239279800000001,
      "times": [
        1.289920266,
        1.3239279800000001,
        1.29180806,
        1.296375743,
        1.289552535
      ],
      "exit_codes": [
        0,
        0,
        0,
        0,
        0
      ]
    }
  ]
}
