{
  "results": [
    {
      "command": "./calculate_average_stephenvonworley.sh",
      "mean": 1.24916148944,
      "stddev": 0.0021598494488320745,
      "median": 1.24810200784,
      "user": 0.0016652800000000003,
      "system": 0.0061002,
      "min": 1.24761770184,
      "max": 1.25284561184,
      "times": [
        1.2493271568400002,
        1.24761770184,
        1.25284561184,
        1.24791496884,
        1.24810200784
      ],
      "exit_codes": [
        0,
        0,
        0,
        0,
        0
      ]
    }
  ]
}
