{
  "results": [
    {
      "command": "./calculate_average_stephenvonworley.sh",
      "mean": 0.77370479256,
      "stddev": 0.003982601135781065,
      "median": 0.7732294097600001,
      "user": 0.0021713,
      "system": 0.00493204,
      "min": 0.7677239747600001,
      "max": 0.7775045137600001,
      "times": [
        0.7728556537600001,
        0.7775045137600001,
        0.7677239747600001,
        0.7772104107600001,
        0.7732294097600001
      ],
      "exit_codes": [
        0,
        0,
        0,
        0,
        0
      ]
    }
  ]
}
