{
  "results": [
    {
      "command": "./calculate_average_stephenvonworley.sh",
      "mean": 1.5931308883599997,
      "stddev": 0.10478542247520446,
      "median": 1.5704358033599999,
      "user": 0.0028453199999999997,
      "system": 0.003841943999999999,
      "min": 1.49483583336,
      "max": 1.76067721136,
      "times": [
        1.5219599743599999,
        1.76067721136,
        1.5704358033599999,
        1.61774561936,
        1.49483583336
      ],
      "exit_codes": [
        0,
        0,
        0,
        0,
        0
      ]
    }
  ]
}
