{
  "results": [
    {
      "command": "./calculate_average_stephenvonworley.sh",
      "mean": 0.8735971753000001,
      "stddev": 0.0022805841401584872,
      "median": 0.8733389189,
      "user": 0.0029479399999999996,
      "system": 0.00482452,
      "min": 0.8707242639,
      "max": 0.8770529949000001,
      "times": [
        0.8739290919,
        0.8707242639,
        0.8770529949000001,
        0.8729406069000001,
        0.8733389189
      ],
      "exit_codes": [
        0,
        0,
        0,
        0,
        0
      ]
    }
  ]
}
