{
  "results": [
    {
      "command": "./calculate_average_stephenvonworley.sh",
      "mean": 0.68757148988,
      "stddev": 0.0018826602414343527,
      "median": 0.68664535108,
      "user": 0.0023348000000000006,
      "system": 0.00494894,
      "min": 0.68594330108,
      "max": 0.69053549608,
      "times": [
        0.68664535108,
        0.68594330108,
        0.69053549608,
        0.68641805808,
        0.68831524308
      ],
      "exit_codes": [
        0,
        0,
        0,
        0,
        0
      ]
    }
  ]
}
