{
  "results": [
    {
      "command": "./calculate_average_stephenvonworley.sh",
      "mean": 0.8448906589400001,
      "stddev": 0.0038951165276162043,
      "median": 0.8439364181400001,
      "user": 0.004678460000000001,
      "system": 0.0027843199999999994,
      "min": 0.84155908714,
      "max": 0.8507968081400001,
      "times": [
        0.8507968081400001,
        0.8439364181400001,
        0.8415822471400001,
        0.84155908714,
        0.8465787341400001
      ],
      "exit_codes": [
        0,
        0,
        0,
        0,
        0
      ]
    }
  ]
}
