{
  "results": [
    {
      "command": "./calculate_average_thomaswue.sh",
      "mean": 2.045185956,
      "stddev": 0.009234456368962909,
      "median": 2.0461398154,
      "user": 0.00109302,
      "system": 0.00572646,
      "min": 2.0315790124,
      "max": 2.0541362814,
      "times": [
        2.0461398154,
        2.0315790124,
        2.0528716494,
        2.0412030214,
        2.0541362814
      ],
      "exit_codes": [
        0,
        0,
        0,
        0,
        0
      ]
    }
  ]
}
