{
  "results": [
    {
      "command": "./calculate_average_thomaswue.sh",
      "mean": 1.22571913898,
      "stddev": 0.0054003604992738,
      "median": 1.22548401458,
      "user": 0.0025883600000000005,
      "system": 0.00410354,
      "min": 1.21948526258,
      "max": 1.23408155458,
      "times": [
        1.22650687258,
        1.22548401458,
        1.21948526258,
        1.22303799058,
        1.23408155458
      ],
      "exit_codes": [
        0,
        0,
        0,
        0,
        0
      ]
    }
  ]
}
