{
  "results": [
    {
      "command": "./calculate_average_thomaswue.sh",
      "mean": 0.76378608732,
      "stddev": 0.001976780634609873,
      "median": 0.76347614832,
      "user": 0.00155738,
      "system": 0.00549002,
      "min": 0.76124427432,
      "max": 0.7660923833200001,
      "times": [
        0.76540157532,
        0.76271605532,
        0.76124427432,
        0.7660923833200001,
        0.76347614832
      ],
      "exit_codes": [
        0,
        0,
        0,
        0,
        0
      ]
    }
  ]
}
