{
  "results": [
    {
      "command": "./calculate_average_thomaswue.sh",
      "mean": 1.1842589509199999,
      "stddev": 0.004543754907789554,
      "median": 1.1839600023199999,
      "user": 0.0021333599999999995,
      "system": 0.005126599999999999,
      "min": 1.17950785432,
      "max": 1.19048870532,
      "times": [
        1.18047419032,
        1.1868640023199999,
        1.17950785432,
        1.19048870532,
        1.1839600023199999
      ],
      "exit_codes": [
        0,
        0,
        0,
        0,
        0
      ]
    }
  ]
}
