{
  "results": [
    {
      "command": "./calculate_average_thomaswue.sh",
      "mean": 0.6946006389600001,
      "stddev": 0.008414689753887691,
      "median": 0.6950762409600001,
      "user": 0.00114948,
      "system": 0.006498079999999999,
      "min": 0.68088160096,
      "max": 0.7024349709600001,
      "times": [
        0.6942405659600001,
        0.70036981596,
        0.6950762409600001,
        0.7024349709600001,
        0.68088160096
      ],
      "exit_codes": [
        0,
        0,
        0,
        0,
        0
      ]
    }
  ]
}
