{
  "results": [
    {
      "command": "./calculate_average_thomaswue.sh",
      "mean": 2.4062238202,
      "stddev": 0.15271142332473722,
      "median": 2.412406807,
      "user": 0.00139694,
      "system": 0.005586359999999999,
      "min": 2.275106878,
      "max": 2.650522441,
      "times": [
        2.650522441,
        2.412406807,
        2.275106878,
        2.414539486,
        2.278543489
      ],
      "exit_codes": [
        0,
        0,
        0,
        0,
        0
      ]
    }
  ]
}
