{
  "results": [
    {
      "command": "./calculate_average_thomaswue.sh",
      "mean": 1.0690263137,
      "stddev": 0.01903954417287903,
      "median": 1.0795930099,
      "user": 0.0018087199999999998,
      "system": 0.005922579999999999,
      "min": 1.0436108579,
      "max": 1.0875510429,
      "times": [
        1.0436108579,
        1.0875510429,
        1.0802744769000001,
        1.0541021809,
        1.0795930099
      ],
      "exit_codes": [
        0,
        0,
        0,
        0,
        0
      ]
    }
  ]
}
