{
  "results": [
    {
      "command": "./calculate_average_thomaswue.sh",
      "mean": 0.9037381513400001,
      "stddev": 0.0033899521333155638,
      "median": 0.9035951387400001,
      "user": 0.0027925800000000002,
      "system": 0.004616352,
      "min": 0.8997277827400001,
      "max": 0.9083920037400001,
      "times": [
        0.9083920037400001,
        0.8997277827400001,
        0.90549789274,
        0.90147793874,
        0.9035951387400001
      ],
      "exit_codes": [
        0,
        0,
        0,
        0,
        0
      ]
    }
  ]
}
