{
  "results": [
    {
      "command": "./bin/xoofx/aot/1brc ./inputs/measurements.txt",
      "mean": 1.7767577984400003,
      "stddev": 0.044103876680603595,
      "median": 1.7599976536400002,
      "user": 38.338952219999996,
      "system": 2.6036033,
      "min": 1.74828989364,
      "max": 1.85485760164,
      "times": [
        1.75535058664,
        1.74828989364,
        1.7599976536400002,
        1.85485760164,
        1.7652932566400001
      ],
      "exit_codes": [
        0,
        0,
        0,
        0,
        0
      ]
    }
  ]
}
