{
  "results": [
    {
      "command": "./bin/xoofx/aot/1brc ./inputs/measurements.txt",
      "mean": 0.6913636964400002,
      "stddev": 0.03477644353991449,
      "median": 0.6892645446400001,
      "user": 36.000585060000006,
      "system": 3.44418058,
      "min": 0.6385772966400001,
      "max": 0.7303481506400001,
      "times": [
        0.7134666926400001,
        0.6851617976400001,
        0.7303481506400001,
        0.6385772966400001,
        0.6892645446400001
      ],
      "exit_codes": [
        0,
        0,
        0,
        0,
        0
      ]
    }
  ]
}
