{
  "results": [
    {
      "command": "./bin/xoofx/aot/1brc ./inputs/measurements.txt",
      "mean": 0.7257223753600002,
      "stddev": 0.03863446501211111,
      "median": 0.73859469456,
      "user": 40.28184406,
      "system": 3.2184253999999997,
      "min": 0.68420912156,
      "max": 0.76579320756,
      "times": [
        0.68420912156,
        0.7547237615600001,
        0.6852910915600001,
        0.73859469456,
        0.76579320756
      ],
      "exit_codes": [
        0,
        0,
        0,
        0,
        0
      ]
    }
  ]
}
