{
  "results": [
    {
      "command": "./bin/xoofx/aot/1brc ./inputs/measurements.txt",
      "mean": 0.7190243422200001,
      "stddev": 0.016121702829089667,
      "median": 0.7127667628200001,
      "user": 25.83091726,
      "system": 2.5809412199999997,
      "min": 0.70813076482,
      "max": 0.74747447182,
      "times": [
        0.7127667628200001,
        0.74747447182,
        0.71130524082,
        0.70813076482,
        0.7154444708200001
      ],
      "exit_codes": [
        0,
        0,
        0,
        0,
        0
      ]
    }
  ]
}
