{
  "results": [
    {
      "command": "./bin/xoofx/aot/1brc ./inputs/measurements.txt",
      "mean": 1.22884452874,
      "stddev": 0.032633067545745645,
      "median": 1.21691233514,
      "user": 25.0058074,
      "system": 2.3157400599999995,
      "min": 1.2072899801399999,
      "max": 1.28645527214,
      "times": [
        1.21691233514,
        1.28645527214,
        1.22140373514,
        1.2072899801399999,
        1.21216132114
      ],
      "exit_codes": [
        0,
        0,
        0,
        0,
        0
      ]
    }
  ]
}
