{
  "results": [
    {
      "command": "./bin/xoofx/aot/1brc ./inputs/measurements.txt",
      "mean": 0.9716512846600001,
      "stddev": 0.003509660067198803,
      "median": 0.9703875340600001,
      "user": 38.21623713999999,
      "system": 2.73295278,
      "min": 0.96858637406,
      "max": 0.9773267200600001,
      "times": [
        0.96858637406,
        0.9693712480600001,
        0.9703875340600001,
        0.9725845470600001,
        0.9773267200600001
      ],
      "exit_codes": [
        0,
        0,
        0,
        0,
        0
      ]
    }
  ]
}
