{
  "results": [
    {
      "command": "./bin/xoofx/aot/1brc ./inputs/measurements.txt",
      "mean": 2.3476322144000004,
      "stddev": 0.08408646236134215,
      "median": 2.3117471768000004,
      "user": 25.28465686,
      "system": 2.22886656,
      "min": 2.3029037348,
      "max": 2.4973347338000003,
      "times": [
        2.3031813928000004,
        2.3229940338,
        2.3117471768000004,
        2.3029037348,
        2.4973347338000003
      ],
      "exit_codes": [
        0,
        0,
        0,
        0,
        0
      ]
    }
  ]
}
