{
  "results": [
    {
      "command": "./bin/xoofx/aot/1brc ./inputs/measurements.txt",
      "mean": 0.57811149842,
      "stddev": 0.026154251609426752,
      "median": 0.57822711362,
      "user": 26.36691932,
      "system": 2.6269438000000003,
      "min": 0.54490102962,
      "max": 0.61403636362,
      "times": [
        0.54490102962,
        0.61403636362,
        0.57822711362,
        0.56368437362,
        0.58970861162
      ],
      "exit_codes": [
        0,
        0,
        0,
        0,
        0
      ]
    }
  ]
}
