{
  "results": [
    {
      "command": "./calculate_average_abeobk.sh",
      "mean": 1.1657871485200002,
      "stddev": 0.003589746862104321,
      "median": 1.16461592412,
      "user": 0.0032771000000000002,
      "system": 0.0008820079999999999,
      "min": 1.16299318412,
      "max": 1.17172030912,
      "times": [
        1.17172030912,
        1.16641999212,
        1.16461592412,
        1.16299318412,
        1.16318633312
      ],
      "exit_codes": [
        0,
        0,
        0,
        0,
        0
      ]
    }
  ]
}
