{
  "results": [
    {
      "command": "./calculate_average_abeobk.sh",
      "mean": 0.89166204744,
      "stddev": 0.032891687182341964,
      "median": 0.88099470224,
      "user": 0.0036063400000000004,
      "system": 0.000803376,
      "min": 0.86965109424,
      "max": 0.94964624524,
      "times": [
        0.94964624524,
        0.87417088724,
        0.88099470224,
        0.88384730824,
        0.86965109424
      ],
      "exit_codes": [
        0,
        0,
        0,
        0,
        0
      ]
    }
  ]
}
