{
  "results": [
    {
      "command": "./calculate_average_abeobk.sh",
      "mean": 3.51210147368,
      "stddev": 0.010151709776683037,
      "median": 3.51082747248,
      "user": 0.00229518,
      "system": 0.00197184,
      "min": 3.50008163448,
      "max": 3.52616710148,
      "times": [
        3.50008163448,
        3.51754608248,
        3.50588507748,
        3.51082747248,
        3.52616710148
      ],
      "exit_codes": [
        0,
        0,
        0,
        0,
        0
      ]
    }
  ]
}
