{
  "results": [
    {
      "command": "./calculate_average_abeobk.sh",
      "mean": 2.3730748682000002,
      "stddev": 0.008044335012338066,
      "median": 2.3718223784,
      "user": 0.0038445400000000005,
      "system": 0.000364388,
      "min": 2.3655935794,
      "max": 2.3863071624,
      "times": [
        2.3679888024,
        2.3736624184000004,
        2.3863071624,
        2.3718223784,
        2.3655935794
      ],
      "exit_codes": [
        0,
        0,
        0,
        0,
        0
      ]
    }
  ]
}
