{
  "results": [
    {
      "command": "./calculate_average_abeobk.sh",
      "mean": 1.7423703318400001,
      "stddev": 0.0035000985925086126,
      "median": 1.7418384794400001,
      "user": 0.0026866999999999998,
      "system": 0.0014901679999999998,
      "min": 1.7393120804400002,
      "max": 1.74807475844,
      "times": [
        1.7428283154400002,
        1.74807475844,
        1.7397980254400003,
        1.7418384794400001,
        1.7393120804400002
      ],
      "exit_codes": [
        0,
        0,
        0,
        0,
        0
      ]
    }
  ]
}
