{
  "results": [
    {
      "command": "./calculate_average_abeobk.sh",
      "mean": 0.8732164143200002,
      "stddev": 0.0035343258542696117,
      "median": 0.8725355301200001,
      "user": 0.0031969999999999998,
      "system": 0.00123428,
      "min": 0.8698375151200001,
      "max": 0.8792136701200001,
      "times": [
        0.8792136701200001,
        0.8698375151200001,
        0.8725950231200001,
        0.8725355301200001,
        0.8719003331200001
      ],
      "exit_codes": [
        0,
        0,
        0,
        0,
        0
      ]
    }
  ]
}
