{
  "results": [
    {
      "command": "./calculate_average_artsiomkorzun.sh",
      "mean": 0.79382454404,
      "stddev": 0.004102387128202412,
      "median": 0.7921623578400001,
      "user": 0.00364522,
      "system": 0.000578568,
      "min": 0.7914889618400001,
      "max": 0.8011434908400001,
      "times": [
        0.8011434908400001,
        0.7921623578400001,
        0.7922599188400001,
        0.7914889618400001,
        0.7920679908400001
      ],
      "exit_codes": [
        0,
        0,
        0,
        0,
        0
      ]
    }
  ]
}
