{
  "results": [
    {
      "command": "./calculate_average_artsiomkorzun.sh",
      "mean": 1.9528141276600004,
      "stddev": 0.006338527429137259,
      "median": 1.9514713578600003,
      "user": 0.0013126599999999998,
      "system": 0.0029399599999999993,
      "min": 1.94450190186,
      "max": 1.9595901508600002,
      "times": [
        1.9595901508600002,
        1.9587119128600001,
        1.94450190186,
        1.94979531486,
        1.9514713578600003
      ],
      "exit_codes": [
        0,
        0,
        0,
        0,
        0
      ]
    }
  ]
}
