{
  "results": [
    {
      "command": "./calculate_average_artsiomkorzun.sh",
      "mean": 1.5442374183000003,
      "stddev": 0.004295770431658132,
      "median": 1.5427513335,
      "user": 0.0035284,
      "system": 0.0007492999999999999,
      "min": 1.5405500525,
      "max": 1.5514836335000002,
      "times": [
        1.5514836335000002,
        1.5405500525,
        1.5444959585000002,
        1.5427513335,
        1.5419061135
      ],
      "exit_codes": [
        0,
        0,
        0,
        0,
        0
      ]
    }
  ]
}
