{
  "results": [
    {
      "command": "./calculate_average_artsiomkorzun.sh",
      "mean": 0.9847297727200001,
      "stddev": 0.008907494060975305,
      "median": 0.98071880052,
      "user": 0.00288104,
      "system": 0.0013484319999999999,
      "min": 0.9779204315200001,
      "max": 0.99994957752,
      "times": [
        0.99994957752,
        0.9799224845200001,
        0.9851375695200001,
        0.9779204315200001,
        0.98071880052
      ],
      "exit_codes": [
        0,
        0,
        0,
        0,
        0
      ]
    }
  ]
}
