{
  "results": [
    {
      "command": "./calculate_average_artsiomkorzun.sh",
      "mean": 0.51646238296,
      "stddev": 0.005216658996017561,
      "median": 0.51683090996,
      "user": 0.0037162000000000002,
      "system": 0.0009652080000000001,
      "min": 0.50957651196,
      "max": 0.52397779496,
      "times": [
        0.51683090996,
        0.52397779496,
        0.51743365596,
        0.51449304196,
        0.50957651196
      ],
      "exit_codes": [
        0,
        0,
        0,
        0,
        0
      ]
    }
  ]
}
