{
  "results": [
    {
      "command": "./calculate_average_artsiomkorzun.sh",
      "mean": 0.41977321386,
      "stddev": 0.00046139691692153684,
      "median": 0.41976143266000004,
      "user": 0.00085472,
      "system": 0.00359358,
      "min": 0.41912969366,
      "max": 0.42028140266,
      "times": [
        0.42028140266,
        0.41976143266000004,
        0.41955675766000006,
        0.42013678266000004,
        0.41912969366
      ],
      "exit_codes": [
        0,
        0,
        0,
        0,
        0
      ]
    }
  ]
}
