{
  "results": [
    {
      "command": "./bin/austindonisan/aot/1brc ./inputs/measurements.txt 8 1",
      "mean": 1.25785683024,
      "stddev": 0.053323095992226135,
      "median": 1.23465486424,
      "user": 0.013435039999999999,
      "system": 0.00636642,
      "min": 1.2177993492399999,
      "max": 1.3508402982399998,
      "times": [
        1.3508402982399998,
        1.2177993492399999,
        1.23465486424,
        1.23454516824,
        1.25144447124
      ],
      "exit_codes": [
        0,
        0,
        0,
        0,
        0
      ]
    }
  ]
}
