{
  "results": [
    {
      "command": "./bin/austindonisan/aot/1brc ./inputs/measurements.txt 64 1",
      "mean": 0.38261665048000004,
      "stddev": 0.0003000666663098293,
      "median": 0.38254608008,
      "user": 0.012299539999999998,
      "system": 0.01064066,
      "min": 0.38240582508000004,
      "max": 0.38314138508,
      "times": [
        0.38244122608000003,
        0.38240582508000004,
        0.38254873608,
        0.38314138508,
        0.38254608008
      ],
      "exit_codes": [
        0,
        0,
        0,
        0,
        0
      ]
    }
  ]
}
