{
  "results": [
    {
      "command": "./bin/austindonisan/aot/1brc ./inputs/measurements.txt 16 1",
      "mean": 0.6968848189000001,
      "stddev": 0.12683952499512627,
      "median": 0.6364413561000001,
      "user": 0.00805674,
      "system": 0.00444634,
      "min": 0.6318333121,
      "max": 0.9230790761000001,
      "times": [
        0.9230790761000001,
        0.6573503131,
        0.6318333121,
        0.6364413561000001,
        0.6357200371
      ],
      "exit_codes": [
        0,
        0,
        0,
        0,
        0
      ]
    }
  ]
}
