{
  "results": [
    {
      "command": "./bin/austindonisan/aot/1brc ./inputs/measurements.txt 32 1",
      "mean": 0.39558398072,
      "stddev": 0.0775536765991249,
      "median": 0.36438372332,
      "user": 0.011080219999999998,
      "system": 0.005891815999999999,
      "min": 0.33222148032000004,
      "max": 0.51128533732,
      "times": [
        0.43726314732000005,
        0.51128533732,
        0.36438372332,
        0.33276621532,
        0.33222148032000004
      ],
      "exit_codes": [
        0,
        0,
        0,
        0,
        0
      ]
    }
  ]
}
