{
  "results": [
    {
      "command": "./bin/austindonisan/aot/1brc ./inputs/measurements.txt 16 1",
      "mean": 0.6643424058400001,
      "stddev": 0.04547637526406909,
      "median": 0.6432611022400001,
      "user": 0.01003592,
      "system": 0.002424236,
      "min": 0.6246984612400001,
      "max": 0.7354452882400001,
      "times": [
        0.6352070692400001,
        0.6831001082400001,
        0.7354452882400001,
        0.6432611022400001,
        0.6246984612400001
      ],
      "exit_codes": [
        0,
        0,
        0,
        0,
        0
      ]
    }
  ]
}
