{
  "results": [
    {
      "command": "./bin/austindonisan/aot/1brc ./inputs/measurements.txt 32 1",
      "mean": 0.34804505342000003,
      "stddev": 0.03812125879050205,
      "median": 0.33182571342,
      "user": 0.010354380000000002,
      "system": 0.00536022,
      "min": 0.32866841442,
      "max": 0.41619556442,
      "times": [
        0.41619556442,
        0.33182571342,
        0.33183645942,
        0.32866841442,
        0.33169911542
      ],
      "exit_codes": [
        0,
        0,
        0,
        0,
        0
      ]
    }
  ]
}
