{
  "results": [
    {
      "command": "./bin/buybackoff/aot/1brc ./inputs/measurements.txt",
      "mean": 1.3879804607800001,
      "stddev": 0.0047369666888231795,
      "median": 1.3887978729800001,
      "user": 0.015662519999999996,
      "system": 0.00916588,
      "min": 1.38284195998,
      "max": 1.3939842259800002,
      "times": [
        1.3887978729800001,
        1.38284195998,
        1.3939842259800002,
        1.39069033098,
        1.38358791398
      ],
      "exit_codes": [
        0,
        0,
        0,
        0,
        0
      ]
    }
  ]
}
