{
  "results": [
    {
      "command": "./bin/buybackoff/aot/1brc ./inputs/measurements.txt",
      "mean": 0.98782821708,
      "stddev": 0.01054058744471371,
      "median": 0.9819920684800001,
      "user": 0.01534214,
      "system": 0.00954092,
      "min": 0.9813314074800001,
      "max": 1.0059239204800001,
      "times": [
        1.0059239204800001,
        0.9819920684800001,
        0.9813314074800001,
        0.9884172674800001,
        0.9814764214800001
      ],
      "exit_codes": [
        0,
        0,
        0,
        0,
        0
      ]
    }
  ]
}
