{
  "results": [
    {
      "command": "./bin/buybackoff/aot/1brc ./inputs/measurements.txt",
      "mean": 0.5388857775599999,
      "stddev": 0.00776588905709896,
      "median": 0.5350147669599999,
      "user": 0.01666678,
      "system": 0.01293422,
      "min": 0.53238257296,
      "max": 0.55147750596,
      "times": [
        0.53438958596,
        0.55147750596,
        0.5350147669599999,
        0.54116445596,
        0.53238257296
      ],
      "exit_codes": [
        0,
        0,
        0,
        0,
        0
      ]
    }
  ]
}
