{
  "results": [
    {
      "command": "./bin/buybackoff/aot/1brc ./inputs/measurements.txt",
      "mean": 0.4224232589,
      "stddev": 0.0029515272210881034,
      "median": 0.4229096069,
      "user": 0.026319899999999997,
      "system": 0.013821159999999999,
      "min": 0.4195004109,
      "max": 0.4264207709,
      "times": [
        0.4237484589,
        0.4195370469,
        0.4229096069,
        0.4264207709,
        0.4195004109
      ],
      "exit_codes": [
        0,
        0,
        0,
        0,
        0
      ]
    }
  ]
}
