{
  "results": [
    {
      "command": "./bin/buybackoff/aot/1brc ./inputs/measurements.txt",
      "mean": 0.7260547671,
      "stddev": 0.006374728078683349,
      "median": 0.7235161011,
      "user": 0.0212573,
      "system": 0.006687839999999999,
      "min": 0.7199356241,
      "max": 0.7355247221,
      "times": [
        0.7355247221,
        0.7294335361000001,
        0.7235161011,
        0.7218638521,
        0.7199356241
      ],
      "exit_codes": [
        0,
        0,
        0,
        0,
        0
      ]
    }
  ]
}
