{
  "results": [
    {
      "command": "./bin/buybackoff/aot/1brc ./inputs/measurements.txt",
      "mean": 1.92803273712,
      "stddev": 0.0033586168002447633,
      "median": 1.9281562939199999,
      "user": 0.017674000000000002,
      "system": 0.00580884,
      "min": 1.9232014399200001,
      "max": 1.93260472992,
      "times": [
        1.9287533729200002,
        1.9232014399200001,
        1.9281562939199999,
        1.93260472992,
        1.92744784892
      ],
      "exit_codes": [
        0,
        0,
        0,
        0,
        0
      ]
    }
  ]
}
