{
  "results": [
    {
      "command": "./bin/CameronAavik/aot/1brc ./inputs/measurements.txt",
      "mean": 2.43603322056,
      "stddev": 0.027769725034514147,
      "median": 2.42891419076,
      "user": 33.814847459999996,
      "system": 0.8273407599999999,
      "min": 2.41426513276,
      "max": 2.48452473176,
      "times": [
        2.4233580897600002,
        2.42891419076,
        2.41426513276,
        2.42910395776,
        2.48452473176
      ],
      "exit_codes": [
        0,
        0,
        0,
        0,
        0
      ]
    }
  ]
}
