{
  "results": [
    {
      "command": "./bin/CameronAavik/aot/1brc ./inputs/measurements.txt",
      "mean": 3.48357247802,
      "stddev": 0.031838728023797794,
      "median": 3.46950419122,
      "user": 50.713819019999995,
      "system": 0.9544918600000001,
      "min": 3.4645270842199998,
      "max": 3.54012678022,
      "times": [
        3.4645270842199998,
        3.46950419122,
        3.54012678022,
        3.46860761622,
        3.47509671822
      ],
      "exit_codes": [
        0,
        0,
        0,
        0,
        0
      ]
    }
  ]
}
