{
  "results": [
    {
      "command": "./bin/CameronAavik/aot/1brc ./inputs/measurements.txt",
      "mean": 1.49327240806,
      "stddev": 0.07550523190755046,
      "median": 1.4947516586599998,
      "user": 35.1879883,
      "system": 1.21658008,
      "min": 1.37790369966,
      "max": 1.56835400966,
      "times": [
        1.37790369966,
        1.4947516586599998,
        1.56835400966,
        1.4732951136599999,
        1.55205755866
      ],
      "exit_codes": [
        0,
        0,
        0,
        0,
        0
      ]
    }
  ]
}
