{
  "results": [
    {
      "command": "./bin/CameronAavik/aot/1brc ./inputs/measurements.txt",
      "mean": 1.3799852965000001,
      "stddev": 0.01351311466188925,
      "median": 1.3753947401000002,
      "user": 35.03896436,
      "system": 1.2507346799999999,
      "min": 1.3685527161000002,
      "max": 1.4002630931000002,
      "times": [
        1.3867574011000001,
        1.3689585321000002,
        1.4002630931000002,
        1.3753947401000002,
        1.3685527161000002
      ],
      "exit_codes": [
        0,
        0,
        0,
        0,
        0
      ]
    }
  ]
}
