{
  "results": [
    {
      "command": "./bin/CameronAavik/aot/1brc ./inputs/measurements.txt",
      "mean": 4.56237112304,
      "stddev": 0.05246255427920027,
      "median": 4.54334417824,
      "user": 33.494182099999996,
      "system": 0.80540428,
      "min": 4.51180690624,
      "max": 4.64751051124,
      "times": [
        4.64751051124,
        4.573582855240001,
        4.51180690624,
        4.54334417824,
        4.5356111642400005
      ],
      "exit_codes": [
        0,
        0,
        0,
        0,
        0
      ]
    }
  ]
}
