{
  "results": [
    {
      "command": "./bin/CameronAavik/aot/1brc ./inputs/measurements.txt",
      "mean": 1.89987279862,
      "stddev": 0.010375489587406833,
      "median": 1.90496345402,
      "user": 51.161721959999994,
      "system": 1.03415974,
      "min": 1.88855260302,
      "max": 1.90896874202,
      "times": [
        1.88870057202,
        1.88855260302,
        1.90896874202,
        1.90496345402,
        1.90817862202
      ],
      "exit_codes": [
        0,
        0,
        0,
        0,
        0
      ]
    }
  ]
}
