{
  "results": [
    {
      "command": "./bin/dzaima/aot/1brc ./inputs/measurements.txt",
      "mean": 2.58259734166,
      "stddev": 0.03646103741205272,
      "median": 2.59740696546,
      "user": 19.131332879999995,
      "system": 0.7552345399999999,
      "min": 2.54081689546,
      "max": 2.61625665546,
      "times": [
        2.61625665546,
        2.61239959646,
        2.59740696546,
        2.54081689546,
        2.54610659546
      ],
      "exit_codes": [
        0,
        0,
        0,
        0,
        0
      ]
    }
  ]
}
