{
  "results": [
    {
      "command": "./bin/dzaima/aot/1brc ./inputs/measurements.txt",
      "mean": 2.57116194584,
      "stddev": 0.06903479255667182,
      "median": 2.5485511374400005,
      "user": 18.8332145,
      "system": 0.7502063399999999,
      "min": 2.50678048444,
      "max": 2.6785428164400003,
      "times": [
        2.59749496544,
        2.6785428164400003,
        2.50678048444,
        2.52444032544,
        2.5485511374400005
      ],
      "exit_codes": [
        0,
        0,
        0,
        0,
        0
      ]
    }
  ]
}
