{
  "results": [
    {
      "command": "./bin/dzaima/aot/1brc ./inputs/measurements.txt",
      "mean": 2.52988197292,
      "stddev": 0.022233291667054515,
      "median": 2.53094535012,
      "user": 18.859790940000003,
      "system": 0.76704364,
      "min": 2.50672459012,
      "max": 2.56211399012,
      "times": [
        2.50672459012,
        2.53803396012,
        2.51159197412,
        2.53094535012,
        2.56211399012
      ],
      "exit_codes": [
        0,
        0,
        0,
        0,
        0
      ]
    }
  ]
}
