{
  "results": [
    {
      "command": "./bin/dzaima/aot/1brc ./inputs/measurements.txt",
      "mean": 2.5533223876,
      "stddev": 0.03365388163566513,
      "median": 2.5383348398,
      "user": 19.057390119999997,
      "system": 0.7559371799999999,
      "min": 2.5309556108,
      "max": 2.6127030278,
      "times": [
        2.5380199418,
        2.5383348398,
        2.5309556108,
        2.5465985177999997,
        2.6127030278
      ],
      "exit_codes": [
        0,
        0,
        0,
        0,
        0
      ]
    }
  ]
}
