{
  "results": [
    {
      "command": "./bin/dzaima/aot/1brc ./inputs/measurements.txt",
      "mean": 2.5113958481400003,
      "stddev": 0.01596063291575266,
      "median": 2.5077187971400003,
      "user": 18.8294576,
      "system": 0.7508090599999999,
      "min": 2.49254866814,
      "max": 2.53400802814,
      "times": [
        2.50301773414,
        2.5077187971400003,
        2.49254866814,
        2.53400802814,
        2.5196860131400003
      ],
      "exit_codes": [
        0,
        0,
        0,
        0,
        0
      ]
    }
  ]
}
