{
  "results": [
    {
      "command": "./bin/dzaima/aot/1brc ./inputs/measurements.txt",
      "mean": 2.5186389168999996,
      "stddev": 0.013670400809613447,
      "median": 2.5211742373,
      "user": 18.81257762,
      "system": 0.76176784,
      "min": 2.5041082393,
      "max": 2.5356098693,
      "times": [
        2.5041082393,
        2.5268646503,
        2.5211742373,
        2.5054375883,
        2.5356098693
      ],
      "exit_codes": [
        0,
        0,
        0,
        0,
        0
      ]
    }
  ]
}
