{
  "results": [
    {
      "command": "./calculate_average_jerrinot.sh",
      "mean": 0.9728395883200001,
      "stddev": 0.002977459323827457,
      "median": 0.97276187112,
      "user": 0.0032468399999999995,
      "system": 0.001644176,
      "min": 0.9693209031200001,
      "max": 0.97659671512,
      "times": [
        0.97659671512,
        0.9693209031200001,
        0.9748740491200001,
        0.97276187112,
        0.9706444031200001
      ],
      "exit_codes": [
        0,
        0,
        0,
        0,
        0
      ]
    }
  ]
}
