{
  "results": [
    {
      "command": "./calculate_average_jerrinot.sh",
      "mean": 0.7853777069800001,
      "stddev": 0.0033841041245264917,
      "median": 0.78691422138,
      "user": 0.0031214,
      "system": 0.002058,
      "min": 0.7811614343800001,
      "max": 0.78858217738,
      "times": [
        0.78858217738,
        0.7811614343800001,
        0.7878780053800001,
        0.78235269638,
        0.78691422138
      ],
      "exit_codes": [
        0,
        0,
        0,
        0,
        0
      ]
    }
  ]
}
