{
  "results": [
    {
      "command": "./calculate_average_jerrinot.sh",
      "mean": 0.8156943689600002,
      "stddev": 0.0741236013452031,
      "median": 0.78405818256,
      "user": 0.00300782,
      "system": 0.0021133,
      "min": 0.77772878056,
      "max": 0.9481698345600001,
      "times": [
        0.7821719265600001,
        0.9481698345600001,
        0.78405818256,
        0.7863431205600001,
        0.77772878056
      ],
      "exit_codes": [
        0,
        0,
        0,
        0,
        0
      ]
    }
  ]
}
