{
  "results": [
    {
      "command": "./calculate_average_jerrinot.sh",
      "mean": 2.59146145998,
      "stddev": 0.016776544157649596,
      "median": 2.5845778357799998,
      "user": 0.00276432,
      "system": 0.002152952,
      "min": 2.58048142678,
      "max": 2.62096404778,
      "times": [
        2.58878279778,
        2.62096404778,
        2.5845778357799998,
        2.58048142678,
        2.58250119178
      ],
      "exit_codes": [
        0,
        0,
        0,
        0,
        0
      ]
    }
  ]
}
