{
  "results": [
    {
      "command": "./calculate_average_jerrinot.sh",
      "mean": 1.37584878412,
      "stddev": 0.003978436272668705,
      "median": 1.37609684852,
      "user": 0.0025318199999999997,
      "system": 0.0023615039999999995,
      "min": 1.37050899352,
      "max": 1.37988388652,
      "times": [
        1.37988388652,
        1.37609684852,
        1.37936847052,
        1.37050899352,
        1.37338572152
      ],
      "exit_codes": [
        0,
        0,
        0,
        0,
        0
      ]
    }
  ]
}
