{
  "results": [
    {
      "command": "./calculate_average_jerrinot.sh",
      "mean": 1.7928998213,
      "stddev": 0.0051255288510802756,
      "median": 1.7909148843000002,
      "user": 0.00352952,
      "system": 0.001466688,
      "min": 1.7878738613,
      "max": 1.8010819033,
      "times": [
        1.7878738613,
        1.7909148843000002,
        1.7943454393000002,
        1.7902830183000003,
        1.8010819033
      ],
      "exit_codes": [
        0,
        0,
        0,
        0,
        0
      ]
    }
  ]
}
