{
  "results": [
    {
      "command": "./bin/kpocza/aot/1brc ./inputs/measurements.txt",
      "mean": 2.85889342834,
      "stddev": 0.2288556962713964,
      "median": 2.76535347534,
      "user": 19.37610738,
      "system": 0.69121512,
      "min": 2.71332060234,
      "max": 3.2584047013400004,
      "times": [
        3.2584047013400004,
        2.83821498734,
        2.71332060234,
        2.76535347534,
        2.71917337534
      ],
      "exit_codes": [
        0,
        0,
        0,
        0,
        0
      ]
    }
  ]
}
