{
  "results": [
    {
      "command": "./bin/kpocza/aot/1brc ./inputs/measurements.txt",
      "mean": 0.6936261855200001,
      "stddev": 0.0065261555380767295,
      "median": 0.6954309635200001,
      "user": 26.41735936,
      "system": 0.9008845400000001,
      "min": 0.6862368955200001,
      "max": 0.7017130205200001,
      "times": [
        0.6970641755200001,
        0.68768587252,
        0.6954309635200001,
        0.7017130205200001,
        0.6862368955200001
      ],
      "exit_codes": [
        0,
        0,
        0,
        0,
        0
      ]
    }
  ]
}
