{
  "results": [
    {
      "command": "./bin/kpocza/aot/1brc ./inputs/measurements.txt",
      "mean": 1.10883934272,
      "stddev": 0.053189440011049624,
      "median": 1.08519759232,
      "user": 26.057281,
      "system": 0.82571858,
      "min": 1.0785503053199998,
      "max": 1.20316357732,
      "times": [
        1.20316357732,
        1.08066667232,
        1.0966185663199999,
        1.08519759232,
        1.0785503053199998
      ],
      "exit_codes": [
        0,
        0,
        0,
        0,
        0
      ]
    }
  ]
}
