{
  "results": [
    {
      "command": "./bin/kpocza/aot/1brc ./inputs/measurements.txt",
      "mean": 1.93190258352,
      "stddev": 0.025687055312012912,
      "median": 1.91968354992,
      "user": 26.091504880000002,
      "system": 0.8039021399999999,
      "min": 1.90888738892,
      "max": 1.9728639629200002,
      "times": [
        1.91750513292,
        1.90888738892,
        1.94057288292,
        1.91968354992,
        1.9728639629200002
      ],
      "exit_codes": [
        0,
        0,
        0,
        0,
        0
      ]
    }
  ]
}
