{
  "results": [
    {
      "command": "./bin/kpocza/aot/1brc ./inputs/measurements.txt",
      "mean": 0.9174617292,
      "stddev": 0.08642351615253208,
      "median": 0.8778609032000001,
      "user": 19.633924559999997,
      "system": 0.8291611399999999,
      "min": 0.8732793542000001,
      "max": 1.0717875931999998,
      "times": [
        1.0717875931999998,
        0.8732793542000001,
        0.8872491992000001,
        0.8771315962000001,
        0.8778609032000001
      ],
      "exit_codes": [
        0,
        0,
        0,
        0,
        0
      ]
    }
  ]
}
