{
  "results": [
    {
      "command": "./bin/kpocza/aot/1brc ./inputs/measurements.txt",
      "mean": 1.49776172634,
      "stddev": 0.021463046773527582,
      "median": 1.4892193309400001,
      "user": 19.3696789,
      "system": 0.6863029600000001,
      "min": 1.4736830719400003,
      "max": 1.52166921094,
      "times": [
        1.52166921094,
        1.4892193309400001,
        1.4850837729400002,
        1.4736830719400003,
        1.5191532449400003
      ],
      "exit_codes": [
        0,
        0,
        0,
        0,
        0
      ]
    }
  ]
}
