{
  "results": [
    {
      "command": "./bin/lehuyduc/aot/1brc ./inputs/measurements.txt",
      "mean": 0.7405357946600001,
      "stddev": 0.03561634555143714,
      "median": 0.72445586146,
      "user": 0.00090788,
      "system": 0.00044548800000000007,
      "min": 0.71235795746,
      "max": 0.79956654846,
      "times": [
        0.79956654846,
        0.71852413446,
        0.74777447146,
        0.71235795746,
        0.72445586146
      ],
      "exit_codes": [
        0,
        0,
        0,
        0,
        0
      ]
    }
  ]
}
