{
  "results": [
    {
      "command": "./bin/lehuyduc/aot/1brc ./inputs/measurements.txt",
      "mean": 1.7146873505999998,
      "stddev": 0.05937950473958345,
      "median": 1.6808469006,
      "user": 0.00124364,
      "system": 0.00016778000000000002,
      "min": 1.6639292396,
      "max": 1.7956029145999999,
      "times": [
        1.6639292396,
        1.7956029145999999,
        1.6727793936,
        1.6808469006,
        1.7602783046
      ],
      "exit_codes": [
        0,
        0,
        0,
        0,
        0
      ]
    }
  ]
}
