{
  "results": [
    {
      "command": "./bin/lehuyduc/aot/1brc ./inputs/measurements.txt",
      "mean": 0.91091397844,
      "stddev": 0.04740300733814497,
      "median": 0.90181641484,
      "user": 0.001105544,
      "system": 0.000336572,
      "min": 0.85897108584,
      "max": 0.98864694584,
      "times": [
        0.85897108584,
        0.89898886284,
        0.98864694584,
        0.90181641484,
        0.90614658284
      ],
      "exit_codes": [
        0,
        0,
        0,
        0,
        0
      ]
    }
  ]
}
