{
  "results": [
    {
      "command": "./bin/lehuyduc/aot/1brc ./inputs/measurements.txt",
      "mean": 0.43314699160000003,
      "stddev": 0.007924644057543305,
      "median": 0.42898478360000003,
      "user": 0.0015093799999999998,
      "system": 0.00004362,
      "min": 0.4270481246,
      "max": 0.4456168146,
      "times": [
        0.4456168146,
        0.42898478360000003,
        0.4270481246,
        0.42764125360000005,
        0.43644398160000003
      ],
      "exit_codes": [
        0,
        0,
        0,
        0,
        0
      ]
    }
  ]
}
