{
  "results": [
    {
      "command": "./bin/lehuyduc/aot/1brc ./inputs/measurements.txt",
      "mean": 1.3166910358400001,
      "stddev": 0.025089721209559254,
      "median": 1.3086209210400002,
      "user": 0.0013817,
      "system": 0.0,
      "min": 1.2963289210400002,
      "max": 1.35865781904,
      "times": [
        1.2963289210400002,
        1.35865781904,
        1.3195526480400002,
        1.30029487004,
        1.3086209210400002
      ],
      "exit_codes": [
        0,
        0,
        0,
        0,
        0
      ]
    }
  ]
}
