{
  "results": [
    {
      "command": "./bin/lehuyduc/aot/1brc ./inputs/measurements.txt",
      "mean": 0.51622318424,
      "stddev": 0.025558786200842953,
      "median": 0.50359005244,
      "user": 0.001292,
      "system": 0.000256092,
      "min": 0.49476818244000004,
      "max": 0.54461568344,
      "times": [
        0.54461568344,
        0.49476818244000004,
        0.49487659144000007,
        0.50359005244,
        0.54326541144
      ],
      "exit_codes": [
        0,
        0,
        0,
        0,
        0
      ]
    }
  ]
}
