{
  "results": [
    {
      "command": "./bin/mtopolnik-rs/aot/1brc ./inputs/measurements.txt",
      "mean": 1.47167951432,
      "stddev": 0.022592956722638786,
      "median": 1.45739398092,
      "user": 18.903655179999994,
      "system": 0.74902352,
      "min": 1.45720421392,
      "max": 1.50887364892,
      "times": [
        1.45720421392,
        1.45739398092,
        1.50887364892,
        1.4776900839200002,
        1.45723564392
      ],
      "exit_codes": [
        0,
        0,
        0,
        0,
        0
      ]
    }
  ]
}
