{
  "results": [
    {
      "command": "./calculate_average_mtopolnik.sh",
      "mean": 1.7029937777200002,
      "stddev": 0.0257747306406329,
      "median": 1.69647275992,
      "user": 0.014489539999999999,
      "system": 0.03582397999999999,
      "min": 1.68256949492,
      "max": 1.74795037692,
      "times": [
        1.68256949492,
        1.69647275992,
        1.69666886592,
        1.74795037692,
        1.69130739092
      ],
      "exit_codes": [
        0,
        0,
        0,
        0,
        0
      ]
    }
  ]
}
