{
  "results": [
    {
      "command": "./bin/mtopolnik-rs/aot/1brc ./inputs/measurements.txt",
      "mean": 0.96825266172,
      "stddev": 0.036732238759275934,
      "median": 0.9546036345200001,
      "user": 19.022617199999996,
      "system": 0.9525444799999999,
      "min": 0.9240765125200001,
      "max": 1.01286202852,
      "times": [
        1.01286202852,
        0.9505513405200001,
        0.99916979252,
        0.9546036345200001,
        0.9240765125200001
      ],
      "exit_codes": [
        0,
        0,
        0,
        0,
        0
      ]
    }
  ]
}
