{
  "results": [
    {
      "command": "./calculate_average_mtopolnik.sh",
      "mean": 1.0987882551800001,
      "stddev": 0.07591824648154236,
      "median": 1.07983610938,
      "user": 0.02341968,
      "system": 0.02691054,
      "min": 1.03805878438,
      "max": 1.23109515338,
      "times": [
        1.23109515338,
        1.06481915638,
        1.08013207238,
        1.03805878438,
        1.07983610938
      ],
      "exit_codes": [
        0,
        0,
        0,
        0,
        0
      ]
    }
  ]
}
