{
  "results": [
    {
      "command": "./calculate_average_mtopolnik.sh",
      "mean": 1.2424142329200003,
      "stddev": 0.015432580891416007,
      "median": 1.23440440752,
      "user": 0.015911039999999998,
      "system": 0.03440596,
      "min": 1.22841004552,
      "max": 1.26529698652,
      "times": [
        1.26529698652,
        1.23280419152,
        1.25115553352,
        1.23440440752,
        1.22841004552
      ],
      "exit_codes": [
        0,
        0,
        0,
        0,
        0
      ]
    }
  ]
}
