{
  "results": [
    {
      "command": "./calculate_average_mtopolnik.sh",
      "mean": 1.1712192823800003,
      "stddev": 0.04224823205368514,
      "median": 1.1614740703800002,
      "user": 0.011072559999999999,
      "system": 0.04029556,
      "min": 1.13692472238,
      "max": 1.23979388938,
      "times": [
        1.23979388938,
        1.13692472238,
        1.1614740703800002,
        1.13815390038,
        1.1797498293800002
      ],
      "exit_codes": [
        0,
        0,
        0,
        0,
        0
      ]
    }
  ]
}
