{
  "results": [
    {
      "command": "./bin/mtopolnik-rs/aot/1brc ./inputs/measurements.txt",
      "mean": 0.7656069322800001,
      "stddev": 0.04958617720496187,
      "median": 0.74645088388,
      "user": 27.62965716,
      "system": 1.3159180200000002,
      "min": 0.72811439288,
      "max": 0.8495469348800001,
      "times": [
        0.8495469348800001,
        0.72811439288,
        0.7699080418800001,
        0.73401440788,
        0.74645088388
      ],
      "exit_codes": [
        0,
        0,
        0,
        0,
        0
      ]
    }
  ]
}
