{
  "results": [
    {
      "command": "./bin/mtopolnik-rs/aot/1brc ./inputs/measurements.txt",
      "mean": 2.0308115095,
      "stddev": 0.02332554889867331,
      "median": 2.0226538319,
      "user": 27.4767254,
      "system": 0.8604946800000001,
      "min": 2.0132533698999997,
      "max": 2.0708884909,
      "times": [
        2.0304207359,
        2.0132533698999997,
        2.0226538319,
        2.0708884909,
        2.0168411189
      ],
      "exit_codes": [
        0,
        0,
        0,
        0,
        0
      ]
    }
  ]
}
