{
  "results": [
    {
      "command": "./bin/mtopolnik-rs/aot/1brc ./inputs/measurements.txt",
      "mean": 1.1774921542799999,
      "stddev": 0.07260589853945111,
      "median": 1.14548499748,
      "user": 27.5351378,
      "system": 0.9763406,
      "min": 1.1388976534800002,
      "max": 1.30669571148,
      "times": [
        1.30669571148,
        1.1388976534800002,
        1.13919615248,
        1.14548499748,
        1.15718625648
      ],
      "exit_codes": [
        0,
        0,
        0,
        0,
        0
      ]
    }
  ]
}
