{
  "results": [
    {
      "command": "./calculate_average_mtopolnik.sh",
      "mean": 0.8349611679400001,
      "stddev": 0.02358390563880366,
      "median": 0.84300518694,
      "user": 0.01949928,
      "system": 0.031061300000000003,
      "min": 0.8007475339400001,
      "max": 0.8628746269400001,
      "times": [
        0.84430789894,
        0.8007475339400001,
        0.8238705929400001,
        0.84300518694,
        0.8628746269400001
      ],
      "exit_codes": [
        0,
        0,
        0,
        0,
        0
      ]
    }
  ]
}
