{
  "results": [
    {
      "command": "./calculate_average_mtopolnik.sh",
      "mean": 2.2727985776199997,
      "stddev": 0.03037668852612027,
      "median": 2.26952016682,
      "user": 0.01633012,
      "system": 0.0267682,
      "min": 2.2377418098199997,
      "max": 2.3195860858199997,
      "times": [
        2.26952016682,
        2.27921327782,
        2.2377418098199997,
        2.2579315478199997,
        2.3195860858199997
      ],
      "exit_codes": [
        0,
        0,
        0,
        0,
        0
      ]
    }
  ]
}
