{
  "results": [
    {
      "command": "./bin/mtopolnik-rs/aot/1brc ./inputs/measurements.txt",
      "mean": 2.71404256764,
      "stddev": 0.020475329106567068,
      "median": 2.72626978144,
      "user": 18.877297919999997,
      "system": 0.72789848,
      "min": 2.68216904044,
      "max": 2.72864823944,
      "times": [
        2.70461508044,
        2.72864823944,
        2.72626978144,
        2.68216904044,
        2.72851069644
      ],
      "exit_codes": [
        0,
        0,
        0,
        0,
        0
      ]
    }
  ]
}
