{
  "results": [
    {
      "command": "./bin/nietras/aot/1brc ./inputs/measurements.txt",
      "mean": 0.99360173902,
      "stddev": 0.020190022217865394,
      "median": 0.98158344302,
      "user": 23.35788604,
      "system": 0.8318585599999999,
      "min": 0.9743507220200001,
      "max": 1.01763517102,
      "times": [
        0.98122402302,
        1.01321533602,
        0.98158344302,
        1.01763517102,
        0.9743507220200001
      ],
      "exit_codes": [
        0,
        0,
        0,
        0,
        0
      ]
    }
  ]
}
