{
  "results": [
    {
      "command": "./bin/nietras/aot/1brc ./inputs/measurements.txt",
      "mean": 3.22764240296,
      "stddev": 0.018137731216020858,
      "median": 3.23605731036,
      "user": 23.215867959999997,
      "system": 0.68163192,
      "min": 3.20191428236,
      "max": 3.24666719336,
      "times": [
        3.23726885936,
        3.24666719336,
        3.20191428236,
        3.23605731036,
        3.21630436936
      ],
      "exit_codes": [
        0,
        0,
        0,
        0,
        0
      ]
    }
  ]
}
