{
  "results": [
    {
      "command": "./bin/nietras/aot/1brc ./inputs/measurements.txt",
      "mean": 2.0404333494799998,
      "stddev": 0.009954876788611778,
      "median": 2.0398977082800003,
      "user": 28.171734859999997,
      "system": 0.76714854,
      "min": 2.02602209828,
      "max": 2.05031761728,
      "times": [
        2.05031761728,
        2.03672313228,
        2.04920619128,
        2.02602209828,
        2.0398977082800003
      ],
      "exit_codes": [
        0,
        0,
        0,
        0,
        0
      ]
    }
  ]
}
