{
  "results": [
    {
      "command": "./bin/nietras/aot/1brc ./inputs/measurements.txt",
      "mean": 1.14178308738,
      "stddev": 0.020236746618987694,
      "median": 1.1305456677799999,
      "user": 28.10654386,
      "system": 0.838351,
      "min": 1.12564927978,
      "max": 1.17123913478,
      "times": [
        1.12564927978,
        1.12692596878,
        1.15455538578,
        1.1305456677799999,
        1.17123913478
      ],
      "exit_codes": [
        0,
        0,
        0,
        0,
        0
      ]
    }
  ]
}
