{
  "results": [
    {
      "command": "./bin/nietras/aot/1brc ./inputs/measurements.txt",
      "mean": 0.7029406020800002,
      "stddev": 0.010918321201534765,
      "median": 0.70043677808,
      "user": 28.315421379999997,
      "system": 0.94421122,
      "min": 0.69208168008,
      "max": 0.72039503808,
      "times": [
        0.72039503808,
        0.6964436150800001,
        0.70043677808,
        0.7053458990800001,
        0.69208168008
      ],
      "exit_codes": [
        0,
        0,
        0,
        0,
        0
      ]
    }
  ]
}
