{
  "results": [
    {
      "command": "./bin/nietras/aot/1brc ./inputs/measurements.txt",
      "mean": 1.7215850195400002,
      "stddev": 0.01450897547197596,
      "median": 1.72020662114,
      "user": 23.231101759999998,
      "system": 0.7301973799999999,
      "min": 1.70665593114,
      "max": 1.74128649014,
      "times": [
        1.74128649014,
        1.73045581614,
        1.70665593114,
        1.70932023914,
        1.72020662114
      ],
      "exit_codes": [
        0,
        0,
        0,
        0,
        0
      ]
    }
  ]
}
