{
  "results": [
    {
      "command": "./bin/NimaAra/aot/1brc ./inputs/measurements.txt",
      "mean": 0.004439796340000001,
      "stddev": 0.00016693506280197678,
      "median": 0.00450699014,
      "user": 0.004646559999999999,
      "system": 0.0040362,
      "min": 0.00415909314,
      "max": 0.00456949414,
      "times": [
        0.00441914714,
        0.00415909314,
        0.00450699014,
        0.00454425714,
        0.00456949414
      ],
      "exit_codes": [
        0,
        0,
        0,
        0,
        0
      ]
    }
  ]
}
