{
  "results": [
    {
      "command": "./bin/NimaAra/aot/1brc ./inputs/measurements.txt",
      "mean": 0.005421008180000001,
      "stddev": 0.0002657171223073516,
      "median": 0.00538299058,
      "user": 0.006540839999999999,
      "system": 0.00511376,
      "min": 0.00501793658,
      "max": 0.005665643580000001,
      "times": [
        0.00501793658,
        0.005665643580000001,
        0.00538299058,
        0.0056595325799999995,
        0.00537893758
      ],
      "exit_codes": [
        0,
        0,
        0,
        0,
        0
      ]
    }
  ]
}
