{
  "results": [
    {
      "command": "./bin/NimaAra/aot/1brc ./inputs/measurements.txt",
      "mean": 0.006899514400000001,
      "stddev": 0.0004358970169940369,
      "median": 0.0067570548000000005,
      "user": 0.012634140000000002,
      "system": 0.010010219999999998,
      "min": 0.006571523800000001,
      "max": 0.0076646678,
      "times": [
        0.0076646678,
        0.006571523800000001,
        0.006792582800000001,
        0.006711742800000001,
        0.0067570548000000005
      ],
      "exit_codes": [
        0,
        0,
        0,
        0,
        0
      ]
    }
  ]
}
