{
  "results": [
    {
      "command": "./bin/NimaAra/aot/1brc ./inputs/measurements.txt",
      "mean": 0.00607339766,
      "stddev": 0.000411843087319916,
      "median": 0.0061935624600000004,
      "user": 0.014131040000000001,
      "system": 0.00155528,
      "min": 0.005423972460000001,
      "max": 0.006417168460000001,
      "times": [
        0.006397318460000001,
        0.005934966460000001,
        0.005423972460000001,
        0.006417168460000001,
        0.0061935624600000004
      ],
      "exit_codes": [
        0,
        0,
        0,
        0,
        0
      ]
    }
  ]
}
