{
  "results": [
    {
      "command": "./bin/NimaAra/aot/1brc ./inputs/measurements.txt",
      "mean": 0.004106389580000001,
      "stddev": 0.00015610450464448476,
      "median": 0.004034124180000001,
      "user": 0.003287880000000001,
      "system": 0.004643351999999999,
      "min": 0.003998329180000001,
      "max": 0.004379731180000001,
      "times": [
        0.004379731180000001,
        0.004034124180000001,
        0.00408757218,
        0.00403219118,
        0.003998329180000001
      ],
      "exit_codes": [
        0,
        0,
        0,
        0,
        0
      ]
    }
  ]
}
