{
  "results": [
    {
      "command": "./bin/NimaAra/aot/1brc ./inputs/measurements.txt",
      "mean": 0.00405068474,
      "stddev": 0.00009825964575704515,
      "median": 0.004038065340000001,
      "user": 0.0050221599999999995,
      "system": 0.00240572,
      "min": 0.0039153083400000005,
      "max": 0.004176970340000001,
      "times": [
        0.004176970340000001,
        0.004038065340000001,
        0.004017098340000001,
        0.0039153083400000005,
        0.00410598134
      ],
      "exit_codes": [
        0,
        0,
        0,
        0,
        0
      ]
    }
  ]
}
