{
  "results": [
    {
      "command": "./bin/noahfalk/aot/1brc ./inputs/measurements.txt",
      "mean": 0.7651963456800001,
      "stddev": 0.008278462847661448,
      "median": 0.76694096848,
      "user": 15.705043219999999,
      "system": 5.03833166,
      "min": 0.75346948948,
      "max": 0.7751786324800001,
      "times": [
        0.7751786324800001,
        0.75346948948,
        0.7610778924800001,
        0.7693147454800001,
        0.76694096848
      ],
      "exit_codes": [
        0,
        0,
        0,
        0,
        0
      ]
    }
  ]
}
