{
  "results": [
    {
      "command": "./bin/noahfalk/aot/1brc ./inputs/measurements.txt",
      "mean": 1.5184134533600002,
      "stddev": 0.006067167138295726,
      "median": 1.5153676175600002,
      "user": 20.90418136,
      "system": 2.3573836999999997,
      "min": 1.51190659556,
      "max": 1.5256081915600002,
      "times": [
        1.5256081915600002,
        1.5153676175600002,
        1.5150602395600001,
        1.51190659556,
        1.52412462256
      ],
      "exit_codes": [
        0,
        0,
        0,
        0,
        0
      ]
    }
  ]
}
