{
  "results": [
    {
      "command": "./bin/noahfalk/aot/1brc ./inputs/measurements.txt",
      "mean": 0.8520277927800001,
      "stddev": 0.015904041065905115,
      "median": 0.84712450038,
      "user": 21.84830892,
      "system": 15.46421052,
      "min": 0.8319498133800001,
      "max": 0.87413680538,
      "times": [
        0.8319498133800001,
        0.86023345638,
        0.87413680538,
        0.84712450038,
        0.84669438838
      ],
      "exit_codes": [
        0,
        0,
        0,
        0,
        0
      ]
    }
  ]
}
