{
  "results": [
    {
      "command": "./bin/noahfalk/aot/1brc ./inputs/measurements.txt",
      "mean": 2.21262680278,
      "stddev": 0.023302420996011316,
      "median": 2.21258455258,
      "user": 15.207999820000001,
      "system": 1.9647761400000001,
      "min": 2.17913134058,
      "max": 2.24391776058,
      "times": [
        2.20790143958,
        2.21959892058,
        2.17913134058,
        2.24391776058,
        2.21258455258
      ],
      "exit_codes": [
        0,
        0,
        0,
        0,
        0
      ]
    }
  ]
}
