{
  "results": [
    {
      "command": "./bin/noahfalk/aot/1brc ./inputs/measurements.txt",
      "mean": 1.1583481285400001,
      "stddev": 0.003957963891465478,
      "median": 1.15709200294,
      "user": 15.43622538,
      "system": 2.1268608199999997,
      "min": 1.1547962149400002,
      "max": 1.1644126199400002,
      "times": [
        1.1644126199400002,
        1.15709200294,
        1.1553853169400001,
        1.1547962149400002,
        1.16005448794
      ],
      "exit_codes": [
        0,
        0,
        0,
        0,
        0
      ]
    }
  ]
}
