{
  "results": [
    {
      "command": "./bin/noahfalk/aot/1brc ./inputs/measurements.txt",
      "mean": 0.87023203392,
      "stddev": 0.002662004586116478,
      "median": 0.86980214172,
      "user": 21.28489586,
      "system": 2.9322969,
      "min": 0.86731625172,
      "max": 0.87320292872,
      "times": [
        0.87320292872,
        0.87273912572,
        0.86980214172,
        0.86731625172,
        0.86809972172
      ],
      "exit_codes": [
        0,
        0,
        0,
        0,
        0
      ]
    }
  ]
}
