{
  "results": [
    {
      "command": "./bin/pedrosakuma/aot/1brc ./inputs/measurements.txt",
      "mean": 1.6377621632200001,
      "stddev": 0.006616147903655458,
      "median": 1.63676068922,
      "user": 32.33898452,
      "system": 1.28726792,
      "min": 1.6304741082199998,
      "max": 1.64850712622,
      "times": [
        1.64850712622,
        1.63541503822,
        1.63676068922,
        1.6304741082199998,
        1.63765385422
      ],
      "exit_codes": [
        0,
        0,
        0,
        0,
        0
      ]
    }
  ]
}
