{
  "results": [
    {
      "command": "./bin/pedrosakuma/aot/1brc ./inputs/measurements.txt",
      "mean": 3.1876855397000003,
      "stddev": 0.011755410753612234,
      "median": 3.1933846471000003,
      "user": 43.83007891999999,
      "system": 1.0568212999999997,
      "min": 3.1717573641000003,
      "max": 3.1977265731,
      "times": [
        3.1717573641000003,
        3.1786764781000003,
        3.1933846471000003,
        3.1968826361000002,
        3.1977265731
      ],
      "exit_codes": [
        0,
        0,
        0,
        0,
        0
      ]
    }
  ]
}
