{
  "results": [
    {
      "command": "./bin/pedrosakuma/aot/1brc ./inputs/measurements.txt",
      "mean": 2.4577705775200003,
      "stddev": 0.008618833366099202,
      "median": 2.4560856693199997,
      "user": 32.22741246,
      "system": 0.9831925399999999,
      "min": 2.44821792232,
      "max": 2.47179996632,
      "times": [
        2.45529667532,
        2.47179996632,
        2.45745265432,
        2.44821792232,
        2.4560856693199997
      ],
      "exit_codes": [
        0,
        0,
        0,
        0,
        0
      ]
    }
  ]
}
