{
  "results": [
    {
      "command": "./bin/pedrosakuma/aot/1brc ./inputs/measurements.txt",
      "mean": 4.359595368299999,
      "stddev": 0.006685605485832153,
      "median": 4.355775954099999,
      "user": 31.71562864,
      "system": 0.8118020399999999,
      "min": 4.353942957099999,
      "max": 4.369048300099999,
      "times": [
        4.3642358791,
        4.355775954099999,
        4.353942957099999,
        4.369048300099999,
        4.354973751099999
      ],
      "exit_codes": [
        0,
        0,
        0,
        0,
        0
      ]
    }
  ]
}
