{
  "results": [
    {
      "command": "./bin/pedrosakuma/aot/1brc ./inputs/measurements.txt",
      "mean": 1.9512509400200002,
      "stddev": 0.0028746214905128673,
      "median": 1.94979954062,
      "user": 43.14927857999999,
      "system": 1.3366689599999997,
      "min": 1.9487707086200001,
      "max": 1.95510798962,
      "times": [
        1.9487707086200001,
        1.94979954062,
        1.95510798962,
        1.94906156562,
        1.9535148956200001
      ],
      "exit_codes": [
        0,
        0,
        0,
        0,
        0
      ]
    }
  ]
}
