{
  "results": [
    {
      "command": "./bin/pedrosakuma/aot/1brc ./inputs/measurements.txt",
      "mean": 0.53105534956,
      "stddev": 0.002071560954325684,
      "median": 0.53061192516,
      "user": 0.22834212000000004,
      "system": 0.37669372,
      "min": 0.52884440316,
      "max": 0.53447971316,
      "times": [
        0.53447971316,
        0.53084041116,
        0.53061192516,
        0.52884440316,
        0.53050029516
      ],
      "exit_codes": [
        0,
        0,
        0,
        0,
        0
      ]
    }
  ]
}
