{
  "results": [
    {
      "command": "./calculate_average_royvanrijn.sh",
      "mean": 0.7337309701400001,
      "stddev": 0.06385138373211904,
      "median": 0.7005252517400001,
      "user": 0.00265874,
      "system": 0.0016304199999999998,
      "min": 0.69415087874,
      "max": 0.84525018374,
      "times": [
        0.84525018374,
        0.7293995627400001,
        0.7005252517400001,
        0.69932897374,
        0.69415087874
      ],
      "exit_codes": [
        0,
        0,
        0,
        0,
        0
      ]
    }
  ]
}
