{
  "results": [
    {
      "command": "./calculate_average_royvanrijn.sh",
      "mean": 0.7203534282799999,
      "stddev": 0.048521482761032006,
      "median": 0.71053061188,
      "user": 0.0017720199999999998,
      "system": 0.00265066,
      "min": 0.65682590888,
      "max": 0.78543218588,
      "times": [
        0.78543218588,
        0.71053061188,
        0.65682590888,
        0.70195424988,
        0.74702418488
      ],
      "exit_codes": [
        0,
        0,
        0,
        0,
        0
      ]
    }
  ]
}
