{
  "results": [
    {
      "command": "./calculate_average_royvanrijn.sh",
      "mean": 0.9643392847000001,
      "stddev": 0.026328130617453545,
      "median": 0.9579111153000001,
      "user": 0.0021975199999999997,
      "system": 0.0019354999999999997,
      "min": 0.9391996773,
      "max": 1.0089378273,
      "times": [
        1.0089378273,
        0.9391996773,
        0.9613897253,
        0.9542580783,
        0.9579111153000001
      ],
      "exit_codes": [
        0,
        0,
        0,
        0,
        0
      ]
    }
  ]
}
