{
  "results": [
    {
      "command": "./calculate_average_royvanrijn.sh",
      "mean": 1.27170006596,
      "stddev": 0.005900686872829495,
      "median": 1.27421754876,
      "user": 0.00251572,
      "system": 0.0017494639999999998,
      "min": 1.2622152747600002,
      "max": 1.2772781317600002,
      "times": [
        1.2772781317600002,
        1.27006084676,
        1.27472852776,
        1.27421754876,
        1.2622152747600002
      ],
      "exit_codes": [
        0,
        0,
        0,
        0,
        0
      ]
    }
  ]
}
