{
  "results": [
    {
      "command": "./calculate_average_royvanrijn.sh",
      "mean": 1.8838742803000001,
      "stddev": 0.020556411935868445,
      "median": 1.8836416357,
      "user": 0.0019523,
      "system": 0.00224506,
      "min": 1.8582507907,
      "max": 1.9152418787000003,
      "times": [
        1.9152418787000003,
        1.8852738217000002,
        1.8582507907,
        1.8836416357,
        1.8769632747
      ],
      "exit_codes": [
        0,
        0,
        0,
        0,
        0
      ]
    }
  ]
}
