{
  "results": [
    {
      "command": "./calculate_average_royvanrijn.sh",
      "mean": 2.51840805618,
      "stddev": 0.015344961754557391,
      "median": 2.51966235138,
      "user": 0.00295326,
      "system": 0.00122506,
      "min": 2.49666680638,
      "max": 2.5362555763800003,
      "times": [
        2.5362555763800003,
        2.51966235138,
        2.52826003338,
        2.49666680638,
        2.51119551338
      ],
      "exit_codes": [
        0,
        0,
        0,
        0,
        0
      ]
    }
  ]
}
