{
  "results": [
    {
      "command": "./calculate_average_stephenvonworley.sh",
      "mean": 0.9901566261600001,
      "stddev": 0.002331383946393902,
      "median": 0.9897423593600001,
      "user": 0.0021410400000000003,
      "system": 0.002312304,
      "min": 0.9878443943600002,
      "max": 0.9933612183600001,
      "times": [
        0.9933612183600001,
        0.9882088263600001,
        0.9897423593600001,
        0.9916263323600001,
        0.9878443943600002
      ],
      "exit_codes": [
        0,
        0,
        0,
        0,
        0
      ]
    }
  ]
}
