{
  "results": [
    {
      "command": "./calculate_average_stephenvonworley.sh",
      "mean": 0.72084558848,
      "stddev": 0.0017666417904732567,
      "median": 0.72066975048,
      "user": 0.00309934,
      "system": 0.00149764,
      "min": 0.71829802748,
      "max": 0.7230348404800001,
      "times": [
        0.7230348404800001,
        0.72182946948,
        0.72066975048,
        0.71829802748,
        0.7203958544800001
      ],
      "exit_codes": [
        0,
        0,
        0,
        0,
        0
      ]
    }
  ]
}
