{
  "results": [
    {
      "command": "./calculate_average_stephenvonworley.sh",
      "mean": 2.2617491302199997,
      "stddev": 0.005439087218698998,
      "median": 2.26061686582,
      "user": 0.00157786,
      "system": 0.0028971679999999994,
      "min": 2.25442474882,
      "max": 2.2691218098199997,
      "times": [
        2.26023414982,
        2.26061686582,
        2.25442474882,
        2.2643480768199997,
        2.2691218098199997
      ],
      "exit_codes": [
        0,
        0,
        0,
        0,
        0
      ]
    }
  ]
}
