{
  "results": [
    {
      "command": "./calculate_average_stephenvonworley.sh",
      "mean": 1.19261742202,
      "stddev": 0.003448994741492025,
      "median": 1.19226283522,
      "user": 0.0027609199999999996,
      "system": 0.00160128,
      "min": 1.18975674622,
      "max": 1.19831991322,
      "times": [
        1.19831991322,
        1.19272686022,
        1.19002075522,
        1.19226283522,
        1.18975674622
      ],
      "exit_codes": [
        0,
        0,
        0,
        0,
        0
      ]
    }
  ]
}
