{
  "results": [
    {
      "command": "./calculate_average_stephenvonworley.sh",
      "mean": 0.72550976632,
      "stddev": 0.0082463403951754,
      "median": 0.72327113012,
      "user": 0.0043446399999999994,
      "system": 0.000202176,
      "min": 0.71923367612,
      "max": 0.7399263461200001,
      "times": [
        0.7214739411200001,
        0.72364373812,
        0.7399263461200001,
        0.72327113012,
        0.71923367612
      ],
      "exit_codes": [
        0,
        0,
        0,
        0,
        0
      ]
    }
  ]
}
