{
  "results": [
    {
      "command": "./calculate_average_stephenvonworley.sh",
      "mean": 1.69795007364,
      "stddev": 0.0031692809767498165,
      "median": 1.69934078884,
      "user": 0.0026149600000000004,
      "system": 0.0018434319999999997,
      "min": 1.6934736718399999,
      "max": 1.70069004184,
      "times": [
        1.70042921984,
        1.6934736718399999,
        1.6958166458400001,
        1.70069004184,
        1.69934078884
      ],
      "exit_codes": [
        0,
        0,
        0,
        0,
        0
      ]
    }
  ]
}
