{
  "results": [
    {
      "command": "./calculate_average_thomaswue.sh",
      "mean": 0.79543119898,
      "stddev": 0.005053559186449198,
      "median": 0.79429369138,
      "user": 0.00197582,
      "system": 0.0023256880000000002,
      "min": 0.7906945083800001,
      "max": 0.8013930893800001,
      "times": [
        0.80001745538,
        0.79429369138,
        0.7907572503800001,
        0.7906945083800001,
        0.8013930893800001
      ],
      "exit_codes": [
        0,
        0,
        0,
        0,
        0
      ]
    }
  ]
}
