{
  "results": [
    {
      "command": "./calculate_average_thomaswue.sh",
      "mean": 0.73421783582,
      "stddev": 0.005700507022065423,
      "median": 0.73140934402,
      "user": 0.003979459999999999,
      "system": 0.00035829199999999996,
      "min": 0.72983657402,
      "max": 0.74368548402,
      "times": [
        0.73538857202,
        0.74368548402,
        0.73076920502,
        0.73140934402,
        0.72983657402
      ],
      "exit_codes": [
        0,
        0,
        0,
        0,
        0
      ]
    }
  ]
}
