{
  "results": [
    {
      "command": "./calculate_average_thomaswue.sh",
      "mean": 2.7071324673199997,
      "stddev": 0.009332228009499653,
      "median": 2.70282277332,
      "user": 0.00237288,
      "system": 0.0018747199999999999,
      "min": 2.69735877532,
      "max": 2.72062383232,
      "times": [
        2.7125309883199997,
        2.70282277332,
        2.7023259673199997,
        2.69735877532,
        2.72062383232
      ],
      "exit_codes": [
        0,
        0,
        0,
        0,
        0
      ]
    }
  ]
}
