{
  "results": [
    {
      "command": "./calculate_average_thomaswue.sh",
      "mean": 1.11950619352,
      "stddev": 0.005529619070370169,
      "median": 1.1182996863199999,
      "user": 0.00302054,
      "system": 0.0011864799999999997,
      "min": 1.11379086532,
      "max": 1.1286856593199999,
      "times": [
        1.1286856593199999,
        1.1182996863199999,
        1.11920655632,
        1.11754820032,
        1.11379086532
      ],
      "exit_codes": [
        0,
        0,
        0,
        0,
        0
      ]
    }
  ]
}
