{
  "results": [
    {
      "command": "./calculate_average_thomaswue.sh",
      "mean": 2.0792515388400004,
      "stddev": 0.007328471732500965,
      "median": 2.07998839024,
      "user": 0.0016402799999999998,
      "system": 0.00249022,
      "min": 2.06881485224,
      "max": 2.08863407224,
      "times": [
        2.08234926624,
        2.06881485224,
        2.07647111324,
        2.07998839024,
        2.08863407224
      ],
      "exit_codes": [
        0,
        0,
        0,
        0,
        0
      ]
    }
  ]
}
