{
  "results": [
    {
      "command": "./calculate_average_thomaswue.sh",
      "mean": 1.39761185718,
      "stddev": 0.0027288499999171285,
      "median": 1.39796794098,
      "user": 0.0033047400000000005,
      "system": 0.000895404,
      "min": 1.3944599339800001,
      "max": 1.40114859798,
      "times": [
        1.39537833498,
        1.39796794098,
        1.3991044779800001,
        1.40114859798,
        1.3944599339800001
      ],
      "exit_codes": [
        0,
        0,
        0,
        0,
        0
      ]
    }
  ]
}
