{
  "results": [
    {
      "command": "./bin/xoofx/aot/1brc ./inputs/measurements.txt",
      "mean": 0.9508327106400001,
      "stddev": 0.0337867877530013,
      "median": 0.9354836590400001,
      "user": 25.357830959999994,
      "system": 2.36126882,
      "min": 0.9342339540400001,
      "max": 1.0111826880399999,
      "times": [
        1.0111826880399999,
        0.9344390680400001,
        0.9388241840400001,
        0.9342339540400001,
        0.9354836590400001
      ],
      "exit_codes": [
        0,
        0,
        0,
        0,
        0
      ]
    }
  ]
}
