{
  "results": [
    {
      "command": "./bin/xoofx/aot/1brc ./inputs/measurements.txt",
      "mean": 1.7710752380199999,
      "stddev": 0.038879870848523714,
      "median": 1.7648607080199998,
      "user": 25.26245762,
      "system": 1.8954657400000001,
      "min": 1.73776755902,
      "max": 1.8345327760199999,
      "times": [
        1.73776755902,
        1.7648607080199998,
        1.8345327760199999,
        1.74200134002,
        1.77621380702
      ],
      "exit_codes": [
        0,
        0,
        0,
        0,
        0
      ]
    }
  ]
}
