{
  "results": [
    {
      "command": "./bin/xoofx/aot/1brc ./inputs/measurements.txt",
      "mean": 2.4594842678400006,
      "stddev": 0.025010379917372993,
      "median": 2.4597542474400003,
      "user": 35.806459860000004,
      "system": 2.1550571199999995,
      "min": 2.42537521244,
      "max": 2.49089152344,
      "times": [
        2.49089152344,
        2.42537521244,
        2.4474864864400003,
        2.4739138694400005,
        2.4597542474400003
      ],
      "exit_codes": [
        0,
        0,
        0,
        0,
        0
      ]
    }
  ]
}
