{
  "results": [
    {
      "command": "./bin/xoofx/aot/1brc ./inputs/measurements.txt",
      "mean": 1.29622523066,
      "stddev": 0.029168068940476084,
      "median": 1.29567553426,
      "user": 35.767884779999996,
      "system": 2.20354242,
      "min": 1.25380905726,
      "max": 1.33315541426,
      "times": [
        1.33315541426,
        1.28871649226,
        1.29567553426,
        1.30976965526,
        1.25380905726
      ],
      "exit_codes": [
        0,
        0,
        0,
        0,
        0
      ]
    }
  ]
}
