{
  "results": [
    {
      "command": "./bin/xoofx/aot/1brc ./inputs/measurements.txt",
      "mean": 3.4672934829000006,
      "stddev": 0.021473161118112823,
      "median": 3.4703297233000003,
      "user": 25.24545246,
      "system": 1.87113326,
      "min": 3.4344834863,
      "max": 3.4941283303,
      "times": [
        3.4703297233000003,
        3.4344834863,
        3.4941283303,
        3.4729008313,
        3.4646250433000003
      ],
      "exit_codes": [
        0,
        0,
        0,
        0,
        0
      ]
    }
  ]
}
