{
  "results": [
    {
      "command": "./bin/xoofx/aot/1brc ./inputs/measurements.txt",
      "mean": 0.81121067194,
      "stddev": 0.04884281871288654,
      "median": 0.79039437954,
      "user": 36.298440580000005,
      "system": 2.66896834,
      "min": 0.77901184454,
      "max": 0.8969044985400001,
      "times": [
        0.8969044985400001,
        0.80474604354,
        0.77901184454,
        0.79039437954,
        0.7849965935400001
      ],
      "exit_codes": [
        0,
        0,
        0,
        0,
        0
      ]
    }
  ]
}
