{
  "results": [
    {
      "command": "./calculate_average_abeobk.sh",
      "mean": 0.34555355874,
      "stddev": 0.018329281621285335,
      "median": 0.34094188463999997,
      "user": 0.0021280000000000006,
      "system": 0.002115758,
      "min": 0.33723680563999997,
      "max": 0.42191596064,
      "times": [
        0.33741550064,
        0.33859122364,
        0.34584967964,
        0.35030006364,
        0.33760680264,
        0.34824956864,
        0.34244142964,
        0.33881713264,
        0.34292824164,
        0.34480828464,
        0.33922040264,
        0.33830742164,
        0.34070143364,
        0.34118233564,
        0.33723680563999997,
        0.34003738364,
        0.34163258664,
        0.34031781664,
        0.42191596064,
        0.34351110064
      ],
      "exit_codes": [
        0,
        0,
        0,
        0,
        0,
        0,
        0,
        0,
        0,
        0,
        0,
        0,
        0,
        0,
        0,
        0,
        0,
        0,
        0,
        0
      ]
    }
  ]
}
