{
  "results": [
    {
      "command": "./calculate_average_abeobk.sh",
      "mean": 0.33825226132999997,
      "stddev": 0.0017010037479200883,
      "median": 0.33751573958000003,
      "user": 0.0021639800000000002,
      "system": 0.0020496200000000003,
      "min": 0.33678944408,
      "max": 0.34355158008,
      "times": [
        0.33688165508,
        0.34023374008,
        0.34355158008,
        0.34063995708,
        0.33698406308,
        0.33940593108,
        0.33820665308,
        0.33752277208,
        0.33708716108,
        0.33899560008,
        0.33902026208,
        0.33681503208,
        0.33756095208,
        0.33872613208,
        0.33748955408,
        0.33750870708,
        0.33678944408,
        0.33697703408,
        0.33721818108,
        0.33743081508
      ],
      "exit_codes": [
        0,
        0,
        0,
        0,
        0,
        0,
        0,
        0,
        0,
        0,
        0,
        0,
        0,
        0,
        0,
        0,
        0,
        0,
        0,
        0
      ]
    }
  ]
}
