{
  "results": [
    {
      "command": "./calculate_average_abeobk.sh",
      "mean": 0.9342750391299999,
      "stddev": 0.004226073734292214,
      "median": 0.93261377988,
      "user": 0.0024368600000000003,
      "system": 0.00162418,
      "min": 0.93127810588,
      "max": 0.94978699688,
      "times": [
        0.94978699688,
        0.93387664688,
        0.93268852388,
        0.93843413688,
        0.9316078428800001,
        0.93193780088,
        0.93486713988,
        0.9314981008800001,
        0.93216872488,
        0.93213463188,
        0.9325390358800001,
        0.93127810588,
        0.9383162218800001,
        0.93471738888,
        0.93543259788,
        0.93134604988,
        0.9316017938800001,
        0.93401780988,
        0.9324884828800001,
        0.9347627498800001
      ],
      "exit_codes": [
        0,
        0,
        0,
        0,
        0,
        0,
        0,
        0,
        0,
        0,
        0,
        0,
        0,
        0,
        0,
        0,
        0,
        0,
        0,
        0
      ]
    }
  ]
}
