{
  "results": [
    {
      "command": "./calculate_average_abeobk.sh",
      "mean": 0.47125821926,
      "stddev": 0.0014816019528788417,
      "median": 0.47085195586,
      "user": 0.0031068099999999998,
      "system": 0.000926257,
      "min": 0.47005436736,
      "max": 0.47687349436,
      "times": [
        0.47107476536,
        0.47687349436,
        0.47254166236,
        0.47069786536,
        0.47085212636,
        0.47118779636,
        0.47169810636,
        0.47102916236,
        0.47039553336,
        0.47036671236,
        0.47144004336,
        0.47005436736,
        0.47085178536,
        0.47056126036,
        0.47040354536,
        0.47028738036,
        0.47244082236,
        0.47041137136,
        0.47128951336,
        0.47070707136
      ],
      "exit_codes": [
        0,
        0,
        0,
        0,
        0,
        0,
        0,
        0,
        0,
        0,
        0,
        0,
        0,
        0,
        0,
        0,
        0,
        0,
        0,
        0
      ]
    }
  ]
}
