{
  "results": [
    {
      "command": "./calculate_average_abeobk.sh",
      "mean": 0.65999619717,
      "stddev": 0.004319481830490416,
      "median": 0.6582621834200001,
      "user": 0.0028496899999999993,
      "system": 0.001201452,
      "min": 0.6564249134200001,
      "max": 0.6741899564200001,
      "times": [
        0.66560665742,
        0.66257617142,
        0.65933533842,
        0.6564249134200001,
        0.6592391204200001,
        0.6741899564200001,
        0.6576649874200001,
        0.6575164284200001,
        0.65679474542,
        0.6638316354200001,
        0.6586985554200001,
        0.6575389124200001,
        0.6564533144200001,
        0.6578258114200001,
        0.6574060864200001,
        0.6567785864200001,
        0.6570313204200001,
        0.6627361594200001,
        0.6597873294200001,
        0.6624879134200001
      ],
      "exit_codes": [
        0,
        0,
        0,
        0,
        0,
        0,
        0,
        0,
        0,
        0,
        0,
        0,
        0,
        0,
        0,
        0,
        0,
        0,
        0,
        0
      ]
    }
  ]
}
