{
  "results": [
    {
      "command": "./calculate_average_abeobk.sh",
      "mean": 1.8596985794299996,
      "stddev": 0.004328369411174107,
      "median": 1.8595191737799999,
      "user": 0.00249601,
      "system": 0.001539862,
      "min": 1.8545235897799999,
      "max": 1.86899633578,
      "times": [
        1.8545235897799999,
        1.86072375778,
        1.85557265478,
        1.85881421178,
        1.86626933878,
        1.86393484578,
        1.8595138437799998,
        1.85610101578,
        1.85605619078,
        1.86040025878,
        1.86899633578,
        1.85578929278,
        1.86057285878,
        1.85583486278,
        1.8635355117799999,
        1.86697444978,
        1.85611081678,
        1.85952450378,
        1.85996530878,
        1.85475793978
      ],
      "exit_codes": [
        0,
        0,
        0,
        0,
        0,
        0,
        0,
        0,
        0,
        0,
        0,
        0,
        0,
        0,
        0,
        0,
        0,
        0,
        0,
        0
      ]
    }
  ]
}
