{
  "results": [
    {
      "command": "./calculate_average_abeobk.sh",
      "mean": 2.61578209999,
      "stddev": 0.01637664206584642,
      "median": 2.61175089214,
      "user": 0.0020736800000000005,
      "system": 0.001951837,
      "min": 2.59979607264,
      "max": 2.6637575816399996,
      "times": [
        2.60915784364,
        2.6393682076399996,
        2.6119128526399997,
        2.60804978864,
        2.61375307464,
        2.62103662364,
        2.6126910146399998,
        2.60227023564,
        2.61125312264,
        2.62778835064,
        2.61323389864,
        2.5999182626399997,
        2.6637575816399996,
        2.60451453464,
        2.61158893164,
        2.5999186106399996,
        2.64297639164,
        2.60677379264,
        2.59979607264,
        2.61588280864
      ],
      "exit_codes": [
        0,
        0,
        0,
        0,
        0,
        0,
        0,
        0,
        0,
        0,
        0,
        0,
        0,
        0,
        0,
        0,
        0,
        0,
        0,
        0
      ]
    }
  ]
}
