{
  "results": [
    {
      "command": "./calculate_average_abeobk.sh",
      "mean": 1.31243488027,
      "stddev": 0.008224704934352482,
      "median": 1.30983051112,
      "user": 0.00219192,
      "system": 0.0018406879999999996,
      "min": 1.30348814212,
      "max": 1.3391539901199998,
      "times": [
        1.3391539901199998,
        1.30400443512,
        1.3122576721199999,
        1.3187356881199999,
        1.30348814212,
        1.3099194881199998,
        1.3084277391199999,
        1.30974153412,
        1.32396509912,
        1.30749229112,
        1.31733527912,
        1.30813796712,
        1.30922710212,
        1.30431298912,
        1.30912647412,
        1.31769754012,
        1.3074651361199998,
        1.31398694612,
        1.31001264012,
        1.31420945212
      ],
      "exit_codes": [
        0,
        0,
        0,
        0,
        0,
        0,
        0,
        0,
        0,
        0,
        0,
        0,
        0,
        0,
        0,
        0,
        0,
        0,
        0,
        0
      ]
    }
  ]
}
