{
  "results": [
    {
      "command": "./calculate_average_artsiomkorzun.sh",
      "mean": 0.3984493404100001,
      "stddev": 0.001726887185088822,
      "median": 0.39776097116,
      "user": 0.0026804999999999997,
      "system": 0.001411082,
      "min": 0.39717518066,
      "max": 0.40439160366000004,
      "times": [
        0.39762322566,
        0.40095265566,
        0.40439160366000004,
        0.39772528066,
        0.39717518066,
        0.39854744066000003,
        0.39783192766000003,
        0.39751210766,
        0.39754302566,
        0.39730719866,
        0.39934555966,
        0.39769516866000004,
        0.39731181266000004,
        0.39879243566,
        0.39740956166,
        0.39741453566,
        0.39779666166,
        0.39856703166,
        0.40021098566,
        0.39783340866
      ],
      "exit_codes": [
        0,
        0,
        0,
        0,
        0,
        0,
        0,
        0,
        0,
        0,
        0,
        0,
        0,
        0,
        0,
        0,
        0,
        0,
        0,
        0
      ]
    }
  ]
}
