{
  "results": [
    {
      "command": "./calculate_average_artsiomkorzun.sh",
      "mean": 0.21388961381000002,
      "stddev": 0.003008138032732559,
      "median": 0.21274092796,
      "user": 0.0018926599999999996,
      "system": 0.0024033439999999995,
      "min": 0.21225633896,
      "max": 0.22540826596,
      "times": [
        0.21278999996,
        0.21317343796,
        0.21247445196,
        0.21674451196,
        0.21555123496,
        0.21576565896,
        0.21297141996,
        0.21230147796,
        0.21225633896,
        0.21242423196000002,
        0.21260915096,
        0.21236413296,
        0.21457592996,
        0.21274981596,
        0.21236506596000002,
        0.21273203996,
        0.21267428896,
        0.21261774496,
        0.21324307596,
        0.22540826596
      ],
      "exit_codes": [
        0,
        0,
        0,
        0,
        0,
        0,
        0,
        0,
        0,
        0,
        0,
        0,
        0,
        0,
        0,
        0,
        0,
        0,
        0,
        0
      ]
    }
  ]
}
