{
  "results": [
    {
      "command": "./calculate_average_artsiomkorzun.sh",
      "mean": 0.28133150051,
      "stddev": 0.012932144645048785,
      "median": 0.27741472706000003,
      "user": 0.001995909999999999,
      "system": 0.0024054640000000004,
      "min": 0.27632941506,
      "max": 0.33507422806000003,
      "times": [
        0.27660395506,
        0.27797634006000005,
        0.27708742606000003,
        0.28666232606000003,
        0.33507422806000003,
        0.28457893606000007,
        0.28000210506000006,
        0.27663670806,
        0.27745035306000004,
        0.27735694406000005,
        0.27737910106,
        0.27733809606000004,
        0.27716219906000006,
        0.27724788006000006,
        0.27632941506,
        0.27814915206,
        0.27950972606,
        0.28009289006000004,
        0.27763438306000005,
        0.27635784606
      ],
      "exit_codes": [
        0,
        0,
        0,
        0,
        0,
        0,
        0,
        0,
        0,
        0,
        0,
        0,
        0,
        0,
        0,
        0,
        0,
        0,
        0,
        0
      ]
    }
  ]
}
