{
  "results": [
    {
      "command": "./calculate_average_artsiomkorzun.sh",
      "mean": 2.0728426585,
      "stddev": 0.010455612547967216,
      "median": 2.0709991743,
      "user": 0.0032522700000000002,
      "system": 0.000815807,
      "min": 2.0607268978,
      "max": 2.0993552427999997,
      "times": [
        2.0829312428,
        2.0822776037999997,
        2.0715148728,
        2.0664117438,
        2.0618720448,
        2.0786673328,
        2.0850220698,
        2.0704834757999997,
        2.0637180278,
        2.0607268978,
        2.0993552427999997,
        2.0646856298,
        2.0735914377999998,
        2.0632006308,
        2.0693175468,
        2.0873763208,
        2.0617475248,
        2.0724525527999997,
        2.0641824578,
        2.0773185138
      ],
      "exit_codes": [
        0,
        0,
        0,
        0,
        0,
        0,
        0,
        0,
        0,
        0,
        0,
        0,
        0,
        0,
        0,
        0,
        0,
        0,
        0,
        0
      ]
    }
  ]
}
