{
  "results": [
    {
      "command": "./calculate_average_artsiomkorzun.sh",
      "mean": 0.5272081259300001,
      "stddev": 0.003410027187601088,
      "median": 0.52675383978,
      "user": 0.0018749099999999998,
      "system": 0.0022237839999999995,
      "min": 0.5246631797800001,
      "max": 0.5397034437800001,
      "times": [
        0.52769505378,
        0.5397034437800001,
        0.5246631797800001,
        0.5268253807800001,
        0.5249302037800001,
        0.52858872578,
        0.5275395827800001,
        0.5248930357800001,
        0.52744466978,
        0.52505410478,
        0.5246837487800001,
        0.5251893097800001,
        0.5272625727800001,
        0.5251248927800001,
        0.52801511178,
        0.5259074427800001,
        0.5313049537800001,
        0.5278987237800001,
        0.5266822987800001,
        0.5247560827800001
      ],
      "exit_codes": [
        0,
        0,
        0,
        0,
        0,
        0,
        0,
        0,
        0,
        0,
        0,
        0,
        0,
        0,
        0,
        0,
        0,
        0,
        0,
        0
      ]
    }
  ]
}
