{
  "results": [
    {
      "command": "./calculate_average_artsiomkorzun.sh",
      "mean": 0.7772718531,
      "stddev": 0.003624174601157802,
      "median": 0.7760047733000001,
      "user": 0.00192209,
      "system": 0.0021785560000000003,
      "min": 0.7750751278000001,
      "max": 0.7906214668000001,
      "times": [
        0.7906214668000001,
        0.7751908418000001,
        0.7753859548,
        0.7762128108,
        0.7760135588000001,
        0.7760726248,
        0.7796007948000001,
        0.7750751278000001,
        0.7751530388000001,
        0.7759372388000001,
        0.7771286058000001,
        0.7759991898,
        0.7755921158000001,
        0.7752049538000001,
        0.7754164538000001,
        0.7760103568000001,
        0.7806313438000001,
        0.7759766638000001,
        0.7769472118000001,
        0.7812667088
      ],
      "exit_codes": [
        0,
        0,
        0,
        0,
        0,
        0,
        0,
        0,
        0,
        0,
        0,
        0,
        0,
        0,
        0,
        0,
        0,
        0,
        0,
        0
      ]
    }
  ]
}
