{
  "results": [
    {
      "command": "./calculate_average_artsiomkorzun.sh",
      "mean": 1.5451416204700001,
      "stddev": 0.004800113138527002,
      "median": 1.5445229924200001,
      "user": 0.0022585,
      "system": 0.0018413,
      "min": 1.54033685242,
      "max": 1.55946427342,
      "times": [
        1.5411784194200002,
        1.5445733304200002,
        1.54148550042,
        1.54521871542,
        1.5447459324200001,
        1.54447265442,
        1.54791268242,
        1.54182128642,
        1.5471655024200002,
        1.54200934842,
        1.5424371164200001,
        1.54732341442,
        1.55946427342,
        1.5414577574200001,
        1.5458618074200001,
        1.5432629524200001,
        1.54122272342,
        1.54565990342,
        1.5552222364200001,
        1.54033685242
      ],
      "exit_codes": [
        0,
        0,
        0,
        0,
        0,
        0,
        0,
        0,
        0,
        0,
        0,
        0,
        0,
        0,
        0,
        0,
        0,
        0,
        0,
        0
      ]
    }
  ]
}
