{
  "results": [
    {
      "command": "./calculate_average_artsiomkorzun.sh",
      "mean": 1.04601598265,
      "stddev": 0.008688039399855721,
      "median": 1.0418442636,
      "user": 0.0027725099999999997,
      "system": 0.001306305,
      "min": 1.0398472436,
      "max": 1.0752474366,
      "times": [
        1.0752474366,
        1.0420931346,
        1.0404440416,
        1.0401330076,
        1.0505273516,
        1.0415953926000001,
        1.0592249476,
        1.0410690016,
        1.0408037306,
        1.0537805406,
        1.0459321026,
        1.0403988596,
        1.0412357266,
        1.0406096186,
        1.0455335306,
        1.0440538836,
        1.0510908296,
        1.0398472436,
        1.0415345506,
        1.0451647226
      ],
      "exit_codes": [
        0,
        0,
        0,
        0,
        0,
        0,
        0,
        0,
        0,
        0,
        0,
        0,
        0,
        0,
        0,
        0,
        0,
        0,
        0,
        0
      ]
    }
  ]
}
