{
  "results": [
    {
      "command": "./bin/austindonisan/aot/1brc ./inputs/measurements.txt 32 1",
      "mean": 0.15769762010999994,
      "stddev": 0.04017623063923836,
      "median": 0.14134838136,
      "user": 0.0016438569999999997,
      "system": 0.001347128,
      "min": 0.13745482086000002,
      "max": 0.29146740086000006,
      "times": [
        0.13770039586000002,
        0.14176377986,
        0.14552779686,
        0.14070570686,
        0.13990022486,
        0.20988347386,
        0.23311428086000002,
        0.29146740086000006,
        0.14235320086,
        0.14355113486,
        0.13745482086000002,
        0.13944477286,
        0.14093298286,
        0.14208588686,
        0.14062118686,
        0.15167472486,
        0.13979521386000002,
        0.14019812886000002,
        0.15514764086000002,
        0.14062964786
      ],
      "exit_codes": [
        0,
        0,
        0,
        0,
        0,
        0,
        0,
        0,
        0,
        0,
        0,
        0,
        0,
        0,
        0,
        0,
        0,
        0,
        0,
        0
      ]
    }
  ]
}
