{
  "results": [
    {
      "command": "./bin/austindonisan/aot/1brc ./inputs/measurements.txt 4 1",
      "mean": 1.06729585165,
      "stddev": 0.06560982450378061,
      "median": 1.0393515951999999,
      "user": 0.0019467689999999999,
      "system": 0.0007745459999999999,
      "min": 1.0309608382,
      "max": 1.3085423652000001,
      "times": [
        1.3085423652000001,
        1.0316550542,
        1.1107393352000001,
        1.0398972962,
        1.0321310722,
        1.0314630392,
        1.0323961852,
        1.0683193462,
        1.0403343782,
        1.1190334702,
        1.0309608382,
        1.0316210002000001,
        1.0670656472,
        1.0433597012,
        1.0388058942,
        1.0386841202000001,
        1.0385316942,
        1.0673502452,
        1.1427209212,
        1.0323054292
      ],
      "exit_codes": [
        0,
        0,
        0,
        0,
        0,
        0,
        0,
        0,
        0,
        0,
        0,
        0,
        0,
        0,
        0,
        0,
        0,
        0,
        0,
        0
      ]
    }
  ]
}
