{
  "results": [
    {
      "command": "./bin/austindonisan/aot/1brc ./inputs/measurements.txt 8 1",
      "mean": 0.5446597894900002,
      "stddev": 0.0618016091524536,
      "median": 0.52328638514,
      "user": 0.0018711230000000001,
      "system": 0.0022693289999999996,
      "min": 0.52107331314,
      "max": 0.7910636241400001,
      "times": [
        0.54796219414,
        0.7910636241400001,
        0.52220339314,
        0.53186778414,
        0.52144872014,
        0.52480195014,
        0.52177047014,
        0.52250718614,
        0.52107331314,
        0.52493117114,
        0.52210739914,
        0.56214606714,
        0.52336663214,
        0.53174803614,
        0.61111327014,
        0.5223710581400001,
        0.52361782714,
        0.5221180561400001,
        0.52177149914,
        0.52320613814
      ],
      "exit_codes": [
        0,
        0,
        0,
        0,
        0,
        0,
        0,
        0,
        0,
        0,
        0,
        0,
        0,
        0,
        0,
        0,
        0,
        0,
        0,
        0
      ]
    }
  ]
}
