{
  "results": [
    {
      "command": "./bin/austindonisan/aot/1brc ./inputs/measurements.txt 16 1",
      "mean": 0.28869103171,
      "stddev": 0.04747434929195502,
      "median": 0.26785418406000006,
      "user": 0.0015931,
      "system": 0.00089027,
      "min": 0.26620429856,
      "max": 0.46479100856,
      "times": [
        0.26787906756,
        0.27064449056,
        0.29347163356,
        0.46479100856,
        0.26716918356,
        0.26756299756,
        0.26631965256,
        0.26782930056000004,
        0.26724782056,
        0.26678787356,
        0.26620429856,
        0.30849822556,
        0.26671577056,
        0.26633398656,
        0.31316346956,
        0.27752006256,
        0.26686696556,
        0.28227307556000003,
        0.35751181656000003,
        0.26902993456
      ],
      "exit_codes": [
        0,
        0,
        0,
        0,
        0,
        0,
        0,
        0,
        0,
        0,
        0,
        0,
        0,
        0,
        0,
        0,
        0,
        0,
        0,
        0
      ]
    }
  ]
}
