{
  "results": [
    {
      "command": "./bin/austindonisan/aot/1brc ./inputs/measurements.txt 32 1",
      "mean": 0.15531458070000004,
      "stddev": 0.037934607428344765,
      "median": 0.14157912290000002,
      "user": 0.0019566799999999997,
      "system": 0.001158402,
      "min": 0.13521834040000003,
      "max": 0.2691714264,
      "times": [
        0.14131648840000002,
        0.1431342204,
        0.1427582004,
        0.13988540340000002,
        0.14034807840000002,
        0.14184175740000002,
        0.14036148140000002,
        0.14110768140000002,
        0.13956010040000003,
        0.14407826540000002,
        0.1361101144,
        0.1435218464,
        0.1431033824,
        0.13521834040000003,
        0.14304552140000001,
        0.1402334084,
        0.13959649840000002,
        0.18830754340000003,
        0.2535918554,
        0.2691714264
      ],
      "exit_codes": [
        0,
        0,
        0,
        0,
        0,
        0,
        0,
        0,
        0,
        0,
        0,
        0,
        0,
        0,
        0,
        0,
        0,
        0,
        0,
        0
      ]
    }
  ]
}
