{
  "results": [
    {
      "command": "./bin/austindonisan/aot/1brc ./inputs/measurements.txt 64 1",
      "mean": 0.11207585921999999,
      "stddev": 0.0035768258271590475,
      "median": 0.11121379262,
      "user": 0.0014314299999999998,
      "system": 0.0032416769999999997,
      "min": 0.10791604012,
      "max": 0.12556601412,
      "times": [
        0.11085860412000001,
        0.10791604012,
        0.11327413712,
        0.11611317112,
        0.11046543512,
        0.12556601412,
        0.10956031012,
        0.11198241612,
        0.11127745812,
        0.11178653212,
        0.11021483812,
        0.11246970112,
        0.11115012712,
        0.11066605812000001,
        0.11331548712,
        0.11128493612,
        0.11111320412,
        0.11144868212,
        0.11022731312,
        0.11082671912
      ],
      "exit_codes": [
        0,
        0,
        0,
        0,
        0,
        0,
        0,
        0,
        0,
        0,
        0,
        0,
        0,
        0,
        0,
        0,
        0,
        0,
        0,
        0
      ]
    }
  ]
}
