{
  "results": [
    {
      "command": "./bin/austindonisan/aot/1brc ./inputs/measurements.txt 16 1",
      "mean": 0.28141574530999997,
      "stddev": 0.04317910096992073,
      "median": 0.26806788526,
      "user": 0.0015580229999999995,
      "system": 0.000507658,
      "min": 0.26567621826,
      "max": 0.45853494126,
      "times": [
        0.27515115426,
        0.26766749926,
        0.29027734926,
        0.45853494126,
        0.26898168025999997,
        0.26568407726,
        0.26885005926,
        0.31284473726,
        0.26616653826,
        0.26691185425999997,
        0.26871893626,
        0.27975042326,
        0.26567621826,
        0.26906596326,
        0.26708903225999997,
        0.26775513126,
        0.26638237925999997,
        0.26838063926,
        0.26748706526,
        0.26693922725999997
      ],
      "exit_codes": [
        0,
        0,
        0,
        0,
        0,
        0,
        0,
        0,
        0,
        0,
        0,
        0,
        0,
        0,
        0,
        0,
        0,
        0,
        0,
        0
      ]
    }
  ]
}
