{
  "results": [
    {
      "command": "./bin/austindonisan/aot/1brc ./inputs/measurements.txt 8 1",
      "mean": 0.54616281498,
      "stddev": 0.04965004881579897,
      "median": 0.52383977238,
      "user": 0.001553971,
      "system": 0.0022778059999999994,
      "min": 0.51999655888,
      "max": 0.7319663588800001,
      "times": [
        0.5433425388800001,
        0.7319663588800001,
        0.52240263088,
        0.52315576988,
        0.56601297688,
        0.52245193588,
        0.52399300588,
        0.52212225788,
        0.56667754888,
        0.52208438488,
        0.53076735988,
        0.61210132788,
        0.52368653888,
        0.52341034988,
        0.5227050198800001,
        0.52723333588,
        0.52218267688,
        0.56261506988,
        0.51999655888,
        0.53434865288
      ],
      "exit_codes": [
        0,
        0,
        0,
        0,
        0,
        0,
        0,
        0,
        0,
        0,
        0,
        0,
        0,
        0,
        0,
        0,
        0,
        0,
        0,
        0
      ]
    }
  ]
}
