{
  "results": [
    {
      "command": "./bin/buybackoff/aot/1brc ./inputs/measurements.txt",
      "mean": 0.41242698519000004,
      "stddev": 0.002099257201361402,
      "median": 0.41144332054000005,
      "user": 0.019179209999999995,
      "system": 0.007107309999999999,
      "min": 0.41024421104000003,
      "max": 0.41726912304,
      "times": [
        0.41131026104,
        0.41597804004000005,
        0.41726912304,
        0.41223068904000004,
        0.41108113604,
        0.41054226304,
        0.41194865704000005,
        0.41110731004000006,
        0.41227744704,
        0.41024421104000003,
        0.41116320904000003,
        0.41208793504,
        0.41091568704000003,
        0.41456958504,
        0.41621243204,
        0.41146568004000006,
        0.41472743204,
        0.41142096104000003,
        0.41108197204,
        0.41090567304000003
      ],
      "exit_codes": [
        0,
        0,
        0,
        0,
        0,
        0,
        0,
        0,
        0,
        0,
        0,
        0,
        0,
        0,
        0,
        0,
        0,
        0,
        0,
        0
      ]
    }
  ]
}
