{
  "results": [
    {
      "command": "./bin/buybackoff/aot/1brc ./inputs/measurements.txt",
      "mean": 0.5180371214000001,
      "stddev": 0.0049723477745660626,
      "median": 0.5168280147000001,
      "user": 0.019422769999999995,
      "system": 0.003796229999999999,
      "min": 0.5139280207000001,
      "max": 0.5329937607,
      "times": [
        0.5173823787,
        0.5296546907,
        0.5141591267000001,
        0.5165754847,
        0.5147677117,
        0.5174105267000001,
        0.5146451347000001,
        0.5173256787,
        0.5208506847000001,
        0.5139280207000001,
        0.5329937607,
        0.5164164037000001,
        0.5170805447000001,
        0.5182176887000001,
        0.5206016557,
        0.5144398297,
        0.5155747227,
        0.5182340467000001,
        0.5146192467,
        0.5158650907000001
      ],
      "exit_codes": [
        0,
        0,
        0,
        0,
        0,
        0,
        0,
        0,
        0,
        0,
        0,
        0,
        0,
        0,
        0,
        0,
        0,
        0,
        0,
        0
      ]
    }
  ]
}
