{
  "results": [
    {
      "command": "./bin/buybackoff/aot/1brc ./inputs/measurements.txt",
      "mean": 0.28570646859000004,
      "stddev": 0.007267898627777947,
      "median": 0.28418480804,
      "user": 0.01998336,
      "system": 0.007942164000000002,
      "min": 0.2772518385400001,
      "max": 0.30566352354000004,
      "times": [
        0.29386324354000004,
        0.28110024854000004,
        0.28844207154000007,
        0.28087283754000003,
        0.28914462054000006,
        0.29602724154000004,
        0.27743154254,
        0.28353863354000003,
        0.28005350254000005,
        0.29127117854000006,
        0.27826909754000007,
        0.28432128054000005,
        0.29056010754000006,
        0.28404833554000003,
        0.2772518385400001,
        0.27919657354000005,
        0.30566352354000004,
        0.28538194654000004,
        0.28011227354000007,
        0.28757927454000004
      ],
      "exit_codes": [
        0,
        0,
        0,
        0,
        0,
        0,
        0,
        0,
        0,
        0,
        0,
        0,
        0,
        0,
        0,
        0,
        0,
        0,
        0,
        0
      ]
    }
  ]
}
