{
  "results": [
    {
      "command": "./bin/buybackoff/aot/1brc ./inputs/measurements.txt",
      "mean": 2.0254025375699998,
      "stddev": 0.014412179449242245,
      "median": 2.0222810837200003,
      "user": 0.01994688,
      "system": 0.008462228,
      "min": 2.0052787112200003,
      "max": 2.05389139122,
      "times": [
        2.04101169822,
        2.02309120122,
        2.0146522462200003,
        2.01963279922,
        2.02452013822,
        2.0311055922200003,
        2.04077939822,
        2.01436580422,
        2.0102820712200002,
        2.0280965992200004,
        2.0519907342200003,
        2.0263366522200004,
        2.01544870322,
        2.0114595742200003,
        2.05389139122,
        2.0052787112200003,
        2.0214709662200003,
        2.01989142722,
        2.00934824522,
        2.04539679822
      ],
      "exit_codes": [
        0,
        0,
        0,
        0,
        0,
        0,
        0,
        0,
        0,
        0,
        0,
        0,
        0,
        0,
        0,
        0,
        0,
        0,
        0,
        0
      ]
    }
  ]
}
