{
  "results": [
    {
      "command": "./bin/buybackoff/aot/1brc ./inputs/measurements.txt",
      "mean": 0.23541044255000002,
      "stddev": 0.0033757476075353243,
      "median": 0.23437200140000003,
      "user": 0.02127294,
      "system": 0.015571760999999995,
      "min": 0.23275381290000002,
      "max": 0.24847834890000003,
      "times": [
        0.23445745890000003,
        0.23410843590000002,
        0.23590414490000003,
        0.23371144490000004,
        0.2333535489,
        0.23420344590000003,
        0.23428654390000003,
        0.23771290190000002,
        0.24847834890000003,
        0.23598765290000004,
        0.23293025890000002,
        0.23368719090000004,
        0.23275381290000002,
        0.23733220290000004,
        0.23447886490000003,
        0.23576264990000004,
        0.23647578790000004,
        0.23500954090000004,
        0.23379465490000004,
        0.23377995990000003
      ],
      "exit_codes": [
        0,
        0,
        0,
        0,
        0,
        0,
        0,
        0,
        0,
        0,
        0,
        0,
        0,
        0,
        0,
        0,
        0,
        0,
        0,
        0
      ]
    }
  ]
}
