{
  "results": [
    {
      "command": "./bin/buybackoff/aot/1brc ./inputs/measurements.txt",
      "mean": 1.01557957587,
      "stddev": 0.00624646920491757,
      "median": 1.01379595502,
      "user": 0.017339999999999998,
      "system": 0.004515756,
      "min": 1.00822321352,
      "max": 1.0323153595199999,
      "times": [
        1.0323153595199999,
        1.0119766235199998,
        1.01467654852,
        1.01672783252,
        1.0136658485199999,
        1.02829172152,
        1.01615303152,
        1.00822321352,
        1.01321297452,
        1.01283405652,
        1.00880720552,
        1.01572447052,
        1.0150902175199998,
        1.01253254152,
        1.01642745552,
        1.0258460435199999,
        1.0106927665199998,
        1.0139260615199999,
        1.01341062152,
        1.01105692352
      ],
      "exit_codes": [
        0,
        0,
        0,
        0,
        0,
        0,
        0,
        0,
        0,
        0,
        0,
        0,
        0,
        0,
        0,
        0,
        0,
        0,
        0,
        0
      ]
    }
  ]
}
