{
  "results": [
    {
      "command": "./bin/buybackoff/aot/1brc ./inputs/measurements.txt",
      "mean": 1.5802836076799998,
      "stddev": 0.00518821624246529,
      "median": 1.58084814468,
      "user": 0.01779028,
      "system": 0.004274982999999999,
      "min": 1.57278709368,
      "max": 1.5912187466799999,
      "times": [
        1.57998058268,
        1.57561479768,
        1.57579640068,
        1.57930583168,
        1.58282363768,
        1.5912187466799999,
        1.58182809868,
        1.5759869626799998,
        1.58575747868,
        1.57490545568,
        1.58501990068,
        1.58607811068,
        1.57386386468,
        1.57725878568,
        1.58212289968,
        1.58171570668,
        1.58530298668,
        1.58493745868,
        1.57278709368,
        1.57336735368
      ],
      "exit_codes": [
        0,
        0,
        0,
        0,
        0,
        0,
        0,
        0,
        0,
        0,
        0,
        0,
        0,
        0,
        0,
        0,
        0,
        0,
        0,
        0
      ]
    }
  ]
}
