{
  "results": [
    {
      "command": "./bin/buybackoff/aot/1brc ./inputs/measurements.txt",
      "mean": 0.79960038704,
      "stddev": 0.003927506670848646,
      "median": 0.79857776134,
      "user": 0.017572920000000002,
      "system": 0.005632939999999999,
      "min": 0.79543318484,
      "max": 0.81305472184,
      "times": [
        0.81305472184,
        0.8002193768400001,
        0.7995361568400001,
        0.7956242428400001,
        0.79786854884,
        0.8018324948400001,
        0.7963091598400001,
        0.79820119984,
        0.7971892098400001,
        0.8039927628400001,
        0.7986461048400001,
        0.8033802028400001,
        0.7985187898400001,
        0.79863673284,
        0.7970506998400001,
        0.7996376878400001,
        0.79543318484,
        0.8012061798400001,
        0.79775844084,
        0.79791184284
      ],
      "exit_codes": [
        0,
        0,
        0,
        0,
        0,
        0,
        0,
        0,
        0,
        0,
        0,
        0,
        0,
        0,
        0,
        0,
        0,
        0,
        0,
        0
      ]
    }
  ]
}
