{
  "results": [
    {
      "command": "./bin/CameronAavik/aot/1brc ./inputs/measurements.txt",
      "mean": 1.19815850305,
      "stddev": 0.02746644930106487,
      "median": 1.1893477407000002,
      "user": 15.81596276,
      "system": 0.6970644399999999,
      "min": 1.1799736282,
      "max": 1.3030571352,
      "times": [
        1.3030571352,
        1.2022664212,
        1.1892724292,
        1.1888583002,
        1.1799736282,
        1.1858195742,
        1.1968160342,
        1.1859334262,
        1.1880780981999999,
        1.2349604372,
        1.1807141722,
        1.1938838202,
        1.1870473652,
        1.1894230522,
        1.1823459732,
        1.1924401152,
        1.2011946352,
        1.1922204462,
        1.2039230822,
        1.1849419152
      ],
      "exit_codes": [
        0,
        0,
        0,
        0,
        0,
        0,
        0,
        0,
        0,
        0,
        0,
        0,
        0,
        0,
        0,
        0,
        0,
        0,
        0,
        0
      ]
    }
  ]
}
