{
  "results": [
    {
      "command": "./bin/CameronAavik/aot/1brc ./inputs/measurements.txt",
      "mean": 0.8984420191099998,
      "stddev": 0.014531240000169924,
      "median": 0.89437442386,
      "user": 11.216962979999998,
      "system": 0.6122169099999998,
      "min": 0.8803087768600001,
      "max": 0.93118227886,
      "times": [
        0.91437367686,
        0.8894823308600001,
        0.89267245986,
        0.88082221486,
        0.88664334786,
        0.89622394086,
        0.8992524228600001,
        0.93118227886,
        0.8898493228600001,
        0.88678189886,
        0.89276486986,
        0.89996470386,
        0.8803087768600001,
        0.88452903186,
        0.9000789088600001,
        0.91632683086,
        0.9118442008600001,
        0.8948463358600001,
        0.92699031686,
        0.89390251186
      ],
      "exit_codes": [
        0,
        0,
        0,
        0,
        0,
        0,
        0,
        0,
        0,
        0,
        0,
        0,
        0,
        0,
        0,
        0,
        0,
        0,
        0,
        0
      ]
    }
  ]
}
