{
  "results": [
    {
      "command": "./bin/CameronAavik/aot/1brc ./inputs/measurements.txt",
      "mean": 0.63017684074,
      "stddev": 0.043221397496085695,
      "median": 0.6492191449400001,
      "user": 11.64187951,
      "system": 0.8178350799999998,
      "min": 0.56480127544,
      "max": 0.67950290844,
      "times": [
        0.56480127544,
        0.66044039344,
        0.6595146504400001,
        0.6591899184400001,
        0.6633775204400001,
        0.62746091544,
        0.66398641544,
        0.57852960744,
        0.5861174134400001,
        0.5962060424400001,
        0.6707518034400001,
        0.6392483714400001,
        0.5664839264400001,
        0.57861840744,
        0.67950290844,
        0.5967051894400001,
        0.6735937314400001,
        0.6789964524400001,
        0.6764839784400001,
        0.5835278934400001
      ],
      "exit_codes": [
        0,
        0,
        0,
        0,
        0,
        0,
        0,
        0,
        0,
        0,
        0,
        0,
        0,
        0,
        0,
        0,
        0,
        0,
        0,
        0
      ]
    }
  ]
}
