{
  "results": [
    {
      "command": "./bin/CameronAavik/aot/1brc ./inputs/measurements.txt",
      "mean": 0.6955341147800002,
      "stddev": 0.0101836778801286,
      "median": 0.6914074404800001,
      "user": 15.867925260000002,
      "system": 0.7244128099999998,
      "min": 0.68783992398,
      "max": 0.7238057159800001,
      "times": [
        0.7238057159800001,
        0.7197413449800001,
        0.6913018779800001,
        0.6904598199800001,
        0.6890271479800001,
        0.68987040198,
        0.68783992398,
        0.69028417298,
        0.6933638699800001,
        0.6907948069800001,
        0.6915130029800001,
        0.7091238709800001,
        0.69289378398,
        0.6927560729800001,
        0.69081307798,
        0.69296404998,
        0.70158494798,
        0.6907037059800001,
        0.6891595289800001,
        0.69268117098
      ],
      "exit_codes": [
        0,
        0,
        0,
        0,
        0,
        0,
        0,
        0,
        0,
        0,
        0,
        0,
        0,
        0,
        0,
        0,
        0,
        0,
        0,
        0
      ]
    }
  ]
}
