{
  "results": [
    {
      "command": "./bin/CameronAavik/aot/1brc ./inputs/measurements.txt",
      "mean": 1.5906048511900002,
      "stddev": 0.013940274408304264,
      "median": 1.5864835902399999,
      "user": 11.184806829999998,
      "system": 0.61371034,
      "min": 1.56298139474,
      "max": 1.61976796974,
      "times": [
        1.61976796974,
        1.59339372474,
        1.58297663174,
        1.61026478374,
        1.59582017074,
        1.5935384177399998,
        1.58069416574,
        1.59121467174,
        1.60349707474,
        1.61926945974,
        1.58215662274,
        1.56298139474,
        1.58407590974,
        1.58622568274,
        1.58161026074,
        1.58636637574,
        1.57841031274,
        1.59275640374,
        1.58047618574,
        1.58660080474
      ],
      "exit_codes": [
        0,
        0,
        0,
        0,
        0,
        0,
        0,
        0,
        0,
        0,
        0,
        0,
        0,
        0,
        0,
        0,
        0,
        0,
        0,
        0
      ]
    }
  ]
}
