{
  "results": [
    {
      "command": "./bin/CameronAavik/aot/1brc ./inputs/measurements.txt",
      "mean": 0.5543378551500001,
      "stddev": 0.010452947761118072,
      "median": 0.5514875844,
      "user": 11.277327859999996,
      "system": 0.83522163,
      "min": 0.5468201179000001,
      "max": 0.5955070109000001,
      "times": [
        0.5575674209000001,
        0.5955070109000001,
        0.5542115599,
        0.5525652879,
        0.5596426589000001,
        0.5508724169000001,
        0.5477528609000001,
        0.5514287559000001,
        0.5545272589000001,
        0.5520601739000001,
        0.5468201179000001,
        0.5512007689000001,
        0.5604737969000001,
        0.5468513939,
        0.5515464129000001,
        0.5501052149000001,
        0.5511466669000001,
        0.5483719889,
        0.5482876639,
        0.5558176729000001
      ],
      "exit_codes": [
        0,
        0,
        0,
        0,
        0,
        0,
        0,
        0,
        0,
        0,
        0,
        0,
        0,
        0,
        0,
        0,
        0,
        0,
        0,
        0
      ]
    }
  ]
}
