{
  "results": [
    {
      "command": "./bin/CameronAavik/aot/1brc ./inputs/measurements.txt",
      "mean": 2.19057329913,
      "stddev": 0.01797756598968089,
      "median": 2.18615301088,
      "user": 15.78093433,
      "system": 0.70286979,
      "min": 2.16921388288,
      "max": 2.23923520388,
      "times": [
        2.22415006488,
        2.17887803388,
        2.18058600188,
        2.19247578388,
        2.23923520388,
        2.1804204398800002,
        2.19550148188,
        2.18947282688,
        2.19072363188,
        2.20675296288,
        2.21315320288,
        2.18151530588,
        2.17342996788,
        2.18265262788,
        2.16921388288,
        2.17995877288,
        2.16925874088,
        2.18726817588,
        2.18503784588,
        2.19178102788
      ],
      "exit_codes": [
        0,
        0,
        0,
        0,
        0,
        0,
        0,
        0,
        0,
        0,
        0,
        0,
        0,
        0,
        0,
        0,
        0,
        0,
        0,
        0
      ]
    }
  ]
}
