{
  "results": [
    {
      "command": "./bin/CameronAavik/aot/1brc ./inputs/measurements.txt",
      "mean": 3.0508107744100004,
      "stddev": 0.03777527006571424,
      "median": 3.05422580786,
      "user": 11.164930709999998,
      "system": 0.59140923,
      "min": 2.9856878833600002,
      "max": 3.11624989836,
      "times": [
        2.99467521136,
        3.0687666233599997,
        3.05919695536,
        3.01185890136,
        3.07655760436,
        3.04150411736,
        3.09791218236,
        3.10612658736,
        3.11624989836,
        3.0545036253599998,
        3.0539479903599998,
        3.03352647036,
        3.04624727336,
        3.07957686436,
        3.06640069936,
        3.02527700736,
        3.00695463336,
        3.08719974236,
        3.00404521736,
        2.9856878833600002
      ],
      "exit_codes": [
        0,
        0,
        0,
        0,
        0,
        0,
        0,
        0,
        0,
        0,
        0,
        0,
        0,
        0,
        0,
        0,
        0,
        0,
        0,
        0
      ]
    }
  ]
}
