{
  "results": [
    {
      "command": "./bin/dzaima/aot/1brc ./inputs/measurements.txt",
      "mean": 1.26187619101,
      "stddev": 0.004170993343749847,
      "median": 1.25965698976,
      "user": 9.345143140000001,
      "system": 0.62848047,
      "min": 1.25792121426,
      "max": 1.27019958426,
      "times": [
        1.25880100826,
        1.26479016326,
        1.2592565122600001,
        1.2588990372600002,
        1.25936116126,
        1.26548931226,
        1.2606976462600001,
        1.25880574526,
        1.25870089126,
        1.25939240226,
        1.25792121426,
        1.2589379172600001,
        1.26040503426,
        1.25992157726,
        1.26053156626,
        1.26788327826,
        1.2697274922600001,
        1.26854592926,
        1.27019958426,
        1.25925634726
      ],
      "exit_codes": [
        0,
        0,
        0,
        0,
        0,
        0,
        0,
        0,
        0,
        0,
        0,
        0,
        0,
        0,
        0,
        0,
        0,
        0,
        0,
        0
      ]
    }
  ]
}
