{
  "results": [
    {
      "command": "./bin/dzaima/aot/1brc ./inputs/measurements.txt",
      "mean": 1.2620485299499997,
      "stddev": 0.0046404670417141145,
      "median": 1.2607239317999999,
      "user": 9.356169569999999,
      "system": 0.61579366,
      "min": 1.2574937287999999,
      "max": 1.2774565498,
      "times": [
        1.2666739098,
        1.2589574428,
        1.2574937287999999,
        1.2599127088,
        1.2612076378,
        1.2587202908,
        1.2644827598,
        1.2582748317999999,
        1.2593115748,
        1.2683147278,
        1.2604818878,
        1.2605292108,
        1.2609186528,
        1.2586241808,
        1.2617453148,
        1.2588863528,
        1.2613024698,
        1.2628495097999999,
        1.2648268568,
        1.2774565498
      ],
      "exit_codes": [
        0,
        0,
        0,
        0,
        0,
        0,
        0,
        0,
        0,
        0,
        0,
        0,
        0,
        0,
        0,
        0,
        0,
        0,
        0,
        0
      ]
    }
  ]
}
