{
  "results": [
    {
      "command": "./bin/dzaima/aot/1brc ./inputs/measurements.txt",
      "mean": 1.7425990380000003,
      "stddev": 0.029639865428802353,
      "median": 1.7384082181,
      "user": 12.788686569999998,
      "system": 0.78518888,
      "min": 1.7136202061,
      "max": 1.8140234001000002,
      "times": [
        1.7455431281,
        1.7185756431,
        1.7220764821,
        1.7421902961000002,
        1.8140234001000002,
        1.7181478141000002,
        1.7457016541,
        1.7353118681,
        1.7228530611000001,
        1.7834011941,
        1.7853895621,
        1.7136202061,
        1.7427039991,
        1.7160174201,
        1.7157368141,
        1.7415045681,
        1.7892718721,
        1.7193169601,
        1.7630663701,
        1.7175284471
      ],
      "exit_codes": [
        0,
        0,
        0,
        0,
        0,
        0,
        0,
        0,
        0,
        0,
        0,
        0,
        0,
        0,
        0,
        0,
        0,
        0,
        0,
        0
      ]
    }
  ]
}
