{
  "results": [
    {
      "command": "./bin/dzaima/aot/1brc ./inputs/measurements.txt",
      "mean": 1.3109628062400003,
      "stddev": 0.003363902071541807,
      "median": 1.3096326919399999,
      "user": 9.595085909999998,
      "system": 0.6027361700000002,
      "min": 1.30778427794,
      "max": 1.31990883294,
      "times": [
        1.31432327494,
        1.31355262794,
        1.30933046094,
        1.31179292394,
        1.30779269294,
        1.3115408689399999,
        1.30902834794,
        1.3111394649399999,
        1.30973663194,
        1.3110586409399998,
        1.30925133794,
        1.30778427794,
        1.30833540694,
        1.3085347829399998,
        1.30806543594,
        1.30886357294,
        1.31990883294,
        1.31852707994,
        1.31116070994,
        1.3095287519399998
      ],
      "exit_codes": [
        0,
        0,
        0,
        0,
        0,
        0,
        0,
        0,
        0,
        0,
        0,
        0,
        0,
        0,
        0,
        0,
        0,
        0,
        0,
        0
      ]
    }
  ]
}
