{
  "results": [
    {
      "command": "./bin/dzaima/aot/1brc ./inputs/measurements.txt",
      "mean": 2.5461245742700003,
      "stddev": 0.016093680905811623,
      "median": 2.54875912992,
      "user": 9.407484119999998,
      "system": 0.56521709,
      "min": 2.5233640034200002,
      "max": 2.58578516342,
      "times": [
        2.55212348242,
        2.52629136142,
        2.52714171542,
        2.54736758042,
        2.56450343642,
        2.55342731142,
        2.58578516342,
        2.55271698642,
        2.54484014042,
        2.53498906442,
        2.53953941842,
        2.5233640034200002,
        2.55796545342,
        2.53539517042,
        2.52642035542,
        2.56169909442,
        2.5535028204200003,
        2.5577028424200003,
        2.52756540542,
        2.55015067942
      ],
      "exit_codes": [
        0,
        0,
        0,
        0,
        0,
        0,
        0,
        0,
        0,
        0,
        0,
        0,
        0,
        0,
        0,
        0,
        0,
        0,
        0,
        0
      ]
    }
  ]
}
