{
  "results": [
    {
      "command": "./bin/dzaima/aot/1brc ./inputs/measurements.txt",
      "mean": 1.2855830692599999,
      "stddev": 0.018055317828241088,
      "median": 1.27905009276,
      "user": 9.3766285,
      "system": 0.5985164,
      "min": 1.26180390326,
      "max": 1.31859773726,
      "times": [
        1.30664432926,
        1.3006386402599999,
        1.2770318542599999,
        1.26261797026,
        1.28106833126,
        1.2705464902599999,
        1.27102425326,
        1.30523325926,
        1.2758394472599999,
        1.31859773726,
        1.26180390326,
        1.31431206326,
        1.2763212152599999,
        1.26932792426,
        1.26954505326,
        1.28967912026,
        1.2838550142599998,
        1.29904725326,
        1.27099526626,
        1.3075322592599998
      ],
      "exit_codes": [
        0,
        0,
        0,
        0,
        0,
        0,
        0,
        0,
        0,
        0,
        0,
        0,
        0,
        0,
        0,
        0,
        0,
        0,
        0,
        0
      ]
    }
  ]
}
