{
  "results": [
    {
      "command": "./bin/dzaima/aot/1brc ./inputs/measurements.txt",
      "mean": 1.2908224817899998,
      "stddev": 0.03299591851567516,
      "median": 1.28240451494,
      "user": 9.426008590000002,
      "system": 0.57596113,
      "min": 1.25958319544,
      "max": 1.37424468144,
      "times": [
        1.28772201644,
        1.26094126544,
        1.30626487144,
        1.37140610144,
        1.2861342444400001,
        1.25958319544,
        1.30268372244,
        1.26209608044,
        1.2676663454400001,
        1.25965702744,
        1.3250369424400001,
        1.37424468144,
        1.28411362844,
        1.29832512644,
        1.28069540144,
        1.27081524644,
        1.26905326644,
        1.29454388144,
        1.28051678144,
        1.27494980944
      ],
      "exit_codes": [
        0,
        0,
        0,
        0,
        0,
        0,
        0,
        0,
        0,
        0,
        0,
        0,
        0,
        0,
        0,
        0,
        0,
        0,
        0,
        0
      ]
    }
  ]
}
