{
  "results": [
    {
      "command": "./bin/dzaima/aot/1brc ./inputs/measurements.txt",
      "mean": 1.31116816266,
      "stddev": 0.004828295423442038,
      "median": 1.3100447741599999,
      "user": 9.580088999999997,
      "system": 0.6052738099999999,
      "min": 1.3060227871599999,
      "max": 1.32663404516,
      "times": [
        1.31266411116,
        1.31027366216,
        1.31013380016,
        1.30909855616,
        1.31403041816,
        1.30925697316,
        1.30651295916,
        1.3060227871599999,
        1.31268733516,
        1.31972744616,
        1.32663404516,
        1.30993492716,
        1.30828591816,
        1.3100107051599998,
        1.30878585516,
        1.3141038431599998,
        1.31086580816,
        1.3066803841599999,
        1.3075748751599998,
        1.31007884316
      ],
      "exit_codes": [
        0,
        0,
        0,
        0,
        0,
        0,
        0,
        0,
        0,
        0,
        0,
        0,
        0,
        0,
        0,
        0,
        0,
        0,
        0,
        0
      ]
    }
  ]
}
