{
  "results": [
    {
      "command": "./calculate_average_jerrinot.sh",
      "mean": 1.1041927298099998,
      "stddev": 0.008505451123483344,
      "median": 1.1017767365599997,
      "user": 0.0028434599999999995,
      "system": 0.002009018,
      "min": 1.0974994355599998,
      "max": 1.1365802185599998,
      "times": [
        1.1365802185599998,
        1.09949913356,
        1.09986070456,
        1.09914136056,
        1.10060137256,
        1.10597538456,
        1.1018343905599999,
        1.10756127856,
        1.09899201856,
        1.10441044556,
        1.10642496656,
        1.0986176135599999,
        1.10598901956,
        1.0986528415599999,
        1.1039943715599998,
        1.1017190825599998,
        1.11138493156,
        1.0993055375599998,
        1.0974994355599998,
        1.10581048856
      ],
      "exit_codes": [
        0,
        0,
        0,
        0,
        0,
        0,
        0,
        0,
        0,
        0,
        0,
        0,
        0,
        0,
        0,
        0,
        0,
        0,
        0,
        0
      ]
    }
  ]
}
