{
  "results": [
    {
      "command": "./calculate_average_jerrinot.sh",
      "mean": 0.29300722418,
      "stddev": 0.012934254892528571,
      "median": 0.29075119928000004,
      "user": 0.0024632099999999995,
      "system": 0.002639731,
      "min": 0.28639737728000003,
      "max": 0.34703255628,
      "times": [
        0.28892293128,
        0.29398523128000004,
        0.34703255628,
        0.29006949828,
        0.28786872828000004,
        0.29034209928000004,
        0.29171066328,
        0.28720321328000004,
        0.29233516928000003,
        0.29116029928000003,
        0.28814154128,
        0.29196147128000005,
        0.29201467028000005,
        0.29129009828,
        0.29466184528,
        0.28920689028,
        0.28718603628,
        0.28639737728000003,
        0.28705593028000004,
        0.29159823328
      ],
      "exit_codes": [
        0,
        0,
        0,
        0,
        0,
        0,
        0,
        0,
        0,
        0,
        0,
        0,
        0,
        0,
        0,
        0,
        0,
        0,
        0,
        0
      ]
    }
  ]
}
