{
  "results": [
    {
      "command": "./calculate_average_jerrinot.sh",
      "mean": 0.7728491347899998,
      "stddev": 0.003932591658369219,
      "median": 0.77161806844,
      "user": 0.0024498899999999993,
      "system": 0.002379846,
      "min": 0.76920489344,
      "max": 0.78722812644,
      "times": [
        0.78722812644,
        0.77115056844,
        0.77097470944,
        0.77374552644,
        0.77052627344,
        0.77371353844,
        0.77758464544,
        0.77140549344,
        0.77132768244,
        0.77120818144,
        0.77246516444,
        0.77093100244,
        0.77184680944,
        0.76920489344,
        0.76980049744,
        0.77060632444,
        0.77334940744,
        0.77208515344,
        0.77183064344,
        0.77599805444
      ],
      "exit_codes": [
        0,
        0,
        0,
        0,
        0,
        0,
        0,
        0,
        0,
        0,
        0,
        0,
        0,
        0,
        0,
        0,
        0,
        0,
        0,
        0
      ]
    }
  ]
}
