{
  "results": [
    {
      "command": "./calculate_average_jerrinot.sh",
      "mean": 0.28949680481,
      "stddev": 0.003923526133627951,
      "median": 0.28814971026,
      "user": 0.00337532,
      "system": 0.0017258899999999997,
      "min": 0.28656118626,
      "max": 0.30479123426,
      "times": [
        0.29067042326000003,
        0.28813392526,
        0.29117839126,
        0.30479123426,
        0.28816549526,
        0.28890116526,
        0.28710767726,
        0.29137361126,
        0.29009000126,
        0.28989500826000003,
        0.28723957826,
        0.28754197926,
        0.28745688326,
        0.28718810726,
        0.29011448126,
        0.29081116326,
        0.28707390926,
        0.28773482926,
        0.28656118626,
        0.28790704626
      ],
      "exit_codes": [
        0,
        0,
        0,
        0,
        0,
        0,
        0,
        0,
        0,
        0,
        0,
        0,
        0,
        0,
        0,
        0,
        0,
        0,
        0,
        0
      ]
    }
  ]
}
