{
  "results": [
    {
      "command": "./calculate_average_jerrinot.sh",
      "mean": 0.5577476028400001,
      "stddev": 0.0032574946284401533,
      "median": 0.5568088123400001,
      "user": 0.0029247199999999996,
      "system": 0.0018515150000000002,
      "min": 0.55407527434,
      "max": 0.5663394873400001,
      "times": [
        0.55960082334,
        0.5663394873400001,
        0.55929077134,
        0.5561813273400001,
        0.5570742003400001,
        0.55550395234,
        0.5541974443400001,
        0.5548974043400001,
        0.5576182383400001,
        0.5555455013400001,
        0.5558493143400001,
        0.5602884233400001,
        0.55654342434,
        0.5588941913400001,
        0.5593545713400001,
        0.5575982613400001,
        0.5558632683400001,
        0.55407527434,
        0.5553883833400001,
        0.5648477943400001
      ],
      "exit_codes": [
        0,
        0,
        0,
        0,
        0,
        0,
        0,
        0,
        0,
        0,
        0,
        0,
        0,
        0,
        0,
        0,
        0,
        0,
        0,
        0
      ]
    }
  ]
}
