{
  "results": [
    {
      "command": "./calculate_average_jerrinot.sh",
      "mean": 1.53584597774,
      "stddev": 0.005896213713608049,
      "median": 1.53471888964,
      "user": 0.0035952599999999994,
      "system": 0.001244408,
      "min": 1.53010979764,
      "max": 1.55023672964,
      "times": [
        1.53513853964,
        1.5313545876399999,
        1.53639666164,
        1.53026665764,
        1.53205508164,
        1.53761549464,
        1.54875751764,
        1.53092287764,
        1.53484164164,
        1.53097101964,
        1.53010979764,
        1.53580789664,
        1.54210971964,
        1.53081711964,
        1.53246282564,
        1.54153671964,
        1.53459613764,
        1.53192542664,
        1.53899710264,
        1.55023672964
      ],
      "exit_codes": [
        0,
        0,
        0,
        0,
        0,
        0,
        0,
        0,
        0,
        0,
        0,
        0,
        0,
        0,
        0,
        0,
        0,
        0,
        0,
        0
      ]
    }
  ]
}
