{
  "results": [
    {
      "command": "./calculate_average_jerrinot.sh",
      "mean": 2.1976088725599996,
      "stddev": 0.010497988257068148,
      "median": 2.1956567814599994,
      "user": 0.00327456,
      "system": 0.001523139,
      "min": 2.18516737646,
      "max": 2.22325832546,
      "times": [
        2.1911923774599997,
        2.19881404046,
        2.2185096604599996,
        2.18516737646,
        2.1960661284599996,
        2.1863661724599996,
        2.2002866274599997,
        2.2089832174599997,
        2.1886957464599996,
        2.19094925746,
        2.1952054024599996,
        2.22325832546,
        2.18726048446,
        2.20104157346,
        2.18641458746,
        2.19841154046,
        2.2060617104599998,
        2.1952474344599997,
        2.1906201304599997,
        2.20362565746
      ],
      "exit_codes": [
        0,
        0,
        0,
        0,
        0,
        0,
        0,
        0,
        0,
        0,
        0,
        0,
        0,
        0,
        0,
        0,
        0,
        0,
        0,
        0
      ]
    }
  ]
}
