{
  "results": [
    {
      "command": "./calculate_average_jerrinot.sh",
      "mean": 0.39210631368000004,
      "stddev": 0.0020005245308192888,
      "median": 0.39147086728,
      "user": 0.00280084,
      "system": 0.0019815699999999998,
      "min": 0.39035424128,
      "max": 0.39818346528000004,
      "times": [
        0.39150849228,
        0.39613336028,
        0.39818346528000004,
        0.39111974328000004,
        0.39168749428000005,
        0.39035424128,
        0.39140242928,
        0.39144759428000003,
        0.39108883128000005,
        0.39071746728,
        0.39163895528000003,
        0.39240029528000003,
        0.39065698628,
        0.39146042728,
        0.39102221928,
        0.39155865028000003,
        0.39512270328000004,
        0.39139610028000005,
        0.39148130728,
        0.39174551028000004
      ],
      "exit_codes": [
        0,
        0,
        0,
        0,
        0,
        0,
        0,
        0,
        0,
        0,
        0,
        0,
        0,
        0,
        0,
        0,
        0,
        0,
        0,
        0
      ]
    }
  ]
}
