{
  "results": [
    {
      "command": "./bin/kpocza/aot/1brc ./inputs/measurements.txt",
      "mean": 1.0817472148300002,
      "stddev": 0.033668528234040054,
      "median": 1.07015181378,
      "user": 13.789198279999999,
      "system": 0.55744825,
      "min": 1.06094449428,
      "max": 1.21657836028,
      "times": [
        1.21657836028,
        1.10308977028,
        1.08615469428,
        1.0687289362799999,
        1.0666986512799999,
        1.08295727928,
        1.0617504522799999,
        1.0708310232799998,
        1.0685235282799999,
        1.0731883202799999,
        1.0831618772799998,
        1.0847668442799998,
        1.09473893328,
        1.0657041882799998,
        1.06868086028,
        1.0694726042799998,
        1.06412366628,
        1.06094449428,
        1.06778420328,
        1.07706560928
      ],
      "exit_codes": [
        0,
        0,
        0,
        0,
        0,
        0,
        0,
        0,
        0,
        0,
        0,
        0,
        0,
        0,
        0,
        0,
        0,
        0,
        0,
        0
      ]
    }
  ]
}
