{
  "results": [
    {
      "command": "./bin/kpocza/aot/1brc ./inputs/measurements.txt",
      "mean": 2.26125289285,
      "stddev": 0.03352739279231866,
      "median": 2.2489084923,
      "user": 15.971088650000002,
      "system": 0.6103928599999999,
      "min": 2.2244673888,
      "max": 2.3388230387999998,
      "times": [
        2.2763915378,
        2.2338929787999997,
        2.2651181218,
        2.3032778767999997,
        2.3262369188,
        2.2361805128,
        2.2753131688,
        2.2791862678,
        2.2327693338,
        2.2339985587999998,
        2.2316905168,
        2.2714661177999997,
        2.2429042758,
        2.2919070788,
        2.2331474578,
        2.2507404598,
        2.3388230387999998,
        2.2470765247999998,
        2.2304697218,
        2.2244673888
      ],
      "exit_codes": [
        0,
        0,
        0,
        0,
        0,
        0,
        0,
        0,
        0,
        0,
        0,
        0,
        0,
        0,
        0,
        0,
        0,
        0,
        0,
        0
      ]
    }
  ]
}
