{
  "results": [
    {
      "command": "./bin/kpocza/aot/1brc ./inputs/measurements.txt",
      "mean": 3.7686135527899993,
      "stddev": 0.040223280990764235,
      "median": 3.7522315239400004,
      "user": 13.776192139999997,
      "system": 0.5478211799999999,
      "min": 3.71067358344,
      "max": 3.8602133314400002,
      "times": [
        3.7590888494400003,
        3.79168525544,
        3.73943765844,
        3.8602133314400002,
        3.73217010244,
        3.7387712964400004,
        3.8139070744400003,
        3.7397603044400003,
        3.74346511144,
        3.81614702244,
        3.74164701644,
        3.7947179704400003,
        3.7500763804400004,
        3.71067358344,
        3.79006182144,
        3.7405270244400004,
        3.7412202954400002,
        3.7711100174400003,
        3.7543866674400004,
        3.8432042724400004
      ],
      "exit_codes": [
        0,
        0,
        0,
        0,
        0,
        0,
        0,
        0,
        0,
        0,
        0,
        0,
        0,
        0,
        0,
        0,
        0,
        0,
        0,
        0
      ]
    }
  ]
}
