{
  "results": [
    {
      "command": "./bin/kpocza/aot/1brc ./inputs/measurements.txt",
      "mean": 0.71618503933,
      "stddev": 0.0437400479783533,
      "median": 0.69803670328,
      "user": 16.08482244,
      "system": 0.63305046,
      "min": 0.69009918728,
      "max": 0.87644685628,
      "times": [
        0.77612074228,
        0.71035471528,
        0.69179811128,
        0.69350147628,
        0.69148147228,
        0.71889818128,
        0.69613311728,
        0.69806284328,
        0.69528676828,
        0.69009918728,
        0.69801056328,
        0.69588591628,
        0.71213202128,
        0.69637836728,
        0.75251359328,
        0.87644685628,
        0.69070241728,
        0.69889455428,
        0.72267866728,
        0.71832121528
      ],
      "exit_codes": [
        0,
        0,
        0,
        0,
        0,
        0,
        0,
        0,
        0,
        0,
        0,
        0,
        0,
        0,
        0,
        0,
        0,
        0,
        0,
        0
      ]
    }
  ]
}
