{
  "results": [
    {
      "command": "./bin/kpocza/aot/1brc ./inputs/measurements.txt",
      "mean": 1.9639402797799996,
      "stddev": 0.02062014428636931,
      "median": 1.95814010608,
      "user": 13.774160590000003,
      "system": 0.5426201199999998,
      "min": 1.93845510008,
      "max": 2.00483082208,
      "times": [
        1.9462289290800001,
        1.96939691408,
        1.9465994590800002,
        1.94571556908,
        1.96034014808,
        1.9453979430800001,
        1.98180568208,
        1.94503837608,
        1.93845510008,
        2.00483082208,
        1.9726122370799999,
        1.97226127308,
        1.94703849708,
        1.94694704608,
        2.00440065208,
        1.98060203008,
        1.9810706580800002,
        1.95594006408,
        1.94786498008,
        1.98625921508
      ],
      "exit_codes": [
        0,
        0,
        0,
        0,
        0,
        0,
        0,
        0,
        0,
        0,
        0,
        0,
        0,
        0,
        0,
        0,
        0,
        0,
        0,
        0
      ]
    }
  ]
}
