{
  "results": [
    {
      "command": "./bin/kpocza/aot/1brc ./inputs/measurements.txt",
      "mean": 0.45913752652000006,
      "stddev": 0.022095481648436575,
      "median": 0.45201061952000005,
      "user": 16.09171198,
      "system": 0.75547882,
      "min": 0.44288528552,
      "max": 0.5219315405200001,
      "times": [
        0.5206396205200001,
        0.5219315405200001,
        0.44593009252000004,
        0.45685831352,
        0.45427854852000005,
        0.45358652652000003,
        0.45275617652000005,
        0.44941029552,
        0.44752870452000004,
        0.45252864952000005,
        0.44941866952000004,
        0.44288528552,
        0.44896123252000003,
        0.46204618552000004,
        0.47120463452000005,
        0.44791901652000005,
        0.45108359152000005,
        0.44897447952,
        0.45149258952000004,
        0.45331637752000004
      ],
      "exit_codes": [
        0,
        0,
        0,
        0,
        0,
        0,
        0,
        0,
        0,
        0,
        0,
        0,
        0,
        0,
        0,
        0,
        0,
        0,
        0,
        0
      ]
    }
  ]
}
