{
  "results": [
    {
      "command": "./bin/kpocza/aot/1brc ./inputs/measurements.txt",
      "mean": 1.2254204438600005,
      "stddev": 0.02236904138657275,
      "median": 1.2164426481600001,
      "user": 16.074704109999995,
      "system": 0.5986584899999999,
      "min": 1.2032520931600001,
      "max": 1.2897043031600002,
      "times": [
        1.24538416616,
        1.2154927901600001,
        1.2173925061600002,
        1.2219061501600001,
        1.24569447416,
        1.23726959116,
        1.2088657551600002,
        1.2713677311600002,
        1.2032520931600001,
        1.22311061016,
        1.20677250316,
        1.2147157991600002,
        1.2094326371600002,
        1.21009370016,
        1.21510856516,
        1.2897043031600002,
        1.21435655316,
        1.22650947716,
        1.2141589831600001,
        1.21782048816
      ],
      "exit_codes": [
        0,
        0,
        0,
        0,
        0,
        0,
        0,
        0,
        0,
        0,
        0,
        0,
        0,
        0,
        0,
        0,
        0,
        0,
        0,
        0
      ]
    }
  ]
}
