{
  "results": [
    {
      "command": "./bin/kpocza/aot/1brc ./inputs/measurements.txt",
      "mean": 0.6369301625200002,
      "stddev": 0.018717830543202096,
      "median": 0.6272798832200001,
      "user": 13.782824929999999,
      "system": 0.6723665499999998,
      "min": 0.6232723467200001,
      "max": 0.67950967472,
      "times": [
        0.6729496687200001,
        0.67950967472,
        0.62481383272,
        0.6232723467200001,
        0.6354258017200001,
        0.62710550072,
        0.64427805772,
        0.6241107357200001,
        0.6353467207200001,
        0.6254992607200001,
        0.6683685677200001,
        0.62344901572,
        0.62784201772,
        0.62455361472,
        0.62528945672,
        0.66643145672,
        0.62879968472,
        0.62699806972,
        0.6272130047200001,
        0.62734676172
      ],
      "exit_codes": [
        0,
        0,
        0,
        0,
        0,
        0,
        0,
        0,
        0,
        0,
        0,
        0,
        0,
        0,
        0,
        0,
        0,
        0,
        0,
        0
      ]
    }
  ]
}
