{
  "results": [
    {
      "command": "./bin/lehuyduc/aot/1brc ./inputs/measurements.txt",
      "mean": 0.28529700037000005,
      "stddev": 0.008937444642344363,
      "median": 0.28110627742000005,
      "user": 0.0010532340000000001,
      "system": 0.000368268,
      "min": 0.27459762292000006,
      "max": 0.30079127192000005,
      "times": [
        0.30071852692000006,
        0.28070805792000003,
        0.28248150392000004,
        0.28104770992000006,
        0.27459762292000006,
        0.27527390192000006,
        0.29684486692000006,
        0.29241993592000004,
        0.28035124992000005,
        0.28377178692000005,
        0.29919192992000004,
        0.30079127192000005,
        0.28097188692,
        0.28335552292000005,
        0.27842022392000004,
        0.28073513692,
        0.27824624892000005,
        0.28116484492000005,
        0.27723942792000006,
        0.29760834992
      ],
      "exit_codes": [
        0,
        0,
        0,
        0,
        0,
        0,
        0,
        0,
        0,
        0,
        0,
        0,
        0,
        0,
        0,
        0,
        0,
        0,
        0,
        0
      ]
    }
  ]
}
