{
  "results": [
    {
      "command": "./bin/lehuyduc/aot/1brc ./inputs/measurements.txt",
      "mean": 0.6653218567,
      "stddev": 0.028240743877783032,
      "median": 0.6590514638,
      "user": 0.0010943099999999998,
      "system": 0.00022241399999999993,
      "min": 0.6171946038,
      "max": 0.7116288198,
      "times": [
        0.6500784688000001,
        0.6850505118000001,
        0.6512871668000001,
        0.6171946038,
        0.7116288198,
        0.6392740238000001,
        0.7075886808,
        0.6361007888000001,
        0.6691690268,
        0.6500839038,
        0.6668307348000001,
        0.6901848128000001,
        0.6532928968,
        0.6362212158,
        0.6314810648000001,
        0.6970150068000001,
        0.6648100308,
        0.7061844668,
        0.6914901828000001,
        0.6514707268000001
      ],
      "exit_codes": [
        0,
        0,
        0,
        0,
        0,
        0,
        0,
        0,
        0,
        0,
        0,
        0,
        0,
        0,
        0,
        0,
        0,
        0,
        0,
        0
      ]
    }
  ]
}
