{
  "results": [
    {
      "command": "./bin/lehuyduc/aot/1brc ./inputs/measurements.txt",
      "mean": 1.7118164499400002,
      "stddev": 0.05785546160198018,
      "median": 1.6904796158400002,
      "user": 0.00121253,
      "system": 0.000177316,
      "min": 1.65012079034,
      "max": 1.83441857134,
      "times": [
        1.68837205234,
        1.71470093734,
        1.83243407734,
        1.67200965934,
        1.67053641634,
        1.83441857134,
        1.65451454934,
        1.6925871793400002,
        1.7879672163400002,
        1.6654917613400002,
        1.66664908534,
        1.73987419734,
        1.6612316173400001,
        1.7040995203400002,
        1.7619644353400001,
        1.7337094423400001,
        1.65012079034,
        1.76486205034,
        1.6640168743400001,
        1.6767685653400002
      ],
      "exit_codes": [
        0,
        0,
        0,
        0,
        0,
        0,
        0,
        0,
        0,
        0,
        0,
        0,
        0,
        0,
        0,
        0,
        0,
        0,
        0,
        0
      ]
    }
  ]
}
