{
  "results": [
    {
      "command": "./bin/lehuyduc/aot/1brc ./inputs/measurements.txt",
      "mean": 0.47331603596999994,
      "stddev": 0.0060662831984166455,
      "median": 0.47291435972,
      "user": 0.00100898,
      "system": 0.00033175399999999997,
      "min": 0.46652020522000004,
      "max": 0.48221119222000003,
      "times": [
        0.48152288822000006,
        0.47292109222,
        0.48114024022,
        0.48221119222000003,
        0.48168579022,
        0.47328504722000003,
        0.46757358622000006,
        0.46734060522000004,
        0.46754609922,
        0.46795303522000004,
        0.48177203422000003,
        0.47314260322,
        0.46900431322,
        0.46652020522000004,
        0.46668943222000003,
        0.47290762722,
        0.48125327422,
        0.47308309122000003,
        0.47223016722000005,
        0.46653839522
      ],
      "exit_codes": [
        0,
        0,
        0,
        0,
        0,
        0,
        0,
        0,
        0,
        0,
        0,
        0,
        0,
        0,
        0,
        0,
        0,
        0,
        0,
        0
      ]
    }
  ]
}
