{
  "results": [
    {
      "command": "./bin/lehuyduc/aot/1brc ./inputs/measurements.txt",
      "mean": 0.8754392318700001,
      "stddev": 0.03832199944723493,
      "median": 0.86724779622,
      "user": 0.0010658,
      "system": 0.00031366099999999996,
      "min": 0.84971513372,
      "max": 1.02554913972,
      "times": [
        1.02554913972,
        0.86691577572,
        0.8559101637200001,
        0.8514821327200001,
        0.86726118172,
        0.86723441072,
        0.90565897572,
        0.8809103137200001,
        0.89199105972,
        0.86710468372,
        0.86868176172,
        0.8678560307200001,
        0.86769798472,
        0.88022973572,
        0.85228803172,
        0.84971513372,
        0.85319378772,
        0.85280439772,
        0.85359026872,
        0.88270966772
      ],
      "exit_codes": [
        0,
        0,
        0,
        0,
        0,
        0,
        0,
        0,
        0,
        0,
        0,
        0,
        0,
        0,
        0,
        0,
        0,
        0,
        0,
        0
      ]
    }
  ]
}
