{
  "results": [
    {
      "command": "./bin/lehuyduc/aot/1brc ./inputs/measurements.txt",
      "mean": 1.2745927831,
      "stddev": 0.05496972118185789,
      "median": 1.2508740694,
      "user": 0.0010735000000000002,
      "system": 0.00027693499999999996,
      "min": 1.2178427334000002,
      "max": 1.4271501834,
      "times": [
        1.2637457604000002,
        1.2422439804,
        1.3229536184000001,
        1.2436577264000002,
        1.2505190774000001,
        1.2975865284,
        1.3238690804000002,
        1.2512290614000001,
        1.2402116894000002,
        1.2399284374000001,
        1.3124566524,
        1.2344311854,
        1.2559640394,
        1.2416310954,
        1.3884896584000002,
        1.2424865644,
        1.2178427334000002,
        1.2534246914,
        1.4271501834,
        1.2420338984000001
      ],
      "exit_codes": [
        0,
        0,
        0,
        0,
        0,
        0,
        0,
        0,
        0,
        0,
        0,
        0,
        0,
        0,
        0,
        0,
        0,
        0,
        0,
        0
      ]
    }
  ]
}
