{
  "results": [
    {
      "command": "./bin/lehuyduc/aot/1brc ./inputs/measurements.txt",
      "mean": 0.3812599112999999,
      "stddev": 0.012939713974532547,
      "median": 0.38198008800000005,
      "user": 0.00112499,
      "system": 0.00031460799999999997,
      "min": 0.3565918685,
      "max": 0.41029824350000005,
      "times": [
        0.3858688605,
        0.38340607750000005,
        0.3671027135,
        0.36759359550000004,
        0.38270156750000006,
        0.3764621335,
        0.39195296350000003,
        0.3796673325,
        0.3565918685,
        0.3588153975,
        0.37195223850000003,
        0.38900590850000005,
        0.38125860850000004,
        0.39884328950000003,
        0.41029824350000005,
        0.39280653150000006,
        0.38050657250000003,
        0.3767966985,
        0.3865295905,
        0.3870380345
      ],
      "exit_codes": [
        0,
        0,
        0,
        0,
        0,
        0,
        0,
        0,
        0,
        0,
        0,
        0,
        0,
        0,
        0,
        0,
        0,
        0,
        0,
        0
      ]
    }
  ]
}
