{
  "results": [
    {
      "command": "./bin/lehuyduc/aot/1brc ./inputs/measurements.txt",
      "mean": 2.4851065805899997,
      "stddev": 0.0897417431631552,
      "median": 2.4706821861400003,
      "user": 0.0010299000000000003,
      "system": 0.00030894599999999994,
      "min": 2.37100357464,
      "max": 2.65557585064,
      "times": [
        2.59021695764,
        2.39772193064,
        2.49804774564,
        2.37100357464,
        2.37477343164,
        2.47935838664,
        2.43055554264,
        2.55648768964,
        2.39697246264,
        2.56188025764,
        2.46161620864,
        2.65557585064,
        2.3993088026400002,
        2.54627928964,
        2.46208080164,
        2.45476284564,
        2.37359829264,
        2.6462787376400003,
        2.4792835706400003,
        2.5663292326400002
      ],
      "exit_codes": [
        0,
        0,
        0,
        0,
        0,
        0,
        0,
        0,
        0,
        0,
        0,
        0,
        0,
        0,
        0,
        0,
        0,
        0,
        0,
        0
      ]
    }
  ]
}
