{
  "results": [
    {
      "command": "./bin/mtopolnik-rs/aot/1brc ./inputs/measurements.txt",
      "mean": 0.9756054191799999,
      "stddev": 0.01810157884930405,
      "median": 0.96757525348,
      "user": 12.0904926,
      "system": 0.62277076,
      "min": 0.96189530898,
      "max": 1.02687028898,
      "times": [
        1.02687028898,
        0.96564361398,
        0.96189530898,
        0.96911955398,
        0.96639736998,
        0.97101404398,
        0.96875313698,
        0.98688114198,
        0.96366039098,
        0.96369019298,
        0.96445079198,
        0.99582889898,
        0.9716555599800001,
        0.9638163629800001,
        0.96448627398,
        0.96407015898,
        0.99679170998,
        0.9718445989800001,
        1.0100618939800001,
        0.96517709098
      ],
      "exit_codes": [
        0,
        0,
        0,
        0,
        0,
        0,
        0,
        0,
        0,
        0,
        0,
        0,
        0,
        0,
        0,
        0,
        0,
        0,
        0,
        0
      ]
    }
  ]
}
