{
  "results": [
    {
      "command": "./bin/mtopolnik-rs/aot/1brc ./inputs/measurements.txt",
      "mean": 1.7702943473700004,
      "stddev": 0.018312927791362715,
      "median": 1.77170999562,
      "user": 12.111585129999998,
      "system": 0.5744456299999999,
      "min": 1.74514942062,
      "max": 1.80907132962,
      "times": [
        1.80907132962,
        1.75380255262,
        1.78981056062,
        1.75370773962,
        1.75786747362,
        1.78526878262,
        1.78226196562,
        1.74648697862,
        1.7884967586200002,
        1.74514942062,
        1.7696927026200002,
        1.77041791362,
        1.77300207762,
        1.7780315696200002,
        1.7508218826200002,
        1.74639405462,
        1.7793956696200002,
        1.79231584662,
        1.75511746662,
        1.77877420162
      ],
      "exit_codes": [
        0,
        0,
        0,
        0,
        0,
        0,
        0,
        0,
        0,
        0,
        0,
        0,
        0,
        0,
        0,
        0,
        0,
        0,
        0,
        0
      ]
    }
  ]
}
