{
  "results": [
    {
      "command": "./calculate_average_mtopolnik.sh",
      "mean": 0.9286923937800001,
      "stddev": 0.015072508644342739,
      "median": 0.9287258001800001,
      "user": 0.0031024399999999993,
      "system": 0.0031118,
      "min": 0.89581080368,
      "max": 0.96507823268,
      "times": [
        0.96507823268,
        0.94908322368,
        0.89581080368,
        0.92899330068,
        0.91178677268,
        0.93012306668,
        0.92789559868,
        0.92883946468,
        0.9234220266800001,
        0.90406822668,
        0.92973250768,
        0.92557794068,
        0.92771829968,
        0.9227755936800001,
        0.92861213568,
        0.92924673068,
        0.9484651336800001,
        0.94001443568,
        0.93007535068,
        0.92652903068
      ],
      "exit_codes": [
        0,
        0,
        0,
        0,
        0,
        0,
        0,
        0,
        0,
        0,
        0,
        0,
        0,
        0,
        0,
        0,
        0,
        0,
        0,
        0
      ]
    }
  ]
}
