{
  "results": [
    {
      "command": "./calculate_average_mtopolnik.sh",
      "mean": 1.1092791817400003,
      "stddev": 0.03142224261008958,
      "median": 1.1031243512400002,
      "user": 0.0043178999999999995,
      "system": 0.0020698979999999997,
      "min": 1.0918146582400001,
      "max": 1.23949649224,
      "times": [
        1.23949649224,
        1.1112885412400002,
        1.10922245024,
        1.10189927724,
        1.1029708422400002,
        1.1041640592400002,
        1.09413711424,
        1.10810210624,
        1.09542899524,
        1.09621345624,
        1.1032778602400002,
        1.09256162124,
        1.10574806024,
        1.0998404642400001,
        1.0959337962400002,
        1.1187519542400002,
        1.1033535872400002,
        1.0918146582400001,
        1.1098596922400001,
        1.1015186062400002
      ],
      "exit_codes": [
        0,
        0,
        0,
        0,
        0,
        0,
        0,
        0,
        0,
        0,
        0,
        0,
        0,
        0,
        0,
        0,
        0,
        0,
        0,
        0
      ]
    }
  ]
}
