{
  "results": [
    {
      "command": "./bin/mtopolnik-rs/aot/1brc ./inputs/measurements.txt",
      "mean": 3.3693791155999997,
      "stddev": 0.0213403034204118,
      "median": 3.3683460897999997,
      "user": 12.11043421,
      "system": 0.5576016200000001,
      "min": 3.3355817353,
      "max": 3.4119657742999996,
      "times": [
        3.3577477982999997,
        3.3355817353,
        3.3652410592999997,
        3.3714511202999997,
        3.3381803823,
        3.3529916152999997,
        3.4119657742999996,
        3.3558448653,
        3.3479738162999997,
        3.4024251503,
        3.3817073803,
        3.3784343132999997,
        3.3819658432999997,
        3.3864936043,
        3.3501350182999996,
        3.3937829223,
        3.3544889863,
        3.3536897853,
        3.3878203033,
        3.3796608383
      ],
      "exit_codes": [
        0,
        0,
        0,
        0,
        0,
        0,
        0,
        0,
        0,
        0,
        0,
        0,
        0,
        0,
        0,
        0,
        0,
        0,
        0,
        0
      ]
    }
  ]
}
