{
  "results": [
    {
      "command": "./bin/mtopolnik-rs/aot/1brc ./inputs/measurements.txt",
      "mean": 0.7030244430899999,
      "stddev": 0.06593455367708312,
      "median": 0.7000333292400001,
      "user": 12.16182836,
      "system": 0.73613685,
      "min": 0.60496224674,
      "max": 0.78031524874,
      "times": [
        0.62986215774,
        0.74888334674,
        0.62311432774,
        0.77557129774,
        0.63622614374,
        0.69399103274,
        0.78031524874,
        0.62886496774,
        0.69853020074,
        0.77777402174,
        0.63019636074,
        0.65456694974,
        0.77745479074,
        0.73829087574,
        0.7625467407400001,
        0.70153645774,
        0.77788596174,
        0.77543053474,
        0.64448519774,
        0.60496224674
      ],
      "exit_codes": [
        0,
        0,
        0,
        0,
        0,
        0,
        0,
        0,
        0,
        0,
        0,
        0,
        0,
        0,
        0,
        0,
        0,
        0,
        0,
        0
      ]
    }
  ]
}
