{
  "results": [
    {
      "command": "./calculate_average_mtopolnik.sh",
      "mean": 1.7684296904699999,
      "stddev": 0.021598887811980338,
      "median": 1.75966575992,
      "user": 0.0030460900000000004,
      "system": 0.0030038739999999997,
      "min": 1.7457473549200002,
      "max": 1.8293915249200001,
      "times": [
        1.75776332592,
        1.75912277792,
        1.79896881792,
        1.7672084299200002,
        1.75930761092,
        1.77761747492,
        1.7457473549200002,
        1.7973693909200001,
        1.7936749569200001,
        1.7491026509200003,
        1.7536158029200002,
        1.76001355592,
        1.7773178949200001,
        1.75931796392,
        1.75534774992,
        1.75038512292,
        1.7676792379200001,
        1.7458105229200003,
        1.76383164192,
        1.8293915249200001
      ],
      "exit_codes": [
        0,
        0,
        0,
        0,
        0,
        0,
        0,
        0,
        0,
        0,
        0,
        0,
        0,
        0,
        0,
        0,
        0,
        0,
        0,
        0
      ]
    }
  ]
}
