{
  "results": [
    {
      "command": "./bin/mtopolnik-rs/aot/1brc ./inputs/measurements.txt",
      "mean": 2.3711573599299998,
      "stddev": 0.024120094902005347,
      "median": 2.36264822198,
      "user": 16.770744779999994,
      "system": 0.6642375799999999,
      "min": 2.34248701898,
      "max": 2.42020612798,
      "times": [
        2.3999661769799996,
        2.40579031998,
        2.34248701898,
        2.3757629639799998,
        2.40657586598,
        2.3605702739799996,
        2.3566522489799997,
        2.36198723598,
        2.3995269109799997,
        2.3433322889799997,
        2.3650801379799997,
        2.35336357098,
        2.42020612798,
        2.3509928359799996,
        2.3612311399799997,
        2.34975451598,
        2.3709584599799998,
        2.39161557398,
        2.36330920798,
        2.34398432298
      ],
      "exit_codes": [
        0,
        0,
        0,
        0,
        0,
        0,
        0,
        0,
        0,
        0,
        0,
        0,
        0,
        0,
        0,
        0,
        0,
        0,
        0,
        0
      ]
    }
  ]
}
