{
  "results": [
    {
      "command": "./calculate_average_mtopolnik.sh",
      "mean": 0.40567847282,
      "stddev": 0.010825143960666112,
      "median": 0.40698562122000004,
      "user": 0.0033336500000000005,
      "system": 0.003213662,
      "min": 0.38910521322,
      "max": 0.42535178422000003,
      "times": [
        0.39169568922000003,
        0.41440005122,
        0.41992286622,
        0.38917864722,
        0.41048859122000003,
        0.40611972422000003,
        0.40811909522,
        0.41197078522,
        0.40593881822000005,
        0.40760731122000005,
        0.40953349322000004,
        0.40372970622000004,
        0.42535178422000003,
        0.40770062622000003,
        0.39425473622,
        0.40029642022,
        0.38910521322,
        0.38912402522,
        0.42266794122,
        0.40636393122000003
      ],
      "exit_codes": [
        0,
        0,
        0,
        0,
        0,
        0,
        0,
        0,
        0,
        0,
        0,
        0,
        0,
        0,
        0,
        0,
        0,
        0,
        0,
        0
      ]
    }
  ]
}
