{
  "results": [
    {
      "command": "./bin/mtopolnik-rs/aot/1brc ./inputs/measurements.txt",
      "mean": 0.7379240454700002,
      "stddev": 0.019049554641344238,
      "median": 0.7297616143200001,
      "user": 16.794962820000002,
      "system": 0.79501677,
      "min": 0.7279354918200001,
      "max": 0.80954365782,
      "times": [
        0.80954365782,
        0.72848157082,
        0.72817456082,
        0.75235777682,
        0.72838663382,
        0.72921088682,
        0.73117743082,
        0.74707268682,
        0.73264677782,
        0.74323911082,
        0.7310811418200001,
        0.7297230638200001,
        0.72839949082,
        0.72980016482,
        0.75735474082,
        0.73867399182,
        0.72874621382,
        0.72851444882,
        0.7279354918200001,
        0.72796106782
      ],
      "exit_codes": [
        0,
        0,
        0,
        0,
        0,
        0,
        0,
        0,
        0,
        0,
        0,
        0,
        0,
        0,
        0,
        0,
        0,
        0,
        0,
        0
      ]
    }
  ]
}
