{
  "results": [
    {
      "command": "./calculate_average_mtopolnik.sh",
      "mean": 0.53859867737,
      "stddev": 0.03607160227908528,
      "median": 0.5290556337200001,
      "user": 0.0032033500000000006,
      "system": 0.003353324,
      "min": 0.49211205122,
      "max": 0.62394836322,
      "times": [
        0.55920427622,
        0.62394836322,
        0.49565675222,
        0.49211205122,
        0.5164295862200001,
        0.51739019322,
        0.5310562312200001,
        0.5055731172200001,
        0.5262583892200001,
        0.5902395182200001,
        0.5274130022200001,
        0.52976038022,
        0.5499571822200001,
        0.5244299202200001,
        0.6109039942200001,
        0.5283508872200001,
        0.5319691912200001,
        0.5313678772200001,
        0.5073124212200001,
        0.57264021322
      ],
      "exit_codes": [
        0,
        0,
        0,
        0,
        0,
        0,
        0,
        0,
        0,
        0,
        0,
        0,
        0,
        0,
        0,
        0,
        0,
        0,
        0,
        0
      ]
    }
  ]
}
