{
  "results": [
    {
      "command": "./calculate_average_mtopolnik.sh",
      "mean": 0.6198380828000003,
      "stddev": 0.009178105154305272,
      "median": 0.6168682021,
      "user": 0.00444404,
      "system": 0.0018730519999999996,
      "min": 0.6072324846000001,
      "max": 0.6426551846,
      "times": [
        0.6390565466000001,
        0.6263777886,
        0.6100067836,
        0.6156349346000001,
        0.6136568866000001,
        0.6426551846,
        0.6181014696000001,
        0.6145160856,
        0.6153132796,
        0.6108752926000001,
        0.6144711756000001,
        0.6138136376000001,
        0.6229293596000001,
        0.6152689046,
        0.6288948836000001,
        0.6195620046000001,
        0.6207538806,
        0.6264674096000001,
        0.6211736636,
        0.6072324846000001
      ],
      "exit_codes": [
        0,
        0,
        0,
        0,
        0,
        0,
        0,
        0,
        0,
        0,
        0,
        0,
        0,
        0,
        0,
        0,
        0,
        0,
        0,
        0
      ]
    }
  ]
}
