{
  "results": [
    {
      "command": "./calculate_average_mtopolnik.sh",
      "mean": 3.4722856213299997,
      "stddev": 0.03146964055098333,
      "median": 3.47216614348,
      "user": 0.0029436799999999993,
      "system": 0.0026932899999999997,
      "min": 3.42655981948,
      "max": 3.53837016248,
      "times": [
        3.53837016248,
        3.48897898148,
        3.48705333548,
        3.49598541848,
        3.48842762748,
        3.46881605748,
        3.47407995048,
        3.44844185648,
        3.47658598048,
        3.47025233648,
        3.46550267748,
        3.42655981948,
        3.44647630348,
        3.43108142848,
        3.50945921248,
        3.52730408448,
        3.45448735748,
        3.48242479748,
        3.43830446048,
        3.42712057848
      ],
      "exit_codes": [
        0,
        0,
        0,
        0,
        0,
        0,
        0,
        0,
        0,
        0,
        0,
        0,
        0,
        0,
        0,
        0,
        0,
        0,
        0,
        0
      ]
    }
  ]
}
