{
  "results": [
    {
      "command": "./calculate_average_mtopolnik.sh",
      "mean": 2.119362436,
      "stddev": 0.02452388824812543,
      "median": 2.1134224063,
      "user": 0.0037800799999999995,
      "system": 0.00223463,
      "min": 2.0963754503,
      "max": 2.1978869423000003,
      "times": [
        2.1009110333,
        2.0984453983,
        2.1015063283,
        2.1137129863,
        2.1978869423000003,
        2.1155084813,
        2.1125704633,
        2.1164954883,
        2.0993947033,
        2.1369269653,
        2.1252158743000003,
        2.1161506023,
        2.1396007333,
        2.1374188293,
        2.1015153373,
        2.1003629783,
        2.1131318263,
        2.1544913673,
        2.0963754503,
        2.1096269313000002
      ],
      "exit_codes": [
        0,
        0,
        0,
        0,
        0,
        0,
        0,
        0,
        0,
        0,
        0,
        0,
        0,
        0,
        0,
        0,
        0,
        0,
        0,
        0
      ]
    }
  ]
}
