{
  "results": [
    {
      "command": "./bin/mtopolnik-rs/aot/1brc ./inputs/measurements.txt",
      "mean": 0.5099557612000001,
      "stddev": 0.02146513749845503,
      "median": 0.5041558165000001,
      "user": 16.573517840000004,
      "system": 1.0716117600000001,
      "min": 0.4812790290000001,
      "max": 0.561979129,
      "times": [
        0.5461588310000001,
        0.5160444540000001,
        0.511823663,
        0.561979129,
        0.49552376100000006,
        0.5123472760000001,
        0.5034051620000001,
        0.5133240530000001,
        0.4812790290000001,
        0.536224621,
        0.503149893,
        0.49918806900000007,
        0.48623457900000006,
        0.5054979890000001,
        0.48406810600000005,
        0.5011410580000001,
        0.49261478700000005,
        0.5049064710000001,
        0.5020771940000001,
        0.5421270990000001
      ],
      "exit_codes": [
        0,
        0,
        0,
        0,
        0,
        0,
        0,
        0,
        0,
        0,
        0,
        0,
        0,
        0,
        0,
        0,
        0,
        0,
        0,
        0
      ]
    }
  ]
}
