{
  "results": [
    {
      "command": "./bin/mtopolnik-rs/aot/1brc ./inputs/measurements.txt",
      "mean": 1.28626653819,
      "stddev": 0.03676696932906243,
      "median": 1.27366780784,
      "user": 16.816679739999998,
      "system": 0.67032466,
      "min": 1.26103807384,
      "max": 1.42022393484,
      "times": [
        1.42022393484,
        1.26103807384,
        1.26883658484,
        1.33817657284,
        1.26573389884,
        1.28001754784,
        1.26869813284,
        1.26459716084,
        1.26447547984,
        1.29098001384,
        1.2784990308400002,
        1.29986271484,
        1.26339629484,
        1.28669444284,
        1.26546325484,
        1.2622589878400001,
        1.2663874718400001,
        1.2878398768400001,
        1.2952666558400001,
        1.29688463284
      ],
      "exit_codes": [
        0,
        0,
        0,
        0,
        0,
        0,
        0,
        0,
        0,
        0,
        0,
        0,
        0,
        0,
        0,
        0,
        0,
        0,
        0,
        0
      ]
    }
  ]
}
