{
  "results": [
    {
      "command": "./bin/nietras/aot/1brc ./inputs/measurements.txt",
      "mean": 0.6821208540500001,
      "stddev": 0.018558100603740323,
      "median": 0.6728372776,
      "user": 15.07443296,
      "system": 0.6127650399999999,
      "min": 0.6642851861000001,
      "max": 0.7202334441000001,
      "times": [
        0.7187899851,
        0.7123717071000001,
        0.6783484561,
        0.7202334441000001,
        0.6682837371000001,
        0.6709509911000001,
        0.6661881851000001,
        0.6911689261,
        0.6710270401,
        0.6656222531000001,
        0.6683663931,
        0.7040749421000001,
        0.6720006671000001,
        0.6642851861000001,
        0.6736738881000001,
        0.6913968851000001,
        0.6700765271000001,
        0.6672818941,
        0.6927229371000001,
        0.6755530361000001
      ],
      "exit_codes": [
        0,
        0,
        0,
        0,
        0,
        0,
        0,
        0,
        0,
        0,
        0,
        0,
        0,
        0,
        0,
        0,
        0,
        0,
        0,
        0
      ]
    }
  ]
}
