{
  "results": [
    {
      "command": "./bin/nietras/aot/1brc ./inputs/measurements.txt",
      "mean": 1.9138490774099997,
      "stddev": 0.03129671273440908,
      "median": 1.89973427886,
      "user": 13.164314619999999,
      "system": 0.5317523200000001,
      "min": 1.88145796486,
      "max": 1.99337035386,
      "times": [
        1.95098935986,
        1.88429573986,
        1.89247055186,
        1.90011879286,
        1.99337035386,
        1.89934976486,
        1.88195003286,
        1.9253781728600001,
        1.88612819286,
        1.91370304986,
        1.88890046386,
        1.89243857686,
        1.94444580286,
        1.93778027086,
        1.89271519086,
        1.93967909886,
        1.92655649586,
        1.88145796486,
        1.95572321186,
        1.88953045986
      ],
      "exit_codes": [
        0,
        0,
        0,
        0,
        0,
        0,
        0,
        0,
        0,
        0,
        0,
        0,
        0,
        0,
        0,
        0,
        0,
        0,
        0,
        0
      ]
    }
  ]
}
