{
  "results": [
    {
      "command": "./bin/nietras/aot/1brc ./inputs/measurements.txt",
      "mean": 2.18758233183,
      "stddev": 0.054066502343003794,
      "median": 2.17778670738,
      "user": 15.07944556,
      "system": 0.60767124,
      "min": 2.12607583788,
      "max": 2.37883855188,
      "times": [
        2.37883855188,
        2.23956154688,
        2.13482859388,
        2.12607583788,
        2.19194060888,
        2.16055326888,
        2.22987795988,
        2.20521865288,
        2.13694492988,
        2.17816164588,
        2.14405248688,
        2.17007587788,
        2.17747479688,
        2.17066691688,
        2.17472148788,
        2.17809861788,
        2.1633452278800003,
        2.21485263488,
        2.18548001388,
        2.19087697888
      ],
      "exit_codes": [
        0,
        0,
        0,
        0,
        0,
        0,
        0,
        0,
        0,
        0,
        0,
        0,
        0,
        0,
        0,
        0,
        0,
        0,
        0,
        0
      ]
    }
  ]
}
