{
  "results": [
    {
      "command": "./bin/nietras/aot/1brc ./inputs/measurements.txt",
      "mean": 3.6397297244300004,
      "stddev": 0.0579268441313671,
      "median": 3.63698543898,
      "user": 13.151510439999996,
      "system": 0.53742939,
      "min": 3.56290547398,
      "max": 3.77242377598,
      "times": [
        3.59451940698,
        3.60995520098,
        3.77242377598,
        3.5799389009800002,
        3.59255527698,
        3.65469095198,
        3.74192504998,
        3.60512688998,
        3.56483694398,
        3.62006885498,
        3.67758445098,
        3.65480669698,
        3.65390202298,
        3.5914958179800003,
        3.59433376298,
        3.56290547398,
        3.69728175598,
        3.68770240698,
        3.6644541519800002,
        3.67408669498
      ],
      "exit_codes": [
        0,
        0,
        0,
        0,
        0,
        0,
        0,
        0,
        0,
        0,
        0,
        0,
        0,
        0,
        0,
        0,
        0,
        0,
        0,
        0
      ]
    }
  ]
}
