{
  "results": [
    {
      "command": "./bin/nietras/aot/1brc ./inputs/measurements.txt",
      "mean": 1.17780740596,
      "stddev": 0.033546455092895264,
      "median": 1.1664019110600001,
      "user": 15.083988939999998,
      "system": 0.60429839,
      "min": 1.1452367165600001,
      "max": 1.2867273605600003,
      "times": [
        1.2867273605600003,
        1.16728466656,
        1.17961971956,
        1.1593440835600002,
        1.1726131905600001,
        1.1452367165600001,
        1.1591472895600001,
        1.2151465975600002,
        1.1454315025600001,
        1.16173692756,
        1.15957044056,
        1.18060174956,
        1.1894794375600002,
        1.15526712056,
        1.1546521975600001,
        1.1607093885600002,
        1.22525190356,
        1.1696150085600001,
        1.2031936625600002,
        1.1655191555600002
      ],
      "exit_codes": [
        0,
        0,
        0,
        0,
        0,
        0,
        0,
        0,
        0,
        0,
        0,
        0,
        0,
        0,
        0,
        0,
        0,
        0,
        0,
        0
      ]
    }
  ]
}
