{
  "results": [
    {
      "command": "./bin/nietras/aot/1brc ./inputs/measurements.txt",
      "mean": 1.0545792321499998,
      "stddev": 0.021840713921239874,
      "median": 1.0487900865,
      "user": 13.16575989,
      "system": 0.5594673400000001,
      "min": 1.025563509,
      "max": 1.121262491,
      "times": [
        1.121262491,
        1.0444332189999999,
        1.0487339709999999,
        1.032770779,
        1.0442802389999999,
        1.0302772359999999,
        1.062935916,
        1.044754708,
        1.025563509,
        1.0640535979999999,
        1.039090627,
        1.060944745,
        1.064730169,
        1.091202083,
        1.067264952,
        1.052504457,
        1.048846202,
        1.060808951,
        1.041988721,
        1.04513807
      ],
      "exit_codes": [
        0,
        0,
        0,
        0,
        0,
        0,
        0,
        0,
        0,
        0,
        0,
        0,
        0,
        0,
        0,
        0,
        0,
        0,
        0,
        0
      ]
    }
  ]
}
