{
  "results": [
    {
      "command": "./bin/nietras/aot/1brc ./inputs/measurements.txt",
      "mean": 0.6277813323699999,
      "stddev": 0.022293250724272178,
      "median": 0.62214323302,
      "user": 13.19983671,
      "system": 0.6182992699999997,
      "min": 0.60464974102,
      "max": 0.68186484602,
      "times": [
        0.61361593302,
        0.67591021502,
        0.62315784402,
        0.61522858402,
        0.62275970202,
        0.62391574902,
        0.60464974102,
        0.68186484602,
        0.6110925310199999,
        0.62152676402,
        0.62673973202,
        0.62604333602,
        0.64419852502,
        0.63512598102,
        0.6097500580199999,
        0.6113271420199999,
        0.61232943302,
        0.61050282202,
        0.66539769802,
        0.62049001102
      ],
      "exit_codes": [
        0,
        0,
        0,
        0,
        0,
        0,
        0,
        0,
        0,
        0,
        0,
        0,
        0,
        0,
        0,
        0,
        0,
        0,
        0,
        0
      ]
    }
  ]
}
