{
  "results": [
    {
      "command": "./bin/nietras/aot/1brc ./inputs/measurements.txt",
      "mean": 0.44147392655999995,
      "stddev": 0.012694833787607307,
      "median": 0.43578554656,
      "user": 15.041428169999998,
      "system": 0.76185171,
      "min": 0.42701591156,
      "max": 0.47710580456,
      "times": [
        0.43428944556000004,
        0.47710580456,
        0.46345549756000004,
        0.43868566356000005,
        0.43119455356,
        0.43486732256000005,
        0.43208156656,
        0.43544770956,
        0.43870010356000005,
        0.43355180656000003,
        0.45106462756000004,
        0.44194816656,
        0.43422652056000005,
        0.44853036456,
        0.43210851156,
        0.43351220556000003,
        0.43612338356,
        0.44702474356000005,
        0.42701591156,
        0.45854462256000006
      ],
      "exit_codes": [
        0,
        0,
        0,
        0,
        0,
        0,
        0,
        0,
        0,
        0,
        0,
        0,
        0,
        0,
        0,
        0,
        0,
        0,
        0,
        0
      ]
    }
  ]
}
