{
  "results": [
    {
      "command": "./bin/noahfalk/aot/1brc ./inputs/measurements.txt",
      "mean": 0.32629802841999994,
      "stddev": 0.004349969439146211,
      "median": 0.32485858602,
      "user": 7.804443839999999,
      "system": 1.9811826199999991,
      "min": 0.32095366952000004,
      "max": 0.33687451652,
      "times": [
        0.32968164552,
        0.32293837652,
        0.33507678152000003,
        0.33687451652,
        0.32372810852,
        0.32840378952000004,
        0.32402950652,
        0.32124319852,
        0.32727457552,
        0.32704060352000003,
        0.32418387352,
        0.32565918352,
        0.33254641652,
        0.32456957252,
        0.32245060652,
        0.32514759952,
        0.32095366952000004,
        0.32654359552,
        0.32328096852,
        0.32433398052
      ],
      "exit_codes": [
        0,
        0,
        0,
        0,
        0,
        0,
        0,
        0,
        0,
        0,
        0,
        0,
        0,
        0,
        0,
        0,
        0,
        0,
        0,
        0
      ]
    }
  ]
}
