{
  "results": [
    {
      "command": "./bin/noahfalk/aot/1brc ./inputs/measurements.txt",
      "mean": 0.26823877645,
      "stddev": 0.013218544863158738,
      "median": 0.26983153070000004,
      "user": 7.845703119999999,
      "system": 4.11633902,
      "min": 0.2292551187,
      "max": 0.2886695517,
      "times": [
        0.26885318170000005,
        0.2292551187,
        0.26718559170000006,
        0.2790389857,
        0.2530610877,
        0.2614510077,
        0.27752705470000005,
        0.2631722777,
        0.27210739470000006,
        0.27150540570000004,
        0.27080987970000003,
        0.2886695517,
        0.28403780270000006,
        0.26274673270000004,
        0.2648187677,
        0.27187494870000006,
        0.26184121270000005,
        0.25529330670000006,
        0.27784350370000005,
        0.28368271670000006
      ],
      "exit_codes": [
        0,
        0,
        0,
        0,
        0,
        0,
        0,
        0,
        0,
        0,
        0,
        0,
        0,
        0,
        0,
        0,
        0,
        0,
        0,
        0
      ]
    }
  ]
}
