{
  "results": [
    {
      "command": "./bin/noahfalk/aot/1brc ./inputs/measurements.txt",
      "mean": 0.43739545351000003,
      "stddev": 0.005819280975274903,
      "median": 0.43525858736,
      "user": 5.169462429999999,
      "system": 1.57847561,
      "min": 0.43232384886,
      "max": 0.44988710086,
      "times": [
        0.43299265586,
        0.44988710086,
        0.44893059086000003,
        0.44187746886,
        0.43434887086,
        0.43311278486000004,
        0.44789539386000005,
        0.43563579586,
        0.44358027886,
        0.43232384886,
        0.43745559486,
        0.43264676686000003,
        0.43555910986,
        0.43515022986,
        0.43446236886,
        0.43269457186000004,
        0.43536694486,
        0.43278552986,
        0.43846787386,
        0.43273528986000004
      ],
      "exit_codes": [
        0,
        0,
        0,
        0,
        0,
        0,
        0,
        0,
        0,
        0,
        0,
        0,
        0,
        0,
        0,
        0,
        0,
        0,
        0,
        0
      ]
    }
  ]
}
