{
  "results": [
    {
      "command": "./bin/noahfalk/aot/1brc ./inputs/measurements.txt",
      "mean": 0.6235741542399998,
      "stddev": 0.0034574910838186023,
      "median": 0.6232096258400001,
      "user": 7.801426510000001,
      "system": 1.8623449899999998,
      "min": 0.61888003934,
      "max": 0.63199659634,
      "times": [
        0.63199659634,
        0.62893604634,
        0.62216308734,
        0.61958150034,
        0.6233799253400001,
        0.6219079593400001,
        0.62495413334,
        0.62486109134,
        0.61888003934,
        0.6258074193400001,
        0.62380391834,
        0.62086310434,
        0.62008081934,
        0.6197839483400001,
        0.6211714743400001,
        0.62924991634,
        0.62212582734,
        0.62479691534,
        0.62410003634,
        0.62303932634
      ],
      "exit_codes": [
        0,
        0,
        0,
        0,
        0,
        0,
        0,
        0,
        0,
        0,
        0,
        0,
        0,
        0,
        0,
        0,
        0,
        0,
        0,
        0
      ]
    }
  ]
}
