{
  "results": [
    {
      "command": "./bin/noahfalk/aot/1brc ./inputs/measurements.txt",
      "mean": 1.2187381316199999,
      "stddev": 0.008156579471362788,
      "median": 1.21785704792,
      "user": 7.806022469999998,
      "system": 1.78816511,
      "min": 1.20607714242,
      "max": 1.23629434842,
      "times": [
        1.23629434842,
        1.21702986042,
        1.21551547342,
        1.21089894442,
        1.22671787942,
        1.21882289442,
        1.21005852542,
        1.22925539642,
        1.21396039442,
        1.21763190242,
        1.21765203642,
        1.20607714242,
        1.20692207942,
        1.22826778942,
        1.21882289542,
        1.22996117642,
        1.21007647842,
        1.22103738142,
        1.22169797442,
        1.21806205942
      ],
      "exit_codes": [
        0,
        0,
        0,
        0,
        0,
        0,
        0,
        0,
        0,
        0,
        0,
        0,
        0,
        0,
        0,
        0,
        0,
        0,
        0,
        0
      ]
    }
  ]
}
