{
  "results": [
    {
      "command": "./bin/noahfalk/aot/1brc ./inputs/measurements.txt",
      "mean": 0.85147031833,
      "stddev": 0.01092075101553343,
      "median": 0.84710026878,
      "user": 5.17757313,
      "system": 1.4938981099999997,
      "min": 0.84351619528,
      "max": 0.89156710128,
      "times": [
        0.89156710128,
        0.8566782402800001,
        0.84545886628,
        0.85905142928,
        0.86005728828,
        0.84563507228,
        0.84561995128,
        0.85153947828,
        0.8469286352800001,
        0.84568630228,
        0.84385404828,
        0.84652156728,
        0.84440167328,
        0.8514691372800001,
        0.84547046328,
        0.86036946428,
        0.84351619528,
        0.84727190228,
        0.84812187028,
        0.85018768028
      ],
      "exit_codes": [
        0,
        0,
        0,
        0,
        0,
        0,
        0,
        0,
        0,
        0,
        0,
        0,
        0,
        0,
        0,
        0,
        0,
        0,
        0,
        0
      ]
    }
  ]
}
