{
  "results": [
    {
      "command": "./bin/noahfalk/aot/1brc ./inputs/measurements.txt",
      "mean": 0.25950738026,
      "stddev": 0.003817229967549362,
      "median": 0.25838763505999995,
      "user": 5.21833075,
      "system": 2.3127494000000004,
      "min": 0.25569597806,
      "max": 0.26794916205999997,
      "times": [
        0.25936792506,
        0.26047267706,
        0.26652122506,
        0.26794916205999997,
        0.26586273506,
        0.26406662106,
        0.25619128506,
        0.25569597806,
        0.25592963906,
        0.25817788805999997,
        0.25641524406,
        0.25580997206,
        0.25594070306,
        0.25859738206,
        0.25674481606,
        0.25743322306,
        0.26085450606,
        0.26079448606,
        0.25813321706,
        0.25918892006
      ],
      "exit_codes": [
        0,
        0,
        0,
        0,
        0,
        0,
        0,
        0,
        0,
        0,
        0,
        0,
        0,
        0,
        0,
        0,
        0,
        0,
        0,
        0
      ]
    }
  ]
}
