{
  "results": [
    {
      "command": "./bin/noahfalk/aot/1brc ./inputs/measurements.txt",
      "mean": 1.68861588649,
      "stddev": 0.011640639576919557,
      "median": 1.68389082854,
      "user": 5.18161574,
      "system": 1.47202609,
      "min": 1.67487181154,
      "max": 1.7127302175399999,
      "times": [
        1.67747067154,
        1.6840277165400002,
        1.7127302175399999,
        1.67487181154,
        1.69284414254,
        1.7004906855400002,
        1.6793535565400002,
        1.6934937515400001,
        1.71024220154,
        1.68051775954,
        1.69330416754,
        1.67848720654,
        1.68341430454,
        1.68011432354,
        1.70797239854,
        1.68375394054,
        1.68683408254,
        1.6765196955400001,
        1.68143608854,
        1.6944390075400002
      ],
      "exit_codes": [
        0,
        0,
        0,
        0,
        0,
        0,
        0,
        0,
        0,
        0,
        0,
        0,
        0,
        0,
        0,
        0,
        0,
        0,
        0,
        0
      ]
    }
  ]
}
