{
  "results": [
    {
      "command": "./calculate_average_royvanrijn.sh",
      "mean": 1.7244917536299997,
      "stddev": 0.013282261603233628,
      "median": 1.72295921038,
      "user": 0.002676369999999999,
      "system": 0.001402122,
      "min": 1.70597561088,
      "max": 1.75192978188,
      "times": [
        1.73627303688,
        1.73853824288,
        1.72460682288,
        1.7255580548799998,
        1.7260088298799998,
        1.7127665888799999,
        1.72259414488,
        1.71231016388,
        1.71318826888,
        1.7233242758799998,
        1.75192978188,
        1.7091332208799999,
        1.72000939388,
        1.71097078588,
        1.7184301658799999,
        1.7388127228799999,
        1.73994805288,
        1.70597561088,
        1.7459107218799998,
        1.71354618588
      ],
      "exit_codes": [
        0,
        0,
        0,
        0,
        0,
        0,
        0,
        0,
        0,
        0,
        0,
        0,
        0,
        0,
        0,
        0,
        0,
        0,
        0,
        0
      ]
    }
  ]
}
