{
  "results": [
    {
      "command": "./calculate_average_royvanrijn.sh",
      "mean": 3.4053831014800005,
      "stddev": 0.009558526221208705,
      "median": 3.40467744748,
      "user": 0.0027479699999999998,
      "system": 0.0013527259999999998,
      "min": 3.3928541624800004,
      "max": 3.4295035184800002,
      "times": [
        3.4295035184800002,
        3.40085062148,
        3.3968880834800004,
        3.4170512214800004,
        3.3986722204800004,
        3.3944339824800003,
        3.4143684334800004,
        3.40537169748,
        3.39963395648,
        3.4100426224800002,
        3.40414094748,
        3.3928541624800004,
        3.42011511348,
        3.39804215448,
        3.40521394748,
        3.4071073704800003,
        3.41174175748,
        3.39573705048,
        3.4077985344800004,
        3.3980946334800004
      ],
      "exit_codes": [
        0,
        0,
        0,
        0,
        0,
        0,
        0,
        0,
        0,
        0,
        0,
        0,
        0,
        0,
        0,
        0,
        0,
        0,
        0,
        0
      ]
    }
  ]
}
