{
  "results": [
    {
      "command": "./calculate_average_royvanrijn.sh",
      "mean": 0.4924614747900001,
      "stddev": 0.0160923524568677,
      "median": 0.49536909324,
      "user": 0.0032793100000000006,
      "system": 0.001010628,
      "min": 0.46764328424,
      "max": 0.50813839924,
      "times": [
        0.50603557024,
        0.50704482524,
        0.49496329124000005,
        0.5066468242400001,
        0.47130988124000006,
        0.48253130724000004,
        0.50652782224,
        0.49507166524,
        0.50625918824,
        0.49536609324,
        0.47632883624000005,
        0.46764328424,
        0.50813839924,
        0.5077004632400001,
        0.50787548924,
        0.49537209324000003,
        0.5059463522400001,
        0.46921038324000003,
        0.47034980624000006,
        0.46890792024000005
      ],
      "exit_codes": [
        0,
        0,
        0,
        0,
        0,
        0,
        0,
        0,
        0,
        0,
        0,
        0,
        0,
        0,
        0,
        0,
        0,
        0,
        0,
        0
      ]
    }
  ]
}
