{
  "results": [
    {
      "command": "./calculate_average_royvanrijn.sh",
      "mean": 0.58942728824,
      "stddev": 0.01533945971847587,
      "median": 0.58310882134,
      "user": 0.0021991799999999994,
      "system": 0.0018485250000000002,
      "min": 0.56923291084,
      "max": 0.62636371684,
      "times": [
        0.5901507708400001,
        0.62636371684,
        0.60486864784,
        0.58237505284,
        0.5815721338400001,
        0.5836606888400001,
        0.61264959884,
        0.56923291084,
        0.58833712384,
        0.61145089584,
        0.5810648408400001,
        0.5802978148400001,
        0.5790282938400001,
        0.58102932784,
        0.58327161484,
        0.5797462708400001,
        0.57187462684,
        0.5874739398400001,
        0.58294602784,
        0.6111514668400001
      ],
      "exit_codes": [
        0,
        0,
        0,
        0,
        0,
        0,
        0,
        0,
        0,
        0,
        0,
        0,
        0,
        0,
        0,
        0,
        0,
        0,
        0,
        0
      ]
    }
  ]
}
