{
  "results": [
    {
      "command": "./calculate_average_royvanrijn.sh",
      "mean": 0.5080192201299999,
      "stddev": 0.029153494885839244,
      "median": 0.5047109192800001,
      "user": 0.0026536,
      "system": 0.0015294220000000001,
      "min": 0.46396702178000004,
      "max": 0.61605858378,
      "times": [
        0.50207461478,
        0.61605858378,
        0.48522585278,
        0.49707914878000004,
        0.50440559778,
        0.46396702178000004,
        0.50972575978,
        0.5059041347800001,
        0.50553582178,
        0.48420133178,
        0.51470062778,
        0.50530594078,
        0.50109175178,
        0.50885039178,
        0.51108112978,
        0.5041110547800001,
        0.50207606978,
        0.53862612578,
        0.49534720178,
        0.5050162407800001
      ],
      "exit_codes": [
        0,
        0,
        0,
        0,
        0,
        0,
        0,
        0,
        0,
        0,
        0,
        0,
        0,
        0,
        0,
        0,
        0,
        0,
        0,
        0
      ]
    }
  ]
}
