{
  "results": [
    {
      "command": "./calculate_average_royvanrijn.sh",
      "mean": 1.0794697670799995,
      "stddev": 0.016744908411495528,
      "median": 1.0772105818799997,
      "user": 0.0027003,
      "system": 0.001418125,
      "min": 1.03664140838,
      "max": 1.10753739438,
      "times": [
        1.1055721053799998,
        1.0745760923799998,
        1.08501883438,
        1.0694661453799998,
        1.07427339138,
        1.0749033263799999,
        1.09574542138,
        1.03664140838,
        1.0979536263799998,
        1.0686008783799998,
        1.0846935923799998,
        1.08221407538,
        1.07356299038,
        1.0560759873799999,
        1.0680360033799998,
        1.08723548138,
        1.10753739438,
        1.0727119293799998,
        1.0795178373799998,
        1.09505882038
      ],
      "exit_codes": [
        0,
        0,
        0,
        0,
        0,
        0,
        0,
        0,
        0,
        0,
        0,
        0,
        0,
        0,
        0,
        0,
        0,
        0,
        0,
        0
      ]
    }
  ]
}
