{
  "results": [
    {
      "command": "./calculate_average_royvanrijn.sh",
      "mean": 0.8874722965499998,
      "stddev": 0.015333928595731737,
      "median": 0.8823736543,
      "user": 0.00239912,
      "system": 0.0016820799999999996,
      "min": 0.8681867123,
      "max": 0.9274481053,
      "times": [
        0.9274481053,
        0.8767384813,
        0.8828640683000001,
        0.9036962123000001,
        0.8982969803,
        0.8956085953,
        0.8854407083,
        0.8709490663,
        0.8681867123,
        0.9119062123,
        0.8814854373000001,
        0.9021026633,
        0.8930415443,
        0.8724814283000001,
        0.8912937343,
        0.8778635353,
        0.8766438193,
        0.8772967313000001,
        0.8742186553,
        0.8818832403
      ],
      "exit_codes": [
        0,
        0,
        0,
        0,
        0,
        0,
        0,
        0,
        0,
        0,
        0,
        0,
        0,
        0,
        0,
        0,
        0,
        0,
        0,
        0
      ]
    }
  ]
}
