{
  "results": [
    {
      "command": "./calculate_average_royvanrijn.sh",
      "mean": 2.0271344177299997,
      "stddev": 0.008903886695166976,
      "median": 2.0269548006800004,
      "user": 0.0025591800000000003,
      "system": 0.001533836,
      "min": 2.00797897618,
      "max": 2.0444290131800003,
      "times": [
        2.03035672918,
        2.03062791818,
        2.0212259771800003,
        2.02600093618,
        2.0319811541800004,
        2.0215069161800003,
        2.02672651118,
        2.02142476718,
        2.01035422218,
        2.00797897618,
        2.02803241918,
        2.02581383418,
        2.02896780518,
        2.0264140361800003,
        2.0380836591800002,
        2.0301265281800003,
        2.0271830901800003,
        2.02237890118,
        2.0444290131800003,
        2.0430749601800002
      ],
      "exit_codes": [
        0,
        0,
        0,
        0,
        0,
        0,
        0,
        0,
        0,
        0,
        0,
        0,
        0,
        0,
        0,
        0,
        0,
        0,
        0,
        0
      ]
    }
  ]
}
