{
  "results": [
    {
      "command": "./calculate_average_stephenvonworley.sh",
      "mean": 1.39112167021,
      "stddev": 0.005000589820365794,
      "median": 1.3895942456600001,
      "user": 0.002638550000000001,
      "system": 0.001731292,
      "min": 1.38531264466,
      "max": 1.40138441366,
      "times": [
        1.40073907566,
        1.39956791566,
        1.38738899966,
        1.39209359066,
        1.38715817066,
        1.38652703666,
        1.38754937966,
        1.38989368866,
        1.40138441366,
        1.3899926846600001,
        1.38744447566,
        1.39341611066,
        1.38733374366,
        1.38531264466,
        1.39299876766,
        1.39727099466,
        1.38754163266,
        1.39207004466,
        1.38929480266,
        1.38745523166
      ],
      "exit_codes": [
        0,
        0,
        0,
        0,
        0,
        0,
        0,
        0,
        0,
        0,
        0,
        0,
        0,
        0,
        0,
        0,
        0,
        0,
        0,
        0
      ]
    }
  ]
}
