{
  "results": [
    {
      "command": "./calculate_average_stephenvonworley.sh",
      "mean": 0.4952526075,
      "stddev": 0.0016112791551620301,
      "median": 0.4949503948,
      "user": 0.0027471199999999996,
      "system": 0.0015852120000000001,
      "min": 0.4933106408,
      "max": 0.5012138298,
      "times": [
        0.4951729468,
        0.5012138298,
        0.4952067238,
        0.4950686988,
        0.4954400328,
        0.4946366358,
        0.4933106408,
        0.49555722680000003,
        0.4951689958,
        0.4948320908,
        0.49464728280000003,
        0.49453781480000003,
        0.4952714918,
        0.4939076828,
        0.4947654518,
        0.4951824878,
        0.4974481358,
        0.4948137348,
        0.4945024408,
        0.49436780480000003
      ],
      "exit_codes": [
        0,
        0,
        0,
        0,
        0,
        0,
        0,
        0,
        0,
        0,
        0,
        0,
        0,
        0,
        0,
        0,
        0,
        0,
        0,
        0
      ]
    }
  ]
}
