{
  "results": [
    {
      "command": "./calculate_average_stephenvonworley.sh",
      "mean": 1.89704222325,
      "stddev": 0.00553832075324767,
      "median": 1.8952471919000002,
      "user": 0.0022728700000000006,
      "system": 0.0021054000000000003,
      "min": 1.8917420639,
      "max": 1.9094439379,
      "times": [
        1.9094439379,
        1.8943438809,
        1.8954218719000002,
        1.8929796119000002,
        1.8923635399,
        1.8976467569000002,
        1.9078891029,
        1.8950725119,
        1.8921110289,
        1.8917420639,
        1.8971296009,
        1.9046061359000002,
        1.8918352419000002,
        1.9022980179,
        1.8924624269,
        1.8959457749000002,
        1.9039086529,
        1.8934511409,
        1.8966175379,
        1.8935756279
      ],
      "exit_codes": [
        0,
        0,
        0,
        0,
        0,
        0,
        0,
        0,
        0,
        0,
        0,
        0,
        0,
        0,
        0,
        0,
        0,
        0,
        0,
        0
      ]
    }
  ]
}
