{
  "results": [
    {
      "command": "./calculate_average_stephenvonworley.sh",
      "mean": 2.7662252122699997,
      "stddev": 0.01219106164735231,
      "median": 2.76313798442,
      "user": 0.00222759,
      "system": 0.00208577,
      "min": 2.75186164942,
      "max": 2.7922345644199997,
      "times": [
        2.7526223434199997,
        2.76816572742,
        2.75950579442,
        2.7797641024199997,
        2.76255324042,
        2.75186164942,
        2.76072104042,
        2.77321534942,
        2.76372272842,
        2.75382552942,
        2.7922345644199997,
        2.7603372024199997,
        2.75724300442,
        2.77516402742,
        2.77771334942,
        2.7726352254199997,
        2.7530860814199998,
        2.7903045224199996,
        2.75396930242,
        2.7658594604199997
      ],
      "exit_codes": [
        0,
        0,
        0,
        0,
        0,
        0,
        0,
        0,
        0,
        0,
        0,
        0,
        0,
        0,
        0,
        0,
        0,
        0,
        0,
        0
      ]
    }
  ]
}
