{
  "results": [
    {
      "command": "./calculate_average_stephenvonworley.sh",
      "mean": 0.9600726968900002,
      "stddev": 0.004621200884784921,
      "median": 0.9583956153400001,
      "user": 0.00194365,
      "system": 0.002427205,
      "min": 0.95608435784,
      "max": 0.9751007768400001,
      "times": [
        0.9751007768400001,
        0.9612629128400001,
        0.95887277684,
        0.96626696684,
        0.95734340084,
        0.9574380548400001,
        0.9617341518400001,
        0.9598341328400001,
        0.95833038284,
        0.95716824984,
        0.9571182718400001,
        0.9609890498400001,
        0.9584608478400001,
        0.9663137728400001,
        0.9568826568400001,
        0.95784544784,
        0.9565977558400001,
        0.9614587158400001,
        0.95608435784,
        0.95635125484
      ],
      "exit_codes": [
        0,
        0,
        0,
        0,
        0,
        0,
        0,
        0,
        0,
        0,
        0,
        0,
        0,
        0,
        0,
        0,
        0,
        0,
        0,
        0
      ]
    }
  ]
}
