{
  "results": [
    {
      "command": "./calculate_average_stephenvonworley.sh",
      "mean": 0.27097318942000004,
      "stddev": 0.0010554520217274561,
      "median": 0.27079238282000007,
      "user": 0.0021570699999999996,
      "system": 0.002473465,
      "min": 0.26992750782,
      "max": 0.27355779482000003,
      "times": [
        0.27122029782000007,
        0.27033491982,
        0.27344869682000006,
        0.27267963582000004,
        0.27355779482000003,
        0.27080144882000007,
        0.27017268882000006,
        0.27033806382000003,
        0.27006525882000004,
        0.27088043582000004,
        0.27085814082000004,
        0.27078331682000006,
        0.26992750782,
        0.27009056382,
        0.27010853782000005,
        0.27083746482000004,
        0.27088156382000006,
        0.27047560682000005,
        0.27125083782000003,
        0.27075100682000003
      ],
      "exit_codes": [
        0,
        0,
        0,
        0,
        0,
        0,
        0,
        0,
        0,
        0,
        0,
        0,
        0,
        0,
        0,
        0,
        0,
        0,
        0,
        0
      ]
    }
  ]
}
