{
  "results": [
    {
      "command": "./calculate_average_stephenvonworley.sh",
      "mean": 0.37362245190999993,
      "stddev": 0.002870346096836999,
      "median": 0.37242132246000004,
      "user": 0.0021680499999999995,
      "system": 0.0024023910000000002,
      "min": 0.37138200996000004,
      "max": 0.38271882796,
      "times": [
        0.37205928296,
        0.37740766596,
        0.38271882796,
        0.37241948596,
        0.37173510796000003,
        0.37348063596000003,
        0.37138200996000004,
        0.37361497096,
        0.37185452496000004,
        0.37177786996,
        0.37209106796,
        0.37151379396,
        0.37484956696000005,
        0.37165310096000004,
        0.37312734696,
        0.37316482496000003,
        0.37242315896,
        0.37147101296,
        0.37751728596,
        0.37618749596
      ],
      "exit_codes": [
        0,
        0,
        0,
        0,
        0,
        0,
        0,
        0,
        0,
        0,
        0,
        0,
        0,
        0,
        0,
        0,
        0,
        0,
        0,
        0
      ]
    }
  ]
}
