{
  "results": [
    {
      "command": "./calculate_average_stephenvonworley.sh",
      "mean": 0.70808085438,
      "stddev": 0.004366571638024164,
      "median": 0.70723141278,
      "user": 0.0022157199999999996,
      "system": 0.002140396,
      "min": 0.70341284078,
      "max": 0.7227887227800001,
      "times": [
        0.7227887227800001,
        0.71072382878,
        0.70466848178,
        0.70747285178,
        0.71050965278,
        0.70526627078,
        0.70719803878,
        0.70444497878,
        0.70641998878,
        0.70779714578,
        0.70687712678,
        0.70531122478,
        0.70726478678,
        0.7042181897800001,
        0.70791726378,
        0.71154090978,
        0.70453173678,
        0.71145673078,
        0.71179631678,
        0.70341284078
      ],
      "exit_codes": [
        0,
        0,
        0,
        0,
        0,
        0,
        0,
        0,
        0,
        0,
        0,
        0,
        0,
        0,
        0,
        0,
        0,
        0,
        0,
        0
      ]
    }
  ]
}
