{
  "results": [
    {
      "command": "./calculate_average_thomaswue.sh",
      "mean": 0.4125309307099999,
      "stddev": 0.0015740417607059737,
      "median": 0.41196746425999997,
      "user": 0.00224106,
      "system": 0.0018257059999999999,
      "min": 0.41132447376000003,
      "max": 0.41784259476,
      "times": [
        0.41209239076000004,
        0.41479624676,
        0.41784259476,
        0.41189691576000004,
        0.41166556776,
        0.41197510076,
        0.41163916876,
        0.41290522376,
        0.41197602476,
        0.41200735976,
        0.41195982776,
        0.41485153676000003,
        0.41173539476000004,
        0.41190695376,
        0.41201862076,
        0.41190971276,
        0.41148765876,
        0.41179453376,
        0.41132447376000003,
        0.41283330776
      ],
      "exit_codes": [
        0,
        0,
        0,
        0,
        0,
        0,
        0,
        0,
        0,
        0,
        0,
        0,
        0,
        0,
        0,
        0,
        0,
        0,
        0,
        0
      ]
    }
  ]
}
