{
  "results": [
    {
      "command": "./calculate_average_thomaswue.sh",
      "mean": 2.0555909641900003,
      "stddev": 0.009302224270354695,
      "median": 2.05426453414,
      "user": 0.0030510900000000002,
      "system": 0.001052822,
      "min": 2.04352717314,
      "max": 2.07370602014,
      "times": [
        2.0705779741400003,
        2.04352717314,
        2.05627282314,
        2.04633723814,
        2.05433473814,
        2.07045275214,
        2.04560027514,
        2.0559755331400003,
        2.04634203114,
        2.05286741814,
        2.07370602014,
        2.0525517791400003,
        2.05798335814,
        2.0462582671400003,
        2.05688797114,
        2.07050241514,
        2.05419433014,
        2.05148691014,
        2.04643009114,
        2.0595301851400003
      ],
      "exit_codes": [
        0,
        0,
        0,
        0,
        0,
        0,
        0,
        0,
        0,
        0,
        0,
        0,
        0,
        0,
        0,
        0,
        0,
        0,
        0,
        0
      ]
    }
  ]
}
