{
  "results": [
    {
      "command": "./calculate_average_thomaswue.sh",
      "mean": 0.22234818656000002,
      "stddev": 0.002162490388844718,
      "median": 0.22147409716,
      "user": 0.0023829999999999993,
      "system": 0.001942334,
      "min": 0.22081434366000002,
      "max": 0.22848914566,
      "times": [
        0.22745641966000002,
        0.22383331966,
        0.22144221266,
        0.22101777366,
        0.22848914566,
        0.22353188366,
        0.22098629566,
        0.22150598166000002,
        0.22081434366000002,
        0.22123438966,
        0.22158309866,
        0.22159210866,
        0.22195074166,
        0.22122989466,
        0.22414642466,
        0.22186757366,
        0.22095658066,
        0.22137362166000002,
        0.22103972566000002,
        0.22091219566
      ],
      "exit_codes": [
        0,
        0,
        0,
        0,
        0,
        0,
        0,
        0,
        0,
        0,
        0,
        0,
        0,
        0,
        0,
        0,
        0,
        0,
        0,
        0
      ]
    }
  ]
}
