{
  "results": [
    {
      "command": "./calculate_average_thomaswue.sh",
      "mean": 0.27498033094999996,
      "stddev": 0.00686931428419341,
      "median": 0.2730606592,
      "user": 0.0026517599999999995,
      "system": 0.001645354,
      "min": 0.2718522462,
      "max": 0.30321052319999997,
      "times": [
        0.2721869162,
        0.2724934662,
        0.27421248519999997,
        0.2794787752,
        0.27465911919999997,
        0.30321052319999997,
        0.2724069722,
        0.2745039452,
        0.2718522462,
        0.2725143542,
        0.2737189692,
        0.2746522182,
        0.2720725102,
        0.2723083542,
        0.2735769702,
        0.2730564912,
        0.2723202052,
        0.2752051642,
        0.2721121062,
        0.27306482719999997
      ],
      "exit_codes": [
        0,
        0,
        0,
        0,
        0,
        0,
        0,
        0,
        0,
        0,
        0,
        0,
        0,
        0,
        0,
        0,
        0,
        0,
        0,
        0
      ]
    }
  ]
}
