{
  "results": [
    {
      "command": "./calculate_average_thomaswue.sh",
      "mean": 1.61297913858,
      "stddev": 0.004549017451226459,
      "median": 1.6124945490800002,
      "user": 0.0022924499999999997,
      "system": 0.0017633819999999998,
      "min": 1.60761466758,
      "max": 1.62337909858,
      "times": [
        1.6118936165800002,
        1.6099274015800003,
        1.6097810355800002,
        1.6077406015800002,
        1.6138615825800002,
        1.6203715065800002,
        1.61341987158,
        1.6143828025800002,
        1.61098464158,
        1.6091186995800002,
        1.6144714685800001,
        1.61885323858,
        1.60761466758,
        1.61360094058,
        1.6102366885800001,
        1.6087408075800003,
        1.6130954815800003,
        1.62337909858,
        1.6082802625800001,
        1.61982835758
      ],
      "exit_codes": [
        0,
        0,
        0,
        0,
        0,
        0,
        0,
        0,
        0,
        0,
        0,
        0,
        0,
        0,
        0,
        0,
        0,
        0,
        0,
        0
      ]
    }
  ]
}
