{
  "results": [
    {
      "command": "./calculate_average_thomaswue.sh",
      "mean": 1.03301540776,
      "stddev": 0.008231450988588735,
      "median": 1.03020163036,
      "user": 0.0024590099999999998,
      "system": 0.0016314259999999996,
      "min": 1.0262019278599999,
      "max": 1.0589609918599998,
      "times": [
        1.0589609918599998,
        1.0266868678599999,
        1.03634490686,
        1.0298609508599998,
        1.03892565886,
        1.02719927086,
        1.03553937786,
        1.04732158486,
        1.03230697086,
        1.03054230986,
        1.0262019278599999,
        1.0270918618599998,
        1.03168040586,
        1.0287712058599998,
        1.0402147548599998,
        1.0275728118599998,
        1.02656443586,
        1.0313423788599998,
        1.0281664708599998,
        1.02901301086
      ],
      "exit_codes": [
        0,
        0,
        0,
        0,
        0,
        0,
        0,
        0,
        0,
        0,
        0,
        0,
        0,
        0,
        0,
        0,
        0,
        0,
        0,
        0
      ]
    }
  ]
}
