{
  "results": [
    {
      "command": "./calculate_average_thomaswue.sh",
      "mean": 0.52104505657,
      "stddev": 0.004232263612131535,
      "median": 0.51909134672,
      "user": 0.00266406,
      "system": 0.0014293999999999997,
      "min": 0.51809593322,
      "max": 0.5368023082200001,
      "times": [
        0.5234565322200001,
        0.5368023082200001,
        0.51868062122,
        0.51809593322,
        0.5184847192200001,
        0.5188044162200001,
        0.52265526922,
        0.52076718822,
        0.51949024022,
        0.51929164622,
        0.52392040122,
        0.5239124622200001,
        0.51870210622,
        0.5187806572200001,
        0.51869810522,
        0.5230975022200001,
        0.51866463222,
        0.5209063042200001,
        0.51879903922,
        0.51889104722
      ],
      "exit_codes": [
        0,
        0,
        0,
        0,
        0,
        0,
        0,
        0,
        0,
        0,
        0,
        0,
        0,
        0,
        0,
        0,
        0,
        0,
        0,
        0
      ]
    }
  ]
}
