{
  "results": [
    {
      "command": "./calculate_average_thomaswue.sh",
      "mean": 0.8121672181499999,
      "stddev": 0.0041951309175105676,
      "median": 0.8107314699000001,
      "user": 0.0023226399999999995,
      "system": 0.0017680679999999998,
      "min": 0.8098013019,
      "max": 0.8284861759000001,
      "times": [
        0.8284861759000001,
        0.8124941449,
        0.8110100949,
        0.8158783499,
        0.8101425979,
        0.8102964449,
        0.8103003419,
        0.8124856229,
        0.8101912769,
        0.8103397909,
        0.8098013019,
        0.8099780109,
        0.8107416469000001,
        0.8119818889,
        0.8109348579,
        0.8119662199000001,
        0.8153151639,
        0.8104465259,
        0.8107212929000001,
        0.8098326129
      ],
      "exit_codes": [
        0,
        0,
        0,
        0,
        0,
        0,
        0,
        0,
        0,
        0,
        0,
        0,
        0,
        0,
        0,
        0,
        0,
        0,
        0,
        0
      ]
    }
  ]
}
