{
  "results": [
    {
      "command": "./bin/xoofx/aot/1brc ./inputs/measurements.txt",
      "mean": 0.5471296061400002,
      "stddev": 0.01890428831617943,
      "median": 0.5378993381400001,
      "user": 14.757943169999999,
      "system": 1.8307393399999998,
      "min": 0.5339635056400001,
      "max": 0.61167595764,
      "times": [
        0.57042141564,
        0.61167595764,
        0.5364343266400001,
        0.5609383976400001,
        0.53859382164,
        0.53749833564,
        0.5381841416400001,
        0.5360564686400001,
        0.5366705836400001,
        0.5651045826400001,
        0.5339635056400001,
        0.5577408736400001,
        0.5363821916400001,
        0.5377309416400001,
        0.5544839616400001,
        0.5380493796400001,
        0.5350756736400001,
        0.53774929664,
        0.5423601976400001,
        0.5374780696400001
      ],
      "exit_codes": [
        0,
        0,
        0,
        0,
        0,
        0,
        0,
        0,
        0,
        0,
        0,
        0,
        0,
        0,
        0,
        0,
        0,
        0,
        0,
        0
      ]
    }
  ]
}
