{
  "results": [
    {
      "command": "./bin/xoofx/aot/1brc ./inputs/measurements.txt",
      "mean": 3.12026044189,
      "stddev": 0.05910326857779436,
      "median": 3.13791619054,
      "user": 22.42455086,
      "system": 1.5703685099999996,
      "min": 2.99062024854,
      "max": 3.20284034754,
      "times": [
        3.1561187665399997,
        3.1442882275399997,
        3.01206993454,
        3.18127923054,
        3.1421771815399997,
        2.99062024854,
        3.18002519054,
        3.13793564654,
        3.13753044954,
        3.1521986575399996,
        3.00035171454,
        3.07773075354,
        3.1394015135399997,
        3.1111246115399998,
        3.1250194465399996,
        3.16432879554,
        3.20284034754,
        3.12128079954,
        3.09099058754,
        3.13789673454
      ],
      "exit_codes": [
        0,
        0,
        0,
        0,
        0,
        0,
        0,
        0,
        0,
        0,
        0,
        0,
        0,
        0,
        0,
        0,
        0,
        0,
        0,
        0
      ]
    }
  ]
}
