{
  "results": [
    {
      "command": "./bin/xoofx/aot/1brc ./inputs/measurements.txt",
      "mean": 2.0773674572900003,
      "stddev": 0.02598542823082917,
      "median": 2.0705970117400003,
      "user": 14.666960829999999,
      "system": 1.53676256,
      "min": 2.03514923524,
      "max": 2.13551161924,
      "times": [
        2.05854989824,
        2.05795437924,
        2.08665526624,
        2.0955142332400003,
        2.07286626324,
        2.06865922324,
        2.06029404624,
        2.13551161924,
        2.04608377624,
        2.08121470124,
        2.03514923524,
        2.06865037924,
        2.12626075024,
        2.05479950524,
        2.09542633724,
        2.07253480024,
        2.06821514324,
        2.11800796824,
        2.06857865324,
        2.07642296724
      ],
      "exit_codes": [
        0,
        0,
        0,
        0,
        0,
        0,
        0,
        0,
        0,
        0,
        0,
        0,
        0,
        0,
        0,
        0,
        0,
        0,
        0,
        0
      ]
    }
  ]
}
