{
  "results": [
    {
      "command": "./bin/xoofx/aot/1brc ./inputs/measurements.txt",
      "mean": 0.7900210264099999,
      "stddev": 0.014078033032394546,
      "median": 0.79182626566,
      "user": 22.12666827,
      "system": 1.5677040400000002,
      "min": 0.7560215626600001,
      "max": 0.8117150996600001,
      "times": [
        0.8117150996600001,
        0.7970720866600001,
        0.7878955656600001,
        0.7560215626600001,
        0.7888466486600001,
        0.78852148866,
        0.79102687266,
        0.8036518406600001,
        0.78047932566,
        0.7574717336600001,
        0.8055526096600001,
        0.8011776126600001,
        0.7953632716600001,
        0.7953126356600001,
        0.79937481966,
        0.79262565866,
        0.7955677196600001,
        0.77688593066,
        0.7906941176600001,
        0.7851639276600001
      ],
      "exit_codes": [
        0,
        0,
        0,
        0,
        0,
        0,
        0,
        0,
        0,
        0,
        0,
        0,
        0,
        0,
        0,
        0,
        0,
        0,
        0,
        0
      ]
    }
  ]
}
