{
  "results": [
    {
      "command": "./bin/xoofx/aot/1brc ./inputs/measurements.txt",
      "mean": 1.5620240300199997,
      "stddev": 0.02940371335274357,
      "median": 1.5669467460200002,
      "user": 22.308281679999997,
      "system": 1.5572023999999995,
      "min": 1.51011559302,
      "max": 1.6077982290200001,
      "times": [
        1.5752725420200002,
        1.5909723690200002,
        1.5528919380200001,
        1.56617619402,
        1.56771729802,
        1.5874090310200002,
        1.51631782502,
        1.6005029480200001,
        1.53807594602,
        1.5472766150200001,
        1.6077982290200001,
        1.56362305902,
        1.5843402130200002,
        1.58394891702,
        1.5257805300200002,
        1.54019283002,
        1.56989442502,
        1.5920152210200003,
        1.52015887702,
        1.51011559302
      ],
      "exit_codes": [
        0,
        0,
        0,
        0,
        0,
        0,
        0,
        0,
        0,
        0,
        0,
        0,
        0,
        0,
        0,
        0,
        0,
        0,
        0,
        0
      ]
    }
  ]
}
