{
  "results": [
    {
      "command": "./bin/xoofx/aot/1brc ./inputs/measurements.txt",
      "mean": 0.46561422831999993,
      "stddev": 0.026545966708235925,
      "median": 0.45726590422,
      "user": 22.06528497,
      "system": 2.0191133799999994,
      "min": 0.43911358772,
      "max": 0.56652342272,
      "times": [
        0.45613197472,
        0.56652342272,
        0.46850893472,
        0.45314121472,
        0.48376220872000003,
        0.44954548672,
        0.46267375172,
        0.43911358772,
        0.45391820172,
        0.48087631772,
        0.45242894172,
        0.45093923772,
        0.47091384672000003,
        0.45069171772,
        0.47376852372,
        0.47262909472000003,
        0.44591465272,
        0.46627164172,
        0.45664850272,
        0.45788330572
      ],
      "exit_codes": [
        0,
        0,
        0,
        0,
        0,
        0,
        0,
        0,
        0,
        0,
        0,
        0,
        0,
        0,
        0,
        0,
        0,
        0,
        0,
        0
      ]
    }
  ]
}
