{
  "results": [
    {
      "command": "./bin/xoofx/aot/1brc ./inputs/measurements.txt",
      "mean": 1.05540400996,
      "stddev": 0.03847931727604056,
      "median": 1.04711095576,
      "user": 14.73953275,
      "system": 1.4801401600000001,
      "min": 1.02265165776,
      "max": 1.2019368897599998,
      "times": [
        1.2019368897599998,
        1.04798067176,
        1.0280282077599998,
        1.0645857137599999,
        1.04529760676,
        1.02958924476,
        1.03328608576,
        1.03633006076,
        1.0630148477599999,
        1.0462412397599998,
        1.0524188187599999,
        1.02932306376,
        1.0812660317599998,
        1.0683014067599998,
        1.0570917597599998,
        1.0336547247599999,
        1.02265165776,
        1.06783996076,
        1.0307282217599998,
        1.0685139847599998
      ],
      "exit_codes": [
        0,
        0,
        0,
        0,
        0,
        0,
        0,
        0,
        0,
        0,
        0,
        0,
        0,
        0,
        0,
        0,
        0,
        0,
        0,
        0
      ]
    }
  ]
}
