{
  "results": [
    {
      "command": "./bin/xoofx/aot/1brc ./inputs/measurements.txt",
      "mean": 4.340574115389999,
      "stddev": 0.09556982254817031,
      "median": 4.32943235564,
      "user": 14.746534019999999,
      "system": 1.4655774899999998,
      "min": 4.198071436639999,
      "max": 4.528895181639999,
      "times": [
        4.248876356639999,
        4.38605477464,
        4.28336211064,
        4.31287628464,
        4.198071436639999,
        4.340046624639999,
        4.23057601764,
        4.41738583364,
        4.332678716639999,
        4.42539185064,
        4.528895181639999,
        4.20129163564,
        4.4001595906399995,
        4.30150971764,
        4.5160709276399995,
        4.4571292076399995,
        4.31311635164,
        4.34161999164,
        4.250183702639999,
        4.326185994639999
      ],
      "exit_codes": [
        0,
        0,
        0,
        0,
        0,
        0,
        0,
        0,
        0,
        0,
        0,
        0,
        0,
        0,
        0,
        0,
        0,
        0,
        0,
        0
      ]
    }
  ]
}
