{
  "results": [
    {
      "command": "./calculate_average_abeobk.sh",
      "mean": 0.25186667334,
      "stddev": 0.001280136812752592,
      "median": 0.25183117424,
      "user": 0.0028597799999999997,
      "system": 0.001675782,
      "min": 0.24840863774000002,
      "max": 0.25431453774,
      "times": [
        0.25158034474,
        0.25162940774000003,
        0.25431453774,
        0.25330198474000004,
        0.25250350074,
        0.25292144574000003,
        0.25203132174000004,
        0.25111964274000004,
        0.24840863774000002,
        0.25063374474,
        0.25253203674,
        0.25095193374,
        0.25097567974,
        0.25303530074,
        0.25292764174000004,
        0.25277127374,
        0.25141528374,
        0.25057137474,
        0.25163102674000004,
        0.25207734674000004
      ],
      "exit_codes": [
        0,
        0,
        0,
        0,
        0,
        0,
        0,
        0,
        0,
        0,
        0,
        0,
        0,
        0,
        0,
        0,
        0,
        0,
        0,
        0
      ]
    }
  ]
}
