{
  "results": [
    {
      "command": "./calculate_average_abeobk.sh",
      "mean": 1.02639958854,
      "stddev": 0.003565955537212313,
      "median": 1.02605153794,
      "user": 0.00203571,
      "system": 0.002118816,
      "min": 1.0200402534400002,
      "max": 1.03208412344,
      "times": [
        1.0262376344400002,
        1.03073649344,
        1.02521785944,
        1.02464196944,
        1.02602903744,
        1.03208412344,
        1.0253163924400002,
        1.02825184744,
        1.02534428144,
        1.02959636344,
        1.02997040844,
        1.02055184944,
        1.0200402534400002,
        1.03081217344,
        1.02048353844,
        1.02607403844,
        1.02520977344,
        1.02985485144,
        1.0231443284400001,
        1.02839455344
      ],
      "exit_codes": [
        0,
        0,
        0,
        0,
        0,
        0,
        0,
        0,
        0,
        0,
        0,
        0,
        0,
        0,
        0,
        0,
        0,
        0,
        0,
        0
      ]
    }
  ]
}
