{
  "results": [
    {
      "command": "./calculate_average_abeobk.sh",
      "mean": 2.0266975802100005,
      "stddev": 0.00740502867990693,
      "median": 2.0284483704600005,
      "user": 0.00237514,
      "system": 0.001826468,
      "min": 2.0142105694600003,
      "max": 2.03939484746,
      "times": [
        2.02419272946,
        2.02837173246,
        2.0261867434600003,
        2.03336011346,
        2.01611551646,
        2.0199963804600003,
        2.0210948234600004,
        2.03577186046,
        2.03151509646,
        2.03629874846,
        2.0201746704600003,
        2.0291534924600003,
        2.0294169664600004,
        2.03333298746,
        2.01852311146,
        2.0285250084600004,
        2.01701990346,
        2.03939484746,
        2.0142105694600003,
        2.0312963024600004
      ],
      "exit_codes": [
        0,
        0,
        0,
        0,
        0,
        0,
        0,
        0,
        0,
        0,
        0,
        0,
        0,
        0,
        0,
        0,
        0,
        0,
        0,
        0
      ]
    }
  ]
}
