{
  "results": [
    {
      "command": "./calculate_average_abeobk.sh",
      "mean": 0.5435886455800001,
      "stddev": 0.0031483104428072454,
      "median": 0.54284587238,
      "user": 0.0021318899999999996,
      "system": 0.00212978,
      "min": 0.53884751638,
      "max": 0.55365813138,
      "times": [
        0.54095711138,
        0.55365813138,
        0.5472024773799999,
        0.5467632823799999,
        0.53884751638,
        0.54356598538,
        0.54250313838,
        0.54102700938,
        0.54263158938,
        0.54527368938,
        0.54160067738,
        0.54168762538,
        0.54378746838,
        0.54306015538,
        0.54176915538,
        0.54147284438,
        0.5458319323799999,
        0.54436377238,
        0.54233830038,
        0.54343104938
      ],
      "exit_codes": [
        0,
        0,
        0,
        0,
        0,
        0,
        0,
        0,
        0,
        0,
        0,
        0,
        0,
        0,
        0,
        0,
        0,
        0,
        0,
        0
      ]
    }
  ]
}
