{
  "results": [
    {
      "command": "./calculate_average_abeobk.sh",
      "mean": 0.45887740625000006,
      "stddev": 0.0018191782781025784,
      "median": 0.4592542918,
      "user": 0.00191362,
      "system": 0.0023286079999999994,
      "min": 0.4557780648,
      "max": 0.4619751388,
      "times": [
        0.4608459828,
        0.4592110358,
        0.4611237358,
        0.4602104788,
        0.4598406948,
        0.4558299738,
        0.4580994818,
        0.4602836378,
        0.4602899788,
        0.4592975478,
        0.4600863918,
        0.4585144068,
        0.4579831188,
        0.4619751388,
        0.4557780648,
        0.4564511378,
        0.4561255178,
        0.4587493888,
        0.4575257758,
        0.4593266358
      ],
      "exit_codes": [
        0,
        0,
        0,
        0,
        0,
        0,
        0,
        0,
        0,
        0,
        0,
        0,
        0,
        0,
        0,
        0,
        0,
        0,
        0,
        0
      ]
    }
  ]
}
