{
  "results": [
    {
      "command": "./calculate_average_abeobk.sh",
      "mean": 1.7079256434099996,
      "stddev": 0.003202135196586483,
      "median": 1.70747699846,
      "user": 0.00228067,
      "system": 0.0019807170000000003,
      "min": 1.70426367846,
      "max": 1.71445924246,
      "times": [
        1.70481647946,
        1.71367062246,
        1.70450246246,
        1.70453342346,
        1.7074976074600001,
        1.70833986646,
        1.71445924246,
        1.70598589946,
        1.70780148446,
        1.7083512114600001,
        1.70881063046,
        1.7127713074600002,
        1.71047213746,
        1.70426367846,
        1.70591352846,
        1.70546255346,
        1.70448120846,
        1.70713297146,
        1.71179016346,
        1.70745638946
      ],
      "exit_codes": [
        0,
        0,
        0,
        0,
        0,
        0,
        0,
        0,
        0,
        0,
        0,
        0,
        0,
        0,
        0,
        0,
        0,
        0,
        0,
        0
      ]
    }
  ]
}
