{
  "results": [
    {
      "command": "./calculate_average_abeobk.sh",
      "mean": 0.8694206107300001,
      "stddev": 0.0013691246141205092,
      "median": 0.8693374888800001,
      "user": 0.0024660899999999998,
      "system": 0.0017517799999999997,
      "min": 0.8672642398800001,
      "max": 0.87149407588,
      "times": [
        0.8691025748800001,
        0.8677949098800001,
        0.87129492488,
        0.8697950708800001,
        0.8710852578800001,
        0.8672642398800001,
        0.87149407588,
        0.86769628888,
        0.8675020868800001,
        0.8687617928800001,
        0.8684318648800001,
        0.87053093288,
        0.8694215638800001,
        0.8694897608800001,
        0.8692534138800001,
        0.8709602608800001,
        0.8703174368800001,
        0.8690079918800001,
        0.87114571488,
        0.8680620508800001
      ],
      "exit_codes": [
        0,
        0,
        0,
        0,
        0,
        0,
        0,
        0,
        0,
        0,
        0,
        0,
        0,
        0,
        0,
        0,
        0,
        0,
        0,
        0
      ]
    }
  ]
}
