{
  "results": [
    {
      "command": "./calculate_average_abeobk.sh",
      "mean": 0.29980389686,
      "stddev": 0.0017868088089912368,
      "median": 0.29970903996000003,
      "user": 0.0019056400000000001,
      "system": 0.0026480939999999997,
      "min": 0.29611821046000003,
      "max": 0.30261865146000005,
      "times": [
        0.30240165046000006,
        0.29978933946,
        0.30131559146000003,
        0.29937303446,
        0.30224153546000004,
        0.30075900446000003,
        0.29837996346000006,
        0.29611821046000003,
        0.29908090746000005,
        0.29900361546000004,
        0.30115061846,
        0.30057481746000003,
        0.29883884246000003,
        0.29734662146,
        0.30071773346,
        0.29916905746000005,
        0.29689200946000005,
        0.30067799246000004,
        0.30261865146000005,
        0.29962874046000004
      ],
      "exit_codes": [
        0,
        0,
        0,
        0,
        0,
        0,
        0,
        0,
        0,
        0,
        0,
        0,
        0,
        0,
        0,
        0,
        0,
        0,
        0,
        0
      ]
    }
  ]
}
