{
  "results": [
    {
      "command": "./calculate_average_artsiomkorzun.sh",
      "mean": 0.41394903005000006,
      "stddev": 0.002605935407617514,
      "median": 0.41272484070000004,
      "user": 0.00245485,
      "system": 0.001871166,
      "min": 0.41126060020000005,
      "max": 0.42073432520000004,
      "times": [
        0.41810211620000004,
        0.41516271620000006,
        0.41217415120000006,
        0.41553665720000005,
        0.41217341720000006,
        0.4119920952,
        0.41585134020000003,
        0.41232504620000004,
        0.41126060020000005,
        0.41220737920000006,
        0.42073432520000004,
        0.41319851520000006,
        0.41326078120000004,
        0.41283419020000006,
        0.4126154912,
        0.4122553312,
        0.41231313420000004,
        0.4149781692,
        0.41166989420000005,
        0.41833525020000006
      ],
      "exit_codes": [
        0,
        0,
        0,
        0,
        0,
        0,
        0,
        0,
        0,
        0,
        0,
        0,
        0,
        0,
        0,
        0,
        0,
        0,
        0,
        0
      ]
    }
  ]
}
