{
  "results": [
    {
      "command": "./calculate_average_artsiomkorzun.sh",
      "mean": 1.4730694319800004,
      "stddev": 0.002703400183351224,
      "median": 1.47208033718,
      "user": 0.0030088000000000003,
      "system": 0.0015223209999999997,
      "min": 1.47062043268,
      "max": 1.48008330368,
      "times": [
        1.47068610668,
        1.4710522136800002,
        1.47186004968,
        1.47982532868,
        1.4747353496800002,
        1.47475895768,
        1.48008330368,
        1.47140236468,
        1.4714825416800001,
        1.47109858568,
        1.47176278168,
        1.47096066868,
        1.47430792868,
        1.47347409568,
        1.47062043268,
        1.47342642068,
        1.4726621956800001,
        1.4723006246800001,
        1.47355877768,
        1.47132991168
      ],
      "exit_codes": [
        0,
        0,
        0,
        0,
        0,
        0,
        0,
        0,
        0,
        0,
        0,
        0,
        0,
        0,
        0,
        0,
        0,
        0,
        0,
        0
      ]
    }
  ]
}
