{
  "results": [
    {
      "command": "./calculate_average_artsiomkorzun.sh",
      "mean": 0.7464275865500001,
      "stddev": 0.001866281643373307,
      "median": 0.746242963,
      "user": 0.00253478,
      "system": 0.0017536549999999998,
      "min": 0.744331449,
      "max": 0.7519392380000001,
      "times": [
        0.7519392380000001,
        0.746926352,
        0.7452270320000001,
        0.744460463,
        0.746000485,
        0.746276927,
        0.7469293760000001,
        0.7444717390000001,
        0.74535059,
        0.747862939,
        0.744331449,
        0.74566498,
        0.746354104,
        0.744684106,
        0.7466833580000001,
        0.7472452340000001,
        0.746208999,
        0.745299249,
        0.749978491,
        0.74665662
      ],
      "exit_codes": [
        0,
        0,
        0,
        0,
        0,
        0,
        0,
        0,
        0,
        0,
        0,
        0,
        0,
        0,
        0,
        0,
        0,
        0,
        0,
        0
      ]
    }
  ]
}
