{
  "results": [
    {
      "command": "./calculate_average_artsiomkorzun.sh",
      "mean": 1.59066218809,
      "stddev": 0.014678065937729613,
      "median": 1.5864823834400001,
      "user": 0.002884859999999999,
      "system": 0.0015774279999999999,
      "min": 1.5760088384400002,
      "max": 1.62683282844,
      "times": [
        1.58187293044,
        1.62683282844,
        1.5760088384400002,
        1.59112330544,
        1.5857173914400002,
        1.5776132794400002,
        1.6090954064400003,
        1.5807788284400002,
        1.59099180744,
        1.59017683144,
        1.57902875644,
        1.61252583044,
        1.57686743044,
        1.5865386514400002,
        1.5839525864400001,
        1.57884800744,
        1.61932343944,
        1.59242051344,
        1.5864261154400001,
        1.58710098344
      ],
      "exit_codes": [
        0,
        0,
        0,
        0,
        0,
        0,
        0,
        0,
        0,
        0,
        0,
        0,
        0,
        0,
        0,
        0,
        0,
        0,
        0,
        0
      ]
    }
  ]
}
