{
  "results": [
    {
      "command": "./calculate_average_artsiomkorzun.sh",
      "mean": 0.25251807643,
      "stddev": 0.006775352009599029,
      "median": 0.25026564468,
      "user": 0.0019214799999999997,
      "system": 0.002734696,
      "min": 0.24792262868,
      "max": 0.27168653968,
      "times": [
        0.25132199268,
        0.24816505968000002,
        0.24944938768000002,
        0.24906986768000003,
        0.25088221768,
        0.27168653968,
        0.25536478568000004,
        0.25046538468,
        0.25393791868000004,
        0.25493482968000003,
        0.24815298868000002,
        0.24792262868,
        0.24979845668,
        0.27084805568000003,
        0.24849292168,
        0.24811653968000003,
        0.25109376868,
        0.25006590468,
        0.25155875168,
        0.24903352868
      ],
      "exit_codes": [
        0,
        0,
        0,
        0,
        0,
        0,
        0,
        0,
        0,
        0,
        0,
        0,
        0,
        0,
        0,
        0,
        0,
        0,
        0,
        0
      ]
    }
  ]
}
