{
  "results": [
    {
      "command": "./calculate_average_artsiomkorzun.sh",
      "mean": 0.7985044678400002,
      "stddev": 0.005277431150803172,
      "median": 0.79700811914,
      "user": 0.0026151300000000002,
      "system": 0.0016842699999999999,
      "min": 0.79236303214,
      "max": 0.81164849514,
      "times": [
        0.79345944414,
        0.80206154914,
        0.7949366681400001,
        0.7979524531400001,
        0.7938380271400001,
        0.79556791814,
        0.8017691851400001,
        0.8011980551400001,
        0.7959205991400001,
        0.7962831601400001,
        0.8018118261400001,
        0.8100378411400001,
        0.7977727951400001,
        0.7946353131400001,
        0.79773307814,
        0.7937266711400001,
        0.81164849514,
        0.80219927714,
        0.7951739681400001,
        0.79236303214
      ],
      "exit_codes": [
        0,
        0,
        0,
        0,
        0,
        0,
        0,
        0,
        0,
        0,
        0,
        0,
        0,
        0,
        0,
        0,
        0,
        0,
        0,
        0
      ]
    }
  ]
}
