{
  "results": [
    {
      "command": "./calculate_average_artsiomkorzun.sh",
      "mean": 0.40556114245,
      "stddev": 0.0033581332943682153,
      "median": 0.40671675920000006,
      "user": 0.00224246,
      "system": 0.0021744449999999992,
      "min": 0.39718785570000004,
      "max": 0.40840178870000005,
      "times": [
        0.39718785570000004,
        0.39859531170000007,
        0.39856646970000004,
        0.40373147470000004,
        0.40655579170000006,
        0.40643194270000005,
        0.40709431470000007,
        0.40684975470000007,
        0.40715399970000005,
        0.40689384970000003,
        0.40714108270000005,
        0.40840178870000005,
        0.40767431270000004,
        0.40826495870000007,
        0.40604111270000004,
        0.40658376370000004,
        0.40650611970000006,
        0.40766445970000004,
        0.40745929370000006,
        0.4064251917000001
      ],
      "exit_codes": [
        0,
        0,
        0,
        0,
        0,
        0,
        0,
        0,
        0,
        0,
        0,
        0,
        0,
        0,
        0,
        0,
        0,
        0,
        0,
        0
      ]
    }
  ]
}
