{
  "results": [
    {
      "command": "./calculate_average_artsiomkorzun.sh",
      "mean": 0.27351250916000003,
      "stddev": 0.0033912866519409733,
      "median": 0.27429790276,
      "user": 0.0024808799999999995,
      "system": 0.00231204,
      "min": 0.26344193776,
      "max": 0.27888791576000005,
      "times": [
        0.27298590176000004,
        0.27546191376000007,
        0.27814507476000006,
        0.27425723476,
        0.27559322976000006,
        0.27433857076,
        0.27503897176000003,
        0.27888791576000005,
        0.27607207276000006,
        0.27446411576,
        0.26935812776000007,
        0.27394347776000005,
        0.27500066476,
        0.26942775476,
        0.27342834976,
        0.27119144676000007,
        0.27146845276000003,
        0.26344193776,
        0.27462631676000004,
        0.27311865276
      ],
      "exit_codes": [
        0,
        0,
        0,
        0,
        0,
        0,
        0,
        0,
        0,
        0,
        0,
        0,
        0,
        0,
        0,
        0,
        0,
        0,
        0,
        0
      ]
    }
  ]
}
