{
  "results": [
    {
      "command": "./bin/austindonisan/aot/1brc ./inputs/measurements.txt 6 1",
      "mean": 0.7676563495700001,
      "stddev": 0.008854533369948242,
      "median": 0.76511866062,
      "user": 0.002411493,
      "system": 0.001170329,
      "min": 0.7611997426200001,
      "max": 0.80115770362,
      "times": [
        0.7635911126200001,
        0.80115770362,
        0.7611997426200001,
        0.76238835262,
        0.7649546366200001,
        0.7759703436200001,
        0.7662429366200001,
        0.7643278076200001,
        0.7652366016200001,
        0.7643601326200001,
        0.7659450546200001,
        0.7642164226200001,
        0.7637938256200001,
        0.7656422646200001,
        0.76533350862,
        0.7636458196200001,
        0.76500071962,
        0.7661480976200001,
        0.7659406346200001,
        0.7780312736200001
      ],
      "exit_codes": [
        0,
        0,
        0,
        0,
        0,
        0,
        0,
        0,
        0,
        0,
        0,
        0,
        0,
        0,
        0,
        0,
        0,
        0,
        0,
        0
      ]
    }
  ]
}
