{
  "results": [
    {
      "command": "./bin/austindonisan/aot/1brc ./inputs/measurements.txt 48 1",
      "mean": 0.16677554607,
      "stddev": 0.002695007688667164,
      "median": 0.16679499382000001,
      "user": 0.001784595,
      "system": 0.0031927289999999996,
      "min": 0.16237800532000002,
      "max": 0.17145842132,
      "times": [
        0.16561164032,
        0.16388177432,
        0.16703912432,
        0.16371934632000001,
        0.16850098932000002,
        0.16327049032000002,
        0.16237800532000002,
        0.16611488332000002,
        0.16449456432,
        0.16879492832,
        0.16916055332000002,
        0.16961326432,
        0.17090267032,
        0.16463836832,
        0.16431446332000002,
        0.16991090532,
        0.17145842132,
        0.16742696332,
        0.16655086332000002,
        0.16772870232
      ],
      "exit_codes": [
        0,
        0,
        0,
        0,
        0,
        0,
        0,
        0,
        0,
        0,
        0,
        0,
        0,
        0,
        0,
        0,
        0,
        0,
        0,
        0
      ]
    }
  ]
}
