{
  "results": [
    {
      "command": "./bin/austindonisan/aot/1brc ./inputs/measurements.txt 48 1",
      "mean": 0.16702905527,
      "stddev": 0.0025766705108543563,
      "median": 0.16661232462000003,
      "user": 0.00193477,
      "system": 0.0027285779999999997,
      "min": 0.16383747662,
      "max": 0.17327020762,
      "times": [
        0.16574775262000002,
        0.16449436862000003,
        0.16860390962000002,
        0.16711526262,
        0.16419494962,
        0.16662291562,
        0.16545471962000002,
        0.17327020762,
        0.16454865762,
        0.16871063562000002,
        0.16383747662,
        0.16555675662000002,
        0.16660173362000003,
        0.16587520462000002,
        0.16677770962000002,
        0.16717467662000002,
        0.17263401962000002,
        0.16632761662,
        0.16668592662,
        0.17034660562
      ],
      "exit_codes": [
        0,
        0,
        0,
        0,
        0,
        0,
        0,
        0,
        0,
        0,
        0,
        0,
        0,
        0,
        0,
        0,
        0,
        0,
        0,
        0
      ]
    }
  ]
}
