{
  "results": [
    {
      "command": "./bin/austindonisan/aot/1brc ./inputs/measurements.txt 12 1",
      "mean": 0.3910705883100001,
      "stddev": 0.0043156129948140375,
      "median": 0.39029245056000006,
      "user": 0.00172187,
      "system": 0.001263923,
      "min": 0.38888563906000007,
      "max": 0.40908186706000005,
      "times": [
        0.3909550210600001,
        0.39026303306000004,
        0.38888563906000007,
        0.38984379506000005,
        0.39035607106000003,
        0.39057154006000006,
        0.38943466906000007,
        0.38969061206000005,
        0.38921107206000005,
        0.38930856206000003,
        0.39217759706000005,
        0.39035475006000003,
        0.39032186806,
        0.40908186706000005,
        0.38985860606000006,
        0.39054435206000004,
        0.39081233606000004,
        0.38953278606,
        0.39116850306000006,
        0.38903908606000004
      ],
      "exit_codes": [
        0,
        0,
        0,
        0,
        0,
        0,
        0,
        0,
        0,
        0,
        0,
        0,
        0,
        0,
        0,
        0,
        0,
        0,
        0,
        0
      ]
    }
  ]
}
