{
  "results": [
    {
      "command": "./bin/austindonisan/aot/1brc ./inputs/measurements.txt 24 1",
      "mean": 0.21660425243000003,
      "stddev": 0.004197802357028376,
      "median": 0.21823594998,
      "user": 0.0025057400000000002,
      "system": 0.0009520299999999999,
      "min": 0.20898578598000003,
      "max": 0.22206441198000001,
      "times": [
        0.20898578598000003,
        0.21146901898000003,
        0.21161148598,
        0.21014169498000002,
        0.20949813798000003,
        0.21255320198000002,
        0.21899285698,
        0.21776110498000004,
        0.21726147698000003,
        0.22206441198000001,
        0.21958031898000002,
        0.21827452398000002,
        0.21980599498000003,
        0.21986076998000004,
        0.22189611298000003,
        0.21854875098,
        0.21751880498000004,
        0.21885532398000002,
        0.21920789498,
        0.21819737598000002
      ],
      "exit_codes": [
        0,
        0,
        0,
        0,
        0,
        0,
        0,
        0,
        0,
        0,
        0,
        0,
        0,
        0,
        0,
        0,
        0,
        0,
        0,
        0
      ]
    }
  ]
}
