{
  "results": [
    {
      "command": "./bin/austindonisan/aot/1brc ./inputs/measurements.txt 12 1",
      "mean": 0.3898724513299999,
      "stddev": 0.001612528447519004,
      "median": 0.38939841298000005,
      "user": 0.0014150399999999998,
      "system": 0.0012083619999999997,
      "min": 0.38822433798000006,
      "max": 0.39545810498000006,
      "times": [
        0.39000028498000006,
        0.38889073898000004,
        0.38936667098000005,
        0.38945960998,
        0.38936410198000004,
        0.38943015498000005,
        0.39121608098000005,
        0.38866212798000005,
        0.38932009498000003,
        0.39237879098000006,
        0.39017550398000006,
        0.38930354498,
        0.38841131398,
        0.39003120898000004,
        0.38822433798000006,
        0.38961824198000006,
        0.38928115398,
        0.38898839298000004,
        0.38986856598,
        0.39545810498000006
      ],
      "exit_codes": [
        0,
        0,
        0,
        0,
        0,
        0,
        0,
        0,
        0,
        0,
        0,
        0,
        0,
        0,
        0,
        0,
        0,
        0,
        0,
        0
      ]
    }
  ]
}
