{
  "results": [
    {
      "command": "./bin/austindonisan/aot/1brc ./inputs/measurements.txt 24 1",
      "mean": 0.21834679325999998,
      "stddev": 0.001903593871601522,
      "median": 0.21859027536000003,
      "user": 0.0019143900000000002,
      "system": 0.0012515180000000003,
      "min": 0.21200353486000004,
      "max": 0.22071782986000002,
      "times": [
        0.21200353486000004,
        0.21592460186000004,
        0.21728477986000003,
        0.21793016286000003,
        0.21735526786000003,
        0.21859431986000002,
        0.21858623086000004,
        0.21829490186000003,
        0.21892474286000002,
        0.22020054586,
        0.21802638486000003,
        0.21919785686,
        0.21813412986000003,
        0.22002454286000003,
        0.21994614086000003,
        0.22071782986000002,
        0.21887090086000002,
        0.21750362586000002,
        0.21962685586000003,
        0.21978850886000004
      ],
      "exit_codes": [
        0,
        0,
        0,
        0,
        0,
        0,
        0,
        0,
        0,
        0,
        0,
        0,
        0,
        0,
        0,
        0,
        0,
        0,
        0,
        0
      ]
    }
  ]
}
