{
  "results": [
    {
      "command": "./bin/austindonisan/aot/1brc ./inputs/measurements.txt 96 1",
      "mean": 0.19642458639000004,
      "stddev": 0.004357062087745974,
      "median": 0.19703800024000004,
      "user": 0.0020783019999999998,
      "system": 0.004966958999999999,
      "min": 0.18821122674000001,
      "max": 0.20627251774000002,
      "times": [
        0.19173177974000002,
        0.20000415974000002,
        0.19831453574000002,
        0.19823082274000003,
        0.19725939274000004,
        0.19737965074000002,
        0.19152673974000003,
        0.19764323574000003,
        0.18908993174000002,
        0.20627251774000002,
        0.19301757474000003,
        0.18821122674000001,
        0.19915717774000002,
        0.19400727674,
        0.19681660774000004,
        0.19639970574,
        0.20154816474000004,
        0.20087590374000003,
        0.19484435074000003,
        0.19616097274000002
      ],
      "exit_codes": [
        0,
        0,
        0,
        0,
        0,
        0,
        0,
        0,
        0,
        0,
        0,
        0,
        0,
        0,
        0,
        0,
        0,
        0,
        0,
        0
      ]
    }
  ]
}
