{
  "results": [
    {
      "command": "./bin/buybackoff/aot/1brc ./inputs/measurements.txt",
      "mean": 0.46841675967000007,
      "stddev": 0.0036235340564763,
      "median": 0.46789389542000004,
      "user": 0.014247480000000002,
      "system": 0.00757204,
      "min": 0.46455118142000007,
      "max": 0.48259278142000006,
      "times": [
        0.46588964442,
        0.46573037042000004,
        0.46739625342,
        0.46721312142000004,
        0.47112395242000005,
        0.46974523842000004,
        0.46830788642000004,
        0.46796920642000006,
        0.46739191342,
        0.46708938342000006,
        0.46851111342000007,
        0.46821059342000004,
        0.46788565442,
        0.46740991242,
        0.46790213642000006,
        0.48259278142000006,
        0.46652486342000005,
        0.46455118142000007,
        0.46815911742000005,
        0.46873086942000003
      ],
      "exit_codes": [
        0,
        0,
        0,
        0,
        0,
        0,
        0,
        0,
        0,
        0,
        0,
        0,
        0,
        0,
        0,
        0,
        0,
        0,
        0,
        0
      ]
    }
  ]
}
