{
  "results": [
    {
      "command": "./bin/buybackoff/aot/1brc ./inputs/measurements.txt",
      "mean": 0.27402013383,
      "stddev": 0.004200096600590827,
      "median": 0.27298453808,
      "user": 0.01722017,
      "system": 0.01578408,
      "min": 0.26929089358,
      "max": 0.28613065458000003,
      "times": [
        0.27316378358000004,
        0.27263926658000004,
        0.27017957758000005,
        0.27390871658000004,
        0.27741888158000005,
        0.27094358358000004,
        0.26929089358,
        0.27453556258,
        0.27380487658,
        0.27079767658000004,
        0.27178767158000006,
        0.27298534658,
        0.27129357158,
        0.27127231258,
        0.27837304458,
        0.28613065458000003,
        0.27795254658,
        0.27016495258,
        0.27298372958000006,
        0.28077602758000003
      ],
      "exit_codes": [
        0,
        0,
        0,
        0,
        0,
        0,
        0,
        0,
        0,
        0,
        0,
        0,
        0,
        0,
        0,
        0,
        0,
        0,
        0,
        0
      ]
    }
  ]
}
