{
  "results": [
    {
      "command": "./bin/buybackoff/aot/1brc ./inputs/measurements.txt",
      "mean": 0.4504797610800001,
      "stddev": 0.0026291334552615776,
      "median": 0.45058900538,
      "user": 0.015365310000000002,
      "system": 0.012973799999999999,
      "min": 0.44271399138000006,
      "max": 0.45393759038000003,
      "times": [
        0.44271399138000006,
        0.44676910538000003,
        0.45106560038000004,
        0.44934230038000006,
        0.45175583438000005,
        0.45004301238000005,
        0.45315726938000006,
        0.44870743538,
        0.45080062838,
        0.45037738238,
        0.45310551338000005,
        0.45223511138000005,
        0.44944663638000004,
        0.45319495638,
        0.44990517138,
        0.44896459638,
        0.44957532438000003,
        0.45353400838,
        0.45096375338000005,
        0.45393759038000003
      ],
      "exit_codes": [
        0,
        0,
        0,
        0,
        0,
        0,
        0,
        0,
        0,
        0,
        0,
        0,
        0,
        0,
        0,
        0,
        0,
        0,
        0,
        0
      ]
    }
  ]
}
