{
  "results": [
    {
      "command": "./bin/buybackoff/aot/1brc ./inputs/measurements.txt",
      "mean": 1.74239517635,
      "stddev": 0.005455987436036025,
      "median": 1.7415242710999999,
      "user": 0.01476986,
      "system": 0.0036987999999999995,
      "min": 1.7342366996,
      "max": 1.7544327236,
      "times": [
        1.7461985536,
        1.7544327236,
        1.7416893186,
        1.7436099966,
        1.7480027216,
        1.7435755106,
        1.7399074526,
        1.7461643886,
        1.7375060836,
        1.7404015726000002,
        1.7413592236,
        1.7387485115999999,
        1.7388758576,
        1.7390152326,
        1.7342366996,
        1.7538491036,
        1.7432849926,
        1.7446167745999999,
        1.7346223246,
        1.7378064846
      ],
      "exit_codes": [
        0,
        0,
        0,
        0,
        0,
        0,
        0,
        0,
        0,
        0,
        0,
        0,
        0,
        0,
        0,
        0,
        0,
        0,
        0,
        0
      ]
    }
  ]
}
