{
  "results": [
    {
      "command": "./bin/buybackoff/aot/1brc ./inputs/measurements.txt",
      "mean": 0.8830575165799999,
      "stddev": 0.0037093841288312057,
      "median": 0.88211274458,
      "user": 0.012292109999999998,
      "system": 0.0071200199999999995,
      "min": 0.87827485908,
      "max": 0.89551706208,
      "times": [
        0.89551706208,
        0.88109599508,
        0.88348032508,
        0.88579311808,
        0.88082366708,
        0.88334374708,
        0.8810649310800001,
        0.88605716108,
        0.88194127208,
        0.88397603908,
        0.87978833608,
        0.88173864708,
        0.88372079608,
        0.87827485908,
        0.8842752820800001,
        0.87867678208,
        0.88175136408,
        0.88105237308,
        0.88228421708,
        0.88649435708
      ],
      "exit_codes": [
        0,
        0,
        0,
        0,
        0,
        0,
        0,
        0,
        0,
        0,
        0,
        0,
        0,
        0,
        0,
        0,
        0,
        0,
        0,
        0
      ]
    }
  ]
}
