{
  "results": [
    {
      "command": "./bin/buybackoff/aot/1brc ./inputs/measurements.txt",
      "mean": 1.6109356494400005,
      "stddev": 0.00619157448964103,
      "median": 1.6096354426400001,
      "user": 0.012918459999999998,
      "system": 0.006608818999999999,
      "min": 1.59993607714,
      "max": 1.6226309161399999,
      "times": [
        1.6136127781399998,
        1.61852075514,
        1.60284550514,
        1.60938006214,
        1.60989082314,
        1.60588138414,
        1.61417918414,
        1.61770651514,
        1.61816223814,
        1.61201781314,
        1.6226309161399999,
        1.60683473414,
        1.60590295114,
        1.60870652814,
        1.61134306214,
        1.60786494514,
        1.6077031931399999,
        1.62078275714,
        1.60481076614,
        1.59993607714
      ],
      "exit_codes": [
        0,
        0,
        0,
        0,
        0,
        0,
        0,
        0,
        0,
        0,
        0,
        0,
        0,
        0,
        0,
        0,
        0,
        0,
        0,
        0
      ]
    }
  ]
}
