{
  "results": [
    {
      "command": "./bin/buybackoff/aot/1brc ./inputs/measurements.txt",
      "mean": 0.27991630989,
      "stddev": 0.002881660218171607,
      "median": 0.28026829704,
      "user": 0.02317734,
      "system": 0.03174087,
      "min": 0.27415033104000003,
      "max": 0.28750895504,
      "times": [
        0.27415033104000003,
        0.27673526204000004,
        0.28750895504,
        0.27853358804,
        0.28081369204,
        0.28101264304,
        0.28398751004,
        0.28166948504,
        0.27800174404000005,
        0.28126354404000004,
        0.28043265004,
        0.28010394404000005,
        0.27651543904000003,
        0.28159026604000004,
        0.27957146104,
        0.27913137304,
        0.27682824704000003,
        0.28103886004,
        0.28056539304,
        0.27887181004
      ],
      "exit_codes": [
        0,
        0,
        0,
        0,
        0,
        0,
        0,
        0,
        0,
        0,
        0,
        0,
        0,
        0,
        0,
        0,
        0,
        0,
        0,
        0
      ]
    }
  ]
}
