{
  "results": [
    {
      "command": "./bin/buybackoff/aot/1brc ./inputs/measurements.txt",
      "mean": 0.8199844347099999,
      "stddev": 0.003432298560447995,
      "median": 0.8187148200600001,
      "user": 0.012800780000000001,
      "system": 0.008746269999999999,
      "min": 0.81616891656,
      "max": 0.8295725325600001,
      "times": [
        0.81742233456,
        0.8181160095600001,
        0.81699180256,
        0.82172317656,
        0.8249586725600001,
        0.8188290815600001,
        0.82214365856,
        0.82085590056,
        0.81848308656,
        0.8295725325600001,
        0.8220546965600001,
        0.8171417725600001,
        0.81617865156,
        0.81616891656,
        0.81891352656,
        0.81757616556,
        0.8177487145600001,
        0.81860055856,
        0.82393288756,
        0.8222765485600001
      ],
      "exit_codes": [
        0,
        0,
        0,
        0,
        0,
        0,
        0,
        0,
        0,
        0,
        0,
        0,
        0,
        0,
        0,
        0,
        0,
        0,
        0,
        0
      ]
    }
  ]
}
