{
  "results": [
    {
      "command": "./bin/CameronAavik/aot/1brc ./inputs/measurements.txt",
      "mean": 0.6434049821699999,
      "stddev": 0.0027890303198853665,
      "median": 0.64322363772,
      "user": 12.933916439999999,
      "system": 0.8486925600000002,
      "min": 0.63829143822,
      "max": 0.64847910622,
      "times": [
        0.64153871622,
        0.64252266822,
        0.64415408822,
        0.64847910622,
        0.64241404022,
        0.64097051222,
        0.64324556522,
        0.6432017102200001,
        0.63979894422,
        0.64619336122,
        0.64588048022,
        0.63829143822,
        0.64581838722,
        0.64413929022,
        0.64548827322,
        0.64285569022,
        0.64679638622,
        0.6460736272200001,
        0.64184596622,
        0.63839139222
      ],
      "exit_codes": [
        0,
        0,
        0,
        0,
        0,
        0,
        0,
        0,
        0,
        0,
        0,
        0,
        0,
        0,
        0,
        0,
        0,
        0,
        0,
        0
      ]
    }
  ]
}
