{
  "results": [
    {
      "command": "./bin/CameronAavik/aot/1brc ./inputs/measurements.txt",
      "mean": 1.40276968045,
      "stddev": 0.007812212146096512,
      "median": 1.4018928771999999,
      "user": 12.65301926,
      "system": 0.6743598400000002,
      "min": 1.3905639072,
      "max": 1.4189898642,
      "times": [
        1.3959630562,
        1.4107161022,
        1.4020777592,
        1.4057871642,
        1.4154095982000001,
        1.4017079952,
        1.3962994122,
        1.3974255482,
        1.4060640082,
        1.3905639072,
        1.3943102602000002,
        1.3968692492,
        1.4081339362,
        1.4010116072,
        1.4189898642,
        1.4107897152,
        1.3977966292000001,
        1.3920845462,
        1.4040539842,
        1.4093392662
      ],
      "exit_codes": [
        0,
        0,
        0,
        0,
        0,
        0,
        0,
        0,
        0,
        0,
        0,
        0,
        0,
        0,
        0,
        0,
        0,
        0,
        0,
        0
      ]
    }
  ]
}
