{
  "results": [
    {
      "command": "./bin/CameronAavik/aot/1brc ./inputs/measurements.txt",
      "mean": 2.1796367215099997,
      "stddev": 0.014909310851573444,
      "median": 2.1803528709599997,
      "user": 19.940622690000005,
      "system": 0.9196173999999999,
      "min": 2.15220787546,
      "max": 2.19948041446,
      "times": [
        2.1790639054599996,
        2.1620440254599997,
        2.16449665546,
        2.1920270454599997,
        2.1798992134599997,
        2.1947197244599996,
        2.1971906354599997,
        2.19257384146,
        2.17439578546,
        2.15665913846,
        2.18741268946,
        2.18843631246,
        2.15685554346,
        2.1703480264599997,
        2.15220787546,
        2.18080652846,
        2.17791173546,
        2.19593970046,
        2.19948041446,
        2.1902656334599997
      ],
      "exit_codes": [
        0,
        0,
        0,
        0,
        0,
        0,
        0,
        0,
        0,
        0,
        0,
        0,
        0,
        0,
        0,
        0,
        0,
        0,
        0,
        0
      ]
    }
  ]
}
