{
  "results": [
    {
      "command": "./bin/CameronAavik/aot/1brc ./inputs/measurements.txt",
      "mean": 0.68409492196,
      "stddev": 0.07356792432983754,
      "median": 0.64498129436,
      "user": 13.042154879999995,
      "system": 0.8420084299999999,
      "min": 0.6412553873600001,
      "max": 0.87784730836,
      "times": [
        0.64898428636,
        0.6441258993600001,
        0.64493635336,
        0.64222766036,
        0.64164447536,
        0.6439168603600001,
        0.6446404883600001,
        0.64502623536,
        0.6904800923600001,
        0.64378053036,
        0.64278955136,
        0.71460392736,
        0.6412553873600001,
        0.64311837536,
        0.6465804993600001,
        0.8755228383600001,
        0.87784730836,
        0.70106211636,
        0.68451788936,
        0.76483766436
      ],
      "exit_codes": [
        0,
        0,
        0,
        0,
        0,
        0,
        0,
        0,
        0,
        0,
        0,
        0,
        0,
        0,
        0,
        0,
        0,
        0,
        0,
        0
      ]
    }
  ]
}
