{
  "results": [
    {
      "command": "./bin/CameronAavik/aot/1brc ./inputs/measurements.txt",
      "mean": 1.0194370270200002,
      "stddev": 0.011457861127194118,
      "median": 1.01643862622,
      "user": 12.74716434,
      "system": 0.68640199,
      "min": 1.01359613172,
      "max": 1.06676604472,
      "times": [
        1.02187850172,
        1.01723442872,
        1.01381347772,
        1.01812539172,
        1.01551088172,
        1.02019295972,
        1.01486076972,
        1.01840667572,
        1.06676604472,
        1.01925311272,
        1.02331865472,
        1.01405201572,
        1.01673903372,
        1.01613821872,
        1.01599227972,
        1.01536575672,
        1.0137643997199999,
        1.01785793172,
        1.01587387372,
        1.01359613172
      ],
      "exit_codes": [
        0,
        0,
        0,
        0,
        0,
        0,
        0,
        0,
        0,
        0,
        0,
        0,
        0,
        0,
        0,
        0,
        0,
        0,
        0,
        0
      ]
    }
  ]
}
