{
  "results": [
    {
      "command": "./bin/CameronAavik/aot/1brc ./inputs/measurements.txt",
      "mean": 1.31897479019,
      "stddev": 0.04854310627872054,
      "median": 1.30999234604,
      "user": 19.09765212,
      "system": 0.8979885200000002,
      "min": 1.27503930504,
      "max": 1.47322391304,
      "times": [
        1.37016637404,
        1.36230975904,
        1.32989381704,
        1.27933694004,
        1.33005088404,
        1.28582532204,
        1.33813986204,
        1.2805922120400002,
        1.28442918904,
        1.27694056604,
        1.35330473404,
        1.27809918704,
        1.29009087504,
        1.27503930504,
        1.28216269804,
        1.33158184804,
        1.3392470380400001,
        1.33245234204,
        1.47322391304,
        1.28660893804
      ],
      "exit_codes": [
        0,
        0,
        0,
        0,
        0,
        0,
        0,
        0,
        0,
        0,
        0,
        0,
        0,
        0,
        0,
        0,
        0,
        0,
        0,
        0
      ]
    }
  ]
}
