{
  "results": [
    {
      "command": "./bin/CameronAavik/aot/1brc ./inputs/measurements.txt",
      "mean": 0.88752693288,
      "stddev": 0.009778376952767514,
      "median": 0.88861265828,
      "user": 17.052220719999998,
      "system": 0.8856156000000001,
      "min": 0.86730113628,
      "max": 0.9007713942800001,
      "times": [
        0.8807419422800001,
        0.86730113628,
        0.8990095092800001,
        0.88341983428,
        0.8871372682800001,
        0.8778788392800001,
        0.8975289692800001,
        0.8918208152800001,
        0.8714584642800001,
        0.8882520582800001,
        0.8952111272800001,
        0.8889732582800001,
        0.87842187128,
        0.8821022942800001,
        0.8974473832800001,
        0.9007713942800001,
        0.8905521302800001,
        0.8785709652800001,
        0.8932649012800001,
        0.9006744952800001
      ],
      "exit_codes": [
        0,
        0,
        0,
        0,
        0,
        0,
        0,
        0,
        0,
        0,
        0,
        0,
        0,
        0,
        0,
        0,
        0,
        0,
        0,
        0
      ]
    }
  ]
}
