{
  "results": [
    {
      "command": "./bin/CameronAavik/aot/1brc ./inputs/measurements.txt",
      "mean": 2.5362937426700003,
      "stddev": 0.017966004932607808,
      "median": 2.53708486442,
      "user": 12.59475179,
      "system": 0.6427049499999998,
      "min": 2.5080825359200003,
      "max": 2.5706321609200002,
      "times": [
        2.54939501692,
        2.52937934992,
        2.5706321609200002,
        2.5152614099200004,
        2.52400036592,
        2.5080825359200003,
        2.5509920759200004,
        2.51994645192,
        2.56805693692,
        2.54056596892,
        2.56125740592,
        2.52016537792,
        2.53360375992,
        2.5449152439200002,
        2.5434699709200004,
        2.51914457192,
        2.5415862809200003,
        2.5425000839200003,
        2.5185167839200004,
        2.5244031009200003
      ],
      "exit_codes": [
        0,
        0,
        0,
        0,
        0,
        0,
        0,
        0,
        0,
        0,
        0,
        0,
        0,
        0,
        0,
        0,
        0,
        0,
        0,
        0
      ]
    }
  ]
}
