{
  "results": [
    {
      "command": "./bin/dzaima/aot/1brc ./inputs/measurements.txt",
      "mean": 1.92093671539,
      "stddev": 0.013149846484381564,
      "median": 1.91906783084,
      "user": 13.721278809999998,
      "system": 0.66451587,
      "min": 1.8939500338400002,
      "max": 1.9624698098400002,
      "times": [
        1.9147879088400002,
        1.92179385484,
        1.91850135784,
        1.93679570584,
        1.9624698098400002,
        1.91312937784,
        1.9190406748400002,
        1.91854896284,
        1.9149295008400002,
        1.9208115808400001,
        1.8939500338400002,
        1.9178751848400002,
        1.9323409978400001,
        1.9204465888400002,
        1.91909498684,
        1.9215072728400002,
        1.92694275084,
        1.9229106778400002,
        1.90569837684,
        1.9171587028400001
      ],
      "exit_codes": [
        0,
        0,
        0,
        0,
        0,
        0,
        0,
        0,
        0,
        0,
        0,
        0,
        0,
        0,
        0,
        0,
        0,
        0,
        0,
        0
      ]
    }
  ]
}
