{
  "results": [
    {
      "command": "./bin/dzaima/aot/1brc ./inputs/measurements.txt",
      "mean": 1.8507716629600004,
      "stddev": 0.007786001414511372,
      "median": 1.84927708586,
      "user": 13.45605077,
      "system": 0.6540201699999999,
      "min": 1.8302133493600001,
      "max": 1.87131023936,
      "times": [
        1.84838246036,
        1.85870534536,
        1.8561743183600001,
        1.8474470873600002,
        1.8554252203600001,
        1.85396012136,
        1.85286684736,
        1.84825005536,
        1.8461735163600002,
        1.8545755943600002,
        1.84895315936,
        1.84959578836,
        1.84839257136,
        1.85121475736,
        1.8414903603600001,
        1.84895838336,
        1.87131023936,
        1.8486172843600002,
        1.85472679936,
        1.8302133493600001
      ],
      "exit_codes": [
        0,
        0,
        0,
        0,
        0,
        0,
        0,
        0,
        0,
        0,
        0,
        0,
        0,
        0,
        0,
        0,
        0,
        0,
        0,
        0
      ]
    }
  ]
}
