{
  "results": [
    {
      "command": "./bin/dzaima/aot/1brc ./inputs/measurements.txt",
      "mean": 1.85290386743,
      "stddev": 0.010555575224981953,
      "median": 1.8535978368800001,
      "user": 13.441298799999995,
      "system": 0.67333782,
      "min": 1.82936167138,
      "max": 1.8785336833800002,
      "times": [
        1.8470634923800002,
        1.86058144338,
        1.83929319038,
        1.85711358938,
        1.8547268623800002,
        1.84848157738,
        1.8785336833800002,
        1.82936167138,
        1.84715844138,
        1.8544440043800001,
        1.84838256838,
        1.8597644633800001,
        1.8586855123800001,
        1.8562077113800002,
        1.8458489403800002,
        1.8552685163800002,
        1.8704766623800002,
        1.84538106738,
        1.84855228138,
        1.8527516693800001
      ],
      "exit_codes": [
        0,
        0,
        0,
        0,
        0,
        0,
        0,
        0,
        0,
        0,
        0,
        0,
        0,
        0,
        0,
        0,
        0,
        0,
        0,
        0
      ]
    }
  ]
}
