{
  "results": [
    {
      "command": "./bin/dzaima/aot/1brc ./inputs/measurements.txt",
      "mean": 2.4527063458300007,
      "stddev": 0.02727659229041424,
      "median": 2.45029717388,
      "user": 15.628736669999999,
      "system": 0.8541860000000001,
      "min": 2.41488411538,
      "max": 2.5264108153800002,
      "times": [
        2.4518070513800003,
        2.4530978993800003,
        2.44284873938,
        2.4389354353800003,
        2.42036861938,
        2.41488411538,
        2.4539077703800003,
        2.43186558438,
        2.47976631738,
        2.4678460813800003,
        2.46222710738,
        2.45910857338,
        2.4288504153800003,
        2.50613113738,
        2.4487872963800004,
        2.42357032038,
        2.45336574838,
        2.4473544083800003,
        2.44299348038,
        2.5264108153800002
      ],
      "exit_codes": [
        0,
        0,
        0,
        0,
        0,
        0,
        0,
        0,
        0,
        0,
        0,
        0,
        0,
        0,
        0,
        0,
        0,
        0,
        0,
        0
      ]
    }
  ]
}
