{
  "results": [
    {
      "command": "./bin/dzaima/aot/1brc ./inputs/measurements.txt",
      "mean": 1.8606756154200004,
      "stddev": 0.023067181614931355,
      "median": 1.8560127023200002,
      "user": 13.55406098,
      "system": 0.6696543999999998,
      "min": 1.83940904732,
      "max": 1.95077376132,
      "times": [
        1.86777225932,
        1.95077376132,
        1.8539199503200001,
        1.87762049932,
        1.86778773432,
        1.85773520432,
        1.8572850913199999,
        1.86487293032,
        1.83940904732,
        1.85907131832,
        1.85711062732,
        1.85491477732,
        1.85271455332,
        1.84976481332,
        1.8634205153199999,
        1.84994156032,
        1.8471229633200001,
        1.84575611632,
        1.8485268743199998,
        1.84799171132
      ],
      "exit_codes": [
        0,
        0,
        0,
        0,
        0,
        0,
        0,
        0,
        0,
        0,
        0,
        0,
        0,
        0,
        0,
        0,
        0,
        0,
        0,
        0
      ]
    }
  ]
}
