{
  "results": [
    {
      "command": "./bin/dzaima/aot/1brc ./inputs/measurements.txt",
      "mean": 1.8496547687699998,
      "stddev": 0.009315697556684198,
      "median": 1.85016213052,
      "user": 13.439518239999998,
      "system": 0.6630868299999999,
      "min": 1.82581908252,
      "max": 1.87066432152,
      "times": [
        1.8513854055199999,
        1.84703951952,
        1.84939116352,
        1.87066432152,
        1.8532492785199999,
        1.83306773852,
        1.85190618152,
        1.85093309752,
        1.84643010652,
        1.84680418652,
        1.82581908252,
        1.8581224675199999,
        1.85333008652,
        1.84735090652,
        1.84695648352,
        1.84222876552,
        1.85668795352,
        1.85745618752,
        1.85663913952,
        1.8476333035199999
      ],
      "exit_codes": [
        0,
        0,
        0,
        0,
        0,
        0,
        0,
        0,
        0,
        0,
        0,
        0,
        0,
        0,
        0,
        0,
        0,
        0,
        0,
        0
      ]
    }
  ]
}
