{
  "results": [
    {
      "command": "./bin/dzaima/aot/1brc ./inputs/measurements.txt",
      "mean": 1.84988636264,
      "stddev": 0.010353823389465595,
      "median": 1.8530750667400002,
      "user": 13.444267050000002,
      "system": 0.6672116100000001,
      "min": 1.82550944324,
      "max": 1.8616622362400002,
      "times": [
        1.85312244724,
        1.8540790602400001,
        1.8569661292400002,
        1.8530276862400001,
        1.8555408942400002,
        1.8484929352400001,
        1.85689220224,
        1.86002565824,
        1.85000624124,
        1.8591429612400001,
        1.8328664092400002,
        1.84763215624,
        1.82550944324,
        1.84605331724,
        1.8549573002400002,
        1.8264275412400002,
        1.8529275462400001,
        1.85600442924,
        1.8616622362400002,
        1.8463906582400003
      ],
      "exit_codes": [
        0,
        0,
        0,
        0,
        0,
        0,
        0,
        0,
        0,
        0,
        0,
        0,
        0,
        0,
        0,
        0,
        0,
        0,
        0,
        0
      ]
    }
  ]
}
