{
  "results": [
    {
      "command": "./bin/dzaima/aot/1brc ./inputs/measurements.txt",
      "mean": 2.7332245087400002,
      "stddev": 0.05003516813291015,
      "median": 2.72704929154,
      "user": 13.38596335,
      "system": 0.6574417300000001,
      "min": 2.63183182204,
      "max": 2.82095154604,
      "times": [
        2.81910062204,
        2.71799713304,
        2.7359508320400003,
        2.66701356404,
        2.7712430550400002,
        2.72687528204,
        2.81891456704,
        2.7315359910400003,
        2.66456729304,
        2.71823648704,
        2.74481712104,
        2.82095154604,
        2.71685070804,
        2.70992070404,
        2.7139809440400002,
        2.71352104004,
        2.63183182204,
        2.73513938504,
        2.72722330104,
        2.77881877704
      ],
      "exit_codes": [
        0,
        0,
        0,
        0,
        0,
        0,
        0,
        0,
        0,
        0,
        0,
        0,
        0,
        0,
        0,
        0,
        0,
        0,
        0,
        0
      ]
    }
  ]
}
