{
  "results": [
    {
      "command": "./calculate_average_jerrinot.sh",
      "mean": 0.47570454522,
      "stddev": 0.004708223224305193,
      "median": 0.47450723492,
      "user": 0.00305807,
      "system": 0.0023956980000000004,
      "min": 0.46865089792000003,
      "max": 0.48495499292000005,
      "times": [
        0.47502465592000004,
        0.47287151492000007,
        0.47980043492,
        0.48364717992000006,
        0.47005628592000004,
        0.47409545592,
        0.48084798292,
        0.47113720992,
        0.48107757292000003,
        0.47266990192,
        0.47170759592000006,
        0.48495499292000005,
        0.47900728392,
        0.47117629092,
        0.47429760092000006,
        0.47241130392,
        0.47471686892000003,
        0.47972577892000007,
        0.47621409492000005,
        0.46865089792000003
      ],
      "exit_codes": [
        0,
        0,
        0,
        0,
        0,
        0,
        0,
        0,
        0,
        0,
        0,
        0,
        0,
        0,
        0,
        0,
        0,
        0,
        0,
        0
      ]
    }
  ]
}
