{
  "results": [
    {
      "command": "./calculate_average_jerrinot.sh",
      "mean": 0.7730907332700001,
      "stddev": 0.0034886530698452507,
      "median": 0.7734916054200001,
      "user": 0.0032092299999999995,
      "system": 0.002148462,
      "min": 0.7668264314200001,
      "max": 0.77949541542,
      "times": [
        0.77703988542,
        0.7703882884200001,
        0.77714020442,
        0.77347054342,
        0.7668264314200001,
        0.77351266742,
        0.77949541542,
        0.77235972342,
        0.77377448242,
        0.77563342442,
        0.77608223442,
        0.76910806042,
        0.77234392442,
        0.76797501542,
        0.77388704442,
        0.7701314474200001,
        0.77164906642,
        0.76859201442,
        0.77700329942,
        0.77540149242
      ],
      "exit_codes": [
        0,
        0,
        0,
        0,
        0,
        0,
        0,
        0,
        0,
        0,
        0,
        0,
        0,
        0,
        0,
        0,
        0,
        0,
        0,
        0
      ]
    }
  ]
}
