{
  "results": [
    {
      "command": "./calculate_average_jerrinot.sh",
      "mean": 1.75660342644,
      "stddev": 0.006809126280886128,
      "median": 1.75496325614,
      "user": 0.00375071,
      "system": 0.001639728,
      "min": 1.7453995011399999,
      "max": 1.76780709014,
      "times": [
        1.75602702314,
        1.75380462914,
        1.76010372314,
        1.75389948914,
        1.7537775551399999,
        1.76780709014,
        1.76443434214,
        1.75313087614,
        1.74883224314,
        1.7453995011399999,
        1.76189720514,
        1.74819091614,
        1.75062944714,
        1.76722722114,
        1.74766149714,
        1.76399919514,
        1.75728465014,
        1.76331923214,
        1.7533349971399999,
        1.76130769514
      ],
      "exit_codes": [
        0,
        0,
        0,
        0,
        0,
        0,
        0,
        0,
        0,
        0,
        0,
        0,
        0,
        0,
        0,
        0,
        0,
        0,
        0,
        0
      ]
    }
  ]
}
