{
  "results": [
    {
      "command": "./calculate_average_jerrinot.sh",
      "mean": 0.9015805816600002,
      "stddev": 0.0030263968215320796,
      "median": 0.9017503682600001,
      "user": 0.0034335700000000004,
      "system": 0.0019552279999999994,
      "min": 0.8965160217600001,
      "max": 0.9067998877600001,
      "times": [
        0.90359788376,
        0.8973801917600001,
        0.8986959117600001,
        0.90069509676,
        0.9065016907600001,
        0.89993537976,
        0.89799109176,
        0.9023013387600001,
        0.9038048697600001,
        0.9067998877600001,
        0.9025427117600001,
        0.8965160217600001,
        0.90613831576,
        0.8997606247600001,
        0.9011993977600001,
        0.9026151347600001,
        0.8990480577600001,
        0.8992664677600001,
        0.9029963817600001,
        0.9038251767600001
      ],
      "exit_codes": [
        0,
        0,
        0,
        0,
        0,
        0,
        0,
        0,
        0,
        0,
        0,
        0,
        0,
        0,
        0,
        0,
        0,
        0,
        0,
        0
      ]
    }
  ]
}
