{
  "results": [
    {
      "command": "./calculate_average_jerrinot.sh",
      "mean": 0.2707922877400001,
      "stddev": 0.002425760772985276,
      "median": 0.27120724003999996,
      "user": 0.00317131,
      "system": 0.0027352389999999996,
      "min": 0.26543117904,
      "max": 0.27572921904000003,
      "times": [
        0.27173419204,
        0.27195683004,
        0.27365466504,
        0.27572921904000003,
        0.27313868104,
        0.27294361504000003,
        0.27238642604,
        0.26900138404,
        0.26920489504,
        0.27171572204,
        0.27136996704,
        0.27104451304,
        0.27280910304,
        0.26955654804,
        0.26748247704,
        0.26969102004,
        0.26957984404,
        0.26812659604,
        0.26543117904,
        0.26928887804
      ],
      "exit_codes": [
        0,
        0,
        0,
        0,
        0,
        0,
        0,
        0,
        0,
        0,
        0,
        0,
        0,
        0,
        0,
        0,
        0,
        0,
        0,
        0
      ]
    }
  ]
}
