{
  "results": [
    {
      "command": "./calculate_average_jerrinot.sh",
      "mean": 0.24686635481000002,
      "stddev": 0.003343419578466704,
      "median": 0.24626257276000002,
      "user": 0.00389636,
      "system": 0.0020009319999999995,
      "min": 0.24028555026,
      "max": 0.25300577526,
      "times": [
        0.24611272126,
        0.24028555026,
        0.25086485526,
        0.24768349926,
        0.25300577526,
        0.24649071326,
        0.24900562726,
        0.24641242426,
        0.24203969126,
        0.24492309326,
        0.24918042626,
        0.24435299126,
        0.24534055226,
        0.25141192926,
        0.24451236926,
        0.24338409026,
        0.24862789826,
        0.24597236326,
        0.25185923126,
        0.24586129426
      ],
      "exit_codes": [
        0,
        0,
        0,
        0,
        0,
        0,
        0,
        0,
        0,
        0,
        0,
        0,
        0,
        0,
        0,
        0,
        0,
        0,
        0,
        0
      ]
    }
  ]
}
