{
  "results": [
    {
      "command": "./calculate_average_jerrinot.sh",
      "mean": 1.51059511314,
      "stddev": 0.005355905691610277,
      "median": 1.51094603724,
      "user": 0.00239664,
      "system": 0.00301464,
      "min": 1.49911353824,
      "max": 1.52228635224,
      "times": [
        1.50884495124,
        1.50846662724,
        1.51086201924,
        1.51510049924,
        1.49911353824,
        1.51103005524,
        1.51234525724,
        1.51410833224,
        1.50931108724,
        1.52228635224,
        1.51354853524,
        1.50957172424,
        1.51448054924,
        1.51300639624,
        1.50312468024,
        1.5101687202399998,
        1.51743761424,
        1.51166884024,
        1.50469994324,
        1.5027265402399999
      ],
      "exit_codes": [
        0,
        0,
        0,
        0,
        0,
        0,
        0,
        0,
        0,
        0,
        0,
        0,
        0,
        0,
        0,
        0,
        0,
        0,
        0,
        0
      ]
    }
  ]
}
