{
  "results": [
    {
      "command": "./calculate_average_jerrinot.sh",
      "mean": 0.41230295888000007,
      "stddev": 0.0048770569647319986,
      "median": 0.41338738568,
      "user": 0.0027237599999999995,
      "system": 0.002776896,
      "min": 0.40078655068,
      "max": 0.41998972468,
      "times": [
        0.40246633468000004,
        0.40575193468000004,
        0.40078655068,
        0.40903799568000004,
        0.41499958568000006,
        0.41555686368000005,
        0.41421108768000003,
        0.41627611668000003,
        0.41284369268000004,
        0.41702163168000006,
        0.41414199668,
        0.40893731368,
        0.41268034568000006,
        0.41004088268000005,
        0.41588402268,
        0.41257757068000006,
        0.41390787968000003,
        0.41998972468,
        0.41608075568,
        0.41286689168
      ],
      "exit_codes": [
        0,
        0,
        0,
        0,
        0,
        0,
        0,
        0,
        0,
        0,
        0,
        0,
        0,
        0,
        0,
        0,
        0,
        0,
        0,
        0
      ]
    }
  ]
}
