{
  "results": [
    {
      "command": "./bin/kpocza/aot/1brc ./inputs/measurements.txt",
      "mean": 0.5218476624000001,
      "stddev": 0.005300464929225954,
      "median": 0.520384554,
      "user": 25.474427150000004,
      "system": 0.9927585599999998,
      "min": 0.5136726130000001,
      "max": 0.5331860220000001,
      "times": [
        0.519161116,
        0.52940379,
        0.5210211100000001,
        0.519483255,
        0.5254447640000001,
        0.52318043,
        0.5244555740000001,
        0.5185691920000001,
        0.5288248500000001,
        0.5205027790000001,
        0.5148027550000001,
        0.5171529140000001,
        0.5248635370000001,
        0.5198061540000001,
        0.518132212,
        0.5289520520000001,
        0.5160718000000001,
        0.5136726130000001,
        0.520266329,
        0.5331860220000001
      ],
      "exit_codes": [
        0,
        0,
        0,
        0,
        0,
        0,
        0,
        0,
        0,
        0,
        0,
        0,
        0,
        0,
        0,
        0,
        0,
        0,
        0,
        0
      ]
    }
  ]
}
