{
  "results": [
    {
      "command": "./bin/kpocza/aot/1brc ./inputs/measurements.txt",
      "mean": 0.76744186938,
      "stddev": 0.00592125065452359,
      "median": 0.76566153658,
      "user": 25.82044830000001,
      "system": 0.8213465,
      "min": 0.76172971408,
      "max": 0.78426828508,
      "times": [
        0.77591874608,
        0.77005062808,
        0.76552467108,
        0.76629753908,
        0.76579840208,
        0.76271203408,
        0.76720547608,
        0.76172971408,
        0.77464217308,
        0.76335111208,
        0.76225245608,
        0.76421160808,
        0.76714323208,
        0.76498518608,
        0.76328865008,
        0.76328764308,
        0.76705948108,
        0.77611172408,
        0.76299862608,
        0.78426828508
      ],
      "exit_codes": [
        0,
        0,
        0,
        0,
        0,
        0,
        0,
        0,
        0,
        0,
        0,
        0,
        0,
        0,
        0,
        0,
        0,
        0,
        0,
        0
      ]
    }
  ]
}
