{
  "results": [
    {
      "command": "./bin/kpocza/aot/1brc ./inputs/measurements.txt",
      "mean": 2.94841502863,
      "stddev": 0.004638038430368075,
      "median": 2.94667714558,
      "user": 16.11078977,
      "system": 0.5951982299999999,
      "min": 2.94332203008,
      "max": 2.95945965208,
      "times": [
        2.95945965208,
        2.94562723508,
        2.9566769600800002,
        2.94646832908,
        2.94824716008,
        2.94332203008,
        2.94674437708,
        2.9452354610800002,
        2.94724109208,
        2.95350898208,
        2.95255557608,
        2.9451869090800002,
        2.94813909708,
        2.94880492008,
        2.94576464808,
        2.94352952308,
        2.95563592708,
        2.94497161608,
        2.94660991408,
        2.94457116308
      ],
      "exit_codes": [
        0,
        0,
        0,
        0,
        0,
        0,
        0,
        0,
        0,
        0,
        0,
        0,
        0,
        0,
        0,
        0,
        0,
        0,
        0,
        0
      ]
    }
  ]
}
