{
  "results": [
    {
      "command": "./bin/kpocza/aot/1brc ./inputs/measurements.txt",
      "mean": 2.41862595614,
      "stddev": 0.01452114446300535,
      "median": 2.41596984264,
      "user": 25.735483950000003,
      "system": 0.7472346700000001,
      "min": 2.38958400964,
      "max": 2.4435352736400002,
      "times": [
        2.41931130464,
        2.41520367764,
        2.38958400964,
        2.44292864364,
        2.42728961564,
        2.40769675564,
        2.40299964464,
        2.44191355164,
        2.43756028164,
        2.4208844966400003,
        2.41312695364,
        2.42505071964,
        2.42312286564,
        2.41673600764,
        2.41340276164,
        2.40407322464,
        2.40835728564,
        2.4435352736400002,
        2.41086361964,
        2.40887842964
      ],
      "exit_codes": [
        0,
        0,
        0,
        0,
        0,
        0,
        0,
        0,
        0,
        0,
        0,
        0,
        0,
        0,
        0,
        0,
        0,
        0,
        0,
        0
      ]
    }
  ]
}
