{
  "results": [
    {
      "command": "./bin/kpocza/aot/1brc ./inputs/measurements.txt",
      "mean": 0.9019767564200001,
      "stddev": 0.012411846222802933,
      "median": 0.8986560886200001,
      "user": 16.194968579999998,
      "system": 0.5863074299999999,
      "min": 0.8928518006200001,
      "max": 0.9494929196200002,
      "times": [
        0.9074618516200001,
        0.8991855836200001,
        0.8949736956200001,
        0.9007256016200001,
        0.8985214866200001,
        0.8993356546200001,
        0.9181555486200002,
        0.8968588126200001,
        0.8987733446200001,
        0.8980768116200001,
        0.8975944156200001,
        0.8986852316200001,
        0.9494929196200002,
        0.9020492176200001,
        0.8986269456200001,
        0.8979876506200001,
        0.8928518006200001,
        0.8944713096200001,
        0.9008239586200001,
        0.8948832876200001
      ],
      "exit_codes": [
        0,
        0,
        0,
        0,
        0,
        0,
        0,
        0,
        0,
        0,
        0,
        0,
        0,
        0,
        0,
        0,
        0,
        0,
        0,
        0
      ]
    }
  ]
}
