{
  "results": [
    {
      "command": "./bin/kpocza/aot/1brc ./inputs/measurements.txt",
      "mean": 0.5738569107499999,
      "stddev": 0.010600955247279095,
      "median": 0.5687056585000001,
      "user": 16.37379196,
      "system": 0.73075077,
      "min": 0.563771525,
      "max": 0.599003508,
      "times": [
        0.574222747,
        0.585771527,
        0.568324202,
        0.567699869,
        0.58748182,
        0.568408266,
        0.569003051,
        0.569236867,
        0.566782066,
        0.597978165,
        0.563771525,
        0.581472048,
        0.5702089340000001,
        0.567489141,
        0.566602166,
        0.566366276,
        0.599003508,
        0.567446597,
        0.568205449,
        0.571663991
      ],
      "exit_codes": [
        0,
        0,
        0,
        0,
        0,
        0,
        0,
        0,
        0,
        0,
        0,
        0,
        0,
        0,
        0,
        0,
        0,
        0,
        0,
        0
      ]
    }
  ]
}
