{
  "results": [
    {
      "command": "./bin/kpocza/aot/1brc ./inputs/measurements.txt",
      "mean": 1.32065529795,
      "stddev": 0.0332644071602419,
      "median": 1.3170044641,
      "user": 25.662193229999996,
      "system": 0.7767148500000001,
      "min": 1.3012436746,
      "max": 1.4573225906,
      "times": [
        1.3171279476,
        1.3224702266000001,
        1.3245966966,
        1.4573225906,
        1.3012436746,
        1.3014434166000002,
        1.3076252286,
        1.3150074856,
        1.3073590456000002,
        1.3081380176000001,
        1.3214601476,
        1.3224022986000001,
        1.3194637986000002,
        1.3022772876,
        1.3168809806000001,
        1.3201236516000001,
        1.3203913726,
        1.3014729946,
        1.3230367316,
        1.3032623656
      ],
      "exit_codes": [
        0,
        0,
        0,
        0,
        0,
        0,
        0,
        0,
        0,
        0,
        0,
        0,
        0,
        0,
        0,
        0,
        0,
        0,
        0,
        0
      ]
    }
  ]
}
