{
  "results": [
    {
      "command": "./bin/kpocza/aot/1brc ./inputs/measurements.txt",
      "mean": 1.58492688112,
      "stddev": 0.002203242193978528,
      "median": 1.58462442532,
      "user": 16.18187575,
      "system": 0.57691998,
      "min": 1.58204042032,
      "max": 1.59098334532,
      "times": [
        1.58461156632,
        1.58321532432,
        1.58267717332,
        1.5832889493200002,
        1.58369846132,
        1.59098334532,
        1.58667221032,
        1.58642418032,
        1.58578172632,
        1.58463728432,
        1.5824375743199999,
        1.5862389213199999,
        1.58611630032,
        1.58636128632,
        1.58375705832,
        1.5849787773200001,
        1.58204042032,
        1.58806727632,
        1.58388829932,
        1.58266148732
      ],
      "exit_codes": [
        0,
        0,
        0,
        0,
        0,
        0,
        0,
        0,
        0,
        0,
        0,
        0,
        0,
        0,
        0,
        0,
        0,
        0,
        0,
        0
      ]
    }
  ]
}
