{
  "results": [
    {
      "command": "./bin/lehuyduc/aot/1brc ./inputs/measurements.txt",
      "mean": 0.58773785566,
      "stddev": 0.0253706288744443,
      "median": 0.5814016771599999,
      "user": 0.0010978800000000003,
      "system": 0.000335963,
      "min": 0.55911044816,
      "max": 0.62691870316,
      "times": [
        0.62299114116,
        0.60832579916,
        0.56518804716,
        0.56151644716,
        0.56541688516,
        0.56351306016,
        0.60944250416,
        0.59806734016,
        0.56972587016,
        0.56464784816,
        0.61248626716,
        0.60774644616,
        0.56686862116,
        0.59307748416,
        0.62201088116,
        0.56657777116,
        0.62691870316,
        0.55926472916,
        0.61186081916,
        0.55911044816
      ],
      "exit_codes": [
        0,
        0,
        0,
        0,
        0,
        0,
        0,
        0,
        0,
        0,
        0,
        0,
        0,
        0,
        0,
        0,
        0,
        0,
        0,
        0
      ]
    }
  ]
}
