{
  "results": [
    {
      "command": "./bin/lehuyduc/aot/1brc ./inputs/measurements.txt",
      "mean": 0.7847565215600001,
      "stddev": 0.021992850426819335,
      "median": 0.7775204048600001,
      "user": 0.0013593699999999997,
      "system": 0.00015273400000000002,
      "min": 0.7689884858600001,
      "max": 0.84346352286,
      "times": [
        0.84321474886,
        0.7829379768600001,
        0.84346352286,
        0.7889211368600001,
        0.7900593978600001,
        0.76936641386,
        0.77069897486,
        0.7693276318600001,
        0.7917580338600001,
        0.7689884858600001,
        0.77210283286,
        0.7845678758600001,
        0.7712472058600001,
        0.78407317886,
        0.79206097486,
        0.7693489438600001,
        0.7721027848600001,
        0.76924163186,
        0.7918148288600001,
        0.76983384986
      ],
      "exit_codes": [
        0,
        0,
        0,
        0,
        0,
        0,
        0,
        0,
        0,
        0,
        0,
        0,
        0,
        0,
        0,
        0,
        0,
        0,
        0,
        0
      ]
    }
  ]
}
