{
  "results": [
    {
      "command": "./bin/lehuyduc/aot/1brc ./inputs/measurements.txt",
      "mean": 0.34454846544000006,
      "stddev": 0.011553537298790951,
      "median": 0.34408965394,
      "user": 0.0014086900000000002,
      "system": 0.00012388299999999998,
      "min": 0.32395783144,
      "max": 0.37000892143999997,
      "times": [
        0.34784935544,
        0.32941333244,
        0.34001957544,
        0.34619137744,
        0.33619692944,
        0.33171369344,
        0.36439301444,
        0.33563004143999997,
        0.34145681644,
        0.35829021044,
        0.37000892143999997,
        0.34536917844,
        0.34755510344,
        0.35462146744,
        0.32395783144,
        0.34114100944,
        0.34479580144,
        0.33526120544,
        0.35372093744,
        0.34338350644
      ],
      "exit_codes": [
        0,
        0,
        0,
        0,
        0,
        0,
        0,
        0,
        0,
        0,
        0,
        0,
        0,
        0,
        0,
        0,
        0,
        0,
        0,
        0
      ]
    }
  ]
}
