{
  "results": [
    {
      "command": "./bin/lehuyduc/aot/1brc ./inputs/measurements.txt",
      "mean": 0.30529460334999997,
      "stddev": 0.023995546739769776,
      "median": 0.3017880095,
      "user": 0.00129184,
      "system": 0.0004071179999999999,
      "min": 0.2742343545,
      "max": 0.3526862075,
      "times": [
        0.2800519725,
        0.2909777425,
        0.3372568845,
        0.2973360785,
        0.3496379665,
        0.3526862075,
        0.3104955685,
        0.3310417295,
        0.2742343545,
        0.3083661455,
        0.2965716665,
        0.2842322445,
        0.3020160295,
        0.2769279145,
        0.30417186350000003,
        0.3092124265,
        0.2814952255,
        0.3330958255,
        0.2845242315,
        0.3015599895
      ],
      "exit_codes": [
        0,
        0,
        0,
        0,
        0,
        0,
        0,
        0,
        0,
        0,
        0,
        0,
        0,
        0,
        0,
        0,
        0,
        0,
        0,
        0
      ]
    }
  ]
}
