{
  "results": [
    {
      "command": "./bin/lehuyduc/aot/1brc ./inputs/measurements.txt",
      "mean": 0.46126187960000015,
      "stddev": 0.010838739464562534,
      "median": 0.4579301211000001,
      "user": 0.0010623699999999998,
      "system": 0.0004098879999999999,
      "min": 0.44670020560000007,
      "max": 0.49752753060000005,
      "times": [
        0.4740042186,
        0.4556672506000001,
        0.45620212260000004,
        0.45863944360000003,
        0.4566866936,
        0.45816937460000007,
        0.45356344360000006,
        0.45670972660000003,
        0.45660287560000007,
        0.46801475260000003,
        0.49752753060000005,
        0.45769086760000005,
        0.45321215260000003,
        0.45547644760000006,
        0.44670020560000007,
        0.46446297960000005,
        0.45863807560000003,
        0.46489628660000004,
        0.47363786460000007,
        0.45873527960000005
      ],
      "exit_codes": [
        0,
        0,
        0,
        0,
        0,
        0,
        0,
        0,
        0,
        0,
        0,
        0,
        0,
        0,
        0,
        0,
        0,
        0,
        0,
        0
      ]
    }
  ]
}
