{
  "results": [
    {
      "command": "./bin/lehuyduc/aot/1brc ./inputs/measurements.txt",
      "mean": 1.4408060721800002,
      "stddev": 0.03133829602726629,
      "median": 1.4326894809800002,
      "user": 0.0009901799999999996,
      "system": 0.000551778,
      "min": 1.4029547289800002,
      "max": 1.5185192689800002,
      "times": [
        1.44413511698,
        1.4992891349800002,
        1.5185192689800002,
        1.42504575598,
        1.43225025798,
        1.41772126298,
        1.4033900749800001,
        1.44345226998,
        1.4029547289800002,
        1.4763746909800002,
        1.4281749509800001,
        1.4187181059800003,
        1.4077115469800001,
        1.41952907598,
        1.45991598798,
        1.4398053809800002,
        1.4331287039800003,
        1.4636433799800002,
        1.4178640389800001,
        1.4644977089800002
      ],
      "exit_codes": [
        0,
        0,
        0,
        0,
        0,
        0,
        0,
        0,
        0,
        0,
        0,
        0,
        0,
        0,
        0,
        0,
        0,
        0,
        0,
        0
      ]
    }
  ]
}
