{
  "results": [
    {
      "command": "./bin/lehuyduc/aot/1brc ./inputs/measurements.txt",
      "mean": 1.0103053769099999,
      "stddev": 0.014733812534758365,
      "median": 1.00562956946,
      "user": 0.0011579000000000003,
      "system": 0.000251983,
      "min": 0.9911233364600001,
      "max": 1.0502878334599999,
      "times": [
        1.02763602846,
        1.02800325046,
        1.0502878334599999,
        1.00482689846,
        1.00501678446,
        1.00596961146,
        1.00430420046,
        1.0407806044599999,
        1.00553339846,
        0.99934087946,
        1.00704333146,
        1.00405224746,
        1.00710358746,
        1.00761993646,
        0.99895695246,
        0.9911233364600001,
        1.00175947446,
        1.00897742046,
        1.00204602146,
        1.00572574046
      ],
      "exit_codes": [
        0,
        0,
        0,
        0,
        0,
        0,
        0,
        0,
        0,
        0,
        0,
        0,
        0,
        0,
        0,
        0,
        0,
        0,
        0,
        0
      ]
    }
  ]
}
