{
  "results": [
    {
      "command": "./bin/lehuyduc/aot/1brc ./inputs/measurements.txt",
      "mean": 1.96360565299,
      "stddev": 0.02537836344342567,
      "median": 1.95022954304,
      "user": 0.0013855599999999999,
      "system": 0.00013011099999999997,
      "min": 1.93619256404,
      "max": 2.00407065604,
      "times": [
        1.94551876104,
        1.9875546200399998,
        1.94591289404,
        1.94413436704,
        1.95192613804,
        1.95050837704,
        1.9523776850399999,
        1.9499507090400001,
        1.93619256404,
        1.9445648250399998,
        2.00407065604,
        1.94253310804,
        1.94411871704,
        1.99788384904,
        1.99813624804,
        1.94215446804,
        1.98818082804,
        1.9997240790399997,
        2.00093294504,
        1.9457372210400001
      ],
      "exit_codes": [
        0,
        0,
        0,
        0,
        0,
        0,
        0,
        0,
        0,
        0,
        0,
        0,
        0,
        0,
        0,
        0,
        0,
        0,
        0,
        0
      ]
    }
  ]
}
