{
  "results": [
    {
      "command": "./bin/mtopolnik-rs/aot/1brc ./inputs/measurements.txt",
      "mean": 1.53557270587,
      "stddev": 0.0007962988357776921,
      "median": 1.53548728162,
      "user": 15.58630483,
      "system": 0.62347164,
      "min": 1.5338830646200001,
      "max": 1.53669928662,
      "times": [
        1.53507956262,
        1.5351891186200002,
        1.53538257462,
        1.53652037962,
        1.53431761762,
        1.53531963862,
        1.53621008662,
        1.53626099662,
        1.5349850546200001,
        1.53460717162,
        1.53652070762,
        1.5338830646200001,
        1.53516071062,
        1.53559198862,
        1.53669928662,
        1.53638373062,
        1.5360274956200002,
        1.53633946662,
        1.53585273462,
        1.5351227306200002
      ],
      "exit_codes": [
        0,
        0,
        0,
        0,
        0,
        0,
        0,
        0,
        0,
        0,
        0,
        0,
        0,
        0,
        0,
        0,
        0,
        0,
        0,
        0
      ]
    }
  ]
}
