{
  "results": [
    {
      "command": "./calculate_average_mtopolnik.sh",
      "mean": 1.8996895719600004,
      "stddev": 0.019369689356881672,
      "median": 1.9017254600600002,
      "user": 0.00431157,
      "system": 0.0026309519999999998,
      "min": 1.87462091156,
      "max": 1.9477032875600002,
      "times": [
        1.9007309435600002,
        1.9477032875600002,
        1.9120356235600002,
        1.90271997656,
        1.9109814665600002,
        1.9380197485600001,
        1.89085172156,
        1.9039325635600002,
        1.8786776215600003,
        1.87517756856,
        1.90355410356,
        1.87462091156,
        1.8974277845600003,
        1.90405451356,
        1.8767335565600003,
        1.89349937056,
        1.87488108556,
        1.8976469835600003,
        1.9029734905600002,
        1.9075691175600002
      ],
      "exit_codes": [
        0,
        0,
        0,
        0,
        0,
        0,
        0,
        0,
        0,
        0,
        0,
        0,
        0,
        0,
        0,
        0,
        0,
        0,
        0,
        0
      ]
    }
  ]
}
