{
  "results": [
    {
      "command": "./calculate_average_mtopolnik.sh",
      "mean": 1.0386368682500002,
      "stddev": 0.016953583179612763,
      "median": 1.0412134482000002,
      "user": 0.00281786,
      "system": 0.00417565,
      "min": 1.0068449022000001,
      "max": 1.0725575172000001,
      "times": [
        1.0242960382,
        1.0273752092,
        1.0409518252,
        1.0427822642,
        1.0366701292,
        1.0337448102,
        1.0414750712,
        1.0137762032,
        1.0068449022000001,
        1.0446795602,
        1.0110325592,
        1.0474027252,
        1.0421834612,
        1.0408598832,
        1.0526199712,
        1.0490869292,
        1.0725575172000001,
        1.0247982172,
        1.0580812552,
        1.0615188332
      ],
      "exit_codes": [
        0,
        0,
        0,
        0,
        0,
        0,
        0,
        0,
        0,
        0,
        0,
        0,
        0,
        0,
        0,
        0,
        0,
        0,
        0,
        0
      ]
    }
  ]
}
