{
  "results": [
    {
      "command": "./calculate_average_mtopolnik.sh",
      "mean": 0.62424490941,
      "stddev": 0.014305570568105995,
      "median": 0.6272045444600001,
      "user": 0.004771578999999999,
      "system": 0.002247154,
      "min": 0.6009225624600001,
      "max": 0.64933258246,
      "times": [
        0.63130981346,
        0.63671474246,
        0.62240491446,
        0.6340783214600001,
        0.64933258246,
        0.60453018646,
        0.60153281646,
        0.62423249146,
        0.60690971546,
        0.6279096884600001,
        0.6017559394600001,
        0.62657374846,
        0.62081100046,
        0.6284761304600001,
        0.62783534046,
        0.6391236144600001,
        0.6009225624600001,
        0.6374199834600001,
        0.6397803794600001,
        0.6232442164600001
      ],
      "exit_codes": [
        0,
        0,
        0,
        0,
        0,
        0,
        0,
        0,
        0,
        0,
        0,
        0,
        0,
        0,
        0,
        0,
        0,
        0,
        0,
        0
      ]
    }
  ]
}
