{
  "results": [
    {
      "command": "./bin/mtopolnik-rs/aot/1brc ./inputs/measurements.txt",
      "mean": 2.8654911461,
      "stddev": 0.0018323982668685195,
      "median": 2.8657214852000004,
      "user": 15.578929400000002,
      "system": 0.5909808000000001,
      "min": 2.8595146962,
      "max": 2.8688061392,
      "times": [
        2.8657912712000004,
        2.8645568312000003,
        2.8655930482000005,
        2.8665119662000005,
        2.8657257152000004,
        2.8658394582000004,
        2.8643277532,
        2.8656906552000003,
        2.8663546692,
        2.8676810112,
        2.8595146962,
        2.8655100882,
        2.8688061392,
        2.8657172552000003,
        2.8669942692,
        2.8643427382000004,
        2.8660592552,
        2.8663687252000005,
        2.8641898122000002,
        2.8642475642000003
      ],
      "exit_codes": [
        0,
        0,
        0,
        0,
        0,
        0,
        0,
        0,
        0,
        0,
        0,
        0,
        0,
        0,
        0,
        0,
        0,
        0,
        0,
        0
      ]
    }
  ]
}
