{
  "results": [
    {
      "command": "./bin/mtopolnik-rs/aot/1brc ./inputs/measurements.txt",
      "mean": 0.8758705936600002,
      "stddev": 0.0011326801601729605,
      "median": 0.8756609601600001,
      "user": 15.567046300000001,
      "system": 0.7374050499999998,
      "min": 0.87440135716,
      "max": 0.8780119241600001,
      "times": [
        0.8768084971600001,
        0.87440135716,
        0.8767753701600001,
        0.87515129516,
        0.8756081561600001,
        0.8749312811600001,
        0.87468464816,
        0.8773374501600001,
        0.87654421816,
        0.87704784116,
        0.87644119616,
        0.87456768716,
        0.8744577561600001,
        0.8764995601600001,
        0.8752725061600001,
        0.87571376416,
        0.8780119241600001,
        0.87728074716,
        0.8754596961600001,
        0.87441692116
      ],
      "exit_codes": [
        0,
        0,
        0,
        0,
        0,
        0,
        0,
        0,
        0,
        0,
        0,
        0,
        0,
        0,
        0,
        0,
        0,
        0,
        0,
        0
      ]
    }
  ]
}
