{
  "results": [
    {
      "command": "./bin/mtopolnik-rs/aot/1brc ./inputs/measurements.txt",
      "mean": 0.8643122671000001,
      "stddev": 0.0008654793934428444,
      "median": 0.8642648905000001,
      "user": 29.918480819999992,
      "system": 1.3297794499999998,
      "min": 0.8623245870000001,
      "max": 0.8658943820000001,
      "times": [
        0.863980449,
        0.8645988290000001,
        0.8641801160000001,
        0.8657326470000001,
        0.8633233920000001,
        0.8645365530000001,
        0.8646265380000001,
        0.8646132690000001,
        0.864123484,
        0.8631841580000001,
        0.8623245870000001,
        0.8647982830000001,
        0.8642011720000001,
        0.8636588820000001,
        0.8643286090000001,
        0.8643526480000001,
        0.8640621190000001,
        0.8658943820000001,
        0.863946261,
        0.8657789640000001
      ],
      "exit_codes": [
        0,
        0,
        0,
        0,
        0,
        0,
        0,
        0,
        0,
        0,
        0,
        0,
        0,
        0,
        0,
        0,
        0,
        0,
        0,
        0
      ]
    }
  ]
}
