{
  "results": [
    {
      "command": "./bin/mtopolnik-rs/aot/1brc ./inputs/measurements.txt",
      "mean": 0.5863745396100002,
      "stddev": 0.019202770353648164,
      "median": 0.57814671326,
      "user": 15.848285519999996,
      "system": 1.20004187,
      "min": 0.5711974802600001,
      "max": 0.6476865382600001,
      "times": [
        0.60467710626,
        0.58512264826,
        0.5711974802600001,
        0.5911110122600001,
        0.57276603126,
        0.5749184042600001,
        0.6233393462600001,
        0.5782695692600001,
        0.57538022726,
        0.5779257872600001,
        0.57802385726,
        0.58650725826,
        0.5728264012600001,
        0.5776555242600001,
        0.59602104826,
        0.57427682926,
        0.57604396026,
        0.58120299626,
        0.58253876626,
        0.6476865382600001
      ],
      "exit_codes": [
        0,
        0,
        0,
        0,
        0,
        0,
        0,
        0,
        0,
        0,
        0,
        0,
        0,
        0,
        0,
        0,
        0,
        0,
        0,
        0
      ]
    }
  ]
}
