{
  "results": [
    {
      "command": "./calculate_average_mtopolnik.sh",
      "mean": 0.4411314117100001,
      "stddev": 0.017329772779462422,
      "median": 0.44290101446,
      "user": 0.00285899,
      "system": 0.00455427,
      "min": 0.41470112546000004,
      "max": 0.49088444546000004,
      "times": [
        0.44020117446,
        0.42366154846000004,
        0.44266629346,
        0.45106202246000004,
        0.41819372946,
        0.41841295846000004,
        0.44625327246,
        0.44003479246000005,
        0.44684098446000003,
        0.44313573546,
        0.41470112546000004,
        0.45604321646,
        0.43722046346000004,
        0.44955181746,
        0.41836386946000004,
        0.49088444546000004,
        0.44945766246,
        0.43880763046000004,
        0.44675438346,
        0.45038110846
      ],
      "exit_codes": [
        0,
        0,
        0,
        0,
        0,
        0,
        0,
        0,
        0,
        0,
        0,
        0,
        0,
        0,
        0,
        0,
        0,
        0,
        0,
        0
      ]
    }
  ]
}
