{
  "results": [
    {
      "command": "./calculate_average_mtopolnik.sh",
      "mean": 0.73160609149,
      "stddev": 0.022945741486735786,
      "median": 0.73046003624,
      "user": 0.0042397,
      "system": 0.0027196369999999996,
      "min": 0.70253146274,
      "max": 0.79127533074,
      "times": [
        0.71893517074,
        0.75528255074,
        0.75152362774,
        0.79127533074,
        0.74615274974,
        0.75595004174,
        0.72951110174,
        0.73296295074,
        0.70817555774,
        0.73062164474,
        0.71016828774,
        0.71112978374,
        0.7045678587399999,
        0.70709382274,
        0.73029842774,
        0.70253146274,
        0.76019559374,
        0.72217281574,
        0.73118362474,
        0.73238942574
      ],
      "exit_codes": [
        0,
        0,
        0,
        0,
        0,
        0,
        0,
        0,
        0,
        0,
        0,
        0,
        0,
        0,
        0,
        0,
        0,
        0,
        0,
        0
      ]
    }
  ]
}
