{
  "results": [
    {
      "command": "./bin/mtopolnik-rs/aot/1brc ./inputs/measurements.txt",
      "mean": 2.7048968490499994,
      "stddev": 0.0033490225860950597,
      "median": 2.7047928868,
      "user": 29.360720369999996,
      "system": 0.89312107,
      "min": 2.6998722413,
      "max": 2.7112773133,
      "times": [
        2.7070669903,
        2.7031565783,
        2.7041312693,
        2.7054545043,
        2.6998722413,
        2.7020184523,
        2.7033943123,
        2.7067754553,
        2.7072213442999997,
        2.7081895893,
        2.7080933613,
        2.7084544853,
        2.7001336392999997,
        2.7002173103,
        2.7025598473,
        2.7112773133,
        2.7034430593,
        2.7065217693,
        2.7010723273,
        2.7088831313
      ],
      "exit_codes": [
        0,
        0,
        0,
        0,
        0,
        0,
        0,
        0,
        0,
        0,
        0,
        0,
        0,
        0,
        0,
        0,
        0,
        0,
        0,
        0
      ]
    }
  ]
}
