{
  "results": [
    {
      "command": "./bin/mtopolnik-rs/aot/1brc ./inputs/measurements.txt",
      "mean": 0.60921322664,
      "stddev": 0.009194515118131222,
      "median": 0.60674839114,
      "user": 29.43071238,
      "system": 2.7111484900000002,
      "min": 0.5968464576400001,
      "max": 0.6387599356400001,
      "times": [
        0.6011179896400001,
        0.60660810864,
        0.6387599356400001,
        0.60645612264,
        0.6093654846400001,
        0.5977929966400001,
        0.6104757496400001,
        0.6165709636400001,
        0.6039294026400001,
        0.6136019746400001,
        0.6129155516400001,
        0.5968464576400001,
        0.6043601106400001,
        0.6063127546400001,
        0.6068886736400001,
        0.6040448726400001,
        0.6158792656400001,
        0.6026981596400001,
        0.6103769896400001,
        0.6192629686400001
      ],
      "exit_codes": [
        0,
        0,
        0,
        0,
        0,
        0,
        0,
        0,
        0,
        0,
        0,
        0,
        0,
        0,
        0,
        0,
        0,
        0,
        0,
        0
      ]
    }
  ]
}
