{
  "results": [
    {
      "command": "./calculate_average_mtopolnik.sh",
      "mean": 0.47719383552000005,
      "stddev": 0.009367662027818779,
      "median": 0.47672240872000005,
      "user": 0.0038692600000000002,
      "system": 0.0035511930000000002,
      "min": 0.46378222372,
      "max": 0.49163479772,
      "times": [
        0.46378222372,
        0.46760269872,
        0.46603039072,
        0.47364631272,
        0.48239485672,
        0.48745833972,
        0.49163479772,
        0.46855474972,
        0.47491002772,
        0.46446272272,
        0.48273541272,
        0.48065757272,
        0.47853478972,
        0.48978671172,
        0.46917686072,
        0.46704474672,
        0.48638924972,
        0.48840101272,
        0.48646382972,
        0.47420940372
      ],
      "exit_codes": [
        0,
        0,
        0,
        0,
        0,
        0,
        0,
        0,
        0,
        0,
        0,
        0,
        0,
        0,
        0,
        0,
        0,
        0,
        0,
        0
      ]
    }
  ]
}
