{
  "results": [
    {
      "command": "./bin/mtopolnik-rs/aot/1brc ./inputs/measurements.txt",
      "mean": 1.4621504251700002,
      "stddev": 0.00241098081436408,
      "median": 1.4616363565200001,
      "user": 29.390841480000006,
      "system": 1.00077241,
      "min": 1.45958894102,
      "max": 1.4715983890200002,
      "times": [
        1.46197622902,
        1.46142016402,
        1.45958894102,
        1.4610353720200002,
        1.4638800950200002,
        1.4618517700200002,
        1.46088645302,
        1.46280339702,
        1.46225671202,
        1.46253796102,
        1.4614560060200001,
        1.46170582402,
        1.46159183602,
        1.46168087702,
        1.46131589802,
        1.4613178830200002,
        1.4715983890200002,
        1.46270761502,
        1.4602420470200002,
        1.4611550340200001
      ],
      "exit_codes": [
        0,
        0,
        0,
        0,
        0,
        0,
        0,
        0,
        0,
        0,
        0,
        0,
        0,
        0,
        0,
        0,
        0,
        0,
        0,
        0
      ]
    }
  ]
}
