{
  "results": [
    {
      "command": "./calculate_average_mtopolnik.sh",
      "mean": 2.45208758088,
      "stddev": 0.015101793293668375,
      "median": 2.44721616298,
      "user": 0.0038008099999999995,
      "system": 0.002662974,
      "min": 2.4341886069800003,
      "max": 2.50622222298,
      "times": [
        2.46240655898,
        2.4374777079800003,
        2.44397104798,
        2.4474881439800003,
        2.44719635398,
        2.45778998398,
        2.50622222298,
        2.44627696098,
        2.46436054198,
        2.44554664798,
        2.4445289469800002,
        2.4341886069800003,
        2.44723597198,
        2.44434319498,
        2.46033291698,
        2.44444524198,
        2.46102516398,
        2.44707350398,
        2.44765576898,
        2.4521861299800003
      ],
      "exit_codes": [
        0,
        0,
        0,
        0,
        0,
        0,
        0,
        0,
        0,
        0,
        0,
        0,
        0,
        0,
        0,
        0,
        0,
        0,
        0,
        0
      ]
    }
  ]
}
