{
  "results": [
    {
      "command": "./calculate_average_mtopolnik.sh",
      "mean": 1.2912411135400004,
      "stddev": 0.015559974853756814,
      "median": 1.28485391714,
      "user": 0.0036596699999999994,
      "system": 0.0031016159999999993,
      "min": 1.2786863196400002,
      "max": 1.3347286526400002,
      "times": [
        1.27902836564,
        1.28550306964,
        1.2808972676400001,
        1.2825227406400002,
        1.2895829326400001,
        1.3347286526400002,
        1.28805360264,
        1.32455299064,
        1.2797519196400002,
        1.2830102516400002,
        1.30195011464,
        1.28331267964,
        1.3048142526400002,
        1.3056675536400002,
        1.2864894256400001,
        1.28420476464,
        1.2786863196400002,
        1.28101586964,
        1.2906257496400002,
        1.28042374764
      ],
      "exit_codes": [
        0,
        0,
        0,
        0,
        0,
        0,
        0,
        0,
        0,
        0,
        0,
        0,
        0,
        0,
        0,
        0,
        0,
        0,
        0,
        0
      ]
    }
  ]
}
