{
  "results": [
    {
      "command": "./bin/nietras/aot/1brc ./inputs/measurements.txt",
      "mean": 0.46416518699000003,
      "stddev": 0.008299348264240966,
      "median": 0.46266381764,
      "user": 20.014883360000002,
      "system": 1.0038882900000001,
      "min": 0.45383338664,
      "max": 0.48799369464000003,
      "times": [
        0.48128364764,
        0.46573095364,
        0.45631277964,
        0.45606560164,
        0.46664579664,
        0.45842649164,
        0.45991739664000003,
        0.46133896764,
        0.46392839764,
        0.46054778164,
        0.45751536864000003,
        0.46139923764,
        0.46500582964,
        0.45383338664,
        0.45844442664,
        0.46611992264,
        0.46754575764,
        0.46970528564,
        0.46554301564,
        0.48799369464000003
      ],
      "exit_codes": [
        0,
        0,
        0,
        0,
        0,
        0,
        0,
        0,
        0,
        0,
        0,
        0,
        0,
        0,
        0,
        0,
        0,
        0,
        0,
        0
      ]
    }
  ]
}
