{
  "results": [
    {
      "command": "./bin/nietras/aot/1brc ./inputs/measurements.txt",
      "mean": 1.94332596729,
      "stddev": 0.013140966610026752,
      "median": 1.94070613494,
      "user": 20.20072071,
      "system": 0.7635155700000001,
      "min": 1.92546966594,
      "max": 1.9740961479399999,
      "times": [
        1.93029048294,
        1.95177477994,
        1.94207482294,
        1.9740961479399999,
        1.9364488929399999,
        1.95397557294,
        1.93113868094,
        1.95841513394,
        1.9400015829400001,
        1.96635987994,
        1.93094133194,
        1.92546966594,
        1.9334023809399998,
        1.95727306594,
        1.93655913794,
        1.93018257094,
        1.93842757394,
        1.94396815394,
        1.94430879994,
        1.94141068694
      ],
      "exit_codes": [
        0,
        0,
        0,
        0,
        0,
        0,
        0,
        0,
        0,
        0,
        0,
        0,
        0,
        0,
        0,
        0,
        0,
        0,
        0,
        0
      ]
    }
  ]
}
