{
  "results": [
    {
      "command": "./bin/nietras/aot/1brc ./inputs/measurements.txt",
      "mean": 0.82890673417,
      "stddev": 0.008792030620046994,
      "median": 0.82847145312,
      "user": 14.26939646,
      "system": 0.6025124199999999,
      "min": 0.81538888562,
      "max": 0.8518039566200001,
      "times": [
        0.83198034262,
        0.82604333062,
        0.83466989562,
        0.83591734062,
        0.83351946562,
        0.8184429226200001,
        0.82719404162,
        0.8518039566200001,
        0.82768035062,
        0.82583784762,
        0.8191155356200001,
        0.83802113962,
        0.81538888562,
        0.81983619762,
        0.81930575762,
        0.8357470396200001,
        0.82105721062,
        0.8292625556200001,
        0.83589411162,
        0.8314167556200001
      ],
      "exit_codes": [
        0,
        0,
        0,
        0,
        0,
        0,
        0,
        0,
        0,
        0,
        0,
        0,
        0,
        0,
        0,
        0,
        0,
        0,
        0,
        0
      ]
    }
  ]
}
