{
  "results": [
    {
      "command": "./bin/nietras/aot/1brc ./inputs/measurements.txt",
      "mean": 0.6464945785000001,
      "stddev": 0.006840864379019898,
      "median": 0.6444022184,
      "user": 20.241247040000005,
      "system": 0.76561038,
      "min": 0.6384096914000001,
      "max": 0.6700685234000001,
      "times": [
        0.6507776114000001,
        0.6477959134000001,
        0.6456148254000001,
        0.6484337134000001,
        0.6420533074000001,
        0.6384096914000001,
        0.6436302924000001,
        0.6476240374000001,
        0.6450044794,
        0.6424849184000001,
        0.6436545574000001,
        0.6430466374000001,
        0.6510928884000001,
        0.6552463184000001,
        0.6431262524000001,
        0.6700685234000001,
        0.6444714674,
        0.6435752224000001,
        0.6394479434000001,
        0.6443329694000001
      ],
      "exit_codes": [
        0,
        0,
        0,
        0,
        0,
        0,
        0,
        0,
        0,
        0,
        0,
        0,
        0,
        0,
        0,
        0,
        0,
        0,
        0,
        0
      ]
    }
  ]
}
