{
  "results": [
    {
      "command": "./bin/nietras/aot/1brc ./inputs/measurements.txt",
      "mean": 1.45515126019,
      "stddev": 0.02745186412231264,
      "median": 1.44688018574,
      "user": 14.268716949999998,
      "system": 0.59047781,
      "min": 1.42477147324,
      "max": 1.5415892462400003,
      "times": [
        1.46910200424,
        1.43599271324,
        1.4471043782400002,
        1.4316299572400002,
        1.5415892462400003,
        1.48724191024,
        1.44562659824,
        1.44288061824,
        1.47039037724,
        1.4307417932400002,
        1.45525220924,
        1.43514955024,
        1.4311939402400002,
        1.44665599324,
        1.44962079324,
        1.4644233982400001,
        1.46713581824,
        1.48783025324,
        1.42477147324,
        1.4386921782400002
      ],
      "exit_codes": [
        0,
        0,
        0,
        0,
        0,
        0,
        0,
        0,
        0,
        0,
        0,
        0,
        0,
        0,
        0,
        0,
        0,
        0,
        0,
        0
      ]
    }
  ]
}
