{
  "results": [
    {
      "command": "./bin/nietras/aot/1brc ./inputs/measurements.txt",
      "mean": 2.67955450563,
      "stddev": 0.023502902710131293,
      "median": 2.67940576438,
      "user": 14.210343840000002,
      "system": 0.5982998099999999,
      "min": 2.63945232138,
      "max": 2.72347762638,
      "times": [
        2.71321441838,
        2.68347500138,
        2.67543675838,
        2.67613258538,
        2.6486589513800003,
        2.70380561338,
        2.64467392538,
        2.6599108133800002,
        2.65003022838,
        2.72347762638,
        2.6841353363800002,
        2.68059598138,
        2.67342867838,
        2.69521011438,
        2.69390989538,
        2.66413890138,
        2.70619647638,
        2.63945232138,
        2.69699093838,
        2.6782155473800002
      ],
      "exit_codes": [
        0,
        0,
        0,
        0,
        0,
        0,
        0,
        0,
        0,
        0,
        0,
        0,
        0,
        0,
        0,
        0,
        0,
        0,
        0,
        0
      ]
    }
  ]
}
