{
  "results": [
    {
      "command": "./bin/nietras/aot/1brc ./inputs/measurements.txt",
      "mean": 1.0751820621300001,
      "stddev": 0.007915146083033647,
      "median": 1.07253733758,
      "user": 20.232592779999997,
      "system": 0.7746936399999999,
      "min": 1.0656464880799998,
      "max": 1.0970540470799999,
      "times": [
        1.0970540470799999,
        1.09096332808,
        1.0721768540799999,
        1.0656464880799998,
        1.06836818708,
        1.06906692208,
        1.07128549008,
        1.06947615408,
        1.0708347270799998,
        1.07557464908,
        1.08225347208,
        1.07821980708,
        1.07156983108,
        1.07289782108,
        1.06758502008,
        1.0730241140799999,
        1.07832310608,
        1.08182731508,
        1.07642255208,
        1.07107135708
      ],
      "exit_codes": [
        0,
        0,
        0,
        0,
        0,
        0,
        0,
        0,
        0,
        0,
        0,
        0,
        0,
        0,
        0,
        0,
        0,
        0,
        0,
        0
      ]
    }
  ]
}
