{
  "results": [
    {
      "command": "./bin/nietras/aot/1brc ./inputs/measurements.txt",
      "mean": 0.5318037655900001,
      "stddev": 0.010119876289859487,
      "median": 0.52903658864,
      "user": 14.40339755,
      "system": 0.6816172199999999,
      "min": 0.52268596564,
      "max": 0.56662523164,
      "times": [
        0.52710549364,
        0.56662523164,
        0.5270505336400001,
        0.52717990764,
        0.52313849164,
        0.52693865764,
        0.53284507264,
        0.5288803936400001,
        0.52268596564,
        0.52442380464,
        0.52398520764,
        0.53805735564,
        0.52919278364,
        0.5393540706400001,
        0.53364263164,
        0.5293497166400001,
        0.5303657376400001,
        0.53493639764,
        0.5248293886400001,
        0.5454884696400001
      ],
      "exit_codes": [
        0,
        0,
        0,
        0,
        0,
        0,
        0,
        0,
        0,
        0,
        0,
        0,
        0,
        0,
        0,
        0,
        0,
        0,
        0,
        0
      ]
    }
  ]
}
