{
  "results": [
    {
      "command": "./bin/noahfalk/aot/1brc ./inputs/measurements.txt",
      "mean": 0.31146348597,
      "stddev": 0.005175823215297555,
      "median": 0.31024416222000006,
      "user": 7.4709719099999985,
      "system": 3.26539894,
      "min": 0.30216385772000004,
      "max": 0.32276501872,
      "times": [
        0.30216385772000004,
        0.30774505572000005,
        0.31895669872000004,
        0.31078271772000005,
        0.31632337172,
        0.31030936672000003,
        0.31615825972000006,
        0.31612442972000004,
        0.32276501872,
        0.31053410172,
        0.30996873572000005,
        0.31017895772000004,
        0.30688715172000003,
        0.31403917172,
        0.31802044172000005,
        0.30726836872,
        0.30802997172,
        0.30698819872000005,
        0.30613088272000005,
        0.30989496072000006
      ],
      "exit_codes": [
        0,
        0,
        0,
        0,
        0,
        0,
        0,
        0,
        0,
        0,
        0,
        0,
        0,
        0,
        0,
        0,
        0,
        0,
        0,
        0
      ]
    }
  ]
}
