{
  "results": [
    {
      "command": "./bin/noahfalk/aot/1brc ./inputs/measurements.txt",
      "mean": 1.2284094002,
      "stddev": 0.0057022763878221494,
      "median": 1.227916296,
      "user": 12.086949559999997,
      "system": 2.3878865,
      "min": 1.2173891285,
      "max": 1.2400456385,
      "times": [
        1.2232435065,
        1.2326573275000001,
        1.2173891285,
        1.2225513105,
        1.2245156535000001,
        1.2316069865000001,
        1.2306296595,
        1.2312463655,
        1.2252230735,
        1.2315034575000001,
        1.2274420065,
        1.2258582095000001,
        1.2228408295,
        1.2390188075,
        1.2244603105,
        1.2345906635000001,
        1.2245462215,
        1.2304282625,
        1.2400456385,
        1.2283905855000001
      ],
      "exit_codes": [
        0,
        0,
        0,
        0,
        0,
        0,
        0,
        0,
        0,
        0,
        0,
        0,
        0,
        0,
        0,
        0,
        0,
        0,
        0,
        0
      ]
    }
  ]
}
