{
  "results": [
    {
      "command": "./bin/noahfalk/aot/1brc ./inputs/measurements.txt",
      "mean": 1.35830884226,
      "stddev": 0.005708491134725071,
      "median": 1.35872809426,
      "user": 6.348933779999999,
      "system": 1.7251336,
      "min": 1.34677886376,
      "max": 1.36662404776,
      "times": [
        1.35954059876,
        1.35672440476,
        1.36427209076,
        1.35772421976,
        1.35440398976,
        1.3525260587599999,
        1.34918681376,
        1.36048423276,
        1.36662404776,
        1.35166399176,
        1.35710454976,
        1.36494260476,
        1.35816974276,
        1.35928644576,
        1.36492432976,
        1.34677886376,
        1.3611452957599999,
        1.35294827076,
        1.36582182576,
        1.36190446776
      ],
      "exit_codes": [
        0,
        0,
        0,
        0,
        0,
        0,
        0,
        0,
        0,
        0,
        0,
        0,
        0,
        0,
        0,
        0,
        0,
        0,
        0,
        0
      ]
    }
  ]
}
