{
  "results": [
    {
      "command": "./bin/noahfalk/aot/1brc ./inputs/measurements.txt",
      "mean": 0.37491810465000014,
      "stddev": 0.015778125694062575,
      "median": 0.37089758660000005,
      "user": 12.211522559999999,
      "system": 4.16000634,
      "min": 0.3529447746,
      "max": 0.4078285386,
      "times": [
        0.3529447746,
        0.37587446960000004,
        0.35647709860000004,
        0.3913037916,
        0.37361721160000005,
        0.35724208760000004,
        0.36884789760000003,
        0.3625743986,
        0.37183451660000005,
        0.35480344760000004,
        0.3959015616,
        0.36996065660000005,
        0.39461743060000004,
        0.39460870060000003,
        0.36690539660000004,
        0.38984471160000006,
        0.3687410526,
        0.36688981260000003,
        0.3775445376,
        0.4078285386
      ],
      "exit_codes": [
        0,
        0,
        0,
        0,
        0,
        0,
        0,
        0,
        0,
        0,
        0,
        0,
        0,
        0,
        0,
        0,
        0,
        0,
        0,
        0
      ]
    }
  ]
}
