{
  "results": [
    {
      "command": "./bin/noahfalk/aot/1brc ./inputs/measurements.txt",
      "mean": 0.6428777822900001,
      "stddev": 0.0023632852329020042,
      "median": 0.6428155096400001,
      "user": 11.99203862,
      "system": 2.5595138299999998,
      "min": 0.6378711071400001,
      "max": 0.6465945511400001,
      "times": [
        0.6378711071400001,
        0.6441943251400001,
        0.6412009621400001,
        0.6410712501400001,
        0.64424851614,
        0.6465945511400001,
        0.6435241731400001,
        0.63802939414,
        0.64317145614,
        0.6453412941400001,
        0.64153889214,
        0.6424595631400001,
        0.64242435714,
        0.64504353014,
        0.64144416914,
        0.6453936721400001,
        0.64221236814,
        0.6439190601400001,
        0.64599215314,
        0.64188085114
      ],
      "exit_codes": [
        0,
        0,
        0,
        0,
        0,
        0,
        0,
        0,
        0,
        0,
        0,
        0,
        0,
        0,
        0,
        0,
        0,
        0,
        0,
        0
      ]
    }
  ]
}
