{
  "results": [
    {
      "command": "./bin/noahfalk/aot/1brc ./inputs/measurements.txt",
      "mean": 0.39737208645000005,
      "stddev": 0.0026155484260052195,
      "median": 0.39653781490000006,
      "user": 13.326591089999997,
      "system": 2.8525290599999997,
      "min": 0.39349567840000005,
      "max": 0.40330868840000006,
      "times": [
        0.39617800440000006,
        0.40105328240000004,
        0.39883330940000006,
        0.39648596640000006,
        0.3965896634,
        0.39636040140000006,
        0.3935478734,
        0.40330868840000006,
        0.40117370440000005,
        0.3978402784,
        0.39635790740000004,
        0.39831198240000004,
        0.39532612840000003,
        0.39561109940000005,
        0.3986739334,
        0.40048413540000005,
        0.39448772940000004,
        0.39349567840000005,
        0.3973582204,
        0.39596374240000004
      ],
      "exit_codes": [
        0,
        0,
        0,
        0,
        0,
        0,
        0,
        0,
        0,
        0,
        0,
        0,
        0,
        0,
        0,
        0,
        0,
        0,
        0,
        0
      ]
    }
  ]
}
