{
  "results": [
    {
      "command": "./bin/noahfalk/aot/1brc ./inputs/measurements.txt",
      "mean": 0.41179217232999993,
      "stddev": 0.0013688858646001274,
      "median": 0.41164629948,
      "user": 7.16277077,
      "system": 1.9456154899999998,
      "min": 0.40942609448,
      "max": 0.41450029248000003,
      "times": [
        0.41356275548,
        0.41029454848,
        0.41127236648000004,
        0.41343224348,
        0.41216712848000003,
        0.41169878848,
        0.41056205448,
        0.41159381048,
        0.41114876748,
        0.41301000048000003,
        0.41450029248000003,
        0.41271855348,
        0.41286130548,
        0.41258459148000004,
        0.41146255248,
        0.40981769048,
        0.41145944948,
        0.41238499448,
        0.40942609448,
        0.40988545848
      ],
      "exit_codes": [
        0,
        0,
        0,
        0,
        0,
        0,
        0,
        0,
        0,
        0,
        0,
        0,
        0,
        0,
        0,
        0,
        0,
        0,
        0,
        0
      ]
    }
  ]
}
