{
  "results": [
    {
      "command": "./bin/noahfalk/aot/1brc ./inputs/measurements.txt",
      "mean": 0.6963771573000002,
      "stddev": 0.0023968353954870424,
      "median": 0.6956320716,
      "user": 6.33604186,
      "system": 1.76682345,
      "min": 0.6934236796,
      "max": 0.7042741806,
      "times": [
        0.6982991186,
        0.6949516626,
        0.6948220306,
        0.6953601826,
        0.6934236796,
        0.6970860566,
        0.6955136486,
        0.6962782706,
        0.6970306266,
        0.6957504946,
        0.6951339396,
        0.6966028046,
        0.7042741806,
        0.6948168456,
        0.6975153116,
        0.6970669086,
        0.6947267906,
        0.6997184946,
        0.6951787726,
        0.6939933266
      ],
      "exit_codes": [
        0,
        0,
        0,
        0,
        0,
        0,
        0,
        0,
        0,
        0,
        0,
        0,
        0,
        0,
        0,
        0,
        0,
        0,
        0,
        0
      ]
    }
  ]
}
