{
  "results": [
    {
      "command": "./calculate_average_royvanrijn.sh",
      "mean": 0.51418626509,
      "stddev": 0.007969822560310005,
      "median": 0.5152128735400001,
      "user": 0.00292426,
      "system": 0.00154896,
      "min": 0.50050183154,
      "max": 0.53025825754,
      "times": [
        0.50848740954,
        0.52037295054,
        0.50439216754,
        0.50565099354,
        0.51186587854,
        0.5080611325400001,
        0.53025825754,
        0.5085701635400001,
        0.51548817954,
        0.5149375675400001,
        0.51698558254,
        0.50050183154,
        0.52301779254,
        0.51659507654,
        0.52618285554,
        0.5171297125400001,
        0.50684298054,
        0.50770109954,
        0.5241538035400001,
        0.51652986654
      ],
      "exit_codes": [
        0,
        0,
        0,
        0,
        0,
        0,
        0,
        0,
        0,
        0,
        0,
        0,
        0,
        0,
        0,
        0,
        0,
        0,
        0,
        0
      ]
    }
  ]
}
