{
  "results": [
    {
      "command": "./calculate_average_royvanrijn.sh",
      "mean": 0.34696110684000003,
      "stddev": 0.008068430459328282,
      "median": 0.34574947264,
      "user": 0.0031929,
      "system": 0.0017076589999999996,
      "min": 0.33613301014,
      "max": 0.36475484114,
      "times": [
        0.33613301014,
        0.34027088414,
        0.34874287314,
        0.33693762114000003,
        0.34495405814,
        0.35708513914,
        0.34823936714000003,
        0.34437065814,
        0.34654488714000004,
        0.34155984314,
        0.34683924614,
        0.36178357314000004,
        0.34415457714000003,
        0.33675092914,
        0.35254434514,
        0.35604015314000004,
        0.34118928414,
        0.34871194414,
        0.34161490214,
        0.36475484114
      ],
      "exit_codes": [
        0,
        0,
        0,
        0,
        0,
        0,
        0,
        0,
        0,
        0,
        0,
        0,
        0,
        0,
        0,
        0,
        0,
        0,
        0,
        0
      ]
    }
  ]
}
