{
  "results": [
    {
      "command": "./calculate_average_royvanrijn.sh",
      "mean": 0.40412992351000004,
      "stddev": 0.008760701839956597,
      "median": 0.40442165626000004,
      "user": 0.00313259,
      "system": 0.001844121,
      "min": 0.38618129576000004,
      "max": 0.41692225876000005,
      "times": [
        0.41692225876000005,
        0.40973443176,
        0.39878023076,
        0.40277725576000006,
        0.41050429376,
        0.40898260776000006,
        0.39691115576,
        0.41628599476000006,
        0.41389727776,
        0.39240530776000004,
        0.40337400676,
        0.41037578076000003,
        0.39341947076000006,
        0.38618129576000004,
        0.39869985676,
        0.39387931776,
        0.41516036676,
        0.40365221376000004,
        0.40519109876000003,
        0.40546424776000006
      ],
      "exit_codes": [
        0,
        0,
        0,
        0,
        0,
        0,
        0,
        0,
        0,
        0,
        0,
        0,
        0,
        0,
        0,
        0,
        0,
        0,
        0,
        0
      ]
    }
  ]
}
