{
  "results": [
    {
      "command": "./calculate_average_royvanrijn.sh",
      "mean": 0.94570943737,
      "stddev": 0.005069172588701945,
      "median": 0.94621884592,
      "user": 0.0026505199999999995,
      "system": 0.001862098,
      "min": 0.9349764834200001,
      "max": 0.9534519924200001,
      "times": [
        0.9498972104200001,
        0.9527060224200001,
        0.9484593614200001,
        0.9445349454200002,
        0.9497144394200001,
        0.9456488444200001,
        0.9447121934200001,
        0.9467888474200001,
        0.9534519924200001,
        0.9472989314200001,
        0.9349764834200001,
        0.9441710904200001,
        0.9437420764200001,
        0.9350710234200001,
        0.9503600164200001,
        0.9384891034200001,
        0.9430485324200001,
        0.94841403442,
        0.9442860354200001,
        0.94841756342
      ],
      "exit_codes": [
        0,
        0,
        0,
        0,
        0,
        0,
        0,
        0,
        0,
        0,
        0,
        0,
        0,
        0,
        0,
        0,
        0,
        0,
        0,
        0
      ]
    }
  ]
}
