{
  "results": [
    {
      "command": "./calculate_average_royvanrijn.sh",
      "mean": 1.29619905146,
      "stddev": 0.005336373706485958,
      "median": 1.2944527803599999,
      "user": 0.00210381,
      "system": 0.002336368,
      "min": 1.28794122136,
      "max": 1.30779967136,
      "times": [
        1.30779967136,
        1.29459360536,
        1.28794122136,
        1.29336878236,
        1.29681271736,
        1.29748949636,
        1.30002975236,
        1.28907385136,
        1.2942960003600001,
        1.30272331136,
        1.30036605736,
        1.29426824236,
        1.29109849936,
        1.29369353236,
        1.29340565136,
        1.29026339736,
        1.29431195536,
        1.30255391936,
        1.3047203223600001,
        1.29517104236
      ],
      "exit_codes": [
        0,
        0,
        0,
        0,
        0,
        0,
        0,
        0,
        0,
        0,
        0,
        0,
        0,
        0,
        0,
        0,
        0,
        0,
        0,
        0
      ]
    }
  ]
}
