{
  "results": [
    {
      "command": "./calculate_average_royvanrijn.sh",
      "mean": 2.52719459064,
      "stddev": 0.007786023514523811,
      "median": 2.52553072064,
      "user": 0.0020573999999999996,
      "system": 0.002413184,
      "min": 2.51496013014,
      "max": 2.5437205841400004,
      "times": [
        2.52579317614,
        2.52305556814,
        2.5283032871400004,
        2.5238392811400003,
        2.5219979661400003,
        2.53099280714,
        2.5177751921400002,
        2.5227175821400003,
        2.52699241114,
        2.54070233814,
        2.54195745214,
        2.5252682651400002,
        2.51798111614,
        2.52355466114,
        2.53099310814,
        2.5237772291400002,
        2.51496013014,
        2.5437205841400004,
        2.53144907314,
        2.52806058414
      ],
      "exit_codes": [
        0,
        0,
        0,
        0,
        0,
        0,
        0,
        0,
        0,
        0,
        0,
        0,
        0,
        0,
        0,
        0,
        0,
        0,
        0,
        0
      ]
    }
  ]
}
