{
  "results": [
    {
      "command": "./calculate_average_royvanrijn.sh",
      "mean": 0.68546032721,
      "stddev": 0.00774025794854046,
      "median": 0.68500768916,
      "user": 0.0026115799999999996,
      "system": 0.001902146,
      "min": 0.67178535766,
      "max": 0.70238446866,
      "times": [
        0.68646847966,
        0.67777400166,
        0.67967839866,
        0.68642639466,
        0.69303222466,
        0.68830133466,
        0.6899364006600001,
        0.68248579866,
        0.68265644066,
        0.68888786666,
        0.7014980536600001,
        0.67577171766,
        0.68607703166,
        0.70238446866,
        0.68393834666,
        0.67707733966,
        0.67178535766,
        0.68310252666,
        0.68232768266,
        0.6895966786600001
      ],
      "exit_codes": [
        0,
        0,
        0,
        0,
        0,
        0,
        0,
        0,
        0,
        0,
        0,
        0,
        0,
        0,
        0,
        0,
        0,
        0,
        0,
        0
      ]
    }
  ]
}
