{
  "results": [
    {
      "command": "./calculate_average_royvanrijn.sh",
      "mean": 1.8309654433399998,
      "stddev": 0.00659454434707956,
      "median": 1.8305675941400001,
      "user": 0.00246789,
      "system": 0.001955344,
      "min": 1.81934811414,
      "max": 1.8430545711400002,
      "times": [
        1.8349942111400002,
        1.83092993414,
        1.82231203914,
        1.8317818191400002,
        1.8376821621400001,
        1.83362973614,
        1.83943814014,
        1.8430545711400002,
        1.82462011214,
        1.82994200114,
        1.83857418114,
        1.82850023414,
        1.82129247514,
        1.82808673214,
        1.83867682814,
        1.81934811414,
        1.82445926814,
        1.82773898014,
        1.83404207314,
        1.83020525414
      ],
      "exit_codes": [
        0,
        0,
        0,
        0,
        0,
        0,
        0,
        0,
        0,
        0,
        0,
        0,
        0,
        0,
        0,
        0,
        0,
        0,
        0,
        0
      ]
    }
  ]
}
