{
  "results": [
    {
      "command": "./calculate_average_stephenvonworley.sh",
      "mean": 0.32072416550999994,
      "stddev": 0.005258145950345373,
      "median": 0.31999665406,
      "user": 0.0023632199999999996,
      "system": 0.0023614939999999996,
      "min": 0.31372207456,
      "max": 0.33404822956,
      "times": [
        0.32630738656,
        0.31406748056,
        0.31568721556,
        0.31974354256,
        0.33404822956,
        0.31695516556000003,
        0.32130443856,
        0.31372207456,
        0.31674857156,
        0.32330061456000003,
        0.33057611456,
        0.31855338556,
        0.32343862956,
        0.32493594856,
        0.31788822156,
        0.31802440456000003,
        0.32088536456,
        0.32024976556,
        0.31660430756,
        0.32144244856
      ],
      "exit_codes": [
        0,
        0,
        0,
        0,
        0,
        0,
        0,
        0,
        0,
        0,
        0,
        0,
        0,
        0,
        0,
        0,
        0,
        0,
        0,
        0
      ]
    }
  ]
}
