{
  "results": [
    {
      "command": "./calculate_average_stephenvonworley.sh",
      "mean": 0.5223187825300001,
      "stddev": 0.007739782288343768,
      "median": 0.5238336722800001,
      "user": 0.0026028900000000005,
      "system": 0.0018250200000000001,
      "min": 0.50903087378,
      "max": 0.53299081778,
      "times": [
        0.5316819957800001,
        0.5123399767800001,
        0.5216522947800001,
        0.53065910378,
        0.52161949078,
        0.52582612778,
        0.52234430478,
        0.5306274467800001,
        0.52751142078,
        0.52323979478,
        0.50903087378,
        0.52576294178,
        0.53299081778,
        0.50954842978,
        0.5155110217800001,
        0.5269818027800001,
        0.5288735737800001,
        0.5104286717800001,
        0.5153180107800001,
        0.5244275497800001
      ],
      "exit_codes": [
        0,
        0,
        0,
        0,
        0,
        0,
        0,
        0,
        0,
        0,
        0,
        0,
        0,
        0,
        0,
        0,
        0,
        0,
        0,
        0
      ]
    }
  ]
}
