{
  "results": [
    {
      "command": "./calculate_average_stephenvonworley.sh",
      "mean": 0.33151981105000006,
      "stddev": 0.0048490624791239405,
      "median": 0.3311074003000001,
      "user": 0.00272231,
      "system": 0.0022896039999999998,
      "min": 0.32427669680000004,
      "max": 0.34084233680000003,
      "times": [
        0.32749093980000005,
        0.33487659080000004,
        0.32779785180000004,
        0.33201191080000003,
        0.3408213118,
        0.33439538780000005,
        0.3321289068,
        0.32427669680000004,
        0.33187052980000004,
        0.3383540218,
        0.32973818080000006,
        0.32704854680000006,
        0.34084233680000003,
        0.33022473380000006,
        0.3255717678,
        0.32728247580000003,
        0.33600469380000003,
        0.33034427080000006,
        0.33258927680000006,
        0.32672578980000005
      ],
      "exit_codes": [
        0,
        0,
        0,
        0,
        0,
        0,
        0,
        0,
        0,
        0,
        0,
        0,
        0,
        0,
        0,
        0,
        0,
        0,
        0,
        0
      ]
    }
  ]
}
