{
  "results": [
    {
      "command": "./calculate_average_stephenvonworley.sh",
      "mean": 1.0412049741099998,
      "stddev": 0.0043893475400252555,
      "median": 1.0399781475599998,
      "user": 0.0017001700000000002,
      "system": 0.0026103399999999996,
      "min": 1.03448487306,
      "max": 1.04904853106,
      "times": [
        1.0396502030599999,
        1.04579845706,
        1.04000994706,
        1.04412204306,
        1.04186445106,
        1.03978879406,
        1.03674451706,
        1.04730122706,
        1.04538165406,
        1.03817119806,
        1.03559005206,
        1.04278201206,
        1.03994634806,
        1.03511076606,
        1.04538557706,
        1.04663837906,
        1.03734850806,
        1.03893194406,
        1.04904853106,
        1.03448487306
      ],
      "exit_codes": [
        0,
        0,
        0,
        0,
        0,
        0,
        0,
        0,
        0,
        0,
        0,
        0,
        0,
        0,
        0,
        0,
        0,
        0,
        0,
        0
      ]
    }
  ]
}
