{
  "results": [
    {
      "command": "./calculate_average_stephenvonworley.sh",
      "mean": 0.9130021813300002,
      "stddev": 0.002381458496445277,
      "median": 0.9136003822800001,
      "user": 0.0027685600000000006,
      "system": 0.0016029090000000002,
      "min": 0.9070302062800001,
      "max": 0.91850855328,
      "times": [
        0.91185315828,
        0.9148171702800001,
        0.9070302062800001,
        0.91371427128,
        0.9127414542800001,
        0.91306452628,
        0.91350785028,
        0.91850855328,
        0.9123523802800001,
        0.91407718128,
        0.91460260628,
        0.91041038728,
        0.91263412728,
        0.91076617628,
        0.91399601228,
        0.9139197342800001,
        0.9136929142800001,
        0.91386438928,
        0.9150855172800001,
        0.9094050102800001
      ],
      "exit_codes": [
        0,
        0,
        0,
        0,
        0,
        0,
        0,
        0,
        0,
        0,
        0,
        0,
        0,
        0,
        0,
        0,
        0,
        0,
        0,
        0
      ]
    }
  ]
}
