{
  "results": [
    {
      "command": "./calculate_average_stephenvonworley.sh",
      "mean": 0.5510985106299999,
      "stddev": 0.006967180072550712,
      "median": 0.55167605758,
      "user": 0.0023300599999999997,
      "system": 0.0021757149999999995,
      "min": 0.54063994758,
      "max": 0.56610560558,
      "times": [
        0.55589357858,
        0.54264971258,
        0.5604819145800001,
        0.54063994758,
        0.55823506958,
        0.54431385958,
        0.5451671125800001,
        0.5435809995800001,
        0.55633391658,
        0.55413489758,
        0.54909977458,
        0.5519841065800001,
        0.54969887658,
        0.56610560558,
        0.54400288958,
        0.55668173258,
        0.55136800858,
        0.5427741955800001,
        0.55396285458,
        0.55486115958
      ],
      "exit_codes": [
        0,
        0,
        0,
        0,
        0,
        0,
        0,
        0,
        0,
        0,
        0,
        0,
        0,
        0,
        0,
        0,
        0,
        0,
        0,
        0
      ]
    }
  ]
}
