{
  "results": [
    {
      "command": "./calculate_average_stephenvonworley.sh",
      "mean": 2.0705802993100004,
      "stddev": 0.009516858928894019,
      "median": 2.07084891376,
      "user": 0.0015309499999999995,
      "system": 0.0029803179999999996,
      "min": 2.05733666326,
      "max": 2.0865369292600002,
      "times": [
        2.07951005326,
        2.0593041312600002,
        2.06360038526,
        2.0720150732600002,
        2.08458313126,
        2.0865369292600002,
        2.08239973126,
        2.05733666326,
        2.05826723426,
        2.07636213526,
        2.06347805626,
        2.06349831826,
        2.06968275426,
        2.05840723626,
        2.08241597726,
        2.07434525626,
        2.06858443126,
        2.07634148126,
        2.07256551426,
        2.06237149326
      ],
      "exit_codes": [
        0,
        0,
        0,
        0,
        0,
        0,
        0,
        0,
        0,
        0,
        0,
        0,
        0,
        0,
        0,
        0,
        0,
        0,
        0,
        0
      ]
    }
  ]
}
