{
  "results": [
    {
      "command": "./calculate_average_stephenvonworley.sh",
      "mean": 1.7899675667199997,
      "stddev": 0.00573625863593289,
      "median": 1.79153044192,
      "user": 0.0029346299999999997,
      "system": 0.0015722739999999998,
      "min": 1.7706476334199999,
      "max": 1.79878190142,
      "times": [
        1.7922225584199998,
        1.7937348544199998,
        1.79063318642,
        1.79038457642,
        1.79220466842,
        1.79425240742,
        1.79006209042,
        1.7933448854199998,
        1.79334940042,
        1.7909392894199998,
        1.7900661434199998,
        1.7922063934199999,
        1.79878190142,
        1.78295324042,
        1.7706476334199999,
        1.79212159442,
        1.78532598842,
        1.78584711942,
        1.7923433874199999,
        1.78793001542
      ],
      "exit_codes": [
        0,
        0,
        0,
        0,
        0,
        0,
        0,
        0,
        0,
        0,
        0,
        0,
        0,
        0,
        0,
        0,
        0,
        0,
        0,
        0
      ]
    }
  ]
}
