{
  "results": [
    {
      "command": "./calculate_average_thomaswue.sh",
      "mean": 0.47500302691999996,
      "stddev": 0.001961290871341813,
      "median": 0.47474509962000006,
      "user": 0.0029796500000000004,
      "system": 0.0012278399999999998,
      "min": 0.47216063362000005,
      "max": 0.47860528862000007,
      "times": [
        0.47489442162000006,
        0.47425116962,
        0.4736618456200001,
        0.47459577762000005,
        0.47854183362,
        0.47568054462000003,
        0.47294628462000005,
        0.47707228462000006,
        0.47765520562,
        0.47508240062000007,
        0.47499065262000006,
        0.47393081762000006,
        0.47256219062000004,
        0.47527721762,
        0.47216063362000005,
        0.4734235036200001,
        0.47319486962000007,
        0.47391731662000003,
        0.47761627962000003,
        0.47860528862000007
      ],
      "exit_codes": [
        0,
        0,
        0,
        0,
        0,
        0,
        0,
        0,
        0,
        0,
        0,
        0,
        0,
        0,
        0,
        0,
        0,
        0,
        0,
        0
      ]
    }
  ]
}
