{
  "results": [
    {
      "command": "./calculate_average_thomaswue.sh",
      "mean": 0.43584214065,
      "stddev": 0.0008995104534448622,
      "median": 0.43580543969999996,
      "user": 0.00267462,
      "system": 0.001489714,
      "min": 0.4341645812,
      "max": 0.4376084932,
      "times": [
        0.43487035420000003,
        0.4362557942,
        0.4341645812,
        0.4356910732,
        0.43644106120000004,
        0.4368093722,
        0.4376084932,
        0.43711075920000003,
        0.4357874242,
        0.4353550382,
        0.4358234552,
        0.4360044292,
        0.4348908442,
        0.4346444632,
        0.4350877962,
        0.43642466820000003,
        0.4349783322,
        0.4357542692,
        0.43638580920000003,
        0.4367547952
      ],
      "exit_codes": [
        0,
        0,
        0,
        0,
        0,
        0,
        0,
        0,
        0,
        0,
        0,
        0,
        0,
        0,
        0,
        0,
        0,
        0,
        0,
        0
      ]
    }
  ]
}
