{
  "results": [
    {
      "command": "./calculate_average_thomaswue.sh",
      "mean": 0.25740818293,
      "stddev": 0.0011912756863710753,
      "median": 0.25731783228000005,
      "user": 0.002637070000000001,
      "system": 0.0021101819999999995,
      "min": 0.25539077928000004,
      "max": 0.25959508828000005,
      "times": [
        0.25883474928000005,
        0.25727850028000004,
        0.25611457428,
        0.25747206928000005,
        0.25959508828000005,
        0.25607403128,
        0.25659410928000004,
        0.25539077928000004,
        0.25915238728,
        0.25794400028000003,
        0.25620825228000005,
        0.25705373728,
        0.25733643828,
        0.25737211328000004,
        0.25813654928,
        0.25951644828000003,
        0.25624360228000004,
        0.25784712728000003,
        0.25729922628,
        0.25669987528000004
      ],
      "exit_codes": [
        0,
        0,
        0,
        0,
        0,
        0,
        0,
        0,
        0,
        0,
        0,
        0,
        0,
        0,
        0,
        0,
        0,
        0,
        0,
        0
      ]
    }
  ]
}
