{
  "results": [
    {
      "command": "./calculate_average_thomaswue.sh",
      "mean": 0.78329738903,
      "stddev": 0.0008991593830343377,
      "median": 0.78339156598,
      "user": 0.0024544299999999996,
      "system": 0.0016912479999999998,
      "min": 0.78176549848,
      "max": 0.7856384684800001,
      "times": [
        0.78183975748,
        0.78349315848,
        0.78381348248,
        0.78271571448,
        0.78247276448,
        0.78397407548,
        0.78176549848,
        0.78329918548,
        0.78230661448,
        0.78349438948,
        0.78343267748,
        0.78238330148,
        0.78350370348,
        0.7833504544800001,
        0.78326175848,
        0.78385428348,
        0.78318700048,
        0.78379991748,
        0.7856384684800001,
        0.78436157448
      ],
      "exit_codes": [
        0,
        0,
        0,
        0,
        0,
        0,
        0,
        0,
        0,
        0,
        0,
        0,
        0,
        0,
        0,
        0,
        0,
        0,
        0,
        0
      ]
    }
  ]
}
