{
  "results": [
    {
      "command": "./calculate_average_thomaswue.sh",
      "mean": 0.2631240372,
      "stddev": 0.001104322517273254,
      "median": 0.2633119597,
      "user": 0.00261531,
      "system": 0.001919915,
      "min": 0.2605901862,
      "max": 0.26540687420000003,
      "times": [
        0.2616497432,
        0.2645560812,
        0.2646157442,
        0.2625291812,
        0.2605901862,
        0.2634608982,
        0.2636052672,
        0.2633612152,
        0.26326270420000003,
        0.26207913320000004,
        0.26248538320000003,
        0.2626510432,
        0.2634018302,
        0.2634477602,
        0.26540687420000003,
        0.2627613982,
        0.2636994912,
        0.26283620420000003,
        0.2640022012,
        0.2620784042
      ],
      "exit_codes": [
        0,
        0,
        0,
        0,
        0,
        0,
        0,
        0,
        0,
        0,
        0,
        0,
        0,
        0,
        0,
        0,
        0,
        0,
        0,
        0
      ]
    }
  ]
}
