{
  "results": [
    {
      "command": "./calculate_average_thomaswue.sh",
      "mean": 0.8553613492400001,
      "stddev": 0.004815583675536096,
      "median": 0.8540460886400001,
      "user": 0.00243881,
      "system": 0.0017900999999999998,
      "min": 0.84880718164,
      "max": 0.8656967376400001,
      "times": [
        0.85114165864,
        0.8618803166400001,
        0.85364283064,
        0.8529740896400001,
        0.85057022764,
        0.84991757564,
        0.8538910916400001,
        0.85927639964,
        0.86325527264,
        0.85457765764,
        0.8542010856400001,
        0.8503913996400001,
        0.8656967376400001,
        0.8598274856400001,
        0.85510374964,
        0.85272060364,
        0.8524868926400001,
        0.8605192316400001,
        0.85634549664,
        0.84880718164
      ],
      "exit_codes": [
        0,
        0,
        0,
        0,
        0,
        0,
        0,
        0,
        0,
        0,
        0,
        0,
        0,
        0,
        0,
        0,
        0,
        0,
        0,
        0
      ]
    }
  ]
}
