{
  "results": [
    {
      "command": "./calculate_average_thomaswue.sh",
      "mean": 1.5445861142,
      "stddev": 0.0012833131881342045,
      "median": 1.5443703272000002,
      "user": 0.0028359399999999995,
      "system": 0.00127311,
      "min": 1.5424295637,
      "max": 1.5471341227000002,
      "times": [
        1.5444869047,
        1.5430282747000001,
        1.5424295637,
        1.5465218497,
        1.5448716767000001,
        1.5461315857,
        1.5463812397,
        1.5442537497000002,
        1.5441086147,
        1.5455593127,
        1.5440842017,
        1.5431853337,
        1.5450635187000001,
        1.5453312157,
        1.5438617187,
        1.5435732517,
        1.5438259127,
        1.5471341227000002,
        1.5446657237,
        1.5432245127000002
      ],
      "exit_codes": [
        0,
        0,
        0,
        0,
        0,
        0,
        0,
        0,
        0,
        0,
        0,
        0,
        0,
        0,
        0,
        0,
        0,
        0,
        0,
        0
      ]
    }
  ]
}
