{
  "results": [
    {
      "command": "./calculate_average_thomaswue.sh",
      "mean": 1.7041511101600002,
      "stddev": 0.014628207951568413,
      "median": 1.70163499006,
      "user": 0.00253451,
      "system": 0.0017052169999999995,
      "min": 1.6813980210600001,
      "max": 1.7309566060600001,
      "times": [
        1.6973483680600001,
        1.7036665590600002,
        1.68814890106,
        1.68807278706,
        1.72858761006,
        1.69906002206,
        1.71965175906,
        1.71013632806,
        1.70620469606,
        1.6911396060600001,
        1.6924506190600002,
        1.7309566060600001,
        1.7003348960600002,
        1.7190738790600002,
        1.7023888980600002,
        1.70357862606,
        1.69074040806,
        1.6813980210600001,
        1.72920253106,
        1.70088108206
      ],
      "exit_codes": [
        0,
        0,
        0,
        0,
        0,
        0,
        0,
        0,
        0,
        0,
        0,
        0,
        0,
        0,
        0,
        0,
        0,
        0,
        0,
        0
      ]
    }
  ]
}
