{
  "results": [
    {
      "command": "./bin/xoofx/aot/1brc ./inputs/measurements.txt",
      "mean": 1.7243569809800001,
      "stddev": 0.0056326514487571476,
      "median": 1.7237587579800002,
      "user": 38.84453582999999,
      "system": 2.03803631,
      "min": 1.71578690498,
      "max": 1.7378982789800002,
      "times": [
        1.72257664898,
        1.7198547439800003,
        1.7197356489800002,
        1.72871901598,
        1.7279006459800001,
        1.71974828598,
        1.72601221198,
        1.7236858999800002,
        1.7224128289800003,
        1.71578690498,
        1.73358011098,
        1.7308071979800002,
        1.7242300869800002,
        1.7238316159800002,
        1.7273792969800001,
        1.71884760598,
        1.7378982789800002,
        1.7171818149800002,
        1.72016512398,
        1.7267856509800001
      ],
      "exit_codes": [
        0,
        0,
        0,
        0,
        0,
        0,
        0,
        0,
        0,
        0,
        0,
        0,
        0,
        0,
        0,
        0,
        0,
        0,
        0,
        0
      ]
    }
  ]
}
