{
  "results": [
    {
      "command": "./bin/xoofx/aot/1brc ./inputs/measurements.txt",
      "mean": 0.6748148528,
      "stddev": 0.00746965277576884,
      "median": 0.6722444693,
      "user": 28.531401419999998,
      "system": 2.36705122,
      "min": 0.6659076473000001,
      "max": 0.6920415873,
      "times": [
        0.6734490533,
        0.6914626223,
        0.6796403513,
        0.6708071643,
        0.6732249673,
        0.6712038223000001,
        0.6777283693,
        0.6871719513000001,
        0.6696465423,
        0.6690137403,
        0.6772893403,
        0.6920415873,
        0.6717486033000001,
        0.6715005793000001,
        0.6727403353,
        0.6674825033,
        0.6738022683,
        0.6659076473000001,
        0.6707982033000001,
        0.6696374043000001
      ],
      "exit_codes": [
        0,
        0,
        0,
        0,
        0,
        0,
        0,
        0,
        0,
        0,
        0,
        0,
        0,
        0,
        0,
        0,
        0,
        0,
        0,
        0
      ]
    }
  ]
}
