{
  "results": [
    {
      "command": "./bin/xoofx/aot/1brc ./inputs/measurements.txt",
      "mean": 0.5673967439700001,
      "stddev": 0.020240501690651676,
      "median": 0.56529392642,
      "user": 41.543873299999994,
      "system": 2.8369256999999997,
      "min": 0.53606782292,
      "max": 0.60711996092,
      "times": [
        0.57862510292,
        0.55680072992,
        0.54615101892,
        0.55326864592,
        0.56750147792,
        0.55000294992,
        0.55548359292,
        0.56584611992,
        0.55354830592,
        0.60642551592,
        0.54603230892,
        0.57373255792,
        0.53606782292,
        0.59429732492,
        0.56661859592,
        0.55818270292,
        0.5965103229200001,
        0.57097808892,
        0.60711996092,
        0.56474173292
      ],
      "exit_codes": [
        0,
        0,
        0,
        0,
        0,
        0,
        0,
        0,
        0,
        0,
        0,
        0,
        0,
        0,
        0,
        0,
        0,
        0,
        0,
        0
      ]
    }
  ]
}
