{
  "results": [
    {
      "command": "./bin/xoofx/aot/1brc ./inputs/measurements.txt",
      "mean": 3.4289299694500004,
      "stddev": 0.008211350839760823,
      "median": 3.4271588601999996,
      "user": 38.8538915,
      "system": 1.9858425599999996,
      "min": 3.4147780656999998,
      "max": 3.4461851316999996,
      "times": [
        3.4244264906999997,
        3.4147780656999998,
        3.4320948206999997,
        3.4209802046999997,
        3.4361224836999997,
        3.4231497657,
        3.4356370167,
        3.4296728926999998,
        3.4281172577,
        3.4461851316999996,
        3.4360847777,
        3.4188518806999997,
        3.4245191726999997,
        3.4257141537,
        3.4237445607,
        3.4226206517,
        3.4452821346999998,
        3.4262004627,
        3.4296937496999997,
        3.4347237147
      ],
      "exit_codes": [
        0,
        0,
        0,
        0,
        0,
        0,
        0,
        0,
        0,
        0,
        0,
        0,
        0,
        0,
        0,
        0,
        0,
        0,
        0,
        0
      ]
    }
  ]
}
