{
  "results": [
    {
      "command": "./bin/xoofx/aot/1brc ./inputs/measurements.txt",
      "mean": 1.2944994079799998,
      "stddev": 0.014781183033067193,
      "median": 1.28975291738,
      "user": 28.46546546,
      "system": 1.8561656900000003,
      "min": 1.2776496883800001,
      "max": 1.3333373083800002,
      "times": [
        1.2872478093800002,
        1.2981116673800002,
        1.28757997938,
        1.29253660838,
        1.28691104238,
        1.28968266838,
        1.29856091338,
        1.27927837138,
        1.33288376738,
        1.29743470938,
        1.28597289838,
        1.3333373083800002,
        1.3040250473800001,
        1.28719980638,
        1.2898231663800002,
        1.29828981338,
        1.2776496883800001,
        1.28751835238,
        1.2926460433800002,
        1.28329849838
      ],
      "exit_codes": [
        0,
        0,
        0,
        0,
        0,
        0,
        0,
        0,
        0,
        0,
        0,
        0,
        0,
        0,
        0,
        0,
        0,
        0,
        0,
        0
      ]
    }
  ]
}
