{
  "results": [
    {
      "command": "./bin/xoofx/aot/1brc ./inputs/measurements.txt",
      "mean": 2.27813574021,
      "stddev": 0.014418686632516638,
      "median": 2.27595314806,
      "user": 25.3093306,
      "system": 1.6309089999999997,
      "min": 2.25343053606,
      "max": 2.3187608760600003,
      "times": [
        2.27526348506,
        2.26856763506,
        2.28442663806,
        2.26235780706,
        2.27519439606,
        2.28449954506,
        2.29338392606,
        2.27586888206,
        2.26184545606,
        2.29334066506,
        2.27450531106,
        2.27603741406,
        2.26174650606,
        2.2717805380600002,
        2.28488199406,
        2.25343053606,
        2.3187608760600003,
        2.27652811906,
        2.28987205506,
        2.28042301906
      ],
      "exit_codes": [
        0,
        0,
        0,
        0,
        0,
        0,
        0,
        0,
        0,
        0,
        0,
        0,
        0,
        0,
        0,
        0,
        0,
        0,
        0,
        0
      ]
    }
  ]
}
