{
  "results": [
    {
      "command": "./bin/xoofx/aot/1brc ./inputs/measurements.txt",
      "mean": 4.528577503479999,
      "stddev": 0.018411008023421167,
      "median": 4.52350706058,
      "user": 25.287834609999997,
      "system": 1.64959311,
      "min": 4.492484725080001,
      "max": 4.56689238608,
      "times": [
        4.492484725080001,
        4.542418873080001,
        4.56689238608,
        4.548327593080001,
        4.543233034080001,
        4.523515731080001,
        4.511454496080001,
        4.55310873408,
        4.509567540080001,
        4.509240950080001,
        4.52349839008,
        4.529529059080001,
        4.52089080408,
        4.5201178230800005,
        4.52155293908,
        4.520477357080001,
        4.5286054590800005,
        4.512585185080001,
        4.54910483208,
        4.544944158080001
      ],
      "exit_codes": [
        0,
        0,
        0,
        0,
        0,
        0,
        0,
        0,
        0,
        0,
        0,
        0,
        0,
        0,
        0,
        0,
        0,
        0,
        0,
        0
      ]
    }
  ]
}
