{
  "results": [
    {
      "command": "./bin/xoofx/aot/1brc ./inputs/measurements.txt",
      "mean": 0.9782878604399998,
      "stddev": 0.004872859571198241,
      "median": 0.9783018826400001,
      "user": 43.63675106000001,
      "system": 2.17316983,
      "min": 0.97072279014,
      "max": 0.99377534614,
      "times": [
        0.97979944314,
        0.97339221114,
        0.9791551591400001,
        0.97521747114,
        0.97237873414,
        0.99377534614,
        0.97860413014,
        0.97874547514,
        0.97623711414,
        0.9815909981400001,
        0.98164978914,
        0.9777852461400001,
        0.97544986614,
        0.9832839371400001,
        0.97660969514,
        0.97072279014,
        0.97874877114,
        0.97433320114,
        0.97799963514,
        0.98027819514
      ],
      "exit_codes": [
        0,
        0,
        0,
        0,
        0,
        0,
        0,
        0,
        0,
        0,
        0,
        0,
        0,
        0,
        0,
        0,
        0,
        0,
        0,
        0
      ]
    }
  ]
}
