{
  "results": [
    {
      "command": "./calculate_average_abeobk.sh",
      "mean": 1.48376945972,
      "stddev": 0.006482593564863816,
      "median": 1.4809455999199999,
      "user": 0.00224238,
      "system": 0.0020989399999999997,
      "min": 1.47964360292,
      "max": 1.49504693792,
      "times": [
        1.49504693792,
        1.47979547892,
        1.48341567892,
        1.4809455999199999,
        1.47964360292
      ],
      "exit_codes": [
        0,
        0,
        0,
        0,
        0
      ]
    }
  ]
}
