{
  "results": [
    {
      "command": "./calculate_average_abeobk.sh",
      "mean": 0.38219551898000004,
      "stddev": 0.0009582588133546245,
      "median": 0.38180866638,
      "user": 0.0034414,
      "system": 0.0009570279999999999,
      "min": 0.38126010638,
      "max": 0.38332423038,
      "times": [
        0.38180866638,
        0.38311560238000003,
        0.38332423038,
        0.38146898938,
        0.38126010638
      ],
      "exit_codes": [
        0,
        0,
        0,
        0,
        0
      ]
    }
  ]
}
