{
  "results": [
    {
      "command": "./calculate_average_abeobk.sh",
      "mean": 0.38120644116,
      "stddev": 0.0004700319096473246,
      "median": 0.38099608936,
      "user": 0.0020507200000000002,
      "system": 0.002367912,
      "min": 0.38080846236000004,
      "max": 0.38190127036000004,
      "times": [
        0.38099608936,
        0.38085129736,
        0.38080846236000004,
        0.38190127036000004,
        0.38147508636000005
      ],
      "exit_codes": [
        0,
        0,
        0,
        0,
        0
      ]
    }
  ]
}
