{
  "results": [
    {
      "command": "./calculate_average_abeobk.sh",
      "mean": 0.7502548137800001,
      "stddev": 0.0013894426669154782,
      "median": 0.75062697998,
      "user": 0.00345362,
      "system": 0.0009408959999999999,
      "min": 0.7483341679800001,
      "max": 0.7518069619800001,
      "times": [
        0.75062697998,
        0.7511148509800001,
        0.7483341679800001,
        0.7518069619800001,
        0.7493911079800001
      ],
      "exit_codes": [
        0,
        0,
        0,
        0,
        0
      ]
    }
  ]
}
