{
  "results": [
    {
      "command": "./calculate_average_artsiomkorzun.sh",
      "mean": 0.30436940404,
      "stddev": 0.00011674248397990612,
      "median": 0.30441270744000004,
      "user": 0.00209188,
      "system": 0.00223232,
      "min": 0.30421486744000004,
      "max": 0.30447155144000004,
      "times": [
        0.30441270744000004,
        0.30427833544000005,
        0.30421486744000004,
        0.30447155144000004,
        0.30446955844
      ],
      "exit_codes": [
        0,
        0,
        0,
        0,
        0
      ]
    }
  ]
}
