{
  "results": [
    {
      "command": "./calculate_average_artsiomkorzun.sh",
      "mean": 1.1405832672199998,
      "stddev": 0.005691503709164162,
      "median": 1.13885146442,
      "user": 0.00207706,
      "system": 0.00226992,
      "min": 1.1351806844199999,
      "max": 1.14725149842,
      "times": [
        1.14595501442,
        1.14725149842,
        1.13567767442,
        1.13885146442,
        1.1351806844199999
      ],
      "exit_codes": [
        0,
        0,
        0,
        0,
        0
      ]
    }
  ]
}
