{
  "results": [
    {
      "command": "./calculate_average_artsiomkorzun.sh",
      "mean": 0.578674586,
      "stddev": 0.0003545822080754932,
      "median": 0.5785730472,
      "user": 0.0026406600000000004,
      "system": 0.0016882479999999998,
      "min": 0.5782050972,
      "max": 0.5791058202,
      "times": [
        0.5782050972,
        0.5789399952,
        0.5785489702,
        0.5791058202,
        0.5785730472
      ],
      "exit_codes": [
        0,
        0,
        0,
        0,
        0
      ]
    }
  ]
}
