{
  "results": [
    {
      "command": "./calculate_average_artsiomkorzun.sh",
      "mean": 0.30474241378,
      "stddev": 0.0012118368902644455,
      "median": 0.30433994918,
      "user": 0.00231082,
      "system": 0.002003,
      "min": 0.30392384118,
      "max": 0.30686397618,
      "times": [
        0.30433994918,
        0.30455258918,
        0.30392384118,
        0.30686397618,
        0.30403171318
      ],
      "exit_codes": [
        0,
        0,
        0,
        0,
        0
      ]
    }
  ]
}
