{
  "results": [
    {
      "command": "./bin/buybackoff/aot/1brc ./inputs/measurements.txt",
      "mean": 0.7996587557800001,
      "stddev": 0.005284632183074209,
      "median": 0.7972672337800001,
      "user": 0.013761180000000001,
      "system": 0.008365439999999998,
      "min": 0.7966882297800001,
      "max": 0.80906846978,
      "times": [
        0.7972672337800001,
        0.7971704717800001,
        0.80906846978,
        0.7980993737800001,
        0.7966882297800001
      ],
      "exit_codes": [
        0,
        0,
        0,
        0,
        0
      ]
    }
  ]
}
