{
  "results": [
    {
      "command": "./bin/buybackoff/aot/1brc ./inputs/measurements.txt",
      "mean": 1.5680969069400001,
      "stddev": 0.0003360305773058903,
      "median": 1.56807188894,
      "user": 0.01302708,
      "system": 0.005633,
      "min": 1.5676676859399998,
      "max": 1.56846534094,
      "times": [
        1.56846534094,
        1.5676676859399998,
        1.56839218294,
        1.56807188894,
        1.5678874359400001
      ],
      "exit_codes": [
        0,
        0,
        0,
        0,
        0
      ]
    }
  ]
}
