{
  "results": [
    {
      "command": "./bin/buybackoff/aot/1brc ./inputs/measurements.txt",
      "mean": 0.79826221736,
      "stddev": 0.0028671228083778236,
      "median": 0.79711478376,
      "user": 0.010702739999999999,
      "system": 0.011232559999999999,
      "min": 0.79664113776,
      "max": 0.80337622476,
      "times": [
        0.7972185567600001,
        0.79696038376,
        0.80337622476,
        0.79711478376,
        0.79664113776
      ],
      "exit_codes": [
        0,
        0,
        0,
        0,
        0
      ]
    }
  ]
}
