{
  "results": [
    {
      "command": "./bin/buybackoff/aot/1brc ./inputs/measurements.txt",
      "mean": 3.11721681288,
      "stddev": 0.0026630896126994224,
      "median": 3.1157336902800004,
      "user": 0.013609039999999998,
      "system": 0.00379366,
      "min": 3.1146055132800003,
      "max": 3.12058411828,
      "times": [
        3.11954843528,
        3.1157336902800004,
        3.1146055132800003,
        3.11561230728,
        3.12058411828
      ],
      "exit_codes": [
        0,
        0,
        0,
        0,
        0
      ]
    }
  ]
}
