{
  "results": [
    {
      "command": "./bin/CameronAavik/aot/1brc ./inputs/measurements.txt",
      "mean": 1.0587508913,
      "stddev": 0.028353113216039602,
      "median": 1.0474496247,
      "user": 13.150437019999998,
      "system": 0.6228146,
      "min": 1.0411018776999998,
      "max": 1.1089403157,
      "times": [
        1.0521226137,
        1.0411018776999998,
        1.1089403157,
        1.0441400247,
        1.0474496247
      ],
      "exit_codes": [
        0,
        0,
        0,
        0,
        0
      ]
    }
  ]
}
