{
  "results": [
    {
      "command": "./bin/CameronAavik/aot/1brc ./inputs/measurements.txt",
      "mean": 1.8637717437999999,
      "stddev": 0.020583902865402518,
      "median": 1.8601545912,
      "user": 13.126130459999999,
      "system": 0.61379414,
      "min": 1.8391146532,
      "max": 1.8943058872,
      "times": [
        1.8601545912,
        1.8543097822,
        1.8709738052,
        1.8943058872,
        1.8391146532
      ],
      "exit_codes": [
        0,
        0,
        0,
        0,
        0
      ]
    }
  ]
}
