{
  "results": [
    {
      "command": "./bin/CameronAavik/aot/1brc ./inputs/measurements.txt",
      "mean": 0.63092188234,
      "stddev": 0.0005916761175235091,
      "median": 0.6307875511400001,
      "user": 13.18070486,
      "system": 0.64799166,
      "min": 0.63028862414,
      "max": 0.63168236114,
      "times": [
        0.63168236114,
        0.63137427414,
        0.63047660114,
        0.63028862414,
        0.6307875511400001
      ],
      "exit_codes": [
        0,
        0,
        0,
        0,
        0
      ]
    }
  ]
}
