{
  "results": [
    {
      "command": "./bin/CameronAavik/aot/1brc ./inputs/measurements.txt",
      "mean": 0.63063065506,
      "stddev": 0.0006906979895969802,
      "median": 0.63045902546,
      "user": 13.17327072,
      "system": 0.6687363000000002,
      "min": 0.62994513746,
      "max": 0.63179414446,
      "times": [
        0.63179414446,
        0.63045902546,
        0.63054164546,
        0.63041332246,
        0.62994513746
      ],
      "exit_codes": [
        0,
        0,
        0,
        0,
        0
      ]
    }
  ]
}
