{
  "results": [
    {
      "command": "./calculate_average_jerrinot.sh",
      "mean": 1.3840307384400001,
      "stddev": 0.00736182375609583,
      "median": 1.38547767744,
      "user": 0.0031217799999999993,
      "system": 0.001981432,
      "min": 1.37591316944,
      "max": 1.39461723044,
      "times": [
        1.38588439744,
        1.37591316944,
        1.39461723044,
        1.37826121744,
        1.38547767744
      ],
      "exit_codes": [
        0,
        0,
        0,
        0,
        0
      ]
    }
  ]
}
