{
  "results": [
    {
      "command": "./calculate_average_jerrinot.sh",
      "mean": 0.70074687384,
      "stddev": 0.0035501050419263244,
      "median": 0.6990811584400001,
      "user": 0.00229762,
      "system": 0.0027749000000000003,
      "min": 0.6981045344400001,
      "max": 0.70664311844,
      "times": [
        0.70664311844,
        0.6990811584400001,
        0.6981045344400001,
        0.6984313414400001,
        0.7014742164400001
      ],
      "exit_codes": [
        0,
        0,
        0,
        0,
        0
      ]
    }
  ]
}
