{
  "results": [
    {
      "command": "./calculate_average_jerrinot.sh",
      "mean": 0.36187355366000007,
      "stddev": 0.0006717009923643864,
      "median": 0.36210904026,
      "user": 0.0027064999999999997,
      "system": 0.002439624,
      "min": 0.36115901426,
      "max": 0.36269003126000005,
      "times": [
        0.36119732526000004,
        0.36115901426,
        0.36269003126000005,
        0.36210904026,
        0.36221235726
      ],
      "exit_codes": [
        0,
        0,
        0,
        0,
        0
      ]
    }
  ]
}
