{
  "results": [
    {
      "command": "./calculate_average_jerrinot.sh",
      "mean": 0.36181223617999997,
      "stddev": 0.0007767620251450956,
      "median": 0.36202043318000005,
      "user": 0.0030016999999999995,
      "system": 0.0021882,
      "min": 0.36047605818,
      "max": 0.36250453818,
      "times": [
        0.36195751818000005,
        0.36250453818,
        0.36202043318000005,
        0.36210263318,
        0.36047605818
      ],
      "exit_codes": [
        0,
        0,
        0,
        0,
        0
      ]
    }
  ]
}
