{
  "results": [
    {
      "command": "./bin/kpocza/aot/1brc ./inputs/measurements.txt",
      "mean": 1.12106796084,
      "stddev": 0.016835710254997097,
      "median": 1.12004835244,
      "user": 26.52612424,
      "system": 0.6271515599999999,
      "min": 1.1016827994399998,
      "max": 1.14791703844,
      "times": [
        1.12004835244,
        1.1206119374399999,
        1.1016827994399998,
        1.14791703844,
        1.11507967644
      ],
      "exit_codes": [
        0,
        0,
        0,
        0,
        0
      ]
    }
  ]
}
