{
  "results": [
    {
      "command": "./bin/kpocza/aot/1brc ./inputs/measurements.txt",
      "mean": 1.9099123875200004,
      "stddev": 0.0050250346562575815,
      "median": 1.9092763323200002,
      "user": 26.49107,
      "system": 0.6488147599999999,
      "min": 1.9043515073200001,
      "max": 1.9170010583200001,
      "times": [
        1.9170010583200001,
        1.9043515073200001,
        1.9092763323200002,
        1.91255108532,
        1.90638195432
      ],
      "exit_codes": [
        0,
        0,
        0,
        0,
        0
      ]
    }
  ]
}
