{
  "results": [
    {
      "command": "./bin/kpocza/aot/1brc ./inputs/measurements.txt",
      "mean": 3.5903700704999997,
      "stddev": 0.0017579979312198801,
      "median": 3.5907297563,
      "user": 26.53478702,
      "system": 0.6040219199999999,
      "min": 3.5884373902999998,
      "max": 3.5921704343,
      "times": [
        3.5884373902999998,
        3.5918735503,
        3.5907297563,
        3.5886392213,
        3.5921704343
      ],
      "exit_codes": [
        0,
        0,
        0,
        0,
        0
      ]
    }
  ]
}
