{
  "results": [
    {
      "command": "./bin/kpocza/aot/1brc ./inputs/measurements.txt",
      "mean": 1.0658089393799999,
      "stddev": 0.007149226335983057,
      "median": 1.06253960678,
      "user": 26.477062519999997,
      "system": 0.66479044,
      "min": 1.06104022778,
      "max": 1.07829000578,
      "times": [
        1.06522592778,
        1.07829000578,
        1.06104022778,
        1.06253960678,
        1.06194892878
      ],
      "exit_codes": [
        0,
        0,
        0,
        0,
        0
      ]
    }
  ]
}
