{
  "results": [
    {
      "command": "./calculate_average_mtopolnik.sh",
      "mean": 0.6064962191400001,
      "stddev": 0.016305632353961402,
      "median": 0.6009229301400001,
      "user": 0.004097399999999999,
      "system": 0.003145099999999999,
      "min": 0.59707462714,
      "max": 0.63539022314,
      "times": [
        0.6009229301400001,
        0.63539022314,
        0.59707462714,
        0.59707579114,
        0.60201752414
      ],
      "exit_codes": [
        0,
        0,
        0,
        0,
        0
      ]
    }
  ]
}
