{
  "results": [
    {
      "command": "./bin/mtopolnik-rs/aot/1brc ./inputs/measurements.txt",
      "mean": 1.26931532982,
      "stddev": 0.0006313070635587884,
      "median": 1.26914809402,
      "user": 16.590025360000002,
      "system": 0.6777894799999999,
      "min": 1.26857485902,
      "max": 1.2700536520199999,
      "times": [
        1.26914809402,
        1.2700536520199999,
        1.2689212400199998,
        1.26987880402,
        1.26857485902
      ],
      "exit_codes": [
        0,
        0,
        0,
        0,
        0
      ]
    }
  ]
}
