{
  "results": [
    {
      "command": "./bin/mtopolnik-rs/aot/1brc ./inputs/measurements.txt",
      "mean": 2.3290075180799996,
      "stddev": 0.0018159515849299512,
      "median": 2.3284670676799997,
      "user": 16.616936900000002,
      "system": 0.5898575,
      "min": 2.32706699868,
      "max": 2.3317694146799997,
      "times": [
        2.32801105068,
        2.3317694146799997,
        2.32706699868,
        2.3284670676799997,
        2.32972305868
      ],
      "exit_codes": [
        0,
        0,
        0,
        0,
        0
      ]
    }
  ]
}
