{
  "results": [
    {
      "command": "./bin/mtopolnik-rs/aot/1brc ./inputs/measurements.txt",
      "mean": 0.7499825934800001,
      "stddev": 0.00021402087644829357,
      "median": 0.74997396568,
      "user": 16.636095100000002,
      "system": 0.8182390999999999,
      "min": 0.74978346868,
      "max": 0.75032691968,
      "times": [
        0.75000264668,
        0.75032691968,
        0.74997396568,
        0.74978346868,
        0.74982596668
      ],
      "exit_codes": [
        0,
        0,
        0,
        0,
        0
      ]
    }
  ]
}
