{
  "results": [
    {
      "command": "./calculate_average_mtopolnik.sh",
      "mean": 0.6029769488400001,
      "stddev": 0.002188196423543081,
      "median": 0.60251915164,
      "user": 0.0029591999999999995,
      "system": 0.00423632,
      "min": 0.6014844906400001,
      "max": 0.6067814396400001,
      "times": [
        0.60256098664,
        0.6067814396400001,
        0.6014844906400001,
        0.60251915164,
        0.6015386756400001
      ],
      "exit_codes": [
        0,
        0,
        0,
        0,
        0
      ]
    }
  ]
}
