{
  "results": [
    {
      "command": "./calculate_average_mtopolnik.sh",
      "mean": 1.99262582942,
      "stddev": 0.028374573630121303,
      "median": 1.97563726822,
      "user": 0.0029504999999999996,
      "system": 0.0040016999999999995,
      "min": 1.9717710142200002,
      "max": 2.03587980522,
      "times": [
        2.03587980522,
        1.9724364302200001,
        1.9717710142200002,
        2.00740462922,
        1.97563726822
      ],
      "exit_codes": [
        0,
        0,
        0,
        0,
        0
      ]
    }
  ]
}
