{
  "results": [
    {
      "command": "./bin/mtopolnik-rs/aot/1brc ./inputs/measurements.txt",
      "mean": 0.7502340841800001,
      "stddev": 0.0005311244792864325,
      "median": 0.7503001717800001,
      "user": 16.58055038,
      "system": 0.87730234,
      "min": 0.7495668597800001,
      "max": 0.7508955707800001,
      "times": [
        0.7503001717800001,
        0.75054990878,
        0.7495668597800001,
        0.7508955707800001,
        0.7498579097800001
      ],
      "exit_codes": [
        0,
        0,
        0,
        0,
        0
      ]
    }
  ]
}
