{
  "results": [
    {
      "command": "./calculate_average_mtopolnik.sh",
      "mean": 1.06724294152,
      "stddev": 0.023974960295115096,
      "median": 1.05201796292,
      "user": 0.0027401999999999995,
      "system": 0.004480759999999999,
      "min": 1.04974237592,
      "max": 1.10368915692,
      "times": [
        1.05201796292,
        1.10368915692,
        1.04974237592,
        1.05079019692,
        1.07997501492
      ],
      "exit_codes": [
        0,
        0,
        0,
        0,
        0
      ]
    }
  ]
}
