{
  "results": [
    {
      "command": "./bin/nietras/aot/1brc ./inputs/measurements.txt",
      "mean": 0.8752162954199999,
      "stddev": 0.024403494413194334,
      "median": 0.86364070002,
      "user": 19.8896438,
      "system": 0.6113376400000001,
      "min": 0.85544165402,
      "max": 0.91604353802,
      "times": [
        0.85544165402,
        0.86195368702,
        0.86364070002,
        0.87900189802,
        0.91604353802
      ],
      "exit_codes": [
        0,
        0,
        0,
        0,
        0
      ]
    }
  ]
}
