{
  "results": [
    {
      "command": "./bin/nietras/aot/1brc ./inputs/measurements.txt",
      "mean": 1.51501034326,
      "stddev": 0.05163697616948568,
      "median": 1.49732325326,
      "user": 19.877630340000003,
      "system": 0.597494,
      "min": 1.47739021026,
      "max": 1.60606770426,
      "times": [
        1.47739021026,
        1.60606770426,
        1.49527483126,
        1.4989957172600001,
        1.49732325326
      ],
      "exit_codes": [
        0,
        0,
        0,
        0,
        0
      ]
    }
  ]
}
