{
  "results": [
    {
      "command": "./bin/nietras/aot/1brc ./inputs/measurements.txt",
      "mean": 0.87405824128,
      "stddev": 0.017653857996465627,
      "median": 0.86725508068,
      "user": 19.875108219999998,
      "system": 0.6360009799999998,
      "min": 0.8582725036800001,
      "max": 0.90001525068,
      "times": [
        0.90001525068,
        0.8582725036800001,
        0.86725508068,
        0.86071820268,
        0.8840301686800001
      ],
      "exit_codes": [
        0,
        0,
        0,
        0,
        0
      ]
    }
  ]
}
