{
  "results": [
    {
      "command": "./bin/nietras/aot/1brc ./inputs/measurements.txt",
      "mean": 2.7771861271400002,
      "stddev": 0.04949480937574795,
      "median": 2.77130377714,
      "user": 19.883344719999997,
      "system": 0.6146205,
      "min": 2.7392844321400003,
      "max": 2.86071725214,
      "times": [
        2.77130377714,
        2.86071725214,
        2.7740523611400003,
        2.7392844321400003,
        2.74057281314
      ],
      "exit_codes": [
        0,
        0,
        0,
        0,
        0
      ]
    }
  ]
}
