{
  "results": [
    {
      "command": "./bin/NimaAra/aot/1brc ./inputs/measurements.txt",
      "mean": 1.12186856224,
      "stddev": 0.0009681877601435052,
      "median": 1.1221489174400001,
      "user": 28.830375539999995,
      "system": 0.74366314,
      "min": 1.1202762504400001,
      "max": 1.12263079544,
      "times": [
        1.1225925324400001,
        1.12169431544,
        1.12263079544,
        1.1221489174400001,
        1.1202762504400001
      ],
      "exit_codes": [
        0,
        0,
        0,
        0,
        0
      ]
    }
  ]
}
