{
  "results": [
    {
      "command": "./bin/NimaAra/aot/1brc ./inputs/measurements.txt",
      "mean": 2.045347292,
      "stddev": 0.013920921862787738,
      "median": 2.0483313604,
      "user": 28.796882800000002,
      "system": 0.7377653399999999,
      "min": 2.0301757554,
      "max": 2.0648426304000003,
      "times": [
        2.0497344194,
        2.0483313604,
        2.0336522944000004,
        2.0648426304000003,
        2.0301757554
      ],
      "exit_codes": [
        0,
        0,
        0,
        0,
        0
      ]
    }
  ]
}
