{
  "results": [
    {
      "command": "./bin/NimaAra/aot/1brc ./inputs/measurements.txt",
      "mean": 1.1240858061799999,
      "stddev": 0.001014413135400866,
      "median": 1.1236844635799998,
      "user": 28.911467500000004,
      "system": 0.67134352,
      "min": 1.12303656758,
      "max": 1.12568404458,
      "times": [
        1.1236844635799998,
        1.12303656758,
        1.12363191758,
        1.1243920375799998,
        1.12568404458
      ],
      "exit_codes": [
        0,
        0,
        0,
        0,
        0
      ]
    }
  ]
}
