{
  "results": [
    {
      "command": "./bin/NimaAra/aot/1brc ./inputs/measurements.txt",
      "mean": 3.84466056586,
      "stddev": 0.0058872168024121175,
      "median": 3.8453251060599998,
      "user": 28.8298924,
      "system": 0.6534610399999999,
      "min": 3.83853954906,
      "max": 3.8517503670599997,
      "times": [
        3.8517503670599997,
        3.83853954906,
        3.8388876110599996,
        3.84880019606,
        3.8453251060599998
      ],
      "exit_codes": [
        0,
        0,
        0,
        0,
        0
      ]
    }
  ]
}
