{
  "results": [
    {
      "command": "./bin/pedrosakuma/aot/1brc ./inputs/measurements.txt",
      "mean": 1.6450055412200004,
      "stddev": 0.0032034145381008,
      "median": 1.6437653168200002,
      "user": 34.79342586,
      "system": 1.08124234,
      "min": 1.64255402182,
      "max": 1.6504874958200002,
      "times": [
        1.6437653168200002,
        1.6504874958200002,
        1.6450709308200002,
        1.64255402182,
        1.64314994082
      ],
      "exit_codes": [
        0,
        0,
        0,
        0,
        0
      ]
    }
  ]
}
