{
  "results": [
    {
      "command": "./bin/pedrosakuma/aot/1brc ./inputs/measurements.txt",
      "mean": 4.673466813839999,
      "stddev": 0.00255612449375608,
      "median": 4.67245785004,
      "user": 34.651626879999995,
      "system": 0.7158982,
      "min": 4.67117865904,
      "max": 4.677217037039999,
      "times": [
        4.67154990604,
        4.67117865904,
        4.67493061704,
        4.67245785004,
        4.677217037039999
      ],
      "exit_codes": [
        0,
        0,
        0,
        0,
        0
      ]
    }
  ]
}
