{
  "results": [
    {
      "command": "./bin/pedrosakuma/aot/1brc ./inputs/measurements.txt",
      "mean": 1.64464392466,
      "stddev": 0.004964895364430562,
      "median": 1.6422023204599998,
      "user": 34.79152776,
      "system": 1.0644885,
      "min": 1.64030372946,
      "max": 1.65263697046,
      "times": [
        1.65263697046,
        1.64030372946,
        1.6422023204599998,
        1.64189591046,
        1.64618069246
      ],
      "exit_codes": [
        0,
        0,
        0,
        0,
        0
      ]
    }
  ]
}
