{
  "results": [
    {
      "command": "./bin/pedrosakuma/aot/1brc ./inputs/measurements.txt",
      "mean": 2.5735581387,
      "stddev": 0.0015437664146390345,
      "median": 2.5729695567,
      "user": 34.70737288,
      "system": 0.85582324,
      "min": 2.5715997587,
      "max": 2.5751681027,
      "times": [
        2.5751037197,
        2.5729495557,
        2.5751681027,
        2.5729695567,
        2.5715997587
      ],
      "exit_codes": [
        0,
        0,
        0,
        0,
        0
      ]
    }
  ]
}
