{
  "results": [
    {
      "command": "./calculate_average_royvanrijn.sh",
      "mean": 1.0068514378,
      "stddev": 0.007118304198748469,
      "median": 1.0023741158,
      "user": 0.00221652,
      "system": 0.002096724,
      "min": 1.0019735398,
      "max": 1.0183353218,
      "times": [
        1.0093010437999999,
        1.0183353218,
        1.0023741158,
        1.0019735398,
        1.0022731677999999
      ],
      "exit_codes": [
        0,
        0,
        0,
        0,
        0
      ]
    }
  ]
}
