{
  "results": [
    {
      "command": "./calculate_average_royvanrijn.sh",
      "mean": 1.9674344526399998,
      "stddev": 0.004328677129246787,
      "median": 1.96769226024,
      "user": 0.00240936,
      "system": 0.00184864,
      "min": 1.96285864424,
      "max": 1.97341707624,
      "times": [
        1.97341707624,
        1.96285864424,
        1.96949765724,
        1.96769226024,
        1.9637066252400002
      ],
      "exit_codes": [
        0,
        0,
        0,
        0,
        0
      ]
    }
  ]
}
