{
  "results": [
    {
      "command": "./calculate_average_royvanrijn.sh",
      "mean": 0.5412875184800001,
      "stddev": 0.006034692064285568,
      "median": 0.54062790668,
      "user": 0.0031212600000000003,
      "system": 0.0011799520000000002,
      "min": 0.5342647686800001,
      "max": 0.55082670868,
      "times": [
        0.55082670868,
        0.5416231996800001,
        0.5342647686800001,
        0.53909500868,
        0.54062790668
      ],
      "exit_codes": [
        0,
        0,
        0,
        0,
        0
      ]
    }
  ]
}
