{
  "results": [
    {
      "command": "./calculate_average_royvanrijn.sh",
      "mean": 0.55129376542,
      "stddev": 0.004912498020619869,
      "median": 0.55125777362,
      "user": 0.0026585199999999997,
      "system": 0.001653636,
      "min": 0.54440341762,
      "max": 0.55823822762,
      "times": [
        0.54440341762,
        0.55125777362,
        0.55064180462,
        0.55823822762,
        0.55192760362
      ],
      "exit_codes": [
        0,
        0,
        0,
        0,
        0
      ]
    }
  ]
}
