{
  "results": [
    {
      "command": "./calculate_average_stephenvonworley.sh",
      "mean": 0.69226665218,
      "stddev": 0.0021909495040076587,
      "median": 0.69095253778,
      "user": 0.0018116399999999998,
      "system": 0.00257822,
      "min": 0.69048287578,
      "max": 0.6948496147800001,
      "times": [
        0.6948496147800001,
        0.69445905978,
        0.69095253778,
        0.69048287578,
        0.69058917278
      ],
      "exit_codes": [
        0,
        0,
        0,
        0,
        0
      ]
    }
  ]
}
