{
  "results": [
    {
      "command": "./calculate_average_stephenvonworley.sh",
      "mean": 0.36662886042,
      "stddev": 0.0018341315489895206,
      "median": 0.36559358222,
      "user": 0.0031750399999999996,
      "system": 0.0011652919999999998,
      "min": 0.36508631522,
      "max": 0.36883947922,
      "times": [
        0.36522333522,
        0.36840159022,
        0.36883947922,
        0.36559358222,
        0.36508631522
      ],
      "exit_codes": [
        0,
        0,
        0,
        0,
        0
      ]
    }
  ]
}
