{
  "results": [
    {
      "command": "./calculate_average_stephenvonworley.sh",
      "mean": 0.36570426897999997,
      "stddev": 0.0004259590409008777,
      "median": 0.36561346378000004,
      "user": 0.00253558,
      "system": 0.0018620799999999997,
      "min": 0.36517019378000004,
      "max": 0.36618700378,
      "times": [
        0.36517019378000004,
        0.36608286978000004,
        0.36561346378000004,
        0.36618700378,
        0.36546781378000004
      ],
      "exit_codes": [
        0,
        0,
        0,
        0,
        0
      ]
    }
  ]
}
