{
  "results": [
    {
      "command": "./calculate_average_stephenvonworley.sh",
      "mean": 1.35165895522,
      "stddev": 0.004363647355904731,
      "median": 1.35026060882,
      "user": 0.0018831400000000002,
      "system": 0.0025507999999999998,
      "min": 1.3477909508199999,
      "max": 1.35886792182,
      "times": [
        1.35026060882,
        1.35232971382,
        1.3477909508199999,
        1.34904558082,
        1.35886792182
      ],
      "exit_codes": [
        0,
        0,
        0,
        0,
        0
      ]
    }
  ]
}
