{
  "results": [
    {
      "command": "./calculate_average_thomaswue.sh",
      "mean": 0.34920276285999996,
      "stddev": 0.0004639799441861593,
      "median": 0.34914223586,
      "user": 0.00226606,
      "system": 0.002243812,
      "min": 0.34877663186,
      "max": 0.34997179386,
      "times": [
        0.34921087886,
        0.34877663186,
        0.34914223586,
        0.34997179386,
        0.34891227386
      ],
      "exit_codes": [
        0,
        0,
        0,
        0,
        0
      ]
    }
  ]
}
