{
  "results": [
    {
      "command": "./calculate_average_thomaswue.sh",
      "mean": 1.3483180399199999,
      "stddev": 0.007212313963909935,
      "median": 1.34543651912,
      "user": 0.0017557999999999996,
      "system": 0.00274072,
      "min": 1.34450311312,
      "max": 1.3611884931199998,
      "times": [
        1.3611884931199998,
        1.34450311312,
        1.34472838212,
        1.34573369212,
        1.34543651912
      ],
      "exit_codes": [
        0,
        0,
        0,
        0,
        0
      ]
    }
  ]
}
