{
  "results": [
    {
      "command": "./calculate_average_thomaswue.sh",
      "mean": 0.68468630708,
      "stddev": 0.008542462722242886,
      "median": 0.68124009788,
      "user": 0.0026332,
      "system": 0.0018620999999999998,
      "min": 0.67902035988,
      "max": 0.69948870188,
      "times": [
        0.69948870188,
        0.68435266788,
        0.67932970788,
        0.67902035988,
        0.68124009788
      ],
      "exit_codes": [
        0,
        0,
        0,
        0,
        0
      ]
    }
  ]
}
