{
  "results": [
    {
      "command": "./calculate_average_thomaswue.sh",
      "mean": 0.34945505708,
      "stddev": 0.0005851979998323648,
      "median": 0.34934963548000003,
      "user": 0.0038805800000000002,
      "system": 0.000603632,
      "min": 0.34877677048,
      "max": 0.35039561848,
      "times": [
        0.34940564048,
        0.34934963548000003,
        0.34877677048,
        0.35039561848,
        0.34934762048
      ],
      "exit_codes": [
        0,
        0,
        0,
        0,
        0
      ]
    }
  ]
}
