{
  "results": [
    {
      "command": "./bin/xoofx/aot/1brc ./inputs/measurements.txt",
      "mean": 1.5662082429200002,
      "stddev": 0.013669245368304304,
      "median": 1.56500507252,
      "user": 23.56259288,
      "system": 1.1591885999999998,
      "min": 1.55545118152,
      "max": 1.58910513352,
      "times": [
        1.56554398652,
        1.55545118152,
        1.56500507252,
        1.5559358405200001,
        1.58910513352
      ],
      "exit_codes": [
        0,
        0,
        0,
        0,
        0
      ]
    }
  ]
}
