{
  "results": [
    {
      "command": "./bin/xoofx/aot/1brc ./inputs/measurements.txt",
      "mean": 0.7962080308,
      "stddev": 0.001183168621262703,
      "median": 0.795947351,
      "user": 23.602346499999996,
      "system": 1.1291730000000002,
      "min": 0.795076586,
      "max": 0.798213423,
      "times": [
        0.795076586,
        0.795756856,
        0.796045938,
        0.795947351,
        0.798213423
      ],
      "exit_codes": [
        0,
        0,
        0,
        0,
        0
      ]
    }
  ]
}
