{
  "results": [
    {
      "command": "./bin/xoofx/aot/1brc ./inputs/measurements.txt",
      "mean": 3.12543293504,
      "stddev": 0.03471833324820615,
      "median": 3.11599902504,
      "user": 23.53659614,
      "system": 1.1818244,
      "min": 3.09937191804,
      "max": 3.18577356004,
      "times": [
        3.10581182204,
        3.12020835004,
        3.11599902504,
        3.18577356004,
        3.09937191804
      ],
      "exit_codes": [
        0,
        0,
        0,
        0,
        0
      ]
    }
  ]
}
