{
  "results": [
    {
      "command": "./bin/xoofx/aot/1brc ./inputs/measurements.txt",
      "mean": 0.8043896548200001,
      "stddev": 0.02384266223518692,
      "median": 0.79081522802,
      "user": 23.567464479999998,
      "system": 1.1692491200000001,
      "min": 0.78584208202,
      "max": 0.8395055400200001,
      "times": [
        0.79081522802,
        0.8395055400200001,
        0.81883017702,
        0.78584208202,
        0.7869552470200001
      ],
      "exit_codes": [
        0,
        0,
        0,
        0,
        0
      ]
    }
  ]
}
