{
  "results": [
    {
      "command": "./calculate_average_abeobk.sh",
      "mean": 1.1663721391733333,
      "stddev": 0.0031414178923474,
      "median": 1.16532141184,
      "user": 0.0018799133333333334,
      "system": 0.0022257866666666663,
      "min": 1.16389076284,
      "max": 1.16990424284,
      "times": [
        1.16990424284,
        1.16389076284,
        1.16532141184
      ],
      "exit_codes": [
        0,
        0,
        0
      ]
    }
  ]
}
