{
  "results": [
    {
      "command": "./calculate_average_abeobk.sh",
      "mean": 1.7416975439533335,
      "stddev": 0.004464946189661928,
      "median": 1.7410050686200003,
      "user": 0.003094226666666666,
      "system": 0.0011124933333333334,
      "min": 1.7376192926200003,
      "max": 1.74646827062,
      "times": [
        1.74646827062,
        1.7376192926200003,
        1.7410050686200003
      ],
      "exit_codes": [
        0,
        0,
        0
      ]
    }
  ]
}
