{
  "results": [
    {
      "command": "./calculate_average_abeobk.sh",
      "mean": 2.3740889244866668,
      "stddev": 0.0020484329027429323,
      "median": 2.37404233482,
      "user": 0.00200966,
      "system": 0.0022443466666666662,
      "min": 2.37206418382,
      "max": 2.37616025482,
      "times": [
        2.37616025482,
        2.37206418382,
        2.37404233482
      ],
      "exit_codes": [
        0,
        0,
        0
      ]
    }
  ]
}
