{
  "results": [
    {
      "command": "./calculate_average_abeobk.sh",
      "mean": 0.8745714427066668,
      "stddev": 0.008245014481083507,
      "median": 0.8708514690400001,
      "user": 0.0034985866666666665,
      "system": 0.0009359066666666666,
      "min": 0.86884185704,
      "max": 0.8840210020400001,
      "times": [
        0.8840210020400001,
        0.8708514690400001,
        0.86884185704
      ],
      "exit_codes": [
        0,
        0,
        0
      ]
    }
  ]
}
