{
  "results": [
    {
      "command": "./calculate_average_abeobk.sh",
      "mean": 3.5244562638466674,
      "stddev": 0.027816404290801178,
      "median": 3.51077783918,
      "user": 0.0017615866666666664,
      "system": 0.0024829999999999995,
      "min": 3.5061274831800002,
      "max": 3.55646346918,
      "times": [
        3.55646346918,
        3.5061274831800002,
        3.51077783918
      ],
      "exit_codes": [
        0,
        0,
        0
      ]
    }
  ]
}
