{
  "results": [
    {
      "command": "./calculate_average_abeobk.sh",
      "mean": 0.8731177255866668,
      "stddev": 0.001360724851071049,
      "median": 0.87378124692,
      "user": 0.0021233533333333333,
      "system": 0.0023399333333333334,
      "min": 0.87155252392,
      "max": 0.87401940592,
      "times": [
        0.87155252392,
        0.87401940592,
        0.87378124692
      ],
      "exit_codes": [
        0,
        0,
        0
      ]
    }
  ]
}
