{
  "results": [
    {
      "command": "./calculate_average_artsiomkorzun.sh",
      "mean": 0.5108700601733333,
      "stddev": 0.0018156692731691073,
      "median": 0.50990438784,
      "user": 0.0029805133333333333,
      "system": 0.00133216,
      "min": 0.50974129384,
      "max": 0.5129644988400001,
      "times": [
        0.5129644988400001,
        0.50990438784,
        0.50974129384
      ],
      "exit_codes": [
        0,
        0,
        0
      ]
    }
  ]
}
