{
  "results": [
    {
      "command": "./calculate_average_artsiomkorzun.sh",
      "mean": 0.4222515358333334,
      "stddev": 0.003001288805191748,
      "median": 0.42067246850000006,
      "user": 0.0028677800000000003,
      "system": 0.00158956,
      "min": 0.42036943250000003,
      "max": 0.42571270650000004,
      "times": [
        0.42036943250000003,
        0.42067246850000006,
        0.42571270650000004
      ],
      "exit_codes": [
        0,
        0,
        0
      ]
    }
  ]
}
