{
  "results": [
    {
      "command": "./calculate_average_artsiomkorzun.sh",
      "mean": 1.9659208772666668,
      "stddev": 0.010816954390771178,
      "median": 1.9692691356,
      "user": 0.0019736733333333336,
      "system": 0.00237352,
      "min": 1.9538256936,
      "max": 1.9746678026000002,
      "times": [
        1.9746678026000002,
        1.9692691356,
        1.9538256936
      ],
      "exit_codes": [
        0,
        0,
        0
      ]
    }
  ]
}
