{
  "results": [
    {
      "command": "./calculate_average_artsiomkorzun.sh",
      "mean": 0.9869360218933334,
      "stddev": 0.008587763009433886,
      "median": 0.9828061345600001,
      "user": 0.0013239933333333332,
      "system": 0.00287454,
      "min": 0.9811934245600001,
      "max": 0.9968085065600001,
      "times": [
        0.9968085065600001,
        0.9811934245600001,
        0.9828061345600001
      ],
      "exit_codes": [
        0,
        0,
        0
      ]
    }
  ]
}
