{
  "results": [
    {
      "command": "./calculate_average_artsiomkorzun.sh",
      "mean": 1.5456184575666665,
      "stddev": 0.0017579189839410413,
      "median": 1.5465659929,
      "user": 0.002963026666666667,
      "system": 0.0013474266666666666,
      "min": 1.5435900479,
      "max": 1.5466993319,
      "times": [
        1.5466993319,
        1.5465659929,
        1.5435900479
      ],
      "exit_codes": [
        0,
        0,
        0
      ]
    }
  ]
}
