{
  "results": [
    {
      "command": "./calculate_average_artsiomkorzun.sh",
      "mean": 0.7964904199400001,
      "stddev": 0.0036767767686755304,
      "median": 0.7950369839400001,
      "user": 0.00309424,
      "system": 0.0011415266666666664,
      "min": 0.79376252794,
      "max": 0.8006717479400001,
      "times": [
        0.7950369839400001,
        0.8006717479400001,
        0.79376252794
      ],
      "exit_codes": [
        0,
        0,
        0
      ]
    }
  ]
}
