{
  "results": [
    {
      "command": "./bin/austindonisan/aot/1brc ./inputs/measurements.txt 8 1",
      "mean": 1.32114340806,
      "stddev": 0.1520150718883044,
      "median": 1.23356350006,
      "user": 0.015291946666666667,
      "system": 0.004805899999999999,
      "min": 1.23319156206,
      "max": 1.49667516206,
      "times": [
        1.23319156206,
        1.23356350006,
        1.49667516206
      ],
      "exit_codes": [
        0,
        0,
        0
      ]
    }
  ]
}
