{
  "results": [
    {
      "command": "./bin/austindonisan/aot/1brc ./inputs/measurements.txt 16 1",
      "mean": 0.6924440832400002,
      "stddev": 0.058860803700876305,
      "median": 0.7185552992400001,
      "user": 0.009995846666666667,
      "system": 0.0023477466666666663,
      "min": 0.62504468524,
      "max": 0.73373226524,
      "times": [
        0.73373226524,
        0.7185552992400001,
        0.62504468524
      ],
      "exit_codes": [
        0,
        0,
        0
      ]
    }
  ]
}
