{
  "results": [
    {
      "command": "./bin/austindonisan/aot/1brc ./inputs/measurements.txt 64 1",
      "mean": 0.44428210861333345,
      "stddev": 0.10660366751758076,
      "median": 0.38327323828000004,
      "user": 0.015016373333333333,
      "system": 0.008822273333333333,
      "min": 0.38219723428,
      "max": 0.5673758532800001,
      "times": [
        0.5673758532800001,
        0.38219723428,
        0.38327323828000004
      ],
      "exit_codes": [
        0,
        0,
        0
      ]
    }
  ]
}
