{
  "results": [
    {
      "command": "./bin/austindonisan/aot/1brc ./inputs/measurements.txt 32 1",
      "mean": 0.33108431567333335,
      "stddev": 0.0020937474668198145,
      "median": 0.33173678234000004,
      "user": 0.011313813333333334,
      "system": 0.004484913333333333,
      "min": 0.32874202334,
      "max": 0.33277414134000005,
      "times": [
        0.32874202334,
        0.33173678234000004,
        0.33277414134000005
      ],
      "exit_codes": [
        0,
        0,
        0
      ]
    }
  ]
}
