{
  "results": [
    {
      "command": "./bin/austindonisan/aot/1brc ./inputs/measurements.txt 16 1",
      "mean": 0.6445831845933333,
      "stddev": 0.02086932158958216,
      "median": 0.6346157102600001,
      "user": 0.011000193333333333,
      "system": 0.00161156,
      "min": 0.63056650926,
      "max": 0.66856733426,
      "times": [
        0.66856733426,
        0.63056650926,
        0.6346157102600001
      ],
      "exit_codes": [
        0,
        0,
        0
      ]
    }
  ]
}
