{
  "results": [
    {
      "command": "./bin/austindonisan/aot/1brc ./inputs/measurements.txt 32 1",
      "mean": 0.33386700033333333,
      "stddev": 0.0016902327006901707,
      "median": 0.332918752,
      "user": 0.012828406666666667,
      "system": 0.004167106666666666,
      "min": 0.332863794,
      "max": 0.335818455,
      "times": [
        0.332863794,
        0.332918752,
        0.335818455
      ],
      "exit_codes": [
        0,
        0,
        0
      ]
    }
  ]
}
