{
  "results": [
    {
      "command": "./bin/buybackoff/aot/1brc ./inputs/measurements.txt",
      "mean": 0.5327888345733334,
      "stddev": 0.0020731262769113235,
      "median": 0.53314401824,
      "user": 0.020857573333333334,
      "system": 0.009089266666666667,
      "min": 0.5305610632400001,
      "max": 0.53466142224,
      "times": [
        0.5305610632400001,
        0.53466142224,
        0.53314401824
      ],
      "exit_codes": [
        0,
        0,
        0
      ]
    }
  ]
}
