{
  "results": [
    {
      "command": "./bin/buybackoff/aot/1brc ./inputs/measurements.txt",
      "mean": 1.3846109745533335,
      "stddev": 0.007460207015266541,
      "median": 1.3809765762200001,
      "user": 0.019191026666666666,
      "system": 0.005592633333333333,
      "min": 1.37966444322,
      "max": 1.39319190422,
      "times": [
        1.37966444322,
        1.3809765762200001,
        1.39319190422
      ],
      "exit_codes": [
        0,
        0,
        0
      ]
    }
  ]
}
