{
  "results": [
    {
      "command": "./bin/buybackoff/aot/1brc ./inputs/measurements.txt",
      "mean": 0.42138773656,
      "stddev": 0.00266720475745621,
      "median": 0.42197030856,
      "user": 0.02558375333333333,
      "system": 0.013512613333333335,
      "min": 0.41847739756,
      "max": 0.42371550356000004,
      "times": [
        0.41847739756,
        0.42371550356000004,
        0.42197030856
      ],
      "exit_codes": [
        0,
        0,
        0
      ]
    }
  ]
}
