{
  "results": [
    {
      "command": "./bin/buybackoff/aot/1brc ./inputs/measurements.txt",
      "mean": 0.9836855950266669,
      "stddev": 0.001833924526866439,
      "median": 0.9828592533600001,
      "user": 0.019885399999999998,
      "system": 0.0050449733333333335,
      "min": 0.98241023136,
      "max": 0.9857873003600001,
      "times": [
        0.9828592533600001,
        0.98241023136,
        0.9857873003600001
      ],
      "exit_codes": [
        0,
        0,
        0
      ]
    }
  ]
}
