{
  "results": [
    {
      "command": "./bin/buybackoff/aot/1brc ./inputs/measurements.txt",
      "mean": 1.9265811440933336,
      "stddev": 0.0071696171368554485,
      "median": 1.9262276407600003,
      "user": 0.018976379999999998,
      "system": 0.0044820066666666665,
      "min": 1.9195948177600002,
      "max": 1.93392097376,
      "times": [
        1.93392097376,
        1.9195948177600002,
        1.9262276407600003
      ],
      "exit_codes": [
        0,
        0,
        0
      ]
    }
  ]
}
