{
  "results": [
    {
      "command": "./bin/buybackoff/aot/1brc ./inputs/measurements.txt",
      "mean": 0.7239649947066668,
      "stddev": 0.0009552492758942063,
      "median": 0.72412301404,
      "user": 0.016958946666666665,
      "system": 0.010983486666666667,
      "min": 0.72294058904,
      "max": 0.7248313810400001,
      "times": [
        0.7248313810400001,
        0.72412301404,
        0.72294058904
      ],
      "exit_codes": [
        0,
        0,
        0
      ]
    }
  ]
}
