{
  "results": [
    {
      "command": "./bin/CameronAavik/aot/1brc ./inputs/measurements.txt",
      "mean": 1.92095522664,
      "stddev": 0.034140121747972214,
      "median": 1.91206204164,
      "user": 50.98857174,
      "system": 1.1991359266666668,
      "min": 1.89214176264,
      "max": 1.95866187564,
      "times": [
        1.89214176264,
        1.91206204164,
        1.95866187564
      ],
      "exit_codes": [
        0,
        0,
        0
      ]
    }
  ]
}
