{
  "results": [
    {
      "command": "./bin/CameronAavik/aot/1brc ./inputs/measurements.txt",
      "mean": 4.637456691193333,
      "stddev": 0.10373840282795027,
      "median": 4.65373290386,
      "user": 33.480878219999994,
      "system": 0.8180230000000001,
      "min": 4.52654227486,
      "max": 4.73209489486,
      "times": [
        4.65373290386,
        4.73209489486,
        4.52654227486
      ],
      "exit_codes": [
        0,
        0,
        0
      ]
    }
  ]
}
