{
  "results": [
    {
      "command": "./bin/CameronAavik/aot/1brc ./inputs/measurements.txt",
      "mean": 1.3760796553533334,
      "stddev": 0.009088246891071121,
      "median": 1.37218093202,
      "user": 35.0013183,
      "system": 1.2746159733333333,
      "min": 1.3695912330200002,
      "max": 1.38646680102,
      "times": [
        1.38646680102,
        1.3695912330200002,
        1.37218093202
      ],
      "exit_codes": [
        0,
        0,
        0
      ]
    }
  ]
}
