{
  "results": [
    {
      "command": "./bin/CameronAavik/aot/1brc ./inputs/measurements.txt",
      "mean": 1.54665539424,
      "stddev": 0.1595144119739518,
      "median": 1.54577143024,
      "user": 35.60479756666666,
      "system": 1.2061524666666665,
      "min": 1.38758480124,
      "max": 1.7066099512400001,
      "times": [
        1.38758480124,
        1.54577143024,
        1.7066099512400001
      ],
      "exit_codes": [
        0,
        0,
        0
      ]
    }
  ]
}
