{
  "results": [
    {
      "command": "./bin/CameronAavik/aot/1brc ./inputs/measurements.txt",
      "mean": 3.4953632283333333,
      "stddev": 0.017908420958103185,
      "median": 3.502157902,
      "user": 50.695079580000005,
      "system": 0.9352222333333332,
      "min": 3.475051819,
      "max": 3.508879964,
      "times": [
        3.475051819,
        3.502157902,
        3.508879964
      ],
      "exit_codes": [
        0,
        0,
        0
      ]
    }
  ]
}
