{
  "results": [
    {
      "command": "./bin/CameronAavik/aot/1brc ./inputs/measurements.txt",
      "mean": 2.4198528194999995,
      "stddev": 0.01187130736678152,
      "median": 2.4198155545,
      "user": 33.69615817999999,
      "system": 0.8688774,
      "min": 2.4080001885,
      "max": 2.4317427155,
      "times": [
        2.4080001885,
        2.4317427155,
        2.4198155545
      ],
      "exit_codes": [
        0,
        0,
        0
      ]
    }
  ]
}
