{
  "results": [
    {
      "command": "./bin/dzaima/aot/1brc ./inputs/measurements.txt",
      "mean": 2.508034064,
      "stddev": 0.01607925288901952,
      "median": 2.5082527999999997,
      "user": 18.709710186666666,
      "system": 0.7642881666666667,
      "min": 2.491846559,
      "max": 2.524002833,
      "times": [
        2.491846559,
        2.524002833,
        2.5082527999999997
      ],
      "exit_codes": [
        0,
        0,
        0
      ]
    }
  ]
}
