{
  "results": [
    {
      "command": "./bin/dzaima/aot/1brc ./inputs/measurements.txt",
      "mean": 2.540958842766667,
      "stddev": 0.019891526899973172,
      "median": 2.5324947121,
      "user": 18.953118039999996,
      "system": 0.76710426,
      "min": 2.5266992421000003,
      "max": 2.5636825741,
      "times": [
        2.5636825741,
        2.5266992421000003,
        2.5324947121
      ],
      "exit_codes": [
        0,
        0,
        0
      ]
    }
  ]
}
