{
  "results": [
    {
      "command": "./bin/dzaima/aot/1brc ./inputs/measurements.txt",
      "mean": 2.515108066173333,
      "stddev": 0.014674780389607187,
      "median": 2.51785539284,
      "user": 18.744047753333334,
      "system": 0.79557818,
      "min": 2.49925378384,
      "max": 2.5282150218400004,
      "times": [
        2.49925378384,
        2.5282150218400004,
        2.51785539284
      ],
      "exit_codes": [
        0,
        0,
        0
      ]
    }
  ]
}
