{
  "results": [
    {
      "command": "./bin/dzaima/aot/1brc ./inputs/measurements.txt",
      "mean": 2.58743217382,
      "stddev": 0.07538442407446952,
      "median": 2.56117245082,
      "user": 18.899400666666665,
      "system": 0.7586546133333334,
      "min": 2.52868970682,
      "max": 2.67243436382,
      "times": [
        2.67243436382,
        2.56117245082,
        2.52868970682
      ],
      "exit_codes": [
        0,
        0,
        0
      ]
    }
  ]
}
