{
  "results": [
    {
      "command": "./bin/dzaima/aot/1brc ./inputs/measurements.txt",
      "mean": 2.5629943087,
      "stddev": 0.028756043998002953,
      "median": 2.5497482527,
      "user": 19.128884026666665,
      "system": 0.7628981466666667,
      "min": 2.5432484807,
      "max": 2.5959861927,
      "times": [
        2.5497482527,
        2.5432484807,
        2.5959861927
      ],
      "exit_codes": [
        0,
        0,
        0
      ]
    }
  ]
}
