{
  "results": [
    {
      "command": "./bin/dzaima/aot/1brc ./inputs/measurements.txt",
      "mean": 2.5717930101200004,
      "stddev": 0.043347358188552815,
      "median": 2.57278169412,
      "user": 19.123334779999997,
      "system": 0.7757039599999999,
      "min": 2.52795976712,
      "max": 2.61463756912,
      "times": [
        2.61463756912,
        2.57278169412,
        2.52795976712
      ],
      "exit_codes": [
        0,
        0,
        0
      ]
    }
  ]
}
