{
  "results": [
    {
      "command": "./calculate_average_jerrinot.sh",
      "mean": 2.606722164406667,
      "stddev": 0.017198922589983866,
      "median": 2.6021948577400003,
      "user": 0.00295928,
      "system": 0.002017146666666667,
      "min": 2.59223975674,
      "max": 2.6257318787400004,
      "times": [
        2.6257318787400004,
        2.6021948577400003,
        2.59223975674
      ],
      "exit_codes": [
        0,
        0,
        0
      ]
    }
  ]
}
