{
  "results": [
    {
      "command": "./calculate_average_jerrinot.sh",
      "mean": 0.7874848695066667,
      "stddev": 0.0015502118016724141,
      "median": 0.7879371778400001,
      "user": 0.0026356466666666665,
      "system": 0.0023862333333333333,
      "min": 0.78575880884,
      "max": 0.7887586218400001,
      "times": [
        0.7879371778400001,
        0.7887586218400001,
        0.78575880884
      ],
      "exit_codes": [
        0,
        0,
        0
      ]
    }
  ]
}
