{
  "results": [
    {
      "command": "./calculate_average_jerrinot.sh",
      "mean": 1.3742464597933335,
      "stddev": 0.0031149306952666126,
      "median": 1.37348336746,
      "user": 0.0033085999999999996,
      "system": 0.0016239066666666666,
      "min": 1.37158398546,
      "max": 1.37767202646,
      "times": [
        1.37767202646,
        1.37348336746,
        1.37158398546
      ],
      "exit_codes": [
        0,
        0,
        0
      ]
    }
  ]
}
