{
  "results": [
    {
      "command": "./calculate_average_jerrinot.sh",
      "mean": 0.7898144242400001,
      "stddev": 0.008081690838137728,
      "median": 0.7863996092400001,
      "user": 0.0035758066666666667,
      "system": 0.0016345866666666667,
      "min": 0.7840006612400001,
      "max": 0.7990430022400001,
      "times": [
        0.7840006612400001,
        0.7863996092400001,
        0.7990430022400001
      ],
      "exit_codes": [
        0,
        0,
        0
      ]
    }
  ]
}
