{
  "results": [
    {
      "command": "./calculate_average_jerrinot.sh",
      "mean": 1.7937987671466669,
      "stddev": 0.003963752790665712,
      "median": 1.79205035648,
      "user": 0.0037407799999999995,
      "system": 0.00124738,
      "min": 1.7910098274800001,
      "max": 1.79833611748,
      "times": [
        1.7910098274800001,
        1.79205035648,
        1.79833611748
      ],
      "exit_codes": [
        0,
        0,
        0
      ]
    }
  ]
}
