{
  "results": [
    {
      "command": "./calculate_average_jerrinot.sh",
      "mean": 0.9746319517133335,
      "stddev": 0.005461961794115958,
      "median": 0.9743559833800001,
      "user": 0.0034067733333333333,
      "system": 0.0014351466666666665,
      "min": 0.9693132053800001,
      "max": 0.9802266663800001,
      "times": [
        0.9802266663800001,
        0.9743559833800001,
        0.9693132053800001
      ],
      "exit_codes": [
        0,
        0,
        0
      ]
    }
  ]
}
