{
  "results": [
    {
      "command": "./bin/kpocza/aot/1brc ./inputs/measurements.txt",
      "mean": 1.1629038581133333,
      "stddev": 0.12427552978442083,
      "median": 1.09652171478,
      "user": 26.029978386666667,
      "system": 0.8122763866666665,
      "min": 1.08591568678,
      "max": 1.30627417278,
      "times": [
        1.30627417278,
        1.09652171478,
        1.08591568678
      ],
      "exit_codes": [
        0,
        0,
        0
      ]
    }
  ]
}
