{
  "results": [
    {
      "command": "./bin/kpocza/aot/1brc ./inputs/measurements.txt",
      "mean": 1.4871799800399998,
      "stddev": 0.020827840448488868,
      "median": 1.47606174304,
      "user": 19.357701313333333,
      "system": 0.6796416133333333,
      "min": 1.47427054304,
      "max": 1.5112076540400001,
      "times": [
        1.47606174304,
        1.47427054304,
        1.5112076540400001
      ],
      "exit_codes": [
        0,
        0,
        0
      ]
    }
  ]
}
