{
  "results": [
    {
      "command": "./bin/kpocza/aot/1brc ./inputs/measurements.txt",
      "mean": 1.9578727641466667,
      "stddev": 0.04048127688944228,
      "median": 1.93962260948,
      "user": 26.189032346666664,
      "system": 0.8125963733333332,
      "min": 1.92972945448,
      "max": 2.0042662284799997,
      "times": [
        1.93962260948,
        2.0042662284799997,
        1.92972945448
      ],
      "exit_codes": [
        0,
        0,
        0
      ]
    }
  ]
}
