{
  "results": [
    {
      "command": "./bin/kpocza/aot/1brc ./inputs/measurements.txt",
      "mean": 0.6912847080200001,
      "stddev": 0.0073923958086409254,
      "median": 0.68704188602,
      "user": 26.323821206666665,
      "system": 1.02050536,
      "min": 0.68699157602,
      "max": 0.69982066202,
      "times": [
        0.69982066202,
        0.68704188602,
        0.68699157602
      ],
      "exit_codes": [
        0,
        0,
        0
      ]
    }
  ]
}
