{
  "results": [
    {
      "command": "./bin/kpocza/aot/1brc ./inputs/measurements.txt",
      "mean": 0.8968098958933334,
      "stddev": 0.009197700659842241,
      "median": 0.89676500556,
      "user": 19.64182858,
      "system": 0.7788912533333333,
      "min": 0.8876347225600001,
      "max": 0.9060299595600001,
      "times": [
        0.9060299595600001,
        0.8876347225600001,
        0.89676500556
      ],
      "exit_codes": [
        0,
        0,
        0
      ]
    }
  ]
}
