{
  "results": [
    {
      "command": "./bin/kpocza/aot/1brc ./inputs/measurements.txt",
      "mean": 2.767000924206666,
      "stddev": 0.01781186503716507,
      "median": 2.7569829325399997,
      "user": 19.265872766666668,
      "system": 0.6854329199999999,
      "min": 2.75645381454,
      "max": 2.78756602554,
      "times": [
        2.75645381454,
        2.78756602554,
        2.7569829325399997
      ],
      "exit_codes": [
        0,
        0,
        0
      ]
    }
  ]
}
