{
  "results": [
    {
      "command": "./bin/lehuyduc/aot/1brc ./inputs/measurements.txt",
      "mean": 0.4413084939266667,
      "stddev": 0.006050441298113929,
      "median": 0.44021868426000005,
      "user": 0.0015234266666666666,
      "system": 0.0,
      "min": 0.43587702226,
      "max": 0.44782977526000006,
      "times": [
        0.44782977526000006,
        0.43587702226,
        0.44021868426000005
      ],
      "exit_codes": [
        0,
        0,
        0
      ]
    }
  ]
}
