{
  "results": [
    {
      "command": "./bin/lehuyduc/aot/1brc ./inputs/measurements.txt",
      "mean": 1.7088693945666666,
      "stddev": 0.02080473290962451,
      "median": 1.6972620588999998,
      "user": 0.0009769533333333334,
      "system": 0.00035592666666666665,
      "min": 1.6964579799,
      "max": 1.7328881449,
      "times": [
        1.6972620588999998,
        1.7328881449,
        1.6964579799
      ],
      "exit_codes": [
        0,
        0,
        0
      ]
    }
  ]
}
