{
  "results": [
    {
      "command": "./bin/lehuyduc/aot/1brc ./inputs/measurements.txt",
      "mean": 1.3248436346666665,
      "stddev": 0.024626832823951804,
      "median": 1.333153962,
      "user": 0.00136366,
      "system": 0.0,
      "min": 1.297136725,
      "max": 1.3442402169999998,
      "times": [
        1.333153962,
        1.3442402169999998,
        1.297136725
      ],
      "exit_codes": [
        0,
        0,
        0
      ]
    }
  ]
}
