{
  "results": [
    {
      "command": "./bin/lehuyduc/aot/1brc ./inputs/measurements.txt",
      "mean": 0.9110504909333335,
      "stddev": 0.04124740651791987,
      "median": 0.9008190916000001,
      "user": 0.0008581666666666668,
      "system": 0.0005358533333333334,
      "min": 0.8758817346000001,
      "max": 0.9564506466000001,
      "times": [
        0.8758817346000001,
        0.9008190916000001,
        0.9564506466000001
      ],
      "exit_codes": [
        0,
        0,
        0
      ]
    }
  ]
}
