{
  "results": [
    {
      "command": "./bin/lehuyduc/aot/1brc ./inputs/measurements.txt",
      "mean": 0.7302795105266667,
      "stddev": 0.020908711152842794,
      "median": 0.7416813808600001,
      "user": 0.0014100533333333335,
      "system": 0.0,
      "min": 0.7061483768600001,
      "max": 0.7430087738600001,
      "times": [
        0.7416813808600001,
        0.7061483768600001,
        0.7430087738600001
      ],
      "exit_codes": [
        0,
        0,
        0
      ]
    }
  ]
}
