{
  "results": [
    {
      "command": "./bin/lehuyduc/aot/1brc ./inputs/measurements.txt",
      "mean": 0.5128437176933334,
      "stddev": 0.01736652983340458,
      "median": 0.51760938236,
      "user": 0.0010290666666666667,
      "system": 0.0006070666666666667,
      "min": 0.49359189936000003,
      "max": 0.52732987136,
      "times": [
        0.51760938236,
        0.49359189936000003,
        0.52732987136
      ],
      "exit_codes": [
        0,
        0,
        0
      ]
    }
  ]
}
