{
  "results": [
    {
      "command": "./calculate_average_mtopolnik.sh",
      "mean": 1.2387981421133334,
      "stddev": 0.008943257259245663,
      "median": 1.2357787827800002,
      "user": 0.021126033333333332,
      "system": 0.028564146666666665,
      "min": 1.23175536878,
      "max": 1.2488602747800002,
      "times": [
        1.2488602747800002,
        1.23175536878,
        1.2357787827800002
      ],
      "exit_codes": [
        0,
        0,
        0
      ]
    }
  ]
}
