{
  "results": [
    {
      "command": "./bin/mtopolnik-rs/aot/1brc ./inputs/measurements.txt",
      "mean": 1.02697130158,
      "stddev": 0.06538811116283964,
      "median": 1.00444441258,
      "user": 19.062697179999997,
      "system": 0.9356399733333332,
      "min": 0.97582473458,
      "max": 1.10064475758,
      "times": [
        0.97582473458,
        1.00444441258,
        1.10064475758
      ],
      "exit_codes": [
        0,
        0,
        0
      ]
    }
  ]
}
