{
  "results": [
    {
      "command": "./bin/mtopolnik-rs/aot/1brc ./inputs/measurements.txt",
      "mean": 1.4905805198,
      "stddev": 0.026767476342513037,
      "median": 1.4916007068,
      "user": 18.93271394,
      "system": 0.73284684,
      "min": 1.4633175348,
      "max": 1.5168233178,
      "times": [
        1.4633175348,
        1.4916007068,
        1.5168233178
      ],
      "exit_codes": [
        0,
        0,
        0
      ]
    }
  ]
}
