{
  "results": [
    {
      "command": "./calculate_average_mtopolnik.sh",
      "mean": 1.6867346220066668,
      "stddev": 0.017092240672906014,
      "median": 1.68347764334,
      "user": 0.02084562,
      "system": 0.029764773333333338,
      "min": 1.67150521234,
      "max": 1.70522101034,
      "times": [
        1.70522101034,
        1.67150521234,
        1.68347764334
      ],
      "exit_codes": [
        0,
        0,
        0
      ]
    }
  ]
}
