{
  "results": [
    {
      "command": "./calculate_average_mtopolnik.sh",
      "mean": 1.10572816954,
      "stddev": 0.08761299797207982,
      "median": 1.05578597854,
      "user": 0.023798113333333332,
      "system": 0.02678003333333333,
      "min": 1.05450628254,
      "max": 1.20689224754,
      "times": [
        1.20689224754,
        1.05450628254,
        1.05578597854
      ],
      "exit_codes": [
        0,
        0,
        0
      ]
    }
  ]
}
