{
  "results": [
    {
      "command": "./calculate_average_mtopolnik.sh",
      "mean": 0.8468426393933334,
      "stddev": 0.02531128880683753,
      "median": 0.84503554406,
      "user": 0.01554869333333333,
      "system": 0.03542478666666666,
      "min": 0.8224833260600001,
      "max": 0.8730090480600001,
      "times": [
        0.8730090480600001,
        0.84503554406,
        0.8224833260600001
      ],
      "exit_codes": [
        0,
        0,
        0
      ]
    }
  ]
}
