{
  "results": [
    {
      "command": "./bin/mtopolnik-rs/aot/1brc ./inputs/measurements.txt",
      "mean": 1.1595749534933333,
      "stddev": 0.03706695459376222,
      "median": 1.14054577816,
      "user": 27.510877086666664,
      "system": 0.9366371866666666,
      "min": 1.13588747816,
      "max": 1.20229160416,
      "times": [
        1.20229160416,
        1.14054577816,
        1.13588747816
      ],
      "exit_codes": [
        0,
        0,
        0
      ]
    }
  ]
}
