{
  "results": [
    {
      "command": "./bin/mtopolnik-rs/aot/1brc ./inputs/measurements.txt",
      "mean": 0.8211647526133333,
      "stddev": 0.037808862521797784,
      "median": 0.84285899028,
      "user": 27.186018366666662,
      "system": 1.1971161466666667,
      "min": 0.77750711528,
      "max": 0.84312815228,
      "times": [
        0.77750711528,
        0.84312815228,
        0.84285899028
      ],
      "exit_codes": [
        0,
        0,
        0
      ]
    }
  ]
}
