{
  "results": [
    {
      "command": "./bin/mtopolnik-rs/aot/1brc ./inputs/measurements.txt",
      "mean": 2.0240105270933335,
      "stddev": 0.006478149376365222,
      "median": 2.0268542597600003,
      "user": 27.542242939999998,
      "system": 0.8246997199999999,
      "min": 2.0165968907600003,
      "max": 2.0285804307600004,
      "times": [
        2.0268542597600003,
        2.0165968907600003,
        2.0285804307600004
      ],
      "exit_codes": [
        0,
        0,
        0
      ]
    }
  ]
}
