{
  "results": [
    {
      "command": "./calculate_average_mtopolnik.sh",
      "mean": 1.1582130176266667,
      "stddev": 0.013009778826234756,
      "median": 1.16211881996,
      "user": 0.018136593333333333,
      "system": 0.03301424666666666,
      "min": 1.14369775696,
      "max": 1.16882247596,
      "times": [
        1.16882247596,
        1.16211881996,
        1.14369775696
      ],
      "exit_codes": [
        0,
        0,
        0
      ]
    }
  ]
}
