{
  "results": [
    {
      "command": "./bin/mtopolnik-rs/aot/1brc ./inputs/measurements.txt",
      "mean": 2.742676777313333,
      "stddev": 0.11021999266522133,
      "median": 2.68093699698,
      "user": 18.899504226666664,
      "system": 0.7118194466666666,
      "min": 2.67716411498,
      "max": 2.86992921998,
      "times": [
        2.86992921998,
        2.67716411498,
        2.68093699698
      ],
      "exit_codes": [
        0,
        0,
        0
      ]
    }
  ]
}
