{
  "results": [
    {
      "command": "./calculate_average_mtopolnik.sh",
      "mean": 2.31052068458,
      "stddev": 0.09882964410527635,
      "median": 2.26032359558,
      "user": 0.014011073333333332,
      "system": 0.02918008666666666,
      "min": 2.24686401658,
      "max": 2.42437444158,
      "times": [
        2.26032359558,
        2.42437444158,
        2.24686401658
      ],
      "exit_codes": [
        0,
        0,
        0
      ]
    }
  ]
}
