{
  "results": [
    {
      "command": "./bin/nietras/aot/1brc ./inputs/measurements.txt",
      "mean": 1.7310908794666666,
      "stddev": 0.007269310743357442,
      "median": 1.7336826408000001,
      "user": 23.22945043333333,
      "system": 0.7280932666666667,
      "min": 1.7228808858,
      "max": 1.7367091118000002,
      "times": [
        1.7228808858,
        1.7336826408000001,
        1.7367091118000002
      ],
      "exit_codes": [
        0,
        0,
        0
      ]
    }
  ]
}
