{
  "results": [
    {
      "command": "./bin/nietras/aot/1brc ./inputs/measurements.txt",
      "mean": 3.2591699113533337,
      "stddev": 0.07557930822115713,
      "median": 3.24600688502,
      "user": 23.176608873333333,
      "system": 0.6867454599999999,
      "min": 3.19103674802,
      "max": 3.34046610102,
      "times": [
        3.34046610102,
        3.24600688502,
        3.19103674802
      ],
      "exit_codes": [
        0,
        0,
        0
      ]
    }
  ]
}
