{
  "results": [
    {
      "command": "./bin/nietras/aot/1brc ./inputs/measurements.txt",
      "mean": 0.7716433944266666,
      "stddev": 0.10949084599392718,
      "median": 0.7130505237600001,
      "user": 28.24763190666667,
      "system": 1.0384582733333332,
      "min": 0.7039171417600001,
      "max": 0.89796251776,
      "times": [
        0.7039171417600001,
        0.7130505237600001,
        0.89796251776
      ],
      "exit_codes": [
        0,
        0,
        0
      ]
    }
  ]
}
