{
  "results": [
    {
      "command": "./bin/nietras/aot/1brc ./inputs/measurements.txt",
      "mean": 2.0661113888266667,
      "stddev": 0.04136748798654982,
      "median": 2.06579656516,
      "user": 28.19028982,
      "system": 0.7689652533333332,
      "min": 2.0249022111599997,
      "max": 2.10763539016,
      "times": [
        2.0249022111599997,
        2.06579656516,
        2.10763539016
      ],
      "exit_codes": [
        0,
        0,
        0
      ]
    }
  ]
}
