{
  "results": [
    {
      "command": "./bin/nietras/aot/1brc ./inputs/measurements.txt",
      "mean": 1.2044391549666669,
      "stddev": 0.09922335553326486,
      "median": 1.1653460303,
      "user": 28.07652641333333,
      "system": 0.8651209,
      "min": 1.1307169123,
      "max": 1.3172545223,
      "times": [
        1.3172545223,
        1.1307169123,
        1.1653460303
      ],
      "exit_codes": [
        0,
        0,
        0
      ]
    }
  ]
}
