{
  "results": [
    {
      "command": "./bin/nietras/aot/1brc ./inputs/measurements.txt",
      "mean": 1.0140993385733335,
      "stddev": 0.07292522864667758,
      "median": 0.97305370224,
      "user": 23.398955333333333,
      "system": 0.7759693733333334,
      "min": 0.97094695924,
      "max": 1.09829735424,
      "times": [
        1.09829735424,
        0.97305370224,
        0.97094695924
      ],
      "exit_codes": [
        0,
        0,
        0
      ]
    }
  ]
}
