{
  "results": [
    {
      "command": "./bin/NimaAra/aot/1brc ./inputs/measurements.txt",
      "mean": 1.14016146406,
      "stddev": 0.1226115775323951,
      "median": 1.0697501920599999,
      "user": 50.74209551333333,
      "system": 1.088017,
      "min": 1.06899375506,
      "max": 1.28174044506,
      "times": [
        1.28174044506,
        1.0697501920599999,
        1.06899375506
      ],
      "exit_codes": [
        0,
        0,
        0
      ]
    }
  ]
}
