{
  "results": [
    {
      "command": "./bin/NimaAra/aot/1brc ./inputs/measurements.txt",
      "mean": 2.6738594208666666,
      "stddev": 0.023786929944410732,
      "median": 2.6848635652,
      "user": 38.18944454,
      "system": 0.7141885466666666,
      "min": 2.6465628622,
      "max": 2.6901518352,
      "times": [
        2.6465628622,
        2.6848635652,
        2.6901518352
      ],
      "exit_codes": [
        0,
        0,
        0
      ]
    }
  ]
}
