{
  "results": [
    {
      "command": "./bin/NimaAra/aot/1brc ./inputs/measurements.txt",
      "mean": 5.1043179641866665,
      "stddev": 0.032597725545215735,
      "median": 5.08733691652,
      "user": 38.26800345333333,
      "system": 0.7514754133333333,
      "min": 5.08371648352,
      "max": 5.14190049252,
      "times": [
        5.08371648352,
        5.08733691652,
        5.14190049252
      ],
      "exit_codes": [
        0,
        0,
        0
      ]
    }
  ]
}
