{
  "results": [
    {
      "command": "./bin/NimaAra/aot/1brc ./inputs/measurements.txt",
      "mean": 3.4436493440400002,
      "stddev": 0.04411209717092042,
      "median": 3.4251878550400003,
      "user": 50.041084379999994,
      "system": 0.8430697199999999,
      "min": 3.4117673510400004,
      "max": 3.49399282604,
      "times": [
        3.49399282604,
        3.4117673510400004,
        3.4251878550400003
      ],
      "exit_codes": [
        0,
        0,
        0
      ]
    }
  ]
}
