{
  "results": [
    {
      "command": "./bin/NimaAra/aot/1brc ./inputs/measurements.txt",
      "mean": 1.4996121890400003,
      "stddev": 0.0599466940386385,
      "median": 1.46988862404,
      "user": 38.89276867333333,
      "system": 0.8032965866666665,
      "min": 1.4603353680400002,
      "max": 1.5686125750400002,
      "times": [
        1.5686125750400002,
        1.46988862404,
        1.4603353680400002
      ],
      "exit_codes": [
        0,
        0,
        0
      ]
    }
  ]
}
