{
  "results": [
    {
      "command": "./bin/NimaAra/aot/1brc ./inputs/measurements.txt",
      "mean": 1.8360684135333332,
      "stddev": 0.01366193715497388,
      "median": 1.8338632542,
      "user": 50.0749405,
      "system": 0.8574076999999999,
      "min": 1.8236431892,
      "max": 1.8506987972,
      "times": [
        1.8236431892,
        1.8506987972,
        1.8338632542
      ],
      "exit_codes": [
        0,
        0,
        0
      ]
    }
  ]
}
