{
  "results": [
    {
      "command": "./bin/noahfalk/aot/1brc ./inputs/measurements.txt",
      "mean": 2.209824728133333,
      "stddev": 0.020450947202770596,
      "median": 2.2054635557999998,
      "user": 15.143335893333331,
      "system": 2.033294,
      "min": 2.1919061508,
      "max": 2.2321044778,
      "times": [
        2.2321044778,
        2.1919061508,
        2.2054635557999998
      ],
      "exit_codes": [
        0,
        0,
        0
      ]
    }
  ]
}
