{
  "results": [
    {
      "command": "./bin/noahfalk/aot/1brc ./inputs/measurements.txt",
      "mean": 1.15926950834,
      "stddev": 0.004368243088758281,
      "median": 1.15942458834,
      "user": 15.355417673333333,
      "system": 2.211299713333333,
      "min": 1.1548257903399999,
      "max": 1.16355814634,
      "times": [
        1.15942458834,
        1.16355814634,
        1.1548257903399999
      ],
      "exit_codes": [
        0,
        0,
        0
      ]
    }
  ]
}
