{
  "results": [
    {
      "command": "./bin/noahfalk/aot/1brc ./inputs/measurements.txt",
      "mean": 0.8449393219333334,
      "stddev": 0.008318111005484408,
      "median": 0.8456621946000001,
      "user": 21.90464722666667,
      "system": 15.311595553333333,
      "min": 0.8362833656,
      "max": 0.8528724056000001,
      "times": [
        0.8362833656,
        0.8456621946000001,
        0.8528724056000001
      ],
      "exit_codes": [
        0,
        0,
        0
      ]
    }
  ]
}
