{
  "results": [
    {
      "command": "./bin/noahfalk/aot/1brc ./inputs/measurements.txt",
      "mean": 0.76273872206,
      "stddev": 0.0052557401118674225,
      "median": 0.7622252840600001,
      "user": 15.840808586666666,
      "system": 4.904775093333334,
      "min": 0.7577585440600001,
      "max": 0.7682323380600001,
      "times": [
        0.7622252840600001,
        0.7682323380600001,
        0.7577585440600001
      ],
      "exit_codes": [
        0,
        0,
        0
      ]
    }
  ]
}
