{
  "results": [
    {
      "command": "./bin/noahfalk/aot/1brc ./inputs/measurements.txt",
      "mean": 1.5208118016866667,
      "stddev": 0.0038418914653035757,
      "median": 1.52162462202,
      "user": 20.872958739999998,
      "system": 2.3972558999999998,
      "min": 1.51662853802,
      "max": 1.52418224502,
      "times": [
        1.52162462202,
        1.51662853802,
        1.52418224502
      ],
      "exit_codes": [
        0,
        0,
        0
      ]
    }
  ]
}
