{
  "results": [
    {
      "command": "./bin/noahfalk/aot/1brc ./inputs/measurements.txt",
      "mean": 0.8758956306866666,
      "stddev": 0.00583559324252278,
      "median": 0.87633510202,
      "user": 21.32778425333333,
      "system": 3.0017528999999996,
      "min": 0.86985272602,
      "max": 0.88149906402,
      "times": [
        0.88149906402,
        0.87633510202,
        0.86985272602
      ],
      "exit_codes": [
        0,
        0,
        0
      ]
    }
  ]
}
