{
  "results": [
    {
      "command": "./bin/pedrosakuma/aot/1brc ./inputs/measurements.txt",
      "mean": 3.1792168302066663,
      "stddev": 0.003854007536197277,
      "median": 3.17753641754,
      "user": 43.67934984666667,
      "system": 1.04664412,
      "min": 3.17648834854,
      "max": 3.18362572454,
      "times": [
        3.17753641754,
        3.18362572454,
        3.17648834854
      ],
      "exit_codes": [
        0,
        0,
        0
      ]
    }
  ]
}
