{
  "results": [
    {
      "command": "./bin/pedrosakuma/aot/1brc ./inputs/measurements.txt",
      "mean": 1.9494539583800001,
      "stddev": 0.006939747364203995,
      "median": 1.95282981138,
      "user": 43.17568951333333,
      "system": 1.297957213333333,
      "min": 1.9414721613800001,
      "max": 1.95405990238,
      "times": [
        1.9414721613800001,
        1.95282981138,
        1.95405990238
      ],
      "exit_codes": [
        0,
        0,
        0
      ]
    }
  ]
}
