{
  "results": [
    {
      "command": "./bin/pedrosakuma/aot/1brc ./inputs/measurements.txt",
      "mean": 4.365837183859999,
      "stddev": 0.010305780968915258,
      "median": 4.36290867186,
      "user": 31.744456919999994,
      "system": 0.8221525999999999,
      "min": 4.35731259686,
      "max": 4.37729028286,
      "times": [
        4.36290867186,
        4.35731259686,
        4.37729028286
      ],
      "exit_codes": [
        0,
        0,
        0
      ]
    }
  ]
}
