{
  "results": [
    {
      "command": "./bin/pedrosakuma/aot/1brc ./inputs/measurements.txt",
      "mean": 0.5531516109666668,
      "stddev": 0.021636791582661238,
      "median": 0.5416640663000001,
      "user": 0.26348950666666665,
      "system": 0.3687478799999999,
      "min": 0.5396813783000001,
      "max": 0.5781093883,
      "times": [
        0.5781093883,
        0.5396813783000001,
        0.5416640663000001
      ],
      "exit_codes": [
        0,
        0,
        0
      ]
    }
  ]
}
