{
  "results": [
    {
      "command": "./bin/pedrosakuma/aot/1brc ./inputs/measurements.txt",
      "mean": 2.4600557696933336,
      "stddev": 0.014221914245918815,
      "median": 2.45566998836,
      "user": 32.29104183333334,
      "system": 0.9257287933333332,
      "min": 2.44854331336,
      "max": 2.47595400736,
      "times": [
        2.44854331336,
        2.47595400736,
        2.45566998836
      ],
      "exit_codes": [
        0,
        0,
        0
      ]
    }
  ]
}
