{
  "results": [
    {
      "command": "./bin/pedrosakuma/aot/1brc ./inputs/measurements.txt",
      "mean": 1.6455389506066667,
      "stddev": 0.018189423741448173,
      "median": 1.63608296494,
      "user": 32.24649602666667,
      "system": 1.3225035266666667,
      "min": 1.63402522594,
      "max": 1.66650866094,
      "times": [
        1.66650866094,
        1.63608296494,
        1.63402522594
      ],
      "exit_codes": [
        0,
        0,
        0
      ]
    }
  ]
}
