{
  "results": [
    {
      "command": "./calculate_average_royvanrijn.sh",
      "mean": 1.8695414569266668,
      "stddev": 0.024853031752411207,
      "median": 1.8688598872600002,
      "user": 0.0031108866666666665,
      "system": 0.0011326866666666665,
      "min": 1.84503622026,
      "max": 1.8947282632600002,
      "times": [
        1.8688598872600002,
        1.8947282632600002,
        1.84503622026
      ],
      "exit_codes": [
        0,
        0,
        0
      ]
    }
  ]
}
