{
  "results": [
    {
      "command": "./calculate_average_royvanrijn.sh",
      "mean": 1.2775455400533333,
      "stddev": 0.024393576474305373,
      "median": 1.26361113072,
      "user": 0.0019569066666666663,
      "system": 0.002272573333333333,
      "min": 1.26331319872,
      "max": 1.30571229072,
      "times": [
        1.26361113072,
        1.26331319872,
        1.30571229072
      ],
      "exit_codes": [
        0,
        0,
        0
      ]
    }
  ]
}
