{
  "results": [
    {
      "command": "./calculate_average_royvanrijn.sh",
      "mean": 0.8132056156133333,
      "stddev": 0.02487032175366369,
      "median": 0.8166101302800001,
      "user": 0.001792086666666667,
      "system": 0.0024967866666666667,
      "min": 0.78680842228,
      "max": 0.83619829428,
      "times": [
        0.83619829428,
        0.8166101302800001,
        0.78680842228
      ],
      "exit_codes": [
        0,
        0,
        0
      ]
    }
  ]
}
