{
  "results": [
    {
      "command": "./calculate_average_royvanrijn.sh",
      "mean": 2.51833890124,
      "stddev": 0.007255029401248889,
      "median": 2.51731615524,
      "user": 0.00403416,
      "system": 0.0002184533333333333,
      "min": 2.51164951424,
      "max": 2.52605103424,
      "times": [
        2.51731615524,
        2.52605103424,
        2.51164951424
      ],
      "exit_codes": [
        0,
        0,
        0
      ]
    }
  ]
}
