{
  "results": [
    {
      "command": "./calculate_average_royvanrijn.sh",
      "mean": 0.9605207387866667,
      "stddev": 0.011725848830262335,
      "median": 0.96666885112,
      "user": 0.002876873333333333,
      "system": 0.0013239066666666667,
      "min": 0.94699938312,
      "max": 0.96789398212,
      "times": [
        0.96666885112,
        0.94699938312,
        0.96789398212
      ],
      "exit_codes": [
        0,
        0,
        0
      ]
    }
  ]
}
