{
  "results": [
    {
      "command": "./calculate_average_royvanrijn.sh",
      "mean": 0.7127103244333334,
      "stddev": 0.01743938830250861,
      "median": 0.7041389401,
      "user": 0.0014209000000000001,
      "system": 0.0031134333333333332,
      "min": 0.7012153071,
      "max": 0.7327767261,
      "times": [
        0.7041389401,
        0.7327767261,
        0.7012153071
      ],
      "exit_codes": [
        0,
        0,
        0
      ]
    }
  ]
}
