{
  "results": [
    {
      "command": "./calculate_average_stephenvonworley.sh",
      "mean": 1.6967008350666666,
      "stddev": 0.004189782662633712,
      "median": 1.6987379204000002,
      "user": 0.0008062,
      "system": 0.003651093333333333,
      "min": 1.6918820304,
      "max": 1.6994825544,
      "times": [
        1.6918820304,
        1.6987379204000002,
        1.6994825544
      ],
      "exit_codes": [
        0,
        0,
        0
      ]
    }
  ]
}
