{
  "results": [
    {
      "command": "./calculate_average_stephenvonworley.sh",
      "mean": 0.9888300942733333,
      "stddev": 0.001933566351288809,
      "median": 0.9888411839400001,
      "user": 0.0017847466666666666,
      "system": 0.00269716,
      "min": 0.9868910069400001,
      "max": 0.9907580919400001,
      "times": [
        0.9907580919400001,
        0.9868910069400001,
        0.9888411839400001
      ],
      "exit_codes": [
        0,
        0,
        0
      ]
    }
  ]
}
