{
  "results": [
    {
      "command": "./calculate_average_stephenvonworley.sh",
      "mean": 1.1905758291666666,
      "stddev": 0.004010334643249938,
      "median": 1.1888571744999998,
      "user": 0.0035197533333333336,
      "system": 0.0009087333333333333,
      "min": 1.1877112534999998,
      "max": 1.1951590595,
      "times": [
        1.1877112534999998,
        1.1888571744999998,
        1.1951590595
      ],
      "exit_codes": [
        0,
        0,
        0
      ]
    }
  ]
}
