{
  "results": [
    {
      "command": "./calculate_average_stephenvonworley.sh",
      "mean": 2.261163042766667,
      "stddev": 0.003909805361373563,
      "median": 2.2608394871,
      "user": 0.0022674466666666665,
      "system": 0.0021395666666666666,
      "min": 2.2574250691000004,
      "max": 2.2652245721,
      "times": [
        2.2574250691000004,
        2.2652245721,
        2.2608394871
      ],
      "exit_codes": [
        0,
        0,
        0
      ]
    }
  ]
}
