{
  "results": [
    {
      "command": "./calculate_average_stephenvonworley.sh",
      "mean": 0.7222355975,
      "stddev": 0.0018294145958357886,
      "median": 0.7225841985,
      "user": 0.003346373333333333,
      "system": 0.0012049666666666666,
      "min": 0.7202569645,
      "max": 0.7238656295,
      "times": [
        0.7202569645,
        0.7238656295,
        0.7225841985
      ],
      "exit_codes": [
        0,
        0,
        0
      ]
    }
  ]
}
