{
  "results": [
    {
      "command": "./calculate_average_stephenvonworley.sh",
      "mean": 0.72093721256,
      "stddev": 0.0037904166850586864,
      "median": 0.7192861715600001,
      "user": 0.0034528799999999998,
      "system": 0.0012412599999999999,
      "min": 0.71825234756,
      "max": 0.7252731185600001,
      "times": [
        0.7252731185600001,
        0.7192861715600001,
        0.71825234756
      ],
      "exit_codes": [
        0,
        0,
        0
      ]
    }
  ]
}
