{
  "results": [
    {
      "command": "./calculate_average_thomaswue.sh",
      "mean": 1.39987072938,
      "stddev": 0.0029180673942143854,
      "median": 1.40139549738,
      "user": 0.0024692,
      "system": 0.0017125799999999998,
      "min": 1.3965061483799999,
      "max": 1.4017105423799998,
      "times": [
        1.40139549738,
        1.3965061483799999,
        1.4017105423799998
      ],
      "exit_codes": [
        0,
        0,
        0
      ]
    }
  ]
}
