{
  "results": [
    {
      "command": "./calculate_average_thomaswue.sh",
      "mean": 2.083693682353333,
      "stddev": 0.010207721364208597,
      "median": 2.08517452302,
      "user": 0.002541426666666666,
      "system": 0.0017109866666666666,
      "min": 2.07282642102,
      "max": 2.0930801030199997,
      "times": [
        2.0930801030199997,
        2.07282642102,
        2.08517452302
      ],
      "exit_codes": [
        0,
        0,
        0
      ]
    }
  ]
}
