{
  "results": [
    {
      "command": "./calculate_average_thomaswue.sh",
      "mean": 2.7074979172666667,
      "stddev": 0.011269965181761838,
      "median": 2.7130950896,
      "user": 0.0031289666666666667,
      "system": 0.0011387533333333333,
      "min": 2.6945250566,
      "max": 2.7148736056,
      "times": [
        2.7148736056,
        2.7130950896,
        2.6945250566
      ],
      "exit_codes": [
        0,
        0,
        0
      ]
    }
  ]
}
