{
  "results": [
    {
      "command": "./calculate_average_thomaswue.sh",
      "mean": 0.7924319573600002,
      "stddev": 0.001189688427619598,
      "median": 0.7925560193600001,
      "user": 0.002775633333333333,
      "system": 0.0015403466666666667,
      "min": 0.7911850993600001,
      "max": 0.7935547533600001,
      "times": [
        0.7935547533600001,
        0.7911850993600001,
        0.7925560193600001
      ],
      "exit_codes": [
        0,
        0,
        0
      ]
    }
  ]
}
