{
  "results": [
    {
      "command": "./calculate_average_thomaswue.sh",
      "mean": 0.7326813184533334,
      "stddev": 0.0018418539465887087,
      "median": 0.73174298012,
      "user": 0.0029086333333333335,
      "system": 0.0016076,
      "min": 0.7314975911200001,
      "max": 0.7348033841200001,
      "times": [
        0.7348033841200001,
        0.7314975911200001,
        0.73174298012
      ],
      "exit_codes": [
        0,
        0,
        0
      ]
    }
  ]
}
