{
  "results": [
    {
      "command": "./calculate_average_thomaswue.sh",
      "mean": 1.11971511358,
      "stddev": 0.0016546523805298814,
      "median": 1.1189543045800001,
      "user": 0.0028408399999999994,
      "system": 0.0013368799999999997,
      "min": 1.11857770658,
      "max": 1.1216133295800002,
      "times": [
        1.1189543045800001,
        1.1216133295800002,
        1.11857770658
      ],
      "exit_codes": [
        0,
        0,
        0
      ]
    }
  ]
}
