{
  "results": [
    {
      "command": "./bin/xoofx/aot/1brc ./inputs/measurements.txt",
      "mean": 1.3151075675000001,
      "stddev": 0.031142435841320593,
      "median": 1.3135597955,
      "user": 35.92185514,
      "system": 2.1724961866666668,
      "min": 1.2847678775,
      "max": 1.3469950295000002,
      "times": [
        1.3469950295000002,
        1.3135597955,
        1.2847678775
      ],
      "exit_codes": [
        0,
        0,
        0
      ]
    }
  ]
}
