{
  "results": [
    {
      "command": "./bin/xoofx/aot/1brc ./inputs/measurements.txt",
      "mean": 1.7737146716933332,
      "stddev": 0.020501218124533725,
      "median": 1.76300230736,
      "user": 25.281974073333334,
      "system": 1.8854486533333332,
      "min": 1.76078878936,
      "max": 1.7973529183599999,
      "times": [
        1.76300230736,
        1.7973529183599999,
        1.76078878936
      ],
      "exit_codes": [
        0,
        0,
        0
      ]
    }
  ]
}
