{
  "results": [
    {
      "command": "./bin/xoofx/aot/1brc ./inputs/measurements.txt",
      "mean": 2.4784724253333335,
      "stddev": 0.034644384735547595,
      "median": 2.461325847,
      "user": 36.12810535333333,
      "system": 2.034710906666666,
      "min": 2.455745083,
      "max": 2.518346346,
      "times": [
        2.461325847,
        2.518346346,
        2.455745083
      ],
      "exit_codes": [
        0,
        0,
        0
      ]
    }
  ]
}
