{
  "results": [
    {
      "command": "./bin/xoofx/aot/1brc ./inputs/measurements.txt",
      "mean": 0.8083266020533334,
      "stddev": 0.016800982690731485,
      "median": 0.80849858372,
      "user": 36.316080879999994,
      "system": 2.6741265533333327,
      "min": 0.79144028872,
      "max": 0.8250409337200001,
      "times": [
        0.8250409337200001,
        0.79144028872,
        0.80849858372
      ],
      "exit_codes": [
        0,
        0,
        0
      ]
    }
  ]
}
