{
  "results": [
    {
      "command": "./bin/xoofx/aot/1brc ./inputs/measurements.txt",
      "mean": 0.9626864636400002,
      "stddev": 0.047146278822919004,
      "median": 0.9362619486400001,
      "user": 25.386781486666667,
      "system": 2.352945933333333,
      "min": 0.9346788186400001,
      "max": 1.01711862364,
      "times": [
        1.01711862364,
        0.9346788186400001,
        0.9362619486400001
      ],
      "exit_codes": [
        0,
        0,
        0
      ]
    }
  ]
}
