{
  "results": [
    {
      "command": "./bin/xoofx/aot/1brc ./inputs/measurements.txt",
      "mean": 3.5665717041866665,
      "stddev": 0.08028562801620283,
      "median": 3.5311571585199997,
      "user": 25.289389079999996,
      "system": 1.82029252,
      "min": 3.5100823495199998,
      "max": 3.65847560452,
      "times": [
        3.65847560452,
        3.5100823495199998,
        3.5311571585199997
      ],
      "exit_codes": [
        0,
        0,
        0
      ]
    }
  ]
}
