{
  "results": [
    {
      "command": "./calculate_average_abeobk.sh",
      "mean": 0.35447040238,
      "stddev": 0.029203441719108665,
      "median": 0.34134679938,
      "user": 0.0032635999999999997,
      "system": 0.0009164519999999999,
      "min": 0.33843756138000003,
      "max": 0.40654626838,
      "times": [
        0.40654626838,
        0.34495199438,
        0.33843756138000003,
        0.34134679938,
        0.34106938838
      ],
      "exit_codes": [
        0,
        0,
        0,
        0,
        0
      ]
    }
  ]
}
