{
  "results": [
    {
      "command": "./calculate_average_abeobk.sh",
      "mean": 2.61277214382,
      "stddev": 0.019972232039054877,
      "median": 2.60667777362,
      "user": 0.0023407999999999997,
      "system": 0.0016422960000000001,
      "min": 2.5977143056200003,
      "max": 2.64734427962,
      "times": [
        2.60667777362,
        2.64734427962,
        2.5977143056200003,
        2.61087884762,
        2.6012455126200003
      ],
      "exit_codes": [
        0,
        0,
        0,
        0,
        0
      ]
    }
  ]
}
