{
  "results": [
    {
      "command": "./calculate_average_abeobk.sh",
      "mean": 0.9340474608199999,
      "stddev": 0.0029828261573744868,
      "median": 0.93398500942,
      "user": 0.0016692999999999999,
      "system": 0.0023847399999999998,
      "min": 0.93151192242,
      "max": 0.9388689154200001,
      "times": [
        0.93424680242,
        0.9388689154200001,
        0.93151192242,
        0.93162465442,
        0.93398500942
      ],
      "exit_codes": [
        0,
        0,
        0,
        0,
        0
      ]
    }
  ]
}
