{
  "results": [
    {
      "command": "./calculate_average_abeobk.sh",
      "mean": 0.33700465342,
      "stddev": 0.0004181421985750873,
      "median": 0.33678851362,
      "user": 0.00258438,
      "system": 0.0015805399999999996,
      "min": 0.33660809162,
      "max": 0.33763143962000003,
      "times": [
        0.33722392262,
        0.33660809162,
        0.33678851362,
        0.33763143962000003,
        0.33677129962
      ],
      "exit_codes": [
        0,
        0,
        0,
        0,
        0
      ]
    }
  ]
}
