{
  "results": [
    {
      "command": "./calculate_average_abeobk.sh",
      "mean": 0.65723401204,
      "stddev": 0.0007294711999532243,
      "median": 0.65737280684,
      "user": 0.0025033599999999996,
      "system": 0.00153972,
      "min": 0.65605747884,
      "max": 0.65806603284,
      "times": [
        0.65806603284,
        0.65737280684,
        0.65726071284,
        0.65741302884,
        0.65605747884
      ],
      "exit_codes": [
        0,
        0,
        0,
        0,
        0
      ]
    }
  ]
}
