{
  "results": [
    {
      "command": "./calculate_average_abeobk.sh",
      "mean": 0.47129041188,
      "stddev": 0.001026130017153176,
      "median": 0.47090511328000006,
      "user": 0.0031988000000000003,
      "system": 0.0008392079999999999,
      "min": 0.47063544328000007,
      "max": 0.47310998928000003,
      "times": [
        0.47063544328000007,
        0.47100027628,
        0.47090511328000006,
        0.47310998928000003,
        0.47080123728000006
      ],
      "exit_codes": [
        0,
        0,
        0,
        0,
        0
      ]
    }
  ]
}
