{
  "results": [
    {
      "command": "./calculate_average_abeobk.sh",
      "mean": 1.8590921910000002,
      "stddev": 0.0018884210314837984,
      "median": 1.8592750286000002,
      "user": 0.00196734,
      "system": 0.002034776,
      "min": 1.8561732196,
      "max": 1.8613676046,
      "times": [
        1.8613676046,
        1.8588604506000002,
        1.8592750286000002,
        1.8561732196,
        1.8597846516
      ],
      "exit_codes": [
        0,
        0,
        0,
        0,
        0
      ]
    }
  ]
}
