{
  "results": [
    {
      "command": "./calculate_average_abeobk.sh",
      "mean": 1.3061193532800002,
      "stddev": 0.0032378888537419777,
      "median": 1.30451914448,
      "user": 0.00318374,
      "system": 0.000876484,
      "min": 1.30374374948,
      "max": 1.31151608748,
      "times": [
        1.30374374948,
        1.31151608748,
        1.30451914448,
        1.3067500274800001,
        1.30406775748
      ],
      "exit_codes": [
        0,
        0,
        0,
        0,
        0
      ]
    }
  ]
}
