{
  "results": [
    {
      "command": "./calculate_average_artsiomkorzun.sh",
      "mean": 1.54566988408,
      "stddev": 0.004269164036865254,
      "median": 1.54793932288,
      "user": 0.0036853800000000007,
      "system": 0.000433928,
      "min": 1.54091425388,
      "max": 1.55001818388,
      "times": [
        1.55001818388,
        1.54091425388,
        1.54793932288,
        1.5412391698799999,
        1.5482384898800001
      ],
      "exit_codes": [
        0,
        0,
        0,
        0,
        0
      ]
    }
  ]
}
