{
  "results": [
    {
      "command": "./calculate_average_artsiomkorzun.sh",
      "mean": 0.39799743386,
      "stddev": 0.0006855534366982767,
      "median": 0.39783441026000005,
      "user": 0.0019803399999999997,
      "system": 0.0020606639999999994,
      "min": 0.39746445726,
      "max": 0.39918407526000005,
      "times": [
        0.39918407526000005,
        0.39789496126,
        0.39783441026000005,
        0.39746445726,
        0.39760926526
      ],
      "exit_codes": [
        0,
        0,
        0,
        0,
        0
      ]
    }
  ]
}
