{
  "results": [
    {
      "command": "./calculate_average_artsiomkorzun.sh",
      "mean": 0.21381259170000005,
      "stddev": 0.0019431523670594404,
      "median": 0.21309198990000003,
      "user": 0.00275842,
      "system": 0.0015883359999999999,
      "min": 0.21219196490000003,
      "max": 0.21715896590000003,
      "times": [
        0.21219196490000003,
        0.2129534469,
        0.21366659090000004,
        0.21715896590000003,
        0.21309198990000003
      ],
      "exit_codes": [
        0,
        0,
        0,
        0,
        0
      ]
    }
  ]
}
