{
  "results": [
    {
      "command": "./calculate_average_artsiomkorzun.sh",
      "mean": 0.7758666531,
      "stddev": 0.0008260048892314131,
      "median": 0.7755368553,
      "user": 0.0014797999999999999,
      "system": 0.0026553679999999995,
      "min": 0.7753639313000001,
      "max": 0.7773289203000001,
      "times": [
        0.7753639313000001,
        0.7756765273000001,
        0.7754270313000001,
        0.7773289203000001,
        0.7755368553
      ],
      "exit_codes": [
        0,
        0,
        0,
        0,
        0
      ]
    }
  ]
}
