{
  "results": [
    {
      "command": "./calculate_average_artsiomkorzun.sh",
      "mean": 1.04445923954,
      "stddev": 0.004439833292671796,
      "median": 1.0439683155400001,
      "user": 0.0016787999999999998,
      "system": 0.0024516,
      "min": 1.04102955254,
      "max": 1.0519147795400001,
      "times": [
        1.0442747755400001,
        1.0519147795400001,
        1.04102955254,
        1.04110877454,
        1.0439683155400001
      ],
      "exit_codes": [
        0,
        0,
        0,
        0,
        0
      ]
    }
  ]
}
