{
  "results": [
    {
      "command": "./calculate_average_artsiomkorzun.sh",
      "mean": 0.5270313598199999,
      "stddev": 0.0019968358901794473,
      "median": 0.5269147642199999,
      "user": 0.0025588,
      "system": 0.0015300479999999998,
      "min": 0.52520423222,
      "max": 0.5300740162199999,
      "times": [
        0.5300740162199999,
        0.52531231222,
        0.5269147642199999,
        0.52520423222,
        0.52765147422
      ],
      "exit_codes": [
        0,
        0,
        0,
        0,
        0
      ]
    }
  ]
}
