{
  "results": [
    {
      "command": "./calculate_average_artsiomkorzun.sh",
      "mean": 0.277695793,
      "stddev": 0.0010014763762537374,
      "median": 0.2778427504,
      "user": 0.0026378799999999996,
      "system": 0.0019463119999999997,
      "min": 0.2766437154,
      "max": 0.2791957184,
      "times": [
        0.2791957184,
        0.2778762414,
        0.2769205394,
        0.2778427504,
        0.2766437154
      ],
      "exit_codes": [
        0,
        0,
        0,
        0,
        0
      ]
    }
  ]
}
