{
  "results": [
    {
      "command": "./calculate_average_artsiomkorzun.sh",
      "mean": 2.07693063106,
      "stddev": 0.015045009096119584,
      "median": 2.0785480496599997,
      "user": 0.003341619999999999,
      "system": 0.0007414799999999999,
      "min": 2.06236586966,
      "max": 2.09947621766,
      "times": [
        2.09947621766,
        2.0803866366599997,
        2.0785480496599997,
        2.06387638166,
        2.06236586966
      ],
      "exit_codes": [
        0,
        0,
        0,
        0,
        0
      ]
    }
  ]
}
