{
  "results": [
    {
      "command": "./bin/austindonisan/aot/1brc ./inputs/measurements.txt 64 1",
      "mean": 0.11375790944,
      "stddev": 0.006768996926714427,
      "median": 0.11297773704,
      "user": 0.001405008,
      "system": 0.0032889999999999994,
      "min": 0.10655676104,
      "max": 0.12488344704000001,
      "times": [
        0.10655676104,
        0.11297773704,
        0.11320840404,
        0.12488344704000001,
        0.11116319804
      ],
      "exit_codes": [
        0,
        0,
        0,
        0,
        0
      ]
    }
  ]
}
