{
  "results": [
    {
      "command": "./bin/austindonisan/aot/1brc ./inputs/measurements.txt 8 1",
      "mean": 0.5326886059,
      "stddev": 0.017278056837107883,
      "median": 0.5253636731000001,
      "user": 0.00154406,
      "system": 0.002719864,
      "min": 0.5214409251000001,
      "max": 0.5628378871,
      "times": [
        0.5225430221,
        0.5628378871,
        0.5214409251000001,
        0.5312575221000001,
        0.5253636731000001
      ],
      "exit_codes": [
        0,
        0,
        0,
        0,
        0
      ]
    }
  ]
}
