{
  "results": [
    {
      "command": "./bin/austindonisan/aot/1brc ./inputs/measurements.txt 32 1",
      "mean": 0.15195106064,
      "stddev": 0.02798413713883277,
      "median": 0.14044189804,
      "user": 0.00208962,
      "system": 0.001073744,
      "min": 0.13539417104,
      "max": 0.20182054904000002,
      "times": [
        0.13539417104,
        0.14182249204,
        0.20182054904000002,
        0.14027619304,
        0.14044189804
      ],
      "exit_codes": [
        0,
        0,
        0,
        0,
        0
      ]
    }
  ]
}
