{
  "results": [
    {
      "command": "./bin/austindonisan/aot/1brc ./inputs/measurements.txt 4 1",
      "mean": 1.0596110600400002,
      "stddev": 0.036269637149619685,
      "median": 1.04095562244,
      "user": 0.0013745799999999998,
      "system": 0.001330352,
      "min": 1.0337251844400002,
      "max": 1.12036641744,
      "times": [
        1.0337251844400002,
        1.0660157804400001,
        1.04095562244,
        1.12036641744,
        1.0369922954400002
      ],
      "exit_codes": [
        0,
        0,
        0,
        0,
        0
      ]
    }
  ]
}
