{
  "results": [
    {
      "command": "./bin/austindonisan/aot/1brc ./inputs/measurements.txt 32 1",
      "mean": 0.14133214542,
      "stddev": 0.0011557795995155494,
      "median": 0.14078980182,
      "user": 0.0014188199999999999,
      "system": 0.001646628,
      "min": 0.14019239782,
      "max": 0.14281300982000003,
      "times": [
        0.14281300982000003,
        0.14019239782,
        0.14230938282000002,
        0.14055613482,
        0.14078980182
      ],
      "exit_codes": [
        0,
        0,
        0,
        0,
        0
      ]
    }
  ]
}
