{
  "results": [
    {
      "command": "./bin/austindonisan/aot/1brc ./inputs/measurements.txt 16 1",
      "mean": 0.27061177472,
      "stddev": 0.006617680599707481,
      "median": 0.26647928352000005,
      "user": 0.0024190999999999995,
      "system": 0.000133352,
      "min": 0.26575684752,
      "max": 0.28103040152000003,
      "times": [
        0.26636381852,
        0.26575684752,
        0.27342852252000005,
        0.26647928352000005,
        0.28103040152000003
      ],
      "exit_codes": [
        0,
        0,
        0,
        0,
        0
      ]
    }
  ]
}
