{
  "results": [
    {
      "command": "./bin/austindonisan/aot/1brc ./inputs/measurements.txt 16 1",
      "mean": 0.26716322866000003,
      "stddev": 0.0014982960699663071,
      "median": 0.26662470866,
      "user": 0.00208566,
      "system": 0.0001285,
      "min": 0.26563386966,
      "max": 0.26936850866,
      "times": [
        0.26936850866,
        0.26662470866,
        0.26563386966,
        0.26795415666,
        0.26623489966
      ],
      "exit_codes": [
        0,
        0,
        0,
        0,
        0
      ]
    }
  ]
}
