{
  "results": [
    {
      "command": "./bin/austindonisan/aot/1brc ./inputs/measurements.txt 8 1",
      "mean": 0.51947903916,
      "stddev": 0.00851731269572542,
      "median": 0.51961839176,
      "user": 0.0017262,
      "system": 0.0017543119999999998,
      "min": 0.5070734857600001,
      "max": 0.52947172076,
      "times": [
        0.5070734857600001,
        0.5165034297600001,
        0.51961839176,
        0.52947172076,
        0.5247281677600001
      ],
      "exit_codes": [
        0,
        0,
        0,
        0,
        0
      ]
    }
  ]
}
