{
  "results": [
    {
      "command": "./bin/buybackoff/aot/1brc ./inputs/measurements.txt",
      "mean": 1.01917992654,
      "stddev": 0.012796580942762807,
      "median": 1.01484402234,
      "user": 0.016048139999999995,
      "system": 0.0057478,
      "min": 1.00735736134,
      "max": 1.04029518734,
      "times": [
        1.04029518734,
        1.00735736134,
        1.01484402234,
        1.02107747034,
        1.01232559134
      ],
      "exit_codes": [
        0,
        0,
        0,
        0,
        0
      ]
    }
  ]
}
