{
  "results": [
    {
      "command": "./bin/buybackoff/aot/1brc ./inputs/measurements.txt",
      "mean": 2.0236466576399996,
      "stddev": 0.030883562597848985,
      "median": 2.01238788924,
      "user": 0.01995178,
      "system": 0.0092067,
      "min": 2.00319495324,
      "max": 2.07774642324,
      "times": [
        2.07774642324,
        2.01238788924,
        2.00564316324,
        2.00319495324,
        2.01926085924
      ],
      "exit_codes": [
        0,
        0,
        0,
        0,
        0
      ]
    }
  ]
}
