{
  "results": [
    {
      "command": "./bin/buybackoff/aot/1brc ./inputs/measurements.txt",
      "mean": 1.5772728442,
      "stddev": 0.005241241528825038,
      "median": 1.5764589638,
      "user": 0.016956259999999997,
      "system": 0.0051068879999999995,
      "min": 1.5709077768,
      "max": 1.5827803818000001,
      "times": [
        1.5827803818000001,
        1.5764589638,
        1.5738087708,
        1.5709077768,
        1.5824083278
      ],
      "exit_codes": [
        0,
        0,
        0,
        0,
        0
      ]
    }
  ]
}
