{
  "results": [
    {
      "command": "./bin/buybackoff/aot/1brc ./inputs/measurements.txt",
      "mean": 0.23481190242,
      "stddev": 0.0005541191492687338,
      "median": 0.23484404202,
      "user": 0.019990119999999997,
      "system": 0.01656208,
      "min": 0.23418105802,
      "max": 0.23561365102,
      "times": [
        0.23418105802,
        0.23499828702,
        0.23561365102,
        0.23484404202,
        0.23442247402
      ],
      "exit_codes": [
        0,
        0,
        0,
        0,
        0
      ]
    }
  ]
}
