{
  "results": [
    {
      "command": "./bin/buybackoff/aot/1brc ./inputs/measurements.txt",
      "mean": 0.2935881287,
      "stddev": 0.014855429310290267,
      "median": 0.2920121873,
      "user": 0.014923599999999999,
      "system": 0.0137108,
      "min": 0.2778269983,
      "max": 0.3177389183,
      "times": [
        0.3177389183,
        0.29374246930000003,
        0.2920121873,
        0.28662007030000003,
        0.2778269983
      ],
      "exit_codes": [
        0,
        0,
        0,
        0,
        0
      ]
    }
  ]
}
