{
  "results": [
    {
      "command": "./bin/buybackoff/aot/1brc ./inputs/measurements.txt",
      "mean": 0.5243231194,
      "stddev": 0.016331998193561514,
      "median": 0.5176364408,
      "user": 0.0167398,
      "system": 0.0064012,
      "min": 0.5152714128,
      "max": 0.5534025788,
      "times": [
        0.5152714128,
        0.5534025788,
        0.5176364408,
        0.5193384808,
        0.5159666838
      ],
      "exit_codes": [
        0,
        0,
        0,
        0,
        0
      ]
    }
  ]
}
