{
  "results": [
    {
      "command": "./bin/buybackoff/aot/1brc ./inputs/measurements.txt",
      "mean": 0.7993298209399999,
      "stddev": 0.005096607636801039,
      "median": 0.79731263874,
      "user": 0.016834740000000004,
      "system": 0.00631176,
      "min": 0.79437731174,
      "max": 0.80739605374,
      "times": [
        0.80739605374,
        0.79731263874,
        0.79437731174,
        0.79658610574,
        0.8009769947400001
      ],
      "exit_codes": [
        0,
        0,
        0,
        0,
        0
      ]
    }
  ]
}
