{
  "results": [
    {
      "command": "./bin/buybackoff/aot/1brc ./inputs/measurements.txt",
      "mean": 0.41113289302,
      "stddev": 0.0007690672553736763,
      "median": 0.41079211202,
      "user": 0.01949054,
      "system": 0.006825848,
      "min": 0.41061755602,
      "max": 0.41248360002,
      "times": [
        0.41074878602000003,
        0.41248360002,
        0.41079211202,
        0.41102241102000003,
        0.41061755602
      ],
      "exit_codes": [
        0,
        0,
        0,
        0,
        0
      ]
    }
  ]
}
