{
  "results": [
    {
      "command": "./bin/CameronAavik/aot/1brc ./inputs/measurements.txt",
      "mean": 1.2122274293,
      "stddev": 0.05786960797455707,
      "median": 1.1888843919,
      "user": 15.84472706,
      "system": 0.65850074,
      "min": 1.1797203739,
      "max": 1.3154539499,
      "times": [
        1.3154539499,
        1.1857123309,
        1.1888843919,
        1.1913660999,
        1.1797203739
      ],
      "exit_codes": [
        0,
        0,
        0,
        0,
        0
      ]
    }
  ]
}
