{
  "results": [
    {
      "command": "./bin/CameronAavik/aot/1brc ./inputs/measurements.txt",
      "mean": 0.5573939831600001,
      "stddev": 0.0076204911406826175,
      "median": 0.5530696313600001,
      "user": 11.239745840000001,
      "system": 0.8684282799999998,
      "min": 0.55019721836,
      "max": 0.5657461353600001,
      "times": [
        0.5523824633600001,
        0.5657461353600001,
        0.56557446736,
        0.55019721836,
        0.5530696313600001
      ],
      "exit_codes": [
        0,
        0,
        0,
        0,
        0
      ]
    }
  ]
}
