{
  "results": [
    {
      "command": "./bin/CameronAavik/aot/1brc ./inputs/measurements.txt",
      "mean": 1.59529171996,
      "stddev": 0.019003917328628606,
      "median": 1.58233597576,
      "user": 11.18199016,
      "system": 0.6178252599999999,
      "min": 1.58028925876,
      "max": 1.62041925576,
      "times": [
        1.61113395576,
        1.58228015376,
        1.58233597576,
        1.58028925876,
        1.62041925576
      ],
      "exit_codes": [
        0,
        0,
        0,
        0,
        0
      ]
    }
  ]
}
