{
  "results": [
    {
      "command": "./bin/CameronAavik/aot/1brc ./inputs/measurements.txt",
      "mean": 0.7027620176400001,
      "stddev": 0.01724863620629059,
      "median": 0.69101720964,
      "user": 15.819774539999997,
      "system": 0.759281,
      "min": 0.6897106296400001,
      "max": 0.72357788164,
      "times": [
        0.71959403064,
        0.6897106296400001,
        0.69101720964,
        0.68991033664,
        0.72357788164
      ],
      "exit_codes": [
        0,
        0,
        0,
        0,
        0
      ]
    }
  ]
}
