{
  "results": [
    {
      "command": "./bin/CameronAavik/aot/1brc ./inputs/measurements.txt",
      "mean": 0.8960409438799999,
      "stddev": 0.017324650974940927,
      "median": 0.88791525948,
      "user": 11.24815896,
      "system": 0.5929214199999999,
      "min": 0.88139674048,
      "max": 0.9248619304800001,
      "times": [
        0.9248619304800001,
        0.88791525948,
        0.8870514394800001,
        0.89897934948,
        0.88139674048
      ],
      "exit_codes": [
        0,
        0,
        0,
        0,
        0
      ]
    }
  ]
}
