{
  "results": [
    {
      "command": "./bin/CameronAavik/aot/1brc ./inputs/measurements.txt",
      "mean": 2.1966817022000003,
      "stddev": 0.01782926858343812,
      "median": 2.189886356,
      "user": 15.772206739999998,
      "system": 0.7026011999999999,
      "min": 2.178488333,
      "max": 2.2180410210000003,
      "times": [
        2.178488333,
        2.2180410210000003,
        2.1838071340000003,
        2.189886356,
        2.2131856670000003
      ],
      "exit_codes": [
        0,
        0,
        0,
        0,
        0
      ]
    }
  ]
}
