{
  "results": [
    {
      "command": "./bin/CameronAavik/aot/1brc ./inputs/measurements.txt",
      "mean": 0.6378733411999999,
      "stddev": 0.03599954175231114,
      "median": 0.6588963428,
      "user": 11.59141812,
      "system": 0.84815144,
      "min": 0.5973805888,
      "max": 0.6687989328,
      "times": [
        0.5973805888,
        0.5998946218,
        0.6687989328,
        0.6643962198,
        0.6588963428
      ],
      "exit_codes": [
        0,
        0,
        0,
        0,
        0
      ]
    }
  ]
}
