{
  "results": [
    {
      "command": "./bin/CameronAavik/aot/1brc ./inputs/measurements.txt",
      "mean": 3.01903197638,
      "stddev": 0.023496802890679278,
      "median": 3.0138195263800003,
      "user": 11.14838492,
      "system": 0.5918307799999999,
      "min": 2.9935360623800005,
      "max": 3.05296367238,
      "times": [
        3.00373395238,
        3.05296367238,
        3.0138195263800003,
        3.03110666838,
        2.9935360623800005
      ],
      "exit_codes": [
        0,
        0,
        0,
        0,
        0
      ]
    }
  ]
}
