{
  "results": [
    {
      "command": "./bin/dzaima/aot/1brc ./inputs/measurements.txt",
      "mean": 1.2838799695199998,
      "stddev": 0.020270533777839588,
      "median": 1.2781291155199999,
      "user": 9.33575276,
      "system": 0.6514178800000001,
      "min": 1.2599286425199998,
      "max": 1.31119124852,
      "times": [
        1.31119124852,
        1.27307384552,
        1.2970769955199999,
        1.2781291155199999,
        1.2599286425199998
      ],
      "exit_codes": [
        0,
        0,
        0,
        0,
        0
      ]
    }
  ]
}
