{
  "results": [
    {
      "command": "./bin/dzaima/aot/1brc ./inputs/measurements.txt",
      "mean": 1.75350024954,
      "stddev": 0.03345332409285425,
      "median": 1.74747142614,
      "user": 12.782459779999998,
      "system": 0.7681805,
      "min": 1.72263491814,
      "max": 1.80958373014,
      "times": [
        1.74747142614,
        1.75279412614,
        1.72263491814,
        1.7350170471400002,
        1.80958373014
      ],
      "exit_codes": [
        0,
        0,
        0,
        0,
        0
      ]
    }
  ]
}
