{
  "results": [
    {
      "command": "./bin/dzaima/aot/1brc ./inputs/measurements.txt",
      "mean": 1.2607272830000003,
      "stddev": 0.0035932006198536736,
      "median": 1.2591613788000002,
      "user": 9.387708880000002,
      "system": 0.58348106,
      "min": 1.2579809148,
      "max": 1.2669367658000001,
      "times": [
        1.2669367658000001,
        1.2579809148,
        1.2591613788000002,
        1.2589748158,
        1.2605825398000001
      ],
      "exit_codes": [
        0,
        0,
        0,
        0,
        0
      ]
    }
  ]
}
