{
  "results": [
    {
      "command": "./bin/dzaima/aot/1brc ./inputs/measurements.txt",
      "mean": 1.2650394020400002,
      "stddev": 0.007496519379787849,
      "median": 1.26092807844,
      "user": 9.400710279999998,
      "system": 0.5829985200000001,
      "min": 1.25958994944,
      "max": 1.2771816044400002,
      "times": [
        1.2771816044400002,
        1.25958994944,
        1.2600455324400002,
        1.26092807844,
        1.2674518454400001
      ],
      "exit_codes": [
        0,
        0,
        0,
        0,
        0
      ]
    }
  ]
}
