{
  "results": [
    {
      "command": "./bin/dzaima/aot/1brc ./inputs/measurements.txt",
      "mean": 2.56287738584,
      "stddev": 0.03343876940590395,
      "median": 2.55490194404,
      "user": 9.40669552,
      "system": 0.55946764,
      "min": 2.52646126404,
      "max": 2.61537363404,
      "times": [
        2.61537363404,
        2.57095279204,
        2.55490194404,
        2.52646126404,
        2.54669729504
      ],
      "exit_codes": [
        0,
        0,
        0,
        0,
        0
      ]
    }
  ]
}
