{
  "results": [
    {
      "command": "./bin/dzaima/aot/1brc ./inputs/measurements.txt",
      "mean": 1.3113548203600003,
      "stddev": 0.004715020691337795,
      "median": 1.30971245196,
      "user": 9.56223336,
      "system": 0.6384977000000001,
      "min": 1.3079305329600002,
      "max": 1.3195068039600002,
      "times": [
        1.3195068039600002,
        1.3085299509600001,
        1.30971245196,
        1.3079305329600002,
        1.3110943619600002
      ],
      "exit_codes": [
        0,
        0,
        0,
        0,
        0
      ]
    }
  ]
}
