{
  "results": [
    {
      "command": "./bin/dzaima/aot/1brc ./inputs/measurements.txt",
      "mean": 1.3134369186600001,
      "stddev": 0.00793878094004997,
      "median": 1.31068299206,
      "user": 9.5505796,
      "system": 0.6511419399999999,
      "min": 1.30689124206,
      "max": 1.32708102006,
      "times": [
        1.31300652806,
        1.32708102006,
        1.31068299206,
        1.3095228110600001,
        1.30689124206
      ],
      "exit_codes": [
        0,
        0,
        0,
        0,
        0
      ]
    }
  ]
}
