{
  "results": [
    {
      "command": "./bin/dzaima/aot/1brc ./inputs/measurements.txt",
      "mean": 1.2778816261600001,
      "stddev": 0.019126464013888605,
      "median": 1.2729392833600002,
      "user": 9.38115314,
      "system": 0.59437056,
      "min": 1.25962910836,
      "max": 1.3020062623600002,
      "times": [
        1.29359195136,
        1.2729392833600002,
        1.25962910836,
        1.26124152536,
        1.3020062623600002
      ],
      "exit_codes": [
        0,
        0,
        0,
        0,
        0
      ]
    }
  ]
}
