{
  "results": [
    {
      "command": "./calculate_average_jerrinot.sh",
      "mean": 0.39191439673999995,
      "stddev": 0.0009973390599058009,
      "median": 0.39157494334000004,
      "user": 0.0030479799999999996,
      "system": 0.0016793839999999997,
      "min": 0.39095148734,
      "max": 0.39349980734,
      "times": [
        0.39221032734,
        0.39349980734,
        0.39095148734,
        0.39133541834,
        0.39157494334000004
      ],
      "exit_codes": [
        0,
        0,
        0,
        0,
        0
      ]
    }
  ]
}
