{
  "results": [
    {
      "command": "./calculate_average_jerrinot.sh",
      "mean": 0.28891179444000004,
      "stddev": 0.0019337191066339803,
      "median": 0.28777966204,
      "user": 0.00411378,
      "system": 0.000972688,
      "min": 0.28728634204000003,
      "max": 0.29143138004,
      "times": [
        0.29055667504000005,
        0.29143138004,
        0.28728634204000003,
        0.28750491304000003,
        0.28777966204
      ],
      "exit_codes": [
        0,
        0,
        0,
        0,
        0
      ]
    }
  ]
}
