{
  "results": [
    {
      "command": "./calculate_average_jerrinot.sh",
      "mean": 0.55555616016,
      "stddev": 0.0010681217688881554,
      "median": 0.5552405715600001,
      "user": 0.00292258,
      "system": 0.0018132079999999997,
      "min": 0.5543313875600001,
      "max": 0.55712574556,
      "times": [
        0.5552405715600001,
        0.55712574556,
        0.5560414715600001,
        0.5550416245600001,
        0.5543313875600001
      ],
      "exit_codes": [
        0,
        0,
        0,
        0,
        0
      ]
    }
  ]
}
