{
  "results": [
    {
      "command": "./calculate_average_jerrinot.sh",
      "mean": 1.10184637084,
      "stddev": 0.0042775211554260135,
      "median": 1.1018671738399999,
      "user": 0.00194352,
      "system": 0.0028703999999999995,
      "min": 1.09725205684,
      "max": 1.1067773348399998,
      "times": [
        1.1067773348399998,
        1.1018671738399999,
        1.09725205684,
        1.09794593084,
        1.1053893578399998
      ],
      "exit_codes": [
        0,
        0,
        0,
        0,
        0
      ]
    }
  ]
}
