{
  "results": [
    {
      "command": "./calculate_average_jerrinot.sh",
      "mean": 0.7732282257800001,
      "stddev": 0.0026584492762419284,
      "median": 0.77219017538,
      "user": 0.00382728,
      "system": 0.001022368,
      "min": 0.7709696743800001,
      "max": 0.77737507238,
      "times": [
        0.77737507238,
        0.77219017538,
        0.7709696743800001,
        0.7712976113800001,
        0.7743085953800001
      ],
      "exit_codes": [
        0,
        0,
        0,
        0,
        0
      ]
    }
  ]
}
