{
  "results": [
    {
      "command": "./calculate_average_jerrinot.sh",
      "mean": 2.1979634569599997,
      "stddev": 0.012821741979087259,
      "median": 2.19799175616,
      "user": 0.00311612,
      "system": 0.0016707599999999999,
      "min": 2.18323711716,
      "max": 2.21130020416,
      "times": [
        2.19799175616,
        2.18720017516,
        2.18323711716,
        2.21130020416,
        2.21008803216
      ],
      "exit_codes": [
        0,
        0,
        0,
        0,
        0
      ]
    }
  ]
}
