{
  "results": [
    {
      "command": "./calculate_average_jerrinot.sh",
      "mean": 1.5353433758200001,
      "stddev": 0.003760552575305382,
      "median": 1.53563563722,
      "user": 0.004371959999999999,
      "system": 0.000479624,
      "min": 1.5315416002200002,
      "max": 1.5404881562200001,
      "times": [
        1.5315416002200002,
        1.5318590692200003,
        1.53563563722,
        1.5371924162200001,
        1.5404881562200001
      ],
      "exit_codes": [
        0,
        0,
        0,
        0,
        0
      ]
    }
  ]
}
