{
  "results": [
    {
      "command": "./calculate_average_jerrinot.sh",
      "mean": 0.28882474818000003,
      "stddev": 0.00187274909615362,
      "median": 0.28898644438000004,
      "user": 0.0041216199999999995,
      "system": 0.000848544,
      "min": 0.28645639138,
      "max": 0.29158468438,
      "times": [
        0.28798990238000005,
        0.28898644438000004,
        0.28645639138,
        0.29158468438,
        0.28910631838000006
      ],
      "exit_codes": [
        0,
        0,
        0,
        0,
        0
      ]
    }
  ]
}
