{
  "results": [
    {
      "command": "./bin/kpocza/aot/1brc ./inputs/measurements.txt",
      "mean": 3.7592012001400006,
      "stddev": 0.02899177974382935,
      "median": 3.75358944334,
      "user": 13.788496480000001,
      "system": 0.5446045799999999,
      "min": 3.73284528734,
      "max": 3.80449619434,
      "times": [
        3.75358944334,
        3.73679711334,
        3.80449619434,
        3.76827796234,
        3.73284528734
      ],
      "exit_codes": [
        0,
        0,
        0,
        0,
        0
      ]
    }
  ]
}
