{
  "results": [
    {
      "command": "./bin/kpocza/aot/1brc ./inputs/measurements.txt",
      "mean": 0.70779273774,
      "stddev": 0.026679491395774878,
      "median": 0.69930204074,
      "user": 16.060151819999998,
      "system": 0.62955922,
      "min": 0.69119361074,
      "max": 0.7548725147400001,
      "times": [
        0.70134053974,
        0.7548725147400001,
        0.69119361074,
        0.69225498274,
        0.69930204074
      ],
      "exit_codes": [
        0,
        0,
        0,
        0,
        0
      ]
    }
  ]
}
