{
  "results": [
    {
      "command": "./bin/kpocza/aot/1brc ./inputs/measurements.txt",
      "mean": 1.22808708732,
      "stddev": 0.036607660456396705,
      "median": 1.21511318332,
      "user": 16.03078476,
      "system": 0.6232304799999999,
      "min": 1.20607433732,
      "max": 1.29303188232,
      "times": [
        1.21763727532,
        1.21511318332,
        1.20607433732,
        1.29303188232,
        1.20857875832
      ],
      "exit_codes": [
        0,
        0,
        0,
        0,
        0
      ]
    }
  ]
}
