{
  "results": [
    {
      "command": "./bin/kpocza/aot/1brc ./inputs/measurements.txt",
      "mean": 0.44962743848,
      "stddev": 0.003426575428611929,
      "median": 0.45061131148,
      "user": 16.14049444,
      "system": 0.7392629199999999,
      "min": 0.44420391448,
      "max": 0.45316189748,
      "times": [
        0.45143667948000005,
        0.44872338948,
        0.45061131148,
        0.44420391448,
        0.45316189748
      ],
      "exit_codes": [
        0,
        0,
        0,
        0,
        0
      ]
    }
  ]
}
