{
  "results": [
    {
      "command": "./bin/kpocza/aot/1brc ./inputs/measurements.txt",
      "mean": 1.9844038925,
      "stddev": 0.05132783117035865,
      "median": 1.9729951447000003,
      "user": 13.75333496,
      "system": 0.5640000199999999,
      "min": 1.9481765957000001,
      "max": 2.0729431366999997,
      "times": [
        1.9481765957000001,
        1.9729951447000003,
        2.0729431366999997,
        1.9494630757,
        1.9784415097
      ],
      "exit_codes": [
        0,
        0,
        0,
        0,
        0
      ]
    }
  ]
}
