{
  "results": [
    {
      "command": "./bin/kpocza/aot/1brc ./inputs/measurements.txt",
      "mean": 1.0729519649800001,
      "stddev": 0.012558474191979944,
      "median": 1.06568567258,
      "user": 13.8186635,
      "system": 0.52938008,
      "min": 1.06168179058,
      "max": 1.08835925358,
      "times": [
        1.08473332558,
        1.06168179058,
        1.06568567258,
        1.06429978258,
        1.08835925358
      ],
      "exit_codes": [
        0,
        0,
        0,
        0,
        0
      ]
    }
  ]
}
