{
  "results": [
    {
      "command": "./bin/kpocza/aot/1brc ./inputs/measurements.txt",
      "mean": 2.25603895466,
      "stddev": 0.009369435748734825,
      "median": 2.25822839866,
      "user": 15.9745375,
      "system": 0.60298548,
      "min": 2.24239278766,
      "max": 2.26558512166,
      "times": [
        2.26278989266,
        2.25119857266,
        2.25822839866,
        2.26558512166,
        2.24239278766
      ],
      "exit_codes": [
        0,
        0,
        0,
        0,
        0
      ]
    }
  ]
}
