{
  "results": [
    {
      "command": "./bin/kpocza/aot/1brc ./inputs/measurements.txt",
      "mean": 0.6389665708999999,
      "stddev": 0.02618978921986242,
      "median": 0.6285963838999999,
      "user": 13.877355779999998,
      "system": 0.57893354,
      "min": 0.6241043839,
      "max": 0.6856971459,
      "times": [
        0.6277920919,
        0.6856971459,
        0.6241043839,
        0.6286428489,
        0.6285963838999999
      ],
      "exit_codes": [
        0,
        0,
        0,
        0,
        0
      ]
    }
  ]
}
