{
  "results": [
    {
      "command": "./bin/lehuyduc/aot/1brc ./inputs/measurements.txt",
      "mean": 0.8571239650400001,
      "stddev": 0.0070053684278476415,
      "median": 0.8561330366400001,
      "user": 0.00138018,
      "system": 0.0,
      "min": 0.8510923636400001,
      "max": 0.8685949326400001,
      "times": [
        0.8685949326400001,
        0.8578545046400001,
        0.8561330366400001,
        0.85194498764,
        0.8510923636400001
      ],
      "exit_codes": [
        0,
        0,
        0,
        0,
        0
      ]
    }
  ]
}
