{
  "results": [
    {
      "command": "./bin/lehuyduc/aot/1brc ./inputs/measurements.txt",
      "mean": 2.40142008886,
      "stddev": 0.031998374730160116,
      "median": 2.39769565126,
      "user": 0.00118108,
      "system": 0.000216484,
      "min": 2.37032814726,
      "max": 2.4359198752599998,
      "times": [
        2.37032814726,
        2.37055647126,
        2.39769565126,
        2.4359198752599998,
        2.4326002992599998
      ],
      "exit_codes": [
        0,
        0,
        0,
        0,
        0
      ]
    }
  ]
}
