{
  "results": [
    {
      "command": "./bin/lehuyduc/aot/1brc ./inputs/measurements.txt",
      "mean": 0.28704207582,
      "stddev": 0.011043641208757421,
      "median": 0.28172913502,
      "user": 0.0012770799999999999,
      "system": 0.0002632,
      "min": 0.27987195902,
      "max": 0.30596246402000005,
      "times": [
        0.28766459702,
        0.30596246402000005,
        0.27987195902,
        0.27998222402,
        0.28172913502
      ],
      "exit_codes": [
        0,
        0,
        0,
        0,
        0
      ]
    }
  ]
}
