{
  "results": [
    {
      "command": "./bin/lehuyduc/aot/1brc ./inputs/measurements.txt",
      "mean": 0.64933509884,
      "stddev": 0.013299953729703733,
      "median": 0.64741318884,
      "user": 0.0011423,
      "system": 0.000216512,
      "min": 0.63637412384,
      "max": 0.67166695284,
      "times": [
        0.64778077484,
        0.63637412384,
        0.67166695284,
        0.64741318884,
        0.64344045384
      ],
      "exit_codes": [
        0,
        0,
        0,
        0,
        0
      ]
    }
  ]
}
