{
  "results": [
    {
      "command": "./bin/lehuyduc/aot/1brc ./inputs/measurements.txt",
      "mean": 1.6694518686400002,
      "stddev": 0.007870812149246646,
      "median": 1.66884690924,
      "user": 0.0012401200000000002,
      "system": 0.00015108,
      "min": 1.65908218724,
      "max": 1.67836476324,
      "times": [
        1.67836476324,
        1.67588354624,
        1.65908218724,
        1.6650819372399999,
        1.66884690924
      ],
      "exit_codes": [
        0,
        0,
        0,
        0,
        0
      ]
    }
  ]
}
