{
  "results": [
    {
      "command": "./bin/lehuyduc/aot/1brc ./inputs/measurements.txt",
      "mean": 1.25216486432,
      "stddev": 0.019490773669503286,
      "median": 1.2480619399200001,
      "user": 0.0013938,
      "system": 0.0,
      "min": 1.23121708192,
      "max": 1.28396417792,
      "times": [
        1.25266026792,
        1.24492085392,
        1.23121708192,
        1.2480619399200001,
        1.28396417792
      ],
      "exit_codes": [
        0,
        0,
        0,
        0,
        0
      ]
    }
  ]
}
