{
  "results": [
    {
      "command": "./bin/lehuyduc/aot/1brc ./inputs/measurements.txt",
      "mean": 0.4744678309,
      "stddev": 0.007092906342819227,
      "median": 0.47299027650000003,
      "user": 0.00101618,
      "system": 0.000334264,
      "min": 0.46781205950000004,
      "max": 0.4830850655,
      "times": [
        0.46781205950000004,
        0.46788627850000003,
        0.48056547450000003,
        0.47299027650000003,
        0.4830850655
      ],
      "exit_codes": [
        0,
        0,
        0,
        0,
        0
      ]
    }
  ]
}
