{
  "results": [
    {
      "command": "./bin/lehuyduc/aot/1brc ./inputs/measurements.txt",
      "mean": 0.39591805690000004,
      "stddev": 0.029893010794291523,
      "median": 0.3961028489,
      "user": 0.00138082,
      "system": 0.00011409599999999999,
      "min": 0.3593029399,
      "max": 0.42886934090000006,
      "times": [
        0.37376376590000004,
        0.42886934090000006,
        0.3593029399,
        0.42155138890000005,
        0.3961028489
      ],
      "exit_codes": [
        0,
        0,
        0,
        0,
        0
      ]
    }
  ]
}
