{
  "results": [
    {
      "command": "./calculate_average_mtopolnik.sh",
      "mean": 0.91749201512,
      "stddev": 0.022350062241956698,
      "median": 0.9221887019200001,
      "user": 0.00261912,
      "system": 0.0036953399999999996,
      "min": 0.88181639592,
      "max": 0.9409264279200001,
      "times": [
        0.9221887019200001,
        0.88181639592,
        0.9133377099200001,
        0.9409264279200001,
        0.9291908399200001
      ],
      "exit_codes": [
        0,
        0,
        0,
        0,
        0
      ]
    }
  ]
}
