{
  "results": [
    {
      "command": "./bin/mtopolnik-rs/aot/1brc ./inputs/measurements.txt",
      "mean": 0.73398503008,
      "stddev": 0.010451224149746953,
      "median": 0.7286801934800001,
      "user": 16.79686212,
      "system": 0.8001249000000001,
      "min": 0.7277574014800001,
      "max": 0.7523773814800001,
      "times": [
        0.73257747248,
        0.72853270148,
        0.7286801934800001,
        0.7523773814800001,
        0.7277574014800001
      ],
      "exit_codes": [
        0,
        0,
        0,
        0,
        0
      ]
    }
  ]
}
