{
  "results": [
    {
      "command": "./calculate_average_mtopolnik.sh",
      "mean": 1.76877812002,
      "stddev": 0.030691105443355984,
      "median": 1.75594137602,
      "user": 0.0026078599999999996,
      "system": 0.0034786000000000005,
      "min": 1.7500663300200001,
      "max": 1.82329572302,
      "times": [
        1.82329572302,
        1.7500663300200001,
        1.75594137602,
        1.75438629902,
        1.76020087202
      ],
      "exit_codes": [
        0,
        0,
        0,
        0,
        0
      ]
    }
  ]
}
