{
  "results": [
    {
      "command": "./bin/mtopolnik-rs/aot/1brc ./inputs/measurements.txt",
      "mean": 0.9709667942200001,
      "stddev": 0.009286675497794732,
      "median": 0.9666692690200002,
      "user": 12.138903459999998,
      "system": 0.5767507199999999,
      "min": 0.9637238960200001,
      "max": 0.9857999210200001,
      "times": [
        0.9643910170200001,
        0.9637238960200001,
        0.9666692690200002,
        0.9857999210200001,
        0.9742498680200001
      ],
      "exit_codes": [
        0,
        0,
        0,
        0,
        0
      ]
    }
  ]
}
