{
  "results": [
    {
      "command": "./bin/mtopolnik-rs/aot/1brc ./inputs/measurements.txt",
      "mean": 0.7143413991600001,
      "stddev": 0.0662417080175715,
      "median": 0.73085864436,
      "user": 12.16711348,
      "system": 0.73020116,
      "min": 0.6182700223600001,
      "max": 0.77958690136,
      "times": [
        0.77958690136,
        0.67854235136,
        0.76444907636,
        0.73085864436,
        0.6182700223600001
      ],
      "exit_codes": [
        0,
        0,
        0,
        0,
        0
      ]
    }
  ]
}
