{
  "results": [
    {
      "command": "./bin/mtopolnik-rs/aot/1brc ./inputs/measurements.txt",
      "mean": 2.36615267208,
      "stddev": 0.03263783894352285,
      "median": 2.35692016468,
      "user": 16.8055565,
      "system": 0.6315335799999999,
      "min": 2.33538585868,
      "max": 2.42051666068,
      "times": [
        2.35692016468,
        2.33538585868,
        2.42051666068,
        2.34973824668,
        2.36820242968
      ],
      "exit_codes": [
        0,
        0,
        0,
        0,
        0
      ]
    }
  ]
}
