{
  "results": [
    {
      "command": "./calculate_average_mtopolnik.sh",
      "mean": 0.61422890906,
      "stddev": 0.0057475108236370856,
      "median": 0.6140250674600001,
      "user": 0.00399464,
      "system": 0.0022359439999999997,
      "min": 0.60813766546,
      "max": 0.6222835374600001,
      "times": [
        0.60813766546,
        0.60956987246,
        0.6140250674600001,
        0.61712840246,
        0.6222835374600001
      ],
      "exit_codes": [
        0,
        0,
        0,
        0,
        0
      ]
    }
  ]
}
