{
  "results": [
    {
      "command": "./calculate_average_mtopolnik.sh",
      "mean": 3.5241488266199994,
      "stddev": 0.05415651663468138,
      "median": 3.48924896702,
      "user": 0.0026794399999999995,
      "system": 0.002956624,
      "min": 3.48074895302,
      "max": 3.60278786702,
      "times": [
        3.55895064502,
        3.48900770102,
        3.48074895302,
        3.60278786702,
        3.48924896702
      ],
      "exit_codes": [
        0,
        0,
        0,
        0,
        0
      ]
    }
  ]
}
