{
  "results": [
    {
      "command": "./calculate_average_mtopolnik.sh",
      "mean": 0.5238253539800001,
      "stddev": 0.015860479698448286,
      "median": 0.5282338025800001,
      "user": 0.0027875199999999995,
      "system": 0.0037067999999999997,
      "min": 0.5057156355800001,
      "max": 0.5412101425800001,
      "times": [
        0.5412101425800001,
        0.5057156355800001,
        0.5087584685800001,
        0.5282338025800001,
        0.5352087205800001
      ],
      "exit_codes": [
        0,
        0,
        0,
        0,
        0
      ]
    }
  ]
}
