{
  "results": [
    {
      "command": "./calculate_average_mtopolnik.sh",
      "mean": 2.12632474344,
      "stddev": 0.036898514316558294,
      "median": 2.11099865424,
      "user": 0.00463548,
      "system": 0.001363768,
      "min": 2.09502587224,
      "max": 2.18461937124,
      "times": [
        2.14004929224,
        2.18461937124,
        2.11099865424,
        2.09502587224,
        2.10093052724
      ],
      "exit_codes": [
        0,
        0,
        0,
        0,
        0
      ]
    }
  ]
}
