{
  "results": [
    {
      "command": "./calculate_average_mtopolnik.sh",
      "mean": 1.10323744372,
      "stddev": 0.006589917491177057,
      "median": 1.1049580487200001,
      "user": 0.0037177800000000004,
      "system": 0.002833896,
      "min": 1.0931285937200002,
      "max": 1.11121480172,
      "times": [
        1.1049580487200001,
        1.10188788472,
        1.11121480172,
        1.0931285937200002,
        1.1049978897200001
      ],
      "exit_codes": [
        0,
        0,
        0,
        0,
        0
      ]
    }
  ]
}
