{
  "results": [
    {
      "command": "./bin/mtopolnik-rs/aot/1brc ./inputs/measurements.txt",
      "mean": 1.2933199443199999,
      "stddev": 0.023941341723025544,
      "median": 1.28635730252,
      "user": 16.7749762,
      "system": 0.7055911599999999,
      "min": 1.27477438352,
      "max": 1.3346158365199998,
      "times": [
        1.29135732552,
        1.27949487352,
        1.3346158365199998,
        1.27477438352,
        1.28635730252
      ],
      "exit_codes": [
        0,
        0,
        0,
        0,
        0
      ]
    }
  ]
}
