{
  "results": [
    {
      "command": "./calculate_average_mtopolnik.sh",
      "mean": 0.41114074696,
      "stddev": 0.008163739624892788,
      "median": 0.41154637836,
      "user": 0.00399432,
      "system": 0.002586788,
      "min": 0.39936172836000006,
      "max": 0.42239946836000003,
      "times": [
        0.41187312836000006,
        0.39936172836000006,
        0.42239946836000003,
        0.41052303136000007,
        0.41154637836
      ],
      "exit_codes": [
        0,
        0,
        0,
        0,
        0
      ]
    }
  ]
}
