{
  "results": [
    {
      "command": "./bin/mtopolnik-rs/aot/1brc ./inputs/measurements.txt",
      "mean": 3.3683309090600004,
      "stddev": 0.0424807028437818,
      "median": 3.36399223486,
      "user": 12.091931219999998,
      "system": 0.57460062,
      "min": 3.32134329886,
      "max": 3.4241587138600003,
      "times": [
        3.32134329886,
        3.4241587138600003,
        3.36399223486,
        3.3355440618600003,
        3.3966162358600003
      ],
      "exit_codes": [
        0,
        0,
        0,
        0,
        0
      ]
    }
  ]
}
