{
  "results": [
    {
      "command": "./bin/mtopolnik-rs/aot/1brc ./inputs/measurements.txt",
      "mean": 0.51496985068,
      "stddev": 0.01800981947775363,
      "median": 0.50425339408,
      "user": 16.552590499999997,
      "system": 1.03472436,
      "min": 0.5022638630799999,
      "max": 0.54462565208,
      "times": [
        0.51967096908,
        0.5022638630799999,
        0.50403537508,
        0.50425339408,
        0.54462565208
      ],
      "exit_codes": [
        0,
        0,
        0,
        0,
        0
      ]
    }
  ]
}
