{
  "results": [
    {
      "command": "./bin/mtopolnik-rs/aot/1brc ./inputs/measurements.txt",
      "mean": 1.76344913446,
      "stddev": 0.016239445987956697,
      "median": 1.76238513406,
      "user": 12.140198979999997,
      "system": 0.5476551799999999,
      "min": 1.7447865780600003,
      "max": 1.7810844620600002,
      "times": [
        1.76238513406,
        1.7810844620600002,
        1.7447865780600003,
        1.77849946106,
        1.75049003706
      ],
      "exit_codes": [
        0,
        0,
        0,
        0,
        0
      ]
    }
  ]
}
