{
  "results": [
    {
      "command": "./bin/nietras/aot/1brc ./inputs/measurements.txt",
      "mean": 0.6715835074400001,
      "stddev": 0.004897899565728637,
      "median": 0.6721856600400001,
      "user": 15.085164259999999,
      "system": 0.60316468,
      "min": 0.66474845804,
      "max": 0.6761087020400001,
      "times": [
        0.6761087020400001,
        0.66474845804,
        0.67610762304,
        0.6687670940400001,
        0.6721856600400001
      ],
      "exit_codes": [
        0,
        0,
        0,
        0,
        0
      ]
    }
  ]
}
