{
  "results": [
    {
      "command": "./bin/nietras/aot/1brc ./inputs/measurements.txt",
      "mean": 0.46321684574000005,
      "stddev": 0.028361256784861635,
      "median": 0.45147300014,
      "user": 14.965053280000001,
      "system": 0.8190206,
      "min": 0.44110025014000004,
      "max": 0.5092231611400001,
      "times": [
        0.44300107214,
        0.47128674514,
        0.44110025014000004,
        0.45147300014,
        0.5092231611400001
      ],
      "exit_codes": [
        0,
        0,
        0,
        0,
        0
      ]
    }
  ]
}
