{
  "results": [
    {
      "command": "./bin/nietras/aot/1brc ./inputs/measurements.txt",
      "mean": 1.91956128792,
      "stddev": 0.055258494300992125,
      "median": 1.94315391652,
      "user": 13.136278899999999,
      "system": 0.5453461399999999,
      "min": 1.8491136265199999,
      "max": 1.97963317152,
      "times": [
        1.97963317152,
        1.95167330852,
        1.87423241652,
        1.94315391652,
        1.8491136265199999
      ],
      "exit_codes": [
        0,
        0,
        0,
        0,
        0
      ]
    }
  ]
}
