{
  "results": [
    {
      "command": "./bin/nietras/aot/1brc ./inputs/measurements.txt",
      "mean": 2.1700052186000005,
      "stddev": 0.025954159201667285,
      "median": 2.17708569,
      "user": 15.0666642,
      "system": 0.60546604,
      "min": 2.125598843,
      "max": 2.192809795,
      "times": [
        2.192809795,
        2.1821100060000003,
        2.17708569,
        2.125598843,
        2.172421759
      ],
      "exit_codes": [
        0,
        0,
        0,
        0,
        0
      ]
    }
  ]
}
