{
  "results": [
    {
      "command": "./bin/nietras/aot/1brc ./inputs/measurements.txt",
      "mean": 3.62358054138,
      "stddev": 0.08250675341251043,
      "median": 3.60884615538,
      "user": 13.063901379999999,
      "system": 0.56310728,
      "min": 3.5510494283800003,
      "max": 3.76124677038,
      "times": [
        3.5510494283800003,
        3.76124677038,
        3.57072619338,
        3.62603415938,
        3.60884615538
      ],
      "exit_codes": [
        0,
        0,
        0,
        0,
        0
      ]
    }
  ]
}
