{
  "results": [
    {
      "command": "./bin/nietras/aot/1brc ./inputs/measurements.txt",
      "mean": 0.6186852770800001,
      "stddev": 0.005267975826300376,
      "median": 0.6177879028800001,
      "user": 13.229881979999998,
      "system": 0.6223742999999999,
      "min": 0.61276644288,
      "max": 0.62469346388,
      "times": [
        0.62469346388,
        0.61276644288,
        0.6177879028800001,
        0.61468794488,
        0.62349063088
      ],
      "exit_codes": [
        0,
        0,
        0,
        0,
        0
      ]
    }
  ]
}
