{
  "results": [
    {
      "command": "./bin/nietras/aot/1brc ./inputs/measurements.txt",
      "mean": 1.04585581032,
      "stddev": 0.017240753367822995,
      "median": 1.0459255083199999,
      "user": 13.187312639999998,
      "system": 0.52531842,
      "min": 1.02572015932,
      "max": 1.07236678632,
      "times": [
        1.04810705432,
        1.02572015932,
        1.03715954332,
        1.07236678632,
        1.0459255083199999
      ],
      "exit_codes": [
        0,
        0,
        0,
        0,
        0
      ]
    }
  ]
}
