{
  "results": [
    {
      "command": "./bin/nietras/aot/1brc ./inputs/measurements.txt",
      "mean": 1.1779084772600001,
      "stddev": 0.021106379964869512,
      "median": 1.17365404606,
      "user": 15.049571480000001,
      "system": 0.6078141399999999,
      "min": 1.16093308806,
      "max": 1.21353887406,
      "times": [
        1.17786499006,
        1.16093308806,
        1.21353887406,
        1.16355138806,
        1.17365404606
      ],
      "exit_codes": [
        0,
        0,
        0,
        0,
        0
      ]
    }
  ]
}
