{
  "results": [
    {
      "command": "./bin/NimaAra/aot/1brc ./inputs/measurements.txt",
      "mean": 1.45349910432,
      "stddev": 0.04716603507047325,
      "median": 1.42481974312,
      "user": 39.13079114,
      "system": 0.70702554,
      "min": 1.41658898912,
      "max": 1.5235460301200001,
      "times": [
        1.48124679412,
        1.42129396512,
        1.41658898912,
        1.5235460301200001,
        1.42481974312
      ],
      "exit_codes": [
        0,
        0,
        0,
        0,
        0
      ]
    }
  ]
}
