{
  "results": [
    {
      "command": "./bin/NimaAra/aot/1brc ./inputs/measurements.txt",
      "mean": 0.87043572018,
      "stddev": 0.08033641544640974,
      "median": 0.82464612278,
      "user": 39.48563936,
      "system": 0.8133459000000001,
      "min": 0.82091506278,
      "max": 1.00762670878,
      "times": [
        1.00762670878,
        0.82464612278,
        0.8214916877800001,
        0.8774990187800001,
        0.82091506278
      ],
      "exit_codes": [
        0,
        0,
        0,
        0,
        0
      ]
    }
  ]
}
