{
  "results": [
    {
      "command": "./bin/NimaAra/aot/1brc ./inputs/measurements.txt",
      "mean": 3.9174322310600003,
      "stddev": 0.014858265753824464,
      "median": 3.9182867420600003,
      "user": 29.55511198,
      "system": 0.587293,
      "min": 3.90232677406,
      "max": 3.94033971206,
      "times": [
        3.90632359706,
        3.94033971206,
        3.9182867420600003,
        3.9198843300600004,
        3.90232677406
      ],
      "exit_codes": [
        0,
        0,
        0,
        0,
        0
      ]
    }
  ]
}
