{
  "results": [
    {
      "command": "./bin/NimaAra/aot/1brc ./inputs/measurements.txt",
      "mean": 2.0442167180800004,
      "stddev": 0.014713719858561887,
      "median": 2.0395133152800002,
      "user": 29.37461996,
      "system": 0.5855373599999999,
      "min": 2.03111890528,
      "max": 2.06544698328,
      "times": [
        2.03211720028,
        2.06544698328,
        2.03111890528,
        2.0395133152800002,
        2.05288718628
      ],
      "exit_codes": [
        0,
        0,
        0,
        0,
        0
      ]
    }
  ]
}
