{
  "results": [
    {
      "command": "./bin/NimaAra/aot/1brc ./inputs/measurements.txt",
      "mean": 2.69026591048,
      "stddev": 0.03333066618049929,
      "median": 2.68566409508,
      "user": 39.06500517999999,
      "system": 0.7110632999999998,
      "min": 2.6540691390799998,
      "max": 2.73634908008,
      "times": [
        2.73634908008,
        2.68566409508,
        2.66554729308,
        2.6540691390799998,
        2.70969994508
      ],
      "exit_codes": [
        0,
        0,
        0,
        0,
        0
      ]
    }
  ]
}
