{
  "results": [
    {
      "command": "./bin/NimaAra/aot/1brc ./inputs/measurements.txt",
      "mean": 1.14772359206,
      "stddev": 0.04628981704383383,
      "median": 1.12621936446,
      "user": 29.73594822,
      "system": 0.6251395799999999,
      "min": 1.12121180946,
      "max": 1.2299053084600002,
      "times": [
        1.2299053084600002,
        1.1364802584600002,
        1.1248012194600001,
        1.12121180946,
        1.12621936446
      ],
      "exit_codes": [
        0,
        0,
        0,
        0,
        0
      ]
    }
  ]
}
