{
  "results": [
    {
      "command": "./bin/NimaAra/aot/1brc ./inputs/measurements.txt",
      "mean": 5.187791369439999,
      "stddev": 0.038853608998931345,
      "median": 5.17102152044,
      "user": 39.062390439999994,
      "system": 0.67511318,
      "min": 5.15128330644,
      "max": 5.2361324394399995,
      "times": [
        5.15804721544,
        5.15128330644,
        5.22247236544,
        5.17102152044,
        5.2361324394399995
      ],
      "exit_codes": [
        0,
        0,
        0,
        0,
        0
      ]
    }
  ]
}
