{
  "results": [
    {
      "command": "./bin/NimaAra/aot/1brc ./inputs/measurements.txt",
      "mean": 7.67005552814,
      "stddev": 0.07814034414090308,
      "median": 7.66442644754,
      "user": 29.411654,
      "system": 0.5627796799999999,
      "min": 7.58492050254,
      "max": 7.7547153165400005,
      "times": [
        7.60254536254,
        7.74367001154,
        7.7547153165400005,
        7.66442644754,
        7.58492050254
      ],
      "exit_codes": [
        0,
        0,
        0,
        0,
        0
      ]
    }
  ]
}
