{
  "results": [
    {
      "command": "./bin/noahfalk/aot/1brc ./inputs/measurements.txt",
      "mean": 0.28259033670000006,
      "stddev": 0.017144976073959668,
      "median": 0.27313334250000004,
      "user": 7.876043699999999,
      "system": 4.138014559999999,
      "min": 0.2677246405,
      "max": 0.3047361485,
      "times": [
        0.2677246405,
        0.27003013550000005,
        0.27313334250000004,
        0.29732741650000005,
        0.3047361485
      ],
      "exit_codes": [
        0,
        0,
        0,
        0,
        0
      ]
    }
  ]
}
