{
  "results": [
    {
      "command": "./bin/noahfalk/aot/1brc ./inputs/measurements.txt",
      "mean": 0.43438632868000004,
      "stddev": 0.0023385330174714625,
      "median": 0.43369651848,
      "user": 5.15480202,
      "system": 1.5733374,
      "min": 0.43183872048000005,
      "max": 0.43766453848000003,
      "times": [
        0.43766453848000003,
        0.43292348548000004,
        0.43580838048000003,
        0.43369651848,
        0.43183872048000005
      ],
      "exit_codes": [
        0,
        0,
        0,
        0,
        0
      ]
    }
  ]
}
