{
  "results": [
    {
      "command": "./bin/noahfalk/aot/1brc ./inputs/measurements.txt",
      "mean": 0.8454429096200002,
      "stddev": 0.0022802612134704796,
      "median": 0.8448801676200001,
      "user": 5.1620512000000005,
      "system": 1.5027189399999998,
      "min": 0.8435491286200001,
      "max": 0.84939309862,
      "times": [
        0.8435491286200001,
        0.8449925286200001,
        0.8443996246200001,
        0.84939309862,
        0.8448801676200001
      ],
      "exit_codes": [
        0,
        0,
        0,
        0,
        0
      ]
    }
  ]
}
