{
  "results": [
    {
      "command": "./bin/noahfalk/aot/1brc ./inputs/measurements.txt",
      "mean": 0.6210280957600001,
      "stddev": 0.0013214776493753755,
      "median": 0.62172425396,
      "user": 7.77713536,
      "system": 1.8792022800000001,
      "min": 0.61935701396,
      "max": 0.62219382496,
      "times": [
        0.61935701396,
        0.61985312496,
        0.62219382496,
        0.62172425396,
        0.62201226096
      ],
      "exit_codes": [
        0,
        0,
        0,
        0,
        0
      ]
    }
  ]
}
