{
  "results": [
    {
      "command": "./bin/noahfalk/aot/1brc ./inputs/measurements.txt",
      "mean": 1.2180093784800001,
      "stddev": 0.0028771423223565304,
      "median": 1.2178134980800002,
      "user": 7.78711502,
      "system": 1.8149049800000001,
      "min": 1.21370974408,
      "max": 1.2215602700800001,
      "times": [
        1.2178134980800002,
        1.2193567840800001,
        1.21370974408,
        1.2215602700800001,
        1.21760659608
      ],
      "exit_codes": [
        0,
        0,
        0,
        0,
        0
      ]
    }
  ]
}
