{
  "results": [
    {
      "command": "./bin/noahfalk/aot/1brc ./inputs/measurements.txt",
      "mean": 0.32318756890000006,
      "stddev": 0.0009250120947032151,
      "median": 0.32318197910000007,
      "user": 7.8512238199999995,
      "system": 1.9124593399999998,
      "min": 0.3220257811,
      "max": 0.32419340710000005,
      "times": [
        0.3225444431,
        0.32318197910000007,
        0.32399223410000005,
        0.3220257811,
        0.32419340710000005
      ],
      "exit_codes": [
        0,
        0,
        0,
        0,
        0
      ]
    }
  ]
}
