{
  "results": [
    {
      "command": "./bin/noahfalk/aot/1brc ./inputs/measurements.txt",
      "mean": 1.6793598570800001,
      "stddev": 0.011544752485615898,
      "median": 1.67545351768,
      "user": 5.16796242,
      "system": 1.47103174,
      "min": 1.6698955876800001,
      "max": 1.69847862568,
      "times": [
        1.68129438268,
        1.67167717168,
        1.67545351768,
        1.69847862568,
        1.6698955876800001
      ],
      "exit_codes": [
        0,
        0,
        0,
        0,
        0
      ]
    }
  ]
}
