{
  "results": [
    {
      "command": "./bin/noahfalk/aot/1brc ./inputs/measurements.txt",
      "mean": 0.2635534083600001,
      "stddev": 0.008525641972930207,
      "median": 0.26224981196,
      "user": 5.140610959999999,
      "system": 2.43914864,
      "min": 0.25456257996000003,
      "max": 0.27515048696000005,
      "times": [
        0.26893827396000003,
        0.25456257996000003,
        0.27515048696000005,
        0.25686588896000007,
        0.26224981196
      ],
      "exit_codes": [
        0,
        0,
        0,
        0,
        0
      ]
    }
  ]
}
