{
  "results": [
    {
      "command": "./bin/pedrosakuma/aot/1brc ./inputs/measurements.txt",
      "mean": 3.54830983858,
      "stddev": 0.0027604804337464646,
      "median": 3.54733060598,
      "user": 25.765866800000005,
      "system": 0.68869486,
      "min": 3.54588392898,
      "max": 3.55218706898,
      "times": [
        3.55218706898,
        3.54733060598,
        3.54588392898,
        3.5501344649799997,
        3.54601312398
      ],
      "exit_codes": [
        0,
        0,
        0,
        0,
        0
      ]
    }
  ]
}
