{
  "results": [
    {
      "command": "./bin/pedrosakuma/aot/1brc ./inputs/measurements.txt",
      "mean": 6.7945672947,
      "stddev": 0.011117441818214169,
      "median": 6.7908898373,
      "user": 25.738215199999996,
      "system": 0.6300756999999999,
      "min": 6.7808454473,
      "max": 6.8082558422999995,
      "times": [
        6.7908898373,
        6.7894113943,
        6.8034339523,
        6.8082558422999995,
        6.7808454473
      ],
      "exit_codes": [
        0,
        0,
        0,
        0,
        0
      ]
    }
  ]
}
