{
  "results": [
    {
      "command": "./bin/pedrosakuma/aot/1brc ./inputs/measurements.txt",
      "mean": 1.33577608222,
      "stddev": 0.009147398267451392,
      "median": 1.33098946062,
      "user": 25.9827972,
      "system": 1.0904066399999999,
      "min": 1.32918411962,
      "max": 1.35122731462,
      "times": [
        1.35122731462,
        1.33098946062,
        1.33700319562,
        1.32918411962,
        1.3304763206199999
      ],
      "exit_codes": [
        0,
        0,
        0,
        0,
        0
      ]
    }
  ]
}
