{
  "results": [
    {
      "command": "./bin/pedrosakuma/aot/1brc ./inputs/measurements.txt",
      "mean": 1.58131590658,
      "stddev": 0.005160214782132803,
      "median": 1.58193597378,
      "user": 34.472530299999995,
      "system": 1.1191364,
      "min": 1.57295323178,
      "max": 1.58640146578,
      "times": [
        1.58080057778,
        1.58193597378,
        1.58448828378,
        1.57295323178,
        1.58640146578
      ],
      "exit_codes": [
        0,
        0,
        0,
        0,
        0
      ]
    }
  ]
}
