{
  "results": [
    {
      "command": "./bin/pedrosakuma/aot/1brc ./inputs/measurements.txt",
      "mean": 4.608208047020001,
      "stddev": 0.016855178414763063,
      "median": 4.6093204964200005,
      "user": 34.18024664000001,
      "system": 0.7208117599999999,
      "min": 4.58420862242,
      "max": 4.6293063744200005,
      "times": [
        4.60160439842,
        4.61660034342,
        4.58420862242,
        4.6093204964200005,
        4.6293063744200005
      ],
      "exit_codes": [
        0,
        0,
        0,
        0,
        0
      ]
    }
  ]
}
