{
  "results": [
    {
      "command": "./bin/pedrosakuma/aot/1brc ./inputs/measurements.txt",
      "mean": 2.5180090903,
      "stddev": 0.012354165771161513,
      "median": 2.5171695397,
      "user": 34.308136919999995,
      "system": 0.86393938,
      "min": 2.5024397367,
      "max": 2.5337631587,
      "times": [
        2.5106233067,
        2.5171695397,
        2.5024397367,
        2.5260497097,
        2.5337631587
      ],
      "exit_codes": [
        0,
        0,
        0,
        0,
        0
      ]
    }
  ]
}
