{
  "results": [
    {
      "command": "./bin/pedrosakuma/aot/1brc ./inputs/measurements.txt",
      "mean": 1.9820881718200003,
      "stddev": 0.004114948329988493,
      "median": 1.98306645622,
      "user": 25.85882846,
      "system": 0.76555112,
      "min": 1.97627486322,
      "max": 1.98604940822,
      "times": [
        1.97627486322,
        1.98543250922,
        1.98604940822,
        1.9796176222200002,
        1.98306645622
      ],
      "exit_codes": [
        0,
        0,
        0,
        0,
        0
      ]
    }
  ]
}
