{
  "results": [
    {
      "command": "./bin/pedrosakuma/aot/1brc ./inputs/measurements.txt",
      "mean": 1.35624234166,
      "stddev": 0.011482450696705677,
      "median": 1.35418094206,
      "user": 35.511965079999996,
      "system": 1.9925178199999998,
      "min": 1.34573071306,
      "max": 1.37310324906,
      "times": [
        1.36181720506,
        1.3463795990599998,
        1.34573071306,
        1.37310324906,
        1.35418094206
      ],
      "exit_codes": [
        0,
        0,
        0,
        0,
        0
      ]
    }
  ]
}
