{
  "results": [
    {
      "command": "./calculate_average_royvanrijn.sh",
      "mean": 1.08287801318,
      "stddev": 0.021848867114036365,
      "median": 1.0898353495800002,
      "user": 0.00214788,
      "system": 0.001983456,
      "min": 1.04617669058,
      "max": 1.1028871125800002,
      "times": [
        1.0898353495800002,
        1.09350533058,
        1.04617669058,
        1.08198558258,
        1.1028871125800002
      ],
      "exit_codes": [
        0,
        0,
        0,
        0,
        0
      ]
    }
  ]
}
