{
  "results": [
    {
      "command": "./calculate_average_royvanrijn.sh",
      "mean": 0.51961898486,
      "stddev": 0.01564085239988111,
      "median": 0.5199103234600001,
      "user": 0.0033147199999999993,
      "system": 0.000936496,
      "min": 0.50001845846,
      "max": 0.54076748846,
      "times": [
        0.50001845846,
        0.52722366846,
        0.54076748846,
        0.5199103234600001,
        0.5101749854600001
      ],
      "exit_codes": [
        0,
        0,
        0,
        0,
        0
      ]
    }
  ]
}
