{
  "results": [
    {
      "command": "./calculate_average_royvanrijn.sh",
      "mean": 0.58374687134,
      "stddev": 0.006859068146581508,
      "median": 0.5810746899400001,
      "user": 0.00206898,
      "system": 0.0019733,
      "min": 0.5796709279400001,
      "max": 0.5959636199400001,
      "times": [
        0.5810746899400001,
        0.58135279894,
        0.5959636199400001,
        0.5806723199400001,
        0.5796709279400001
      ],
      "exit_codes": [
        0,
        0,
        0,
        0,
        0
      ]
    }
  ]
}
