{
  "results": [
    {
      "command": "./calculate_average_royvanrijn.sh",
      "mean": 1.7239351640199998,
      "stddev": 0.01218037850696024,
      "median": 1.71864082982,
      "user": 0.00149022,
      "system": 0.00262792,
      "min": 1.71186882282,
      "max": 1.74281335382,
      "times": [
        1.71864082982,
        1.7287568388199999,
        1.74281335382,
        1.71186882282,
        1.71759597482
      ],
      "exit_codes": [
        0,
        0,
        0,
        0,
        0
      ]
    }
  ]
}
