{
  "results": [
    {
      "command": "./calculate_average_royvanrijn.sh",
      "mean": 2.02669512708,
      "stddev": 0.01166894409330931,
      "median": 2.02660734028,
      "user": 0.0013335799999999998,
      "system": 0.00266952,
      "min": 2.0080234252799998,
      "max": 2.03734823928,
      "times": [
        2.0080234252799998,
        2.03573185828,
        2.02660734028,
        2.03734823928,
        2.02576477228
      ],
      "exit_codes": [
        0,
        0,
        0,
        0,
        0
      ]
    }
  ]
}
