{
  "results": [
    {
      "command": "./calculate_average_royvanrijn.sh",
      "mean": 0.8829544699600002,
      "stddev": 0.010411473087368027,
      "median": 0.8865680241600001,
      "user": 0.0019071599999999998,
      "system": 0.00219628,
      "min": 0.8695395561600001,
      "max": 0.8923878271600001,
      "times": [
        0.8744344071600001,
        0.8695395561600001,
        0.8923878271600001,
        0.8865680241600001,
        0.8918425351600001
      ],
      "exit_codes": [
        0,
        0,
        0,
        0,
        0
      ]
    }
  ]
}
