{
  "results": [
    {
      "command": "./calculate_average_royvanrijn.sh",
      "mean": 0.48333650948000006,
      "stddev": 0.019854032144101745,
      "median": 0.47040319208000003,
      "user": 0.0039577,
      "system": 0.000229324,
      "min": 0.46739867108000005,
      "max": 0.50631903008,
      "times": [
        0.47040319208000003,
        0.50374379808,
        0.46881785608000004,
        0.50631903008,
        0.46739867108000005
      ],
      "exit_codes": [
        0,
        0,
        0,
        0,
        0
      ]
    }
  ]
}
