{
  "results": [
    {
      "command": "./calculate_average_royvanrijn.sh",
      "mean": 3.4093199155000002,
      "stddev": 0.019703503829244632,
      "median": 3.4136149079,
      "user": 0.0020288399999999996,
      "system": 0.0020735199999999997,
      "min": 3.3831647488999996,
      "max": 3.4284612999,
      "times": [
        3.3831647488999996,
        3.4261758268999998,
        3.4136149079,
        3.3951827938999997,
        3.4284612999
      ],
      "exit_codes": [
        0,
        0,
        0,
        0,
        0
      ]
    }
  ]
}
