{
  "results": [
    {
      "command": "./calculate_average_stephenvonworley.sh",
      "mean": 2.76158811956,
      "stddev": 0.009257702684376973,
      "median": 2.76396582376,
      "user": 0.00250196,
      "system": 0.00178072,
      "min": 2.75055277476,
      "max": 2.77200083476,
      "times": [
        2.75055277476,
        2.7679708557600002,
        2.77200083476,
        2.76396582376,
        2.75345030876
      ],
      "exit_codes": [
        0,
        0,
        0,
        0,
        0
      ]
    }
  ]
}
