{
  "results": [
    {
      "command": "./calculate_average_stephenvonworley.sh",
      "mean": 0.9600315125,
      "stddev": 0.002386556719691702,
      "median": 0.9599951623,
      "user": 0.0022648599999999996,
      "system": 0.0021264640000000002,
      "min": 0.9567572963000001,
      "max": 0.9634849393,
      "times": [
        0.9634849393,
        0.9567572963000001,
        0.9597106453,
        0.9599951623,
        0.9602095193000001
      ],
      "exit_codes": [
        0,
        0,
        0,
        0,
        0
      ]
    }
  ]
}
