{
  "results": [
    {
      "command": "./calculate_average_stephenvonworley.sh",
      "mean": 0.7062518818200001,
      "stddev": 0.001390490079321144,
      "median": 0.7060896978200001,
      "user": 0.0034968599999999996,
      "system": 0.0008307999999999999,
      "min": 0.70460386182,
      "max": 0.7078958658200001,
      "times": [
        0.7052684368200001,
        0.7060896978200001,
        0.70740154682,
        0.70460386182,
        0.7078958658200001
      ],
      "exit_codes": [
        0,
        0,
        0,
        0,
        0
      ]
    }
  ]
}
