{
  "results": [
    {
      "command": "./calculate_average_stephenvonworley.sh",
      "mean": 0.27013684644,
      "stddev": 0.0004100025324754541,
      "median": 0.26997509704000006,
      "user": 0.0026760000000000004,
      "system": 0.0017934399999999999,
      "min": 0.26980992104000007,
      "max": 0.27084318604,
      "times": [
        0.27084318604,
        0.27011955804000004,
        0.26997509704000006,
        0.26993647004000004,
        0.26980992104000007
      ],
      "exit_codes": [
        0,
        0,
        0,
        0,
        0
      ]
    }
  ]
}
