{
  "results": [
    {
      "command": "./calculate_average_stephenvonworley.sh",
      "mean": 1.3917267075600002,
      "stddev": 0.004876270247139824,
      "median": 1.3895905857600002,
      "user": 0.0012832199999999998,
      "system": 0.0030736599999999998,
      "min": 1.3870319207600001,
      "max": 1.39744192176,
      "times": [
        1.3870319207600001,
        1.3964810977600002,
        1.3895905857600002,
        1.38808801176,
        1.39744192176
      ],
      "exit_codes": [
        0,
        0,
        0,
        0,
        0
      ]
    }
  ]
}
