{
  "results": [
    {
      "command": "./calculate_average_stephenvonworley.sh",
      "mean": 0.49567315994000005,
      "stddev": 0.0020911204401538657,
      "median": 0.49492985654000005,
      "user": 0.0034234599999999997,
      "system": 0.000945996,
      "min": 0.49413126554000003,
      "max": 0.49935509054000005,
      "times": [
        0.49485405354000006,
        0.49935509054000005,
        0.49492985654000005,
        0.49413126554000003,
        0.4950955335400001
      ],
      "exit_codes": [
        0,
        0,
        0,
        0,
        0
      ]
    }
  ]
}
