{
  "results": [
    {
      "command": "./calculate_average_stephenvonworley.sh",
      "mean": 0.3738053227800001,
      "stddev": 0.002194316235670044,
      "median": 0.37307691098000006,
      "user": 0.0016749800000000002,
      "system": 0.002918416,
      "min": 0.37156145998000006,
      "max": 0.37735338698000004,
      "times": [
        0.37283183898000005,
        0.37735338698000004,
        0.37156145998000006,
        0.37307691098000006,
        0.37420301698
      ],
      "exit_codes": [
        0,
        0,
        0,
        0,
        0
      ]
    }
  ]
}
