{
  "results": [
    {
      "command": "./calculate_average_stephenvonworley.sh",
      "mean": 1.89434725264,
      "stddev": 0.004150038763337846,
      "median": 1.8918432362400002,
      "user": 0.00080926,
      "system": 0.00356774,
      "min": 1.8909867942400003,
      "max": 1.8990218582400002,
      "times": [
        1.8909867942400003,
        1.8987348562400002,
        1.8911495182400002,
        1.8918432362400002,
        1.8990218582400002
      ],
      "exit_codes": [
        0,
        0,
        0,
        0,
        0
      ]
    }
  ]
}
