{
  "results": [
    {
      "command": "./calculate_average_thomaswue.sh",
      "mean": 0.27341156404,
      "stddev": 0.0017545228152314445,
      "median": 0.27333401684,
      "user": 0.0036995599999999997,
      "system": 0.000644256,
      "min": 0.27169223784,
      "max": 0.27551406084,
      "times": [
        0.27169604484000004,
        0.27551406084,
        0.27169223784,
        0.27482145984,
        0.27333401684
      ],
      "exit_codes": [
        0,
        0,
        0,
        0,
        0
      ]
    }
  ]
}
