{
  "results": [
    {
      "command": "./calculate_average_thomaswue.sh",
      "mean": 0.51887923368,
      "stddev": 0.0007800078942249046,
      "median": 0.51874101848,
      "user": 0.00235142,
      "system": 0.0017488199999999999,
      "min": 0.51825150048,
      "max": 0.5201935304799999,
      "times": [
        0.51874101848,
        0.51833787248,
        0.51825150048,
        0.5201935304799999,
        0.51887224648
      ],
      "exit_codes": [
        0,
        0,
        0,
        0,
        0
      ]
    }
  ]
}
