{
  "results": [
    {
      "command": "./calculate_average_thomaswue.sh",
      "mean": 0.22155948998000002,
      "stddev": 0.000603334010738075,
      "median": 0.22136489538,
      "user": 0.00212928,
      "system": 0.00217652,
      "min": 0.22108163438,
      "max": 0.22258577238,
      "times": [
        0.22119024538,
        0.22136489538,
        0.22108163438,
        0.22157490238,
        0.22258577238
      ],
      "exit_codes": [
        0,
        0,
        0,
        0,
        0
      ]
    }
  ]
}
