{
  "results": [
    {
      "command": "./calculate_average_thomaswue.sh",
      "mean": 1.61292505722,
      "stddev": 0.004876433726647785,
      "median": 1.61282737562,
      "user": 0.0037370399999999996,
      "system": 0.00032625600000000003,
      "min": 1.60842951962,
      "max": 1.62088610862,
      "times": [
        1.60842951962,
        1.61295133662,
        1.62088610862,
        1.60953094562,
        1.61282737562
      ],
      "exit_codes": [
        0,
        0,
        0,
        0,
        0
      ]
    }
  ]
}
