{
  "results": [
    {
      "command": "./calculate_average_thomaswue.sh",
      "mean": 1.02935010074,
      "stddev": 0.003637185376317144,
      "median": 1.02841276814,
      "user": 0.0026653,
      "system": 0.001411152,
      "min": 1.0262869671400001,
      "max": 1.03508888214,
      "times": [
        1.02841276814,
        1.03508888214,
        1.03050709814,
        1.0264547881400001,
        1.0262869671400001
      ],
      "exit_codes": [
        0,
        0,
        0,
        0,
        0
      ]
    }
  ]
}
