{
  "results": [
    {
      "command": "./calculate_average_thomaswue.sh",
      "mean": 0.4117814095200001,
      "stddev": 0.00019198832624590123,
      "median": 0.41174124132000006,
      "user": 0.0030858400000000003,
      "system": 0.0010417999999999998,
      "min": 0.41154949432000004,
      "max": 0.41198999032000005,
      "times": [
        0.41174124132000006,
        0.41196566932000006,
        0.41198999032000005,
        0.41154949432000004,
        0.41166065232000004
      ],
      "exit_codes": [
        0,
        0,
        0,
        0,
        0
      ]
    }
  ]
}
