{
  "results": [
    {
      "command": "./calculate_average_thomaswue.sh",
      "mean": 0.8120809101800001,
      "stddev": 0.0016979629329946886,
      "median": 0.81253807718,
      "user": 0.0029447999999999996,
      "system": 0.001194432,
      "min": 0.8103337881800001,
      "max": 0.8144178671800001,
      "times": [
        0.8104940651800001,
        0.8103337881800001,
        0.81262075318,
        0.81253807718,
        0.8144178671800001
      ],
      "exit_codes": [
        0,
        0,
        0,
        0,
        0
      ]
    }
  ]
}
