{
  "results": [
    {
      "command": "./calculate_average_thomaswue.sh",
      "mean": 2.0546746627799997,
      "stddev": 0.009846151535001244,
      "median": 2.05552586058,
      "user": 0.0036284199999999994,
      "system": 0.00043467199999999993,
      "min": 2.0453408935799997,
      "max": 2.06931863358,
      "times": [
        2.06931863358,
        2.0453408935799997,
        2.05552586058,
        2.0458270005799997,
        2.05736092558
      ],
      "exit_codes": [
        0,
        0,
        0,
        0,
        0
      ]
    }
  ]
}
