{
  "results": [
    {
      "command": "./bin/xoofx/aot/1brc ./inputs/measurements.txt",
      "mean": 1.5673758230800001,
      "stddev": 0.03429705284162443,
      "median": 1.58210661488,
      "user": 22.23774304,
      "system": 1.6060636799999997,
      "min": 1.5070912708800002,
      "max": 1.58991272888,
      "times": [
        1.57251526488,
        1.58210661488,
        1.58525323588,
        1.5070912708800002,
        1.58991272888
      ],
      "exit_codes": [
        0,
        0,
        0,
        0,
        0
      ]
    }
  ]
}
