{
  "results": [
    {
      "command": "./bin/xoofx/aot/1brc ./inputs/measurements.txt",
      "mean": 0.7947456471000001,
      "stddev": 0.008331028022714996,
      "median": 0.7944486975,
      "user": 22.09585376,
      "system": 1.6011111,
      "min": 0.7821629655000001,
      "max": 0.8038839485000001,
      "times": [
        0.7821629655000001,
        0.7928278605000001,
        0.7944486975,
        0.8004047635000001,
        0.8038839485000001
      ],
      "exit_codes": [
        0,
        0,
        0,
        0,
        0
      ]
    }
  ]
}
