{
  "results": [
    {
      "command": "./bin/xoofx/aot/1brc ./inputs/measurements.txt",
      "mean": 1.04748540548,
      "stddev": 0.008550942235097106,
      "median": 1.04218601268,
      "user": 14.69945298,
      "system": 1.51568552,
      "min": 1.04066743668,
      "max": 1.05768516068,
      "times": [
        1.04066743668,
        1.05592861168,
        1.05768516068,
        1.04095980568,
        1.04218601268
      ],
      "exit_codes": [
        0,
        0,
        0,
        0,
        0
      ]
    }
  ]
}
