{
  "results": [
    {
      "command": "./bin/xoofx/aot/1brc ./inputs/measurements.txt",
      "mean": 4.39724371234,
      "stddev": 0.09226556742656039,
      "median": 4.39420837814,
      "user": 14.72036678,
      "system": 1.51103934,
      "min": 4.2718730771399995,
      "max": 4.52437361414,
      "times": [
        4.3650039101399996,
        4.52437361414,
        4.43075958214,
        4.2718730771399995,
        4.39420837814
      ],
      "exit_codes": [
        0,
        0,
        0,
        0,
        0
      ]
    }
  ]
}
