{
  "results": [
    {
      "command": "./bin/xoofx/aot/1brc ./inputs/measurements.txt",
      "mean": 0.46966691336000005,
      "stddev": 0.011746416401385606,
      "median": 0.47153905236000004,
      "user": 22.054799080000002,
      "system": 2.05121842,
      "min": 0.45124492136000005,
      "max": 0.48110122836,
      "times": [
        0.46651457836000004,
        0.48110122836,
        0.45124492136000005,
        0.47153905236000004,
        0.47793478636000003
      ],
      "exit_codes": [
        0,
        0,
        0,
        0,
        0
      ]
    }
  ]
}
