{
  "results": [
    {
      "command": "./bin/xoofx/aot/1brc ./inputs/measurements.txt",
      "mean": 3.1173434881599995,
      "stddev": 0.06419684313072738,
      "median": 3.09335099716,
      "user": 22.38131502,
      "system": 1.55598528,
      "min": 3.0375515631599996,
      "max": 3.19512560616,
      "times": [
        3.17005880416,
        3.09063047016,
        3.09335099716,
        3.19512560616,
        3.0375515631599996
      ],
      "exit_codes": [
        0,
        0,
        0,
        0,
        0
      ]
    }
  ]
}
