{
  "results": [
    {
      "command": "./bin/xoofx/aot/1brc ./inputs/measurements.txt",
      "mean": 0.5621131148600002,
      "stddev": 0.02761781606499613,
      "median": 0.5567130064600001,
      "user": 14.827620839999998,
      "system": 1.8054652400000002,
      "min": 0.5380348664600001,
      "max": 0.6077368054600001,
      "times": [
        0.5433121024600001,
        0.5567130064600001,
        0.6077368054600001,
        0.5647687934600001,
        0.5380348664600001
      ],
      "exit_codes": [
        0,
        0,
        0,
        0,
        0
      ]
    }
  ]
}
