{
  "results": [
    {
      "command": "./bin/xoofx/aot/1brc ./inputs/measurements.txt",
      "mean": 2.0854037746000005,
      "stddev": 0.019552952410330275,
      "median": 2.0933116629999997,
      "user": 14.696363519999997,
      "system": 1.51945286,
      "min": 2.051583215,
      "max": 2.100001325,
      "times": [
        2.095846854,
        2.100001325,
        2.0862758159999997,
        2.0933116629999997,
        2.051583215
      ],
      "exit_codes": [
        0,
        0,
        0,
        0,
        0
      ]
    }
  ]
}
